unit_id	biological_label_placeholder	unit_type	representative_pathway_ids	original_tier1_pathway_ids	HGNC_id	gene	raw26_anchor_flag	membership_count	membership_count_all_tier1	raw26_domain_core_flag	Expanded_flag	Compact_flag	AllTier1_flag	broad_domain_flag	freeze_timestamp	biological_label	primary_expanded_status	compact_status
D01	GWAS_BLINDED_UNIT_D01	stable_domain	GO_BP::GO:0006144;GO_BP::GO:0006167;GO_BP::GO:0006177;GO_BP::GO:0009113;GO_BP::GO:0009168	GO_BP::GO:0006144;GO_BP::GO:0006167;GO_BP::GO:0006177;GO_BP::GO:0009113;GO_BP::GO:0009127;GO_BP::GO:0009168	HGNC:125	ACP3	0	1	1	0	1	0	1	0	2026-09-09T09:54:35.492033+00:00	Purine nucleotide metabolism and biosynthesis	PRIMARY	
D01	GWAS_BLINDED_UNIT_D01	stable_domain	GO_BP::GO:0006144;GO_BP::GO:0006167;GO_BP::GO:0006177;GO_BP::GO:0009113;GO_BP::GO:0009168	GO_BP::GO:0006144;GO_BP::GO:0006167;GO_BP::GO:0006177;GO_BP::GO:0009113;GO_BP::GO:0009127;GO_BP::GO:0009168	HGNC:186	ADA	1	5	6	1	1	1	1	0	2026-09-09T09:54:35.492033+00:00	Purine nucleotide metabolism and biosynthesis	PRIMARY	SENSITIVITY
D01	GWAS_BLINDED_UNIT_D01	stable_domain	GO_BP::GO:0006144;GO_BP::GO:0006167;GO_BP::GO:0006177;GO_BP::GO:0009113;GO_BP::GO:0009168	GO_BP::GO:0006144;GO_BP::GO:0006167;GO_BP::GO:0006177;GO_BP::GO:0009113;GO_BP::GO:0009127;GO_BP::GO:0009168	HGNC:257	ADK	0	4	5	0	1	1	1	0	2026-09-09T09:54:35.492033+00:00	Purine nucleotide metabolism and biosynthesis	PRIMARY	SENSITIVITY
D01	GWAS_BLINDED_UNIT_D01	stable_domain	GO_BP::GO:0006144;GO_BP::GO:0006167;GO_BP::GO:0006177;GO_BP::GO:0009113;GO_BP::GO:0009168	GO_BP::GO:0006144;GO_BP::GO:0006167;GO_BP::GO:0006177;GO_BP::GO:0009113;GO_BP::GO:0009127;GO_BP::GO:0009168	HGNC:291	ADSL	0	3	4	0	1	1	1	0	2026-09-09T09:54:35.492033+00:00	Purine nucleotide metabolism and biosynthesis	PRIMARY	SENSITIVITY
D01	GWAS_BLINDED_UNIT_D01	stable_domain	GO_BP::GO:0006144;GO_BP::GO:0006167;GO_BP::GO:0006177;GO_BP::GO:0009113;GO_BP::GO:0009168	GO_BP::GO:0006144;GO_BP::GO:0006167;GO_BP::GO:0006177;GO_BP::GO:0009113;GO_BP::GO:0009127;GO_BP::GO:0009168	HGNC:20093	ADSS1	0	2	3	0	1	1	1	0	2026-09-09T09:54:35.492033+00:00	Purine nucleotide metabolism and biosynthesis	PRIMARY	SENSITIVITY
D01	GWAS_BLINDED_UNIT_D01	stable_domain	GO_BP::GO:0006144;GO_BP::GO:0006167;GO_BP::GO:0006177;GO_BP::GO:0009113;GO_BP::GO:0009168	GO_BP::GO:0006144;GO_BP::GO:0006167;GO_BP::GO:0006177;GO_BP::GO:0009113;GO_BP::GO:0009127;GO_BP::GO:0009168	HGNC:292	ADSS2	0	2	3	0	1	1	1	0	2026-09-09T09:54:35.492033+00:00	Purine nucleotide metabolism and biosynthesis	PRIMARY	SENSITIVITY
D01	GWAS_BLINDED_UNIT_D01	stable_domain	GO_BP::GO:0006144;GO_BP::GO:0006167;GO_BP::GO:0006177;GO_BP::GO:0009113;GO_BP::GO:0009168	GO_BP::GO:0006144;GO_BP::GO:0006167;GO_BP::GO:0006177;GO_BP::GO:0009113;GO_BP::GO:0009127;GO_BP::GO:0009168	HGNC:468	AMPD1	0	2	3	0	1	1	1	0	2026-09-09T09:54:35.492033+00:00	Purine nucleotide metabolism and biosynthesis	PRIMARY	SENSITIVITY
D01	GWAS_BLINDED_UNIT_D01	stable_domain	GO_BP::GO:0006144;GO_BP::GO:0006167;GO_BP::GO:0006177;GO_BP::GO:0009113;GO_BP::GO:0009168	GO_BP::GO:0006144;GO_BP::GO:0006167;GO_BP::GO:0006177;GO_BP::GO:0009113;GO_BP::GO:0009127;GO_BP::GO:0009168	HGNC:469	AMPD2	0	2	3	0	1	1	1	0	2026-09-09T09:54:35.492033+00:00	Purine nucleotide metabolism and biosynthesis	PRIMARY	SENSITIVITY
D01	GWAS_BLINDED_UNIT_D01	stable_domain	GO_BP::GO:0006144;GO_BP::GO:0006167;GO_BP::GO:0006177;GO_BP::GO:0009113;GO_BP::GO:0009168	GO_BP::GO:0006144;GO_BP::GO:0006167;GO_BP::GO:0006177;GO_BP::GO:0009113;GO_BP::GO:0009127;GO_BP::GO:0009168	HGNC:470	AMPD3	0	1	2	0	1	0	1	0	2026-09-09T09:54:35.492033+00:00	Purine nucleotide metabolism and biosynthesis	PRIMARY	
D01	GWAS_BLINDED_UNIT_D01	stable_domain	GO_BP::GO:0006144;GO_BP::GO:0006167;GO_BP::GO:0006177;GO_BP::GO:0009113;GO_BP::GO:0009168	GO_BP::GO:0006144;GO_BP::GO:0006167;GO_BP::GO:0006177;GO_BP::GO:0009113;GO_BP::GO:0009127;GO_BP::GO:0009168	HGNC:626	APRT	0	5	6	0	1	1	1	0	2026-09-09T09:54:35.492033+00:00	Purine nucleotide metabolism and biosynthesis	PRIMARY	SENSITIVITY
D01	GWAS_BLINDED_UNIT_D01	stable_domain	GO_BP::GO:0006144;GO_BP::GO:0006167;GO_BP::GO:0006177;GO_BP::GO:0009113;GO_BP::GO:0009168	GO_BP::GO:0006144;GO_BP::GO:0006167;GO_BP::GO:0006177;GO_BP::GO:0009113;GO_BP::GO:0009127;GO_BP::GO:0009168	HGNC:794	ATIC	0	3	4	0	1	1	1	0	2026-09-09T09:54:35.492033+00:00	Purine nucleotide metabolism and biosynthesis	PRIMARY	SENSITIVITY
D01	GWAS_BLINDED_UNIT_D01	stable_domain	GO_BP::GO:0006144;GO_BP::GO:0006167;GO_BP::GO:0006177;GO_BP::GO:0009113;GO_BP::GO:0009168	GO_BP::GO:0006144;GO_BP::GO:0006167;GO_BP::GO:0006177;GO_BP::GO:0009113;GO_BP::GO:0009127;GO_BP::GO:0009168	HGNC:2704	DCK	0	0	1	0	0	0	1	0	2026-09-09T09:54:35.492033+00:00	Purine nucleotide metabolism and biosynthesis		
D01	GWAS_BLINDED_UNIT_D01	stable_domain	GO_BP::GO:0006144;GO_BP::GO:0006167;GO_BP::GO:0006177;GO_BP::GO:0009113;GO_BP::GO:0009168	GO_BP::GO:0006144;GO_BP::GO:0006167;GO_BP::GO:0006177;GO_BP::GO:0009113;GO_BP::GO:0009127;GO_BP::GO:0009168	HGNC:2858	DGUOK	0	0	1	0	0	0	1	0	2026-09-09T09:54:35.492033+00:00	Purine nucleotide metabolism and biosynthesis		
D01	GWAS_BLINDED_UNIT_D01	stable_domain	GO_BP::GO:0006144;GO_BP::GO:0006167;GO_BP::GO:0006177;GO_BP::GO:0009113;GO_BP::GO:0009168	GO_BP::GO:0006144;GO_BP::GO:0006167;GO_BP::GO:0006177;GO_BP::GO:0009113;GO_BP::GO:0009127;GO_BP::GO:0009168	HGNC:3012	DPYD	0	1	1	0	1	0	1	0	2026-09-09T09:54:35.492033+00:00	Purine nucleotide metabolism and biosynthesis	PRIMARY	
D01	GWAS_BLINDED_UNIT_D01	stable_domain	GO_BP::GO:0006144;GO_BP::GO:0006167;GO_BP::GO:0006177;GO_BP::GO:0009113;GO_BP::GO:0009168	GO_BP::GO:0006144;GO_BP::GO:0006167;GO_BP::GO:0006177;GO_BP::GO:0009113;GO_BP::GO:0009127;GO_BP::GO:0009168	HGNC:4163	GART	0	5	6	0	1	1	1	0	2026-09-09T09:54:35.492033+00:00	Purine nucleotide metabolism and biosynthesis	PRIMARY	SENSITIVITY
D01	GWAS_BLINDED_UNIT_D01	stable_domain	GO_BP::GO:0006144;GO_BP::GO:0006167;GO_BP::GO:0006177;GO_BP::GO:0009113;GO_BP::GO:0009168	GO_BP::GO:0006144;GO_BP::GO:0006167;GO_BP::GO:0006177;GO_BP::GO:0009113;GO_BP::GO:0009127;GO_BP::GO:0009168	HGNC:4212	GDA	0	1	1	0	1	0	1	0	2026-09-09T09:54:35.492033+00:00	Purine nucleotide metabolism and biosynthesis	PRIMARY	
D01	GWAS_BLINDED_UNIT_D01	stable_domain	GO_BP::GO:0006144;GO_BP::GO:0006167;GO_BP::GO:0006177;GO_BP::GO:0009113;GO_BP::GO:0009168	GO_BP::GO:0006144;GO_BP::GO:0006167;GO_BP::GO:0006177;GO_BP::GO:0009113;GO_BP::GO:0009127;GO_BP::GO:0009168	HGNC:4378	GMPS	0	4	5	0	1	1	1	0	2026-09-09T09:54:35.492033+00:00	Purine nucleotide metabolism and biosynthesis	PRIMARY	SENSITIVITY
D01	GWAS_BLINDED_UNIT_D01	stable_domain	GO_BP::GO:0006144;GO_BP::GO:0006167;GO_BP::GO:0006177;GO_BP::GO:0009113;GO_BP::GO:0009168	GO_BP::GO:0006144;GO_BP::GO:0006167;GO_BP::GO:0006177;GO_BP::GO:0009113;GO_BP::GO:0009127;GO_BP::GO:0009168	HGNC:5157	HPRT1	0	5	6	0	1	1	1	0	2026-09-09T09:54:35.492033+00:00	Purine nucleotide metabolism and biosynthesis	PRIMARY	SENSITIVITY
D01	GWAS_BLINDED_UNIT_D01	stable_domain	GO_BP::GO:0006144;GO_BP::GO:0006167;GO_BP::GO:0006177;GO_BP::GO:0009113;GO_BP::GO:0009168	GO_BP::GO:0006144;GO_BP::GO:0006167;GO_BP::GO:0006177;GO_BP::GO:0009113;GO_BP::GO:0009127;GO_BP::GO:0009168	HGNC:6052	IMPDH1	0	2	3	0	1	1	1	0	2026-09-09T09:54:35.492033+00:00	Purine nucleotide metabolism and biosynthesis	PRIMARY	SENSITIVITY
D01	GWAS_BLINDED_UNIT_D01	stable_domain	GO_BP::GO:0006144;GO_BP::GO:0006167;GO_BP::GO:0006177;GO_BP::GO:0009113;GO_BP::GO:0009168	GO_BP::GO:0006144;GO_BP::GO:0006167;GO_BP::GO:0006177;GO_BP::GO:0009113;GO_BP::GO:0009127;GO_BP::GO:0009168	HGNC:6053	IMPDH2	0	2	3	0	1	1	1	0	2026-09-09T09:54:35.492033+00:00	Purine nucleotide metabolism and biosynthesis	PRIMARY	SENSITIVITY
D01	GWAS_BLINDED_UNIT_D01	stable_domain	GO_BP::GO:0006144;GO_BP::GO:0006167;GO_BP::GO:0006177;GO_BP::GO:0009113;GO_BP::GO:0009168	GO_BP::GO:0006144;GO_BP::GO:0006167;GO_BP::GO:0006177;GO_BP::GO:0009113;GO_BP::GO:0009127;GO_BP::GO:0009168	HGNC:8049	NUDT2	0	2	3	0	1	1	1	0	2026-09-09T09:54:35.492033+00:00	Purine nucleotide metabolism and biosynthesis	PRIMARY	SENSITIVITY
D01	GWAS_BLINDED_UNIT_D01	stable_domain	GO_BP::GO:0006144;GO_BP::GO:0006167;GO_BP::GO:0006177;GO_BP::GO:0009113;GO_BP::GO:0009168	GO_BP::GO:0006144;GO_BP::GO:0006167;GO_BP::GO:0006177;GO_BP::GO:0009113;GO_BP::GO:0009127;GO_BP::GO:0009168	HGNC:8587	PAICS	0	5	6	0	1	1	1	0	2026-09-09T09:54:35.492033+00:00	Purine nucleotide metabolism and biosynthesis	PRIMARY	SENSITIVITY
D01	GWAS_BLINDED_UNIT_D01	stable_domain	GO_BP::GO:0006144;GO_BP::GO:0006167;GO_BP::GO:0006177;GO_BP::GO:0009113;GO_BP::GO:0009168	GO_BP::GO:0006144;GO_BP::GO:0006167;GO_BP::GO:0006177;GO_BP::GO:0009113;GO_BP::GO:0009127;GO_BP::GO:0009168	HGNC:8863	PFAS	0	3	4	0	1	1	1	0	2026-09-09T09:54:35.492033+00:00	Purine nucleotide metabolism and biosynthesis	PRIMARY	SENSITIVITY
D01	GWAS_BLINDED_UNIT_D01	stable_domain	GO_BP::GO:0006144;GO_BP::GO:0006167;GO_BP::GO:0006177;GO_BP::GO:0009113;GO_BP::GO:0009168	GO_BP::GO:0006144;GO_BP::GO:0006167;GO_BP::GO:0006177;GO_BP::GO:0009113;GO_BP::GO:0009127;GO_BP::GO:0009168	HGNC:9238	PPAT	0	5	6	0	1	1	1	0	2026-09-09T09:54:35.492033+00:00	Purine nucleotide metabolism and biosynthesis	PRIMARY	SENSITIVITY
D01	GWAS_BLINDED_UNIT_D01	stable_domain	GO_BP::GO:0006144;GO_BP::GO:0006167;GO_BP::GO:0006177;GO_BP::GO:0009113;GO_BP::GO:0009168	GO_BP::GO:0006144;GO_BP::GO:0006167;GO_BP::GO:0006177;GO_BP::GO:0009113;GO_BP::GO:0009127;GO_BP::GO:0009168	HGNC:9462	PRPS1	0	2	2	0	1	1	1	0	2026-09-09T09:54:35.492033+00:00	Purine nucleotide metabolism and biosynthesis	PRIMARY	SENSITIVITY
D01	GWAS_BLINDED_UNIT_D01	stable_domain	GO_BP::GO:0006144;GO_BP::GO:0006167;GO_BP::GO:0006177;GO_BP::GO:0009113;GO_BP::GO:0009168	GO_BP::GO:0006144;GO_BP::GO:0006167;GO_BP::GO:0006177;GO_BP::GO:0009113;GO_BP::GO:0009127;GO_BP::GO:0009168	HGNC:28144	QNG1	0	2	2	0	1	1	1	0	2026-09-09T09:54:35.492033+00:00	Purine nucleotide metabolism and biosynthesis	PRIMARY	SENSITIVITY
D01	GWAS_BLINDED_UNIT_D01	stable_domain	GO_BP::GO:0006144;GO_BP::GO:0006167;GO_BP::GO:0006177;GO_BP::GO:0009113;GO_BP::GO:0009168	GO_BP::GO:0006144;GO_BP::GO:0006167;GO_BP::GO:0006177;GO_BP::GO:0009113;GO_BP::GO:0009127;GO_BP::GO:0009168	HGNC:10850	SHMT1	0	2	2	0	1	1	1	0	2026-09-09T09:54:35.492033+00:00	Purine nucleotide metabolism and biosynthesis	PRIMARY	SENSITIVITY
D01	GWAS_BLINDED_UNIT_D01	stable_domain	GO_BP::GO:0006144;GO_BP::GO:0006167;GO_BP::GO:0006177;GO_BP::GO:0009113;GO_BP::GO:0009168	GO_BP::GO:0006144;GO_BP::GO:0006167;GO_BP::GO:0006177;GO_BP::GO:0009113;GO_BP::GO:0009127;GO_BP::GO:0009168	HGNC:11831	TK2	0	0	1	0	0	0	1	0	2026-09-09T09:54:35.492033+00:00	Purine nucleotide metabolism and biosynthesis		
D01	GWAS_BLINDED_UNIT_D01	stable_domain	GO_BP::GO:0006144;GO_BP::GO:0006167;GO_BP::GO:0006177;GO_BP::GO:0009113;GO_BP::GO:0009168	GO_BP::GO:0006144;GO_BP::GO:0006167;GO_BP::GO:0006177;GO_BP::GO:0009113;GO_BP::GO:0009127;GO_BP::GO:0009168	HGNC:12405	TTR	0	1	1	0	1	0	1	0	2026-09-09T09:54:35.492033+00:00	Purine nucleotide metabolism and biosynthesis	PRIMARY	
D01	GWAS_BLINDED_UNIT_D01	stable_domain	GO_BP::GO:0006144;GO_BP::GO:0006167;GO_BP::GO:0006177;GO_BP::GO:0009113;GO_BP::GO:0009168	GO_BP::GO:0006144;GO_BP::GO:0006167;GO_BP::GO:0006177;GO_BP::GO:0009113;GO_BP::GO:0009127;GO_BP::GO:0009168	HGNC:12805	XDH	0	1	1	0	1	0	1	0	2026-09-09T09:54:35.492033+00:00	Purine nucleotide metabolism and biosynthesis	PRIMARY	
M01	GWAS_BLINDED_UNIT_M01	small_module	GO_BP::GO:0009155;GO_BP::GO:0009169	GO_BP::GO:0009128;GO_BP::GO:0009155;GO_BP::GO:0009169	HGNC:186	ADA	1	2	3	1	1	1	1	0	2026-09-09T09:54:35.492033+00:00	Purine nucleotide catabolism	PRIMARY	SENSITIVITY
M01	GWAS_BLINDED_UNIT_M01	small_module	GO_BP::GO:0009155;GO_BP::GO:0009169	GO_BP::GO:0009128;GO_BP::GO:0009155;GO_BP::GO:0009169	HGNC:470	AMPD3	0	1	2	0	1	0	1	0	2026-09-09T09:54:35.492033+00:00	Purine nucleotide catabolism	PRIMARY	
M01	GWAS_BLINDED_UNIT_M01	small_module	GO_BP::GO:0009155;GO_BP::GO:0009169	GO_BP::GO:0009128;GO_BP::GO:0009155;GO_BP::GO:0009169	HGNC:21218	DNPH1	0	1	2	0	1	0	1	0	2026-09-09T09:54:35.492033+00:00	Purine nucleotide catabolism	PRIMARY	
M01	GWAS_BLINDED_UNIT_M01	small_module	GO_BP::GO:0009155;GO_BP::GO:0009169	GO_BP::GO:0009128;GO_BP::GO:0009155;GO_BP::GO:0009169	HGNC:4212	GDA	0	2	3	0	1	1	1	0	2026-09-09T09:54:35.492033+00:00	Purine nucleotide catabolism	PRIMARY	SENSITIVITY
M01	GWAS_BLINDED_UNIT_M01	small_module	GO_BP::GO:0009155;GO_BP::GO:0009169	GO_BP::GO:0009128;GO_BP::GO:0009155;GO_BP::GO:0009169	HGNC:5157	HPRT1	0	1	2	0	1	0	1	0	2026-09-09T09:54:35.492033+00:00	Purine nucleotide catabolism	PRIMARY	
M01	GWAS_BLINDED_UNIT_M01	small_module	GO_BP::GO:0009155;GO_BP::GO:0009169	GO_BP::GO:0009128;GO_BP::GO:0009155;GO_BP::GO:0009169	HGNC:17144	NT5C	0	2	3	0	1	1	1	0	2026-09-09T09:54:35.492033+00:00	Purine nucleotide catabolism	PRIMARY	SENSITIVITY
M01	GWAS_BLINDED_UNIT_M01	small_module	GO_BP::GO:0009155;GO_BP::GO:0009169	GO_BP::GO:0009128;GO_BP::GO:0009155;GO_BP::GO:0009169	HGNC:17819	NT5C1A	0	2	3	0	1	1	1	0	2026-09-09T09:54:35.492033+00:00	Purine nucleotide catabolism	PRIMARY	SENSITIVITY
M01	GWAS_BLINDED_UNIT_M01	small_module	GO_BP::GO:0009155;GO_BP::GO:0009169	GO_BP::GO:0009128;GO_BP::GO:0009155;GO_BP::GO:0009169	HGNC:17818	NT5C1B	0	1	2	0	1	0	1	0	2026-09-09T09:54:35.492033+00:00	Purine nucleotide catabolism	PRIMARY	
M01	GWAS_BLINDED_UNIT_M01	small_module	GO_BP::GO:0009155;GO_BP::GO:0009169	GO_BP::GO:0009128;GO_BP::GO:0009155;GO_BP::GO:0009169	HGNC:8022	NT5C2	0	2	3	0	1	1	1	0	2026-09-09T09:54:35.492033+00:00	Purine nucleotide catabolism	PRIMARY	SENSITIVITY
M01	GWAS_BLINDED_UNIT_M01	small_module	GO_BP::GO:0009155;GO_BP::GO:0009169	GO_BP::GO:0009128;GO_BP::GO:0009155;GO_BP::GO:0009169	HGNC:8021	NT5E	0	1	2	0	1	0	1	0	2026-09-09T09:54:35.492033+00:00	Purine nucleotide catabolism	PRIMARY	
M01	GWAS_BLINDED_UNIT_M01	small_module	GO_BP::GO:0009155;GO_BP::GO:0009169	GO_BP::GO:0009128;GO_BP::GO:0009155;GO_BP::GO:0009169	HGNC:15769	NT5M	0	2	3	0	1	1	1	0	2026-09-09T09:54:35.492033+00:00	Purine nucleotide catabolism	PRIMARY	SENSITIVITY
M01	GWAS_BLINDED_UNIT_M01	small_module	GO_BP::GO:0009155;GO_BP::GO:0009169	GO_BP::GO:0009128;GO_BP::GO:0009155;GO_BP::GO:0009169	HGNC:23063	NUDT15	0	1	1	0	1	0	1	0	2026-09-09T09:54:35.492033+00:00	Purine nucleotide catabolism	PRIMARY	
M01	GWAS_BLINDED_UNIT_M01	small_module	GO_BP::GO:0009155;GO_BP::GO:0009169	GO_BP::GO:0009128;GO_BP::GO:0009155;GO_BP::GO:0009169	HGNC:26442	NUDT16	0	1	1	0	1	0	1	0	2026-09-09T09:54:35.492033+00:00	Purine nucleotide catabolism	PRIMARY	
M01	GWAS_BLINDED_UNIT_M01	small_module	GO_BP::GO:0009155;GO_BP::GO:0009169	GO_BP::GO:0009128;GO_BP::GO:0009155;GO_BP::GO:0009169	HGNC:26194	NUDT18	0	1	1	0	1	0	1	0	2026-09-09T09:54:35.492033+00:00	Purine nucleotide catabolism	PRIMARY	
M01	GWAS_BLINDED_UNIT_M01	small_module	GO_BP::GO:0009155;GO_BP::GO:0009169	GO_BP::GO:0009128;GO_BP::GO:0009155;GO_BP::GO:0009169	HGNC:7892	PNP	0	2	3	0	1	1	1	0	2026-09-09T09:54:35.492033+00:00	Purine nucleotide catabolism	PRIMARY	SENSITIVITY
M01	GWAS_BLINDED_UNIT_M01	small_module	GO_BP::GO:0009155;GO_BP::GO:0009169	GO_BP::GO:0009128;GO_BP::GO:0009155;GO_BP::GO:0009169	HGNC:15925	SAMHD1	0	1	1	0	1	0	1	0	2026-09-09T09:54:35.492033+00:00	Purine nucleotide catabolism	PRIMARY	
M01	GWAS_BLINDED_UNIT_M01	small_module	GO_BP::GO:0009155;GO_BP::GO:0009169	GO_BP::GO:0009128;GO_BP::GO:0009155;GO_BP::GO:0009169	HGNC:12805	XDH	0	2	3	0	1	1	1	0	2026-09-09T09:54:35.492033+00:00	Purine nucleotide catabolism	PRIMARY	SENSITIVITY
M02	GWAS_BLINDED_UNIT_M02	small_module	GO_BP::GO:0015820;Reactome::R-HSA-352230	GO_BP::GO:0015820;Reactome::R-HSA-352230	HGNC:6629	LLGL2	0	1	1	0	1	0	1	0	2026-09-09T09:54:35.492033+00:00	Amino-acid transport	PRIMARY	
M02	GWAS_BLINDED_UNIT_M02	small_module	GO_BP::GO:0015820;Reactome::R-HSA-352230	GO_BP::GO:0015820;Reactome::R-HSA-352230	HGNC:17027	SLC16A10	0	1	1	0	1	0	1	0	2026-09-09T09:54:35.492033+00:00	Amino-acid transport	PRIMARY	
M02	GWAS_BLINDED_UNIT_M02	small_module	GO_BP::GO:0015820;Reactome::R-HSA-352230	GO_BP::GO:0015820;Reactome::R-HSA-352230	HGNC:10942	SLC1A4	0	1	1	0	1	0	1	0	2026-09-09T09:54:35.492033+00:00	Amino-acid transport	PRIMARY	
M02	GWAS_BLINDED_UNIT_M02	small_module	GO_BP::GO:0015820;Reactome::R-HSA-352230	GO_BP::GO:0015820;Reactome::R-HSA-352230	HGNC:10943	SLC1A5	0	1	1	0	1	0	1	0	2026-09-09T09:54:35.492033+00:00	Amino-acid transport	PRIMARY	
M02	GWAS_BLINDED_UNIT_M02	small_module	GO_BP::GO:0015820;Reactome::R-HSA-352230	GO_BP::GO:0015820;Reactome::R-HSA-352230	HGNC:20116	SLC25A29	0	1	1	0	1	0	1	0	2026-09-09T09:54:35.492033+00:00	Amino-acid transport	PRIMARY	
M02	GWAS_BLINDED_UNIT_M02	small_module	GO_BP::GO:0015820;Reactome::R-HSA-352230	GO_BP::GO:0015820;Reactome::R-HSA-352230	HGNC:18761	SLC36A1	0	1	1	0	1	0	1	0	2026-09-09T09:54:35.492033+00:00	Amino-acid transport	PRIMARY	
M02	GWAS_BLINDED_UNIT_M02	small_module	GO_BP::GO:0015820;Reactome::R-HSA-352230	GO_BP::GO:0015820;Reactome::R-HSA-352230	HGNC:18762	SLC36A2	0	1	1	0	1	0	1	0	2026-09-09T09:54:35.492033+00:00	Amino-acid transport	PRIMARY	
M02	GWAS_BLINDED_UNIT_M02	small_module	GO_BP::GO:0015820;Reactome::R-HSA-352230	GO_BP::GO:0015820;Reactome::R-HSA-352230	HGNC:19660	SLC36A4	0	1	1	0	1	0	1	0	2026-09-09T09:54:35.492033+00:00	Amino-acid transport	PRIMARY	
M02	GWAS_BLINDED_UNIT_M02	small_module	GO_BP::GO:0015820;Reactome::R-HSA-352230	GO_BP::GO:0015820;Reactome::R-HSA-352230	HGNC:13447	SLC38A1	0	1	1	0	1	0	1	0	2026-09-09T09:54:35.492033+00:00	Amino-acid transport	PRIMARY	
M02	GWAS_BLINDED_UNIT_M02	small_module	GO_BP::GO:0015820;Reactome::R-HSA-352230	GO_BP::GO:0015820;Reactome::R-HSA-352230	HGNC:13448	SLC38A2	0	1	1	0	1	0	1	0	2026-09-09T09:54:35.492033+00:00	Amino-acid transport	PRIMARY	
M02	GWAS_BLINDED_UNIT_M02	small_module	GO_BP::GO:0015820;Reactome::R-HSA-352230	GO_BP::GO:0015820;Reactome::R-HSA-352230	HGNC:14679	SLC38A4	0	1	1	0	1	0	1	0	2026-09-09T09:54:35.492033+00:00	Amino-acid transport	PRIMARY	
M02	GWAS_BLINDED_UNIT_M02	small_module	GO_BP::GO:0015820;Reactome::R-HSA-352230	GO_BP::GO:0015820;Reactome::R-HSA-352230	HGNC:18070	SLC38A5	0	1	1	0	1	0	1	0	2026-09-09T09:54:35.492033+00:00	Amino-acid transport	PRIMARY	
M02	GWAS_BLINDED_UNIT_M02	small_module	GO_BP::GO:0015820;Reactome::R-HSA-352230	GO_BP::GO:0015820;Reactome::R-HSA-352230	HGNC:11025	SLC3A1	0	1	1	0	1	0	1	0	2026-09-09T09:54:35.492033+00:00	Amino-acid transport	PRIMARY	
M02	GWAS_BLINDED_UNIT_M02	small_module	GO_BP::GO:0015820;Reactome::R-HSA-352230	GO_BP::GO:0015820;Reactome::R-HSA-352230	HGNC:11026	SLC3A2	0	2	2	0	1	1	1	0	2026-09-09T09:54:35.492033+00:00	Amino-acid transport	PRIMARY	SENSITIVITY
M02	GWAS_BLINDED_UNIT_M02	small_module	GO_BP::GO:0015820;Reactome::R-HSA-352230	GO_BP::GO:0015820;Reactome::R-HSA-352230	HGNC:9225	SLC43A1	0	2	2	0	1	1	1	0	2026-09-09T09:54:35.492033+00:00	Amino-acid transport	PRIMARY	SENSITIVITY
M02	GWAS_BLINDED_UNIT_M02	small_module	GO_BP::GO:0015820;Reactome::R-HSA-352230	GO_BP::GO:0015820;Reactome::R-HSA-352230	HGNC:23087	SLC43A2	0	2	2	0	1	1	1	0	2026-09-09T09:54:35.492033+00:00	Amino-acid transport	PRIMARY	SENSITIVITY
M02	GWAS_BLINDED_UNIT_M02	small_module	GO_BP::GO:0015820;Reactome::R-HSA-352230	GO_BP::GO:0015820;Reactome::R-HSA-352230	HGNC:11045	SLC6A12	0	1	1	0	1	0	1	0	2026-09-09T09:54:35.492033+00:00	Amino-acid transport	PRIMARY	
M02	GWAS_BLINDED_UNIT_M02	small_module	GO_BP::GO:0015820;Reactome::R-HSA-352230	GO_BP::GO:0015820;Reactome::R-HSA-352230	HGNC:11047	SLC6A14	0	1	1	0	1	0	1	0	2026-09-09T09:54:35.492033+00:00	Amino-acid transport	PRIMARY	
M02	GWAS_BLINDED_UNIT_M02	small_module	GO_BP::GO:0015820;Reactome::R-HSA-352230	GO_BP::GO:0015820;Reactome::R-HSA-352230	HGNC:13621	SLC6A15	0	2	2	0	1	1	1	0	2026-09-09T09:54:35.492033+00:00	Amino-acid transport	PRIMARY	SENSITIVITY
M02	GWAS_BLINDED_UNIT_M02	small_module	GO_BP::GO:0015820;Reactome::R-HSA-352230	GO_BP::GO:0015820;Reactome::R-HSA-352230	HGNC:31399	SLC6A17	0	1	1	0	1	0	1	0	2026-09-09T09:54:35.492033+00:00	Amino-acid transport	PRIMARY	
M02	GWAS_BLINDED_UNIT_M02	small_module	GO_BP::GO:0015820;Reactome::R-HSA-352230	GO_BP::GO:0015820;Reactome::R-HSA-352230	HGNC:27960	SLC6A19	0	1	1	0	1	0	1	0	2026-09-09T09:54:35.492033+00:00	Amino-acid transport	PRIMARY	
M02	GWAS_BLINDED_UNIT_M02	small_module	GO_BP::GO:0015820;Reactome::R-HSA-352230	GO_BP::GO:0015820;Reactome::R-HSA-352230	HGNC:30927	SLC6A20	0	1	1	0	1	0	1	0	2026-09-09T09:54:35.492033+00:00	Amino-acid transport	PRIMARY	
M02	GWAS_BLINDED_UNIT_M02	small_module	GO_BP::GO:0015820;Reactome::R-HSA-352230	GO_BP::GO:0015820;Reactome::R-HSA-352230	HGNC:11052	SLC6A6	0	1	1	0	1	0	1	0	2026-09-09T09:54:35.492033+00:00	Amino-acid transport	PRIMARY	
M02	GWAS_BLINDED_UNIT_M02	small_module	GO_BP::GO:0015820;Reactome::R-HSA-352230	GO_BP::GO:0015820;Reactome::R-HSA-352230	HGNC:11057	SLC7A1	0	1	1	0	1	0	1	0	2026-09-09T09:54:35.492033+00:00	Amino-acid transport	PRIMARY	
M02	GWAS_BLINDED_UNIT_M02	small_module	GO_BP::GO:0015820;Reactome::R-HSA-352230	GO_BP::GO:0015820;Reactome::R-HSA-352230	HGNC:11058	SLC7A10	0	1	1	0	1	0	1	0	2026-09-09T09:54:35.492033+00:00	Amino-acid transport	PRIMARY	
M02	GWAS_BLINDED_UNIT_M02	small_module	GO_BP::GO:0015820;Reactome::R-HSA-352230	GO_BP::GO:0015820;Reactome::R-HSA-352230	HGNC:11059	SLC7A11	0	1	1	0	1	0	1	0	2026-09-09T09:54:35.492033+00:00	Amino-acid transport	PRIMARY	
M02	GWAS_BLINDED_UNIT_M02	small_module	GO_BP::GO:0015820;Reactome::R-HSA-352230	GO_BP::GO:0015820;Reactome::R-HSA-352230	HGNC:11060	SLC7A2	0	1	1	0	1	0	1	0	2026-09-09T09:54:35.492033+00:00	Amino-acid transport	PRIMARY	
M02	GWAS_BLINDED_UNIT_M02	small_module	GO_BP::GO:0015820;Reactome::R-HSA-352230	GO_BP::GO:0015820;Reactome::R-HSA-352230	HGNC:11061	SLC7A3	0	1	1	0	1	0	1	0	2026-09-09T09:54:35.492033+00:00	Amino-acid transport	PRIMARY	
M02	GWAS_BLINDED_UNIT_M02	small_module	GO_BP::GO:0015820;Reactome::R-HSA-352230	GO_BP::GO:0015820;Reactome::R-HSA-352230	HGNC:11062	SLC7A4	0	1	1	0	1	0	1	0	2026-09-09T09:54:35.492033+00:00	Amino-acid transport	PRIMARY	
M02	GWAS_BLINDED_UNIT_M02	small_module	GO_BP::GO:0015820;Reactome::R-HSA-352230	GO_BP::GO:0015820;Reactome::R-HSA-352230	HGNC:11063	SLC7A5	0	2	2	0	1	1	1	0	2026-09-09T09:54:35.492033+00:00	Amino-acid transport	PRIMARY	SENSITIVITY
M02	GWAS_BLINDED_UNIT_M02	small_module	GO_BP::GO:0015820;Reactome::R-HSA-352230	GO_BP::GO:0015820;Reactome::R-HSA-352230	HGNC:11064	SLC7A6	0	2	2	0	1	1	1	0	2026-09-09T09:54:35.492033+00:00	Amino-acid transport	PRIMARY	SENSITIVITY
M02	GWAS_BLINDED_UNIT_M02	small_module	GO_BP::GO:0015820;Reactome::R-HSA-352230	GO_BP::GO:0015820;Reactome::R-HSA-352230	HGNC:11065	SLC7A7	1	2	2	1	1	1	1	0	2026-09-09T09:54:35.492033+00:00	Amino-acid transport	PRIMARY	SENSITIVITY
M02	GWAS_BLINDED_UNIT_M02	small_module	GO_BP::GO:0015820;Reactome::R-HSA-352230	GO_BP::GO:0015820;Reactome::R-HSA-352230	HGNC:11066	SLC7A8	0	2	2	0	1	1	1	0	2026-09-09T09:54:35.492033+00:00	Amino-acid transport	PRIMARY	SENSITIVITY
M02	GWAS_BLINDED_UNIT_M02	small_module	GO_BP::GO:0015820;Reactome::R-HSA-352230	GO_BP::GO:0015820;Reactome::R-HSA-352230	HGNC:11067	SLC7A9	0	1	1	0	1	0	1	0	2026-09-09T09:54:35.492033+00:00	Amino-acid transport	PRIMARY	
M03	GWAS_BLINDED_UNIT_M03	small_module	GO_BP::GO:0032261;Reactome::R-HSA-74217	GO_BP::GO:0032261;GO_BP::GO:0043101;Reactome::R-HSA-74217	HGNC:186	ADA	1	2	3	1	1	1	1	0	2026-09-09T09:54:35.492033+00:00	Purine salvage	PRIMARY	SENSITIVITY
M03	GWAS_BLINDED_UNIT_M03	small_module	GO_BP::GO:0032261;Reactome::R-HSA-74217	GO_BP::GO:0032261;GO_BP::GO:0043101;Reactome::R-HSA-74217	HGNC:257	ADK	0	2	3	0	1	1	1	0	2026-09-09T09:54:35.492033+00:00	Purine salvage	PRIMARY	SENSITIVITY
M03	GWAS_BLINDED_UNIT_M03	small_module	GO_BP::GO:0032261;Reactome::R-HSA-74217	GO_BP::GO:0032261;GO_BP::GO:0043101;Reactome::R-HSA-74217	HGNC:291	ADSL	0	1	2	0	1	0	1	0	2026-09-09T09:54:35.492033+00:00	Purine salvage	PRIMARY	
M03	GWAS_BLINDED_UNIT_M03	small_module	GO_BP::GO:0032261;Reactome::R-HSA-74217	GO_BP::GO:0032261;GO_BP::GO:0043101;Reactome::R-HSA-74217	HGNC:20093	ADSS1	0	1	2	0	1	0	1	0	2026-09-09T09:54:35.492033+00:00	Purine salvage	PRIMARY	
M03	GWAS_BLINDED_UNIT_M03	small_module	GO_BP::GO:0032261;Reactome::R-HSA-74217	GO_BP::GO:0032261;GO_BP::GO:0043101;Reactome::R-HSA-74217	HGNC:468	AMPD1	0	2	3	0	1	1	1	0	2026-09-09T09:54:35.492033+00:00	Purine salvage	PRIMARY	SENSITIVITY
M03	GWAS_BLINDED_UNIT_M03	small_module	GO_BP::GO:0032261;Reactome::R-HSA-74217	GO_BP::GO:0032261;GO_BP::GO:0043101;Reactome::R-HSA-74217	HGNC:469	AMPD2	0	2	3	0	1	1	1	0	2026-09-09T09:54:35.492033+00:00	Purine salvage	PRIMARY	SENSITIVITY
M03	GWAS_BLINDED_UNIT_M03	small_module	GO_BP::GO:0032261;Reactome::R-HSA-74217	GO_BP::GO:0032261;GO_BP::GO:0043101;Reactome::R-HSA-74217	HGNC:470	AMPD3	0	2	3	0	1	1	1	0	2026-09-09T09:54:35.492033+00:00	Purine salvage	PRIMARY	SENSITIVITY
M03	GWAS_BLINDED_UNIT_M03	small_module	GO_BP::GO:0032261;Reactome::R-HSA-74217	GO_BP::GO:0032261;GO_BP::GO:0043101;Reactome::R-HSA-74217	HGNC:626	APRT	0	2	3	0	1	1	1	0	2026-09-09T09:54:35.492033+00:00	Purine salvage	PRIMARY	SENSITIVITY
M03	GWAS_BLINDED_UNIT_M03	small_module	GO_BP::GO:0032261;Reactome::R-HSA-74217	GO_BP::GO:0032261;GO_BP::GO:0043101;Reactome::R-HSA-74217	HGNC:2704	DCK	0	2	3	0	1	1	1	0	2026-09-09T09:54:35.492033+00:00	Purine salvage	PRIMARY	SENSITIVITY
M03	GWAS_BLINDED_UNIT_M03	small_module	GO_BP::GO:0032261;Reactome::R-HSA-74217	GO_BP::GO:0032261;GO_BP::GO:0043101;Reactome::R-HSA-74217	HGNC:2858	DGUOK	0	2	3	0	1	1	1	0	2026-09-09T09:54:35.492033+00:00	Purine salvage	PRIMARY	SENSITIVITY
M03	GWAS_BLINDED_UNIT_M03	small_module	GO_BP::GO:0032261;Reactome::R-HSA-74217	GO_BP::GO:0032261;GO_BP::GO:0043101;Reactome::R-HSA-74217	HGNC:4376	GMPR	0	1	1	0	1	0	1	0	2026-09-09T09:54:35.492033+00:00	Purine salvage	PRIMARY	
M03	GWAS_BLINDED_UNIT_M03	small_module	GO_BP::GO:0032261;Reactome::R-HSA-74217	GO_BP::GO:0032261;GO_BP::GO:0043101;Reactome::R-HSA-74217	HGNC:4377	GMPR2	0	1	1	0	1	0	1	0	2026-09-09T09:54:35.492033+00:00	Purine salvage	PRIMARY	
M03	GWAS_BLINDED_UNIT_M03	small_module	GO_BP::GO:0032261;Reactome::R-HSA-74217	GO_BP::GO:0032261;GO_BP::GO:0043101;Reactome::R-HSA-74217	HGNC:5157	HPRT1	0	2	3	0	1	1	1	0	2026-09-09T09:54:35.492033+00:00	Purine salvage	PRIMARY	SENSITIVITY
M03	GWAS_BLINDED_UNIT_M03	small_module	GO_BP::GO:0032261;Reactome::R-HSA-74217	GO_BP::GO:0032261;GO_BP::GO:0043101;Reactome::R-HSA-74217	HGNC:31853	MAPDA	0	1	1	0	1	0	1	0	2026-09-09T09:54:35.492033+00:00	Purine salvage	PRIMARY	
M03	GWAS_BLINDED_UNIT_M03	small_module	GO_BP::GO:0032261;Reactome::R-HSA-74217	GO_BP::GO:0032261;GO_BP::GO:0043101;Reactome::R-HSA-74217	HGNC:29832	NADSYN1	0	1	2	0	1	0	1	0	2026-09-09T09:54:35.492033+00:00	Purine salvage	PRIMARY	
M03	GWAS_BLINDED_UNIT_M03	small_module	GO_BP::GO:0032261;Reactome::R-HSA-74217	GO_BP::GO:0032261;GO_BP::GO:0043101;Reactome::R-HSA-74217	HGNC:30092	NAMPT	0	1	2	0	1	0	1	0	2026-09-09T09:54:35.492033+00:00	Purine salvage	PRIMARY	
M03	GWAS_BLINDED_UNIT_M03	small_module	GO_BP::GO:0032261;Reactome::R-HSA-74217	GO_BP::GO:0032261;GO_BP::GO:0043101;Reactome::R-HSA-74217	HGNC:30450	NAPRT	0	1	2	0	1	0	1	0	2026-09-09T09:54:35.492033+00:00	Purine salvage	PRIMARY	
M03	GWAS_BLINDED_UNIT_M03	small_module	GO_BP::GO:0032261;Reactome::R-HSA-74217	GO_BP::GO:0032261;GO_BP::GO:0043101;Reactome::R-HSA-74217	HGNC:17877	NMNAT1	0	1	2	0	1	0	1	0	2026-09-09T09:54:35.492033+00:00	Purine salvage	PRIMARY	
M03	GWAS_BLINDED_UNIT_M03	small_module	GO_BP::GO:0032261;Reactome::R-HSA-74217	GO_BP::GO:0032261;GO_BP::GO:0043101;Reactome::R-HSA-74217	HGNC:16789	NMNAT2	0	1	2	0	1	0	1	0	2026-09-09T09:54:35.492033+00:00	Purine salvage	PRIMARY	
M03	GWAS_BLINDED_UNIT_M03	small_module	GO_BP::GO:0032261;Reactome::R-HSA-74217	GO_BP::GO:0032261;GO_BP::GO:0043101;Reactome::R-HSA-74217	HGNC:20989	NMNAT3	0	1	2	0	1	0	1	0	2026-09-09T09:54:35.492033+00:00	Purine salvage	PRIMARY	
M03	GWAS_BLINDED_UNIT_M03	small_module	GO_BP::GO:0032261;Reactome::R-HSA-74217	GO_BP::GO:0032261;GO_BP::GO:0043101;Reactome::R-HSA-74217	HGNC:17871	NMRK2	0	1	2	0	1	0	1	0	2026-09-09T09:54:35.492033+00:00	Purine salvage	PRIMARY	
M03	GWAS_BLINDED_UNIT_M03	small_module	GO_BP::GO:0032261;Reactome::R-HSA-74217	GO_BP::GO:0032261;GO_BP::GO:0043101;Reactome::R-HSA-74217	HGNC:8906	PGM2	0	0	1	0	0	0	1	0	2026-09-09T09:54:35.492033+00:00	Purine salvage		
M03	GWAS_BLINDED_UNIT_M03	small_module	GO_BP::GO:0032261;Reactome::R-HSA-74217	GO_BP::GO:0032261;GO_BP::GO:0043101;Reactome::R-HSA-74217	HGNC:7892	PNP	0	2	3	0	1	1	1	0	2026-09-09T09:54:35.492033+00:00	Purine salvage	PRIMARY	SENSITIVITY
M03	GWAS_BLINDED_UNIT_M03	small_module	GO_BP::GO:0032261;Reactome::R-HSA-74217	GO_BP::GO:0032261;GO_BP::GO:0043101;Reactome::R-HSA-74217	HGNC:23333	PRTFDC1	0	0	1	0	0	0	1	0	2026-09-09T09:54:35.492033+00:00	Purine salvage		
M03	GWAS_BLINDED_UNIT_M03	small_module	GO_BP::GO:0032261;Reactome::R-HSA-74217	GO_BP::GO:0032261;GO_BP::GO:0043101;Reactome::R-HSA-74217	HGNC:28144	QNG1	0	0	1	0	0	0	1	0	2026-09-09T09:54:35.492033+00:00	Purine salvage		
M03	GWAS_BLINDED_UNIT_M03	small_module	GO_BP::GO:0032261;Reactome::R-HSA-74217	GO_BP::GO:0032261;GO_BP::GO:0043101;Reactome::R-HSA-74217	HGNC:8494	SLC22A13	0	1	2	0	1	0	1	0	2026-09-09T09:54:35.492033+00:00	Purine salvage	PRIMARY	
M04	GWAS_BLINDED_UNIT_M04	small_module	GO_BP::GO:0042098;GO_BP::GO:0046651	GO_BP::GO:0032943;GO_BP::GO:0042098;GO_BP::GO:0046651	HGNC:2707	ACE	0	0	1	0	0	0	1	0	2026-09-09T09:54:35.492033+00:00	Lymphocyte and T-cell proliferation		
M04	GWAS_BLINDED_UNIT_M04	small_module	GO_BP::GO:0042098;GO_BP::GO:0046651	GO_BP::GO:0032943;GO_BP::GO:0042098;GO_BP::GO:0046651	HGNC:990	BCL2	0	1	2	0	1	0	1	0	2026-09-09T09:54:35.492033+00:00	Lymphocyte and T-cell proliferation	PRIMARY	
M04	GWAS_BLINDED_UNIT_M04	small_module	GO_BP::GO:0042098;GO_BP::GO:0046651	GO_BP::GO:0032943;GO_BP::GO:0042098;GO_BP::GO:0046651	HGNC:1138	BTN3A1	0	2	3	0	1	1	1	0	2026-09-09T09:54:35.492033+00:00	Lymphocyte and T-cell proliferation	PRIMARY	SENSITIVITY
M04	GWAS_BLINDED_UNIT_M04	small_module	GO_BP::GO:0042098;GO_BP::GO:0046651	GO_BP::GO:0032943;GO_BP::GO:0042098;GO_BP::GO:0046651	HGNC:6726	CD180	0	1	2	0	1	0	1	0	2026-09-09T09:54:35.492033+00:00	Lymphocyte and T-cell proliferation	PRIMARY	
M04	GWAS_BLINDED_UNIT_M04	small_module	GO_BP::GO:0042098;GO_BP::GO:0046651	GO_BP::GO:0032943;GO_BP::GO:0042098;GO_BP::GO:0046651	HGNC:1633	CD19	0	1	2	0	1	0	1	0	2026-09-09T09:54:35.492033+00:00	Lymphocyte and T-cell proliferation	PRIMARY	
M04	GWAS_BLINDED_UNIT_M04	small_module	GO_BP::GO:0042098;GO_BP::GO:0046651	GO_BP::GO:0032943;GO_BP::GO:0042098;GO_BP::GO:0046651	HGNC:1641	CD209	0	2	3	0	1	1	1	0	2026-09-09T09:54:35.492033+00:00	Lymphocyte and T-cell proliferation	PRIMARY	SENSITIVITY
M04	GWAS_BLINDED_UNIT_M04	small_module	GO_BP::GO:0042098;GO_BP::GO:0046651	GO_BP::GO:0032943;GO_BP::GO:0042098;GO_BP::GO:0046651	HGNC:11919	CD40	0	1	2	0	1	0	1	0	2026-09-09T09:54:35.492033+00:00	Lymphocyte and T-cell proliferation	PRIMARY	
M04	GWAS_BLINDED_UNIT_M04	small_module	GO_BP::GO:0042098;GO_BP::GO:0046651	GO_BP::GO:0032943;GO_BP::GO:0042098;GO_BP::GO:0046651	HGNC:11935	CD40LG	0	1	2	0	1	0	1	0	2026-09-09T09:54:35.492033+00:00	Lymphocyte and T-cell proliferation	PRIMARY	
M04	GWAS_BLINDED_UNIT_M04	small_module	GO_BP::GO:0042098;GO_BP::GO:0046651	GO_BP::GO:0032943;GO_BP::GO:0042098;GO_BP::GO:0046651	HGNC:11937	CD70	0	2	3	0	1	1	1	0	2026-09-09T09:54:35.492033+00:00	Lymphocyte and T-cell proliferation	PRIMARY	SENSITIVITY
M04	GWAS_BLINDED_UNIT_M04	small_module	GO_BP::GO:0042098;GO_BP::GO:0046651	GO_BP::GO:0032943;GO_BP::GO:0042098;GO_BP::GO:0046651	HGNC:1698	CD79A	0	1	2	0	1	0	1	0	2026-09-09T09:54:35.492033+00:00	Lymphocyte and T-cell proliferation	PRIMARY	
M04	GWAS_BLINDED_UNIT_M04	small_module	GO_BP::GO:0042098;GO_BP::GO:0046651	GO_BP::GO:0032943;GO_BP::GO:0042098;GO_BP::GO:0046651	HGNC:2336	CR2	0	1	2	0	1	0	1	0	2026-09-09T09:54:35.492033+00:00	Lymphocyte and T-cell proliferation	PRIMARY	
M04	GWAS_BLINDED_UNIT_M04	small_module	GO_BP::GO:0042098;GO_BP::GO:0046651	GO_BP::GO:0032943;GO_BP::GO:0042098;GO_BP::GO:0046651	HGNC:2519	CTPS1	0	2	3	0	1	1	1	0	2026-09-09T09:54:35.492033+00:00	Lymphocyte and T-cell proliferation	PRIMARY	SENSITIVITY
M04	GWAS_BLINDED_UNIT_M04	small_module	GO_BP::GO:0042098;GO_BP::GO:0046651	GO_BP::GO:0032943;GO_BP::GO:0042098;GO_BP::GO:0046651	HGNC:19191	DOCK8	1	2	3	1	1	1	1	0	2026-09-09T09:54:35.492033+00:00	Lymphocyte and T-cell proliferation	PRIMARY	SENSITIVITY
M04	GWAS_BLINDED_UNIT_M04	small_module	GO_BP::GO:0042098;GO_BP::GO:0046651	GO_BP::GO:0032943;GO_BP::GO:0042098;GO_BP::GO:0046651	HGNC:3129	EBI3	0	2	3	0	1	1	1	0	2026-09-09T09:54:35.492033+00:00	Lymphocyte and T-cell proliferation	PRIMARY	SENSITIVITY
M04	GWAS_BLINDED_UNIT_M04	small_module	GO_BP::GO:0042098;GO_BP::GO:0046651	GO_BP::GO:0032943;GO_BP::GO:0042098;GO_BP::GO:0046651	HGNC:3319	ELF4	0	2	3	0	1	1	1	0	2026-09-09T09:54:35.492033+00:00	Lymphocyte and T-cell proliferation	PRIMARY	SENSITIVITY
M04	GWAS_BLINDED_UNIT_M04	small_module	GO_BP::GO:0042098;GO_BP::GO:0046651	GO_BP::GO:0032943;GO_BP::GO:0042098;GO_BP::GO:0046651	HGNC:3334	EMP2	0	1	2	0	1	0	1	0	2026-09-09T09:54:35.492033+00:00	Lymphocyte and T-cell proliferation	PRIMARY	
M04	GWAS_BLINDED_UNIT_M04	small_module	GO_BP::GO:0042098;GO_BP::GO:0046651	GO_BP::GO:0032943;GO_BP::GO:0042098;GO_BP::GO:0046651	HGNC:3765	FLT3	0	1	2	0	1	0	1	0	2026-09-09T09:54:35.492033+00:00	Lymphocyte and T-cell proliferation	PRIMARY	
M04	GWAS_BLINDED_UNIT_M04	small_module	GO_BP::GO:0042098;GO_BP::GO:0046651	GO_BP::GO:0032943;GO_BP::GO:0042098;GO_BP::GO:0046651	HGNC:26588	GAPT	0	1	2	0	1	0	1	0	2026-09-09T09:54:35.492033+00:00	Lymphocyte and T-cell proliferation	PRIMARY	
M04	GWAS_BLINDED_UNIT_M04	small_module	GO_BP::GO:0042098;GO_BP::GO:0046651	GO_BP::GO:0032943;GO_BP::GO:0042098;GO_BP::GO:0046651	HGNC:4274	GJA1	0	2	3	0	1	1	1	0	2026-09-09T09:54:35.492033+00:00	Lymphocyte and T-cell proliferation	PRIMARY	SENSITIVITY
M04	GWAS_BLINDED_UNIT_M04	small_module	GO_BP::GO:0042098;GO_BP::GO:0046651	GO_BP::GO:0032943;GO_BP::GO:0042098;GO_BP::GO:0046651	HGNC:4861	HELLS	0	1	2	0	1	0	1	0	2026-09-09T09:54:35.492033+00:00	Lymphocyte and T-cell proliferation	PRIMARY	
M04	GWAS_BLINDED_UNIT_M04	small_module	GO_BP::GO:0042098;GO_BP::GO:0046651	GO_BP::GO:0032943;GO_BP::GO:0042098;GO_BP::GO:0046651	HGNC:5261	HSPD1	0	1	2	0	1	0	1	0	2026-09-09T09:54:35.492033+00:00	Lymphocyte and T-cell proliferation	PRIMARY	
M04	GWAS_BLINDED_UNIT_M04	small_module	GO_BP::GO:0042098;GO_BP::GO:0046651	GO_BP::GO:0032943;GO_BP::GO:0042098;GO_BP::GO:0046651	HGNC:5346	ICAM3	0	2	3	0	1	1	1	0	2026-09-09T09:54:35.492033+00:00	Lymphocyte and T-cell proliferation	PRIMARY	SENSITIVITY
M04	GWAS_BLINDED_UNIT_M04	small_module	GO_BP::GO:0042098;GO_BP::GO:0046651	GO_BP::GO:0032943;GO_BP::GO:0042098;GO_BP::GO:0046651	HGNC:5434	IFNB1	0	1	2	0	1	0	1	0	2026-09-09T09:54:35.492033+00:00	Lymphocyte and T-cell proliferation	PRIMARY	
M04	GWAS_BLINDED_UNIT_M04	small_module	GO_BP::GO:0042098;GO_BP::GO:0046651	GO_BP::GO:0032943;GO_BP::GO:0042098;GO_BP::GO:0046651	HGNC:5962	IL10	0	1	2	0	1	0	1	0	2026-09-09T09:54:35.492033+00:00	Lymphocyte and T-cell proliferation	PRIMARY	
M04	GWAS_BLINDED_UNIT_M04	small_module	GO_BP::GO:0042098;GO_BP::GO:0046651	GO_BP::GO:0032943;GO_BP::GO:0042098;GO_BP::GO:0046651	HGNC:6605	LILRB1	0	2	3	0	1	1	1	0	2026-09-09T09:54:35.492033+00:00	Lymphocyte and T-cell proliferation	PRIMARY	SENSITIVITY
M04	GWAS_BLINDED_UNIT_M04	small_module	GO_BP::GO:0042098;GO_BP::GO:0046651	GO_BP::GO:0032943;GO_BP::GO:0042098;GO_BP::GO:0046651	HGNC:18268	LMBR1L	0	2	3	0	1	1	1	0	2026-09-09T09:54:35.492033+00:00	Lymphocyte and T-cell proliferation	PRIMARY	SENSITIVITY
M04	GWAS_BLINDED_UNIT_M04	small_module	GO_BP::GO:0042098;GO_BP::GO:0046651	GO_BP::GO:0032943;GO_BP::GO:0042098;GO_BP::GO:0046651	HGNC:6735	LYN	0	1	2	0	1	0	1	0	2026-09-09T09:54:35.492033+00:00	Lymphocyte and T-cell proliferation	PRIMARY	
M04	GWAS_BLINDED_UNIT_M04	small_module	GO_BP::GO:0042098;GO_BP::GO:0046651	GO_BP::GO:0032943;GO_BP::GO:0042098;GO_BP::GO:0046651	HGNC:6996	MEF2C	0	1	2	0	1	0	1	0	2026-09-09T09:54:35.492033+00:00	Lymphocyte and T-cell proliferation	PRIMARY	
M04	GWAS_BLINDED_UNIT_M04	small_module	GO_BP::GO:0042098;GO_BP::GO:0046651	GO_BP::GO:0032943;GO_BP::GO:0042098;GO_BP::GO:0046651	HGNC:7315	MS4A1	0	1	2	0	1	0	1	0	2026-09-09T09:54:35.492033+00:00	Lymphocyte and T-cell proliferation	PRIMARY	
M04	GWAS_BLINDED_UNIT_M04	small_module	GO_BP::GO:0042098;GO_BP::GO:0046651	GO_BP::GO:0032943;GO_BP::GO:0042098;GO_BP::GO:0046651	HGNC:7373	MSN	0	2	3	0	1	1	1	0	2026-09-09T09:54:35.492033+00:00	Lymphocyte and T-cell proliferation	PRIMARY	SENSITIVITY
M04	GWAS_BLINDED_UNIT_M04	small_module	GO_BP::GO:0042098;GO_BP::GO:0046651	GO_BP::GO:0032943;GO_BP::GO:0042098;GO_BP::GO:0046651	HGNC:29805	NFKBIZ	0	1	2	0	1	0	1	0	2026-09-09T09:54:35.492033+00:00	Lymphocyte and T-cell proliferation	PRIMARY	
M04	GWAS_BLINDED_UNIT_M04	small_module	GO_BP::GO:0042098;GO_BP::GO:0046651	GO_BP::GO:0032943;GO_BP::GO:0042098;GO_BP::GO:0046651	HGNC:8754	PCYT1A	0	1	2	0	1	0	1	0	2026-09-09T09:54:35.492033+00:00	Lymphocyte and T-cell proliferation	PRIMARY	
M04	GWAS_BLINDED_UNIT_M04	small_module	GO_BP::GO:0042098;GO_BP::GO:0046651	GO_BP::GO:0032943;GO_BP::GO:0042098;GO_BP::GO:0046651	HGNC:8978	PIK3CG	1	2	3	1	1	1	1	0	2026-09-09T09:54:35.492033+00:00	Lymphocyte and T-cell proliferation	PRIMARY	SENSITIVITY
M04	GWAS_BLINDED_UNIT_M04	small_module	GO_BP::GO:0042098;GO_BP::GO:0046651	GO_BP::GO:0032943;GO_BP::GO:0042098;GO_BP::GO:0046651	HGNC:9315	PPP3CB	0	2	3	0	1	1	1	0	2026-09-09T09:54:35.492033+00:00	Lymphocyte and T-cell proliferation	PRIMARY	SENSITIVITY
M04	GWAS_BLINDED_UNIT_M04	small_module	GO_BP::GO:0042098;GO_BP::GO:0046651	GO_BP::GO:0032943;GO_BP::GO:0042098;GO_BP::GO:0046651	HGNC:9666	PTPRC	1	1	2	1	1	0	1	0	2026-09-09T09:54:35.492033+00:00	Lymphocyte and T-cell proliferation	PRIMARY	
M04	GWAS_BLINDED_UNIT_M04	small_module	GO_BP::GO:0042098;GO_BP::GO:0046651	GO_BP::GO:0032943;GO_BP::GO:0042098;GO_BP::GO:0046651	HGNC:9878	RASGRP1	0	2	3	0	1	1	1	0	2026-09-09T09:54:35.492033+00:00	Lymphocyte and T-cell proliferation	PRIMARY	SENSITIVITY
M04	GWAS_BLINDED_UNIT_M04	small_module	GO_BP::GO:0042098;GO_BP::GO:0046651	GO_BP::GO:0032943;GO_BP::GO:0042098;GO_BP::GO:0046651	HGNC:10903	SLAMF1	0	1	2	0	1	0	1	0	2026-09-09T09:54:35.492033+00:00	Lymphocyte and T-cell proliferation	PRIMARY	
M04	GWAS_BLINDED_UNIT_M04	small_module	GO_BP::GO:0042098;GO_BP::GO:0046651	GO_BP::GO:0032943;GO_BP::GO:0042098;GO_BP::GO:0046651	HGNC:10907	SLC11A1	0	2	3	0	1	1	1	0	2026-09-09T09:54:35.492033+00:00	Lymphocyte and T-cell proliferation	PRIMARY	SENSITIVITY
M04	GWAS_BLINDED_UNIT_M04	small_module	GO_BP::GO:0042098;GO_BP::GO:0046651	GO_BP::GO:0032943;GO_BP::GO:0042098;GO_BP::GO:0046651	HGNC:11912	TNFRSF14	0	2	3	0	1	1	1	0	2026-09-09T09:54:35.492033+00:00	Lymphocyte and T-cell proliferation	PRIMARY	SENSITIVITY
M04	GWAS_BLINDED_UNIT_M04	small_module	GO_BP::GO:0042098;GO_BP::GO:0046651	GO_BP::GO:0032943;GO_BP::GO:0042098;GO_BP::GO:0046651	HGNC:11918	TNFRSF4	0	2	3	0	1	1	1	0	2026-09-09T09:54:35.492033+00:00	Lymphocyte and T-cell proliferation	PRIMARY	SENSITIVITY
M04	GWAS_BLINDED_UNIT_M04	small_module	GO_BP::GO:0042098;GO_BP::GO:0046651	GO_BP::GO:0032943;GO_BP::GO:0042098;GO_BP::GO:0046651	HGNC:11930	TNFSF14	0	2	3	0	1	1	1	0	2026-09-09T09:54:35.492033+00:00	Lymphocyte and T-cell proliferation	PRIMARY	SENSITIVITY
M04	GWAS_BLINDED_UNIT_M04	small_module	GO_BP::GO:0042098;GO_BP::GO:0046651	GO_BP::GO:0032943;GO_BP::GO:0042098;GO_BP::GO:0046651	HGNC:11932	TNFSF18	0	2	3	0	1	1	1	0	2026-09-09T09:54:35.492033+00:00	Lymphocyte and T-cell proliferation	PRIMARY	SENSITIVITY
M04	GWAS_BLINDED_UNIT_M04	small_module	GO_BP::GO:0042098;GO_BP::GO:0046651	GO_BP::GO:0032943;GO_BP::GO:0042098;GO_BP::GO:0046651	HGNC:12657	VAV1	0	1	2	0	1	0	1	0	2026-09-09T09:54:35.492033+00:00	Lymphocyte and T-cell proliferation	PRIMARY	
M05	GWAS_BLINDED_UNIT_M05	small_module	GO_BP::GO:0042110;GO_BP::GO:0046649	GO_BP::GO:0042110;GO_BP::GO:0045321;GO_BP::GO:0046649	HGNC:186	ADA	1	2	3	1	1	1	1	0	2026-09-09T09:54:35.492033+00:00	Lymphocyte and T-cell activation	PRIMARY	SENSITIVITY
M05	GWAS_BLINDED_UNIT_M05	small_module	GO_BP::GO:0042110;GO_BP::GO:0046649	GO_BP::GO:0042110;GO_BP::GO:0045321;GO_BP::GO:0046649	HGNC:188	ADAM10	0	1	2	0	1	0	1	0	2026-09-09T09:54:35.492033+00:00	Lymphocyte and T-cell activation	PRIMARY	
M05	GWAS_BLINDED_UNIT_M05	small_module	GO_BP::GO:0042110;GO_BP::GO:0046649	GO_BP::GO:0042110;GO_BP::GO:0045321;GO_BP::GO:0046649	HGNC:195	ADAM17	0	2	3	0	1	1	1	0	2026-09-09T09:54:35.492033+00:00	Lymphocyte and T-cell activation	PRIMARY	SENSITIVITY
M05	GWAS_BLINDED_UNIT_M05	small_module	GO_BP::GO:0042110;GO_BP::GO:0046649	GO_BP::GO:0042110;GO_BP::GO:0045321;GO_BP::GO:0046649	HGNC:216	ADAM9	0	0	1	0	0	0	1	0	2026-09-09T09:54:35.492033+00:00	Lymphocyte and T-cell activation		
M05	GWAS_BLINDED_UNIT_M05	small_module	GO_BP::GO:0042110;GO_BP::GO:0046649	GO_BP::GO:0042110;GO_BP::GO:0045321;GO_BP::GO:0046649	HGNC:13728	ADGRG3	0	1	2	0	1	0	1	0	2026-09-09T09:54:35.492033+00:00	Lymphocyte and T-cell activation	PRIMARY	
M05	GWAS_BLINDED_UNIT_M05	small_module	GO_BP::GO:0042110;GO_BP::GO:0046649	GO_BP::GO:0042110;GO_BP::GO:0045321;GO_BP::GO:0046649	HGNC:320	AGER	0	0	1	0	0	0	1	0	2026-09-09T09:54:35.492033+00:00	Lymphocyte and T-cell activation		
M05	GWAS_BLINDED_UNIT_M05	small_module	GO_BP::GO:0042110;GO_BP::GO:0046649	GO_BP::GO:0042110;GO_BP::GO:0045321;GO_BP::GO:0046649	HGNC:13203	AICDA	0	1	2	0	1	0	1	0	2026-09-09T09:54:35.492033+00:00	Lymphocyte and T-cell activation	PRIMARY	
M05	GWAS_BLINDED_UNIT_M05	small_module	GO_BP::GO:0042110;GO_BP::GO:0046649	GO_BP::GO:0042110;GO_BP::GO:0045321;GO_BP::GO:0046649	HGNC:352	AIF1	0	0	1	0	0	0	1	0	2026-09-09T09:54:35.492033+00:00	Lymphocyte and T-cell activation		
M05	GWAS_BLINDED_UNIT_M05	small_module	GO_BP::GO:0042110;GO_BP::GO:0046649	GO_BP::GO:0042110;GO_BP::GO:0045321;GO_BP::GO:0046649	HGNC:360	AIRE	0	2	3	0	1	1	1	0	2026-09-09T09:54:35.492033+00:00	Lymphocyte and T-cell activation	PRIMARY	SENSITIVITY
M05	GWAS_BLINDED_UNIT_M05	small_module	GO_BP::GO:0042110;GO_BP::GO:0046649	GO_BP::GO:0042110;GO_BP::GO:0045321;GO_BP::GO:0046649	HGNC:18783	AKAP17A	0	1	2	0	1	0	1	0	2026-09-09T09:54:35.492033+00:00	Lymphocyte and T-cell activation	PRIMARY	
M05	GWAS_BLINDED_UNIT_M05	small_module	GO_BP::GO:0042110;GO_BP::GO:0046649	GO_BP::GO:0042110;GO_BP::GO:0045321;GO_BP::GO:0046649	HGNC:533	ANXA1	0	2	3	0	1	1	1	0	2026-09-09T09:54:35.492033+00:00	Lymphocyte and T-cell activation	PRIMARY	SENSITIVITY
M05	GWAS_BLINDED_UNIT_M05	small_module	GO_BP::GO:0042110;GO_BP::GO:0046649	GO_BP::GO:0042110;GO_BP::GO:0045321;GO_BP::GO:0046649	HGNC:541	ANXA3	0	0	1	0	0	0	1	0	2026-09-09T09:54:35.492033+00:00	Lymphocyte and T-cell activation		
M05	GWAS_BLINDED_UNIT_M05	small_module	GO_BP::GO:0042110;GO_BP::GO:0046649	GO_BP::GO:0042110;GO_BP::GO:0045321;GO_BP::GO:0046649	HGNC:566	AP3B1	0	2	3	0	1	1	1	0	2026-09-09T09:54:35.492033+00:00	Lymphocyte and T-cell activation	PRIMARY	SENSITIVITY
M05	GWAS_BLINDED_UNIT_M05	small_module	GO_BP::GO:0042110;GO_BP::GO:0046649	GO_BP::GO:0042110;GO_BP::GO:0045321;GO_BP::GO:0046649	HGNC:620	APP	0	0	1	0	0	0	1	0	2026-09-09T09:54:35.492033+00:00	Lymphocyte and T-cell activation		
M05	GWAS_BLINDED_UNIT_M05	small_module	GO_BP::GO:0042110;GO_BP::GO:0046649	GO_BP::GO:0042110;GO_BP::GO:0045321;GO_BP::GO:0046649	HGNC:642	AQP8	0	1	2	0	1	0	1	0	2026-09-09T09:54:35.492033+00:00	Lymphocyte and T-cell activation	PRIMARY	
M05	GWAS_BLINDED_UNIT_M05	small_module	GO_BP::GO:0042110;GO_BP::GO:0046649	GO_BP::GO:0042110;GO_BP::GO:0045321;GO_BP::GO:0046649	HGNC:739	ASCL2	0	2	3	0	1	1	1	0	2026-09-09T09:54:35.492033+00:00	Lymphocyte and T-cell activation	PRIMARY	SENSITIVITY
M05	GWAS_BLINDED_UNIT_M05	small_module	GO_BP::GO:0042110;GO_BP::GO:0046649	GO_BP::GO:0042110;GO_BP::GO:0045321;GO_BP::GO:0046649	HGNC:784	ATF2	0	2	3	0	1	1	1	0	2026-09-09T09:54:35.492033+00:00	Lymphocyte and T-cell activation	PRIMARY	SENSITIVITY
M05	GWAS_BLINDED_UNIT_M05	small_module	GO_BP::GO:0042110;GO_BP::GO:0046649	GO_BP::GO:0042110;GO_BP::GO:0045321;GO_BP::GO:0046649	HGNC:795	ATM	0	1	2	0	1	0	1	0	2026-09-09T09:54:35.492033+00:00	Lymphocyte and T-cell activation	PRIMARY	
M05	GWAS_BLINDED_UNIT_M05	small_module	GO_BP::GO:0042110;GO_BP::GO:0046649	GO_BP::GO:0042110;GO_BP::GO:0045321;GO_BP::GO:0046649	HGNC:869	ATP7A	0	2	3	0	1	1	1	0	2026-09-09T09:54:35.492033+00:00	Lymphocyte and T-cell activation	PRIMARY	SENSITIVITY
M05	GWAS_BLINDED_UNIT_M05	small_module	GO_BP::GO:0042110;GO_BP::GO:0046649	GO_BP::GO:0042110;GO_BP::GO:0045321;GO_BP::GO:0046649	HGNC:905	AXL	0	1	2	0	1	0	1	0	2026-09-09T09:54:35.492033+00:00	Lymphocyte and T-cell activation	PRIMARY	
M05	GWAS_BLINDED_UNIT_M05	small_module	GO_BP::GO:0042110;GO_BP::GO:0046649	GO_BP::GO:0042110;GO_BP::GO:0045321;GO_BP::GO:0046649	HGNC:913	AZU1	0	0	1	0	0	0	1	0	2026-09-09T09:54:35.492033+00:00	Lymphocyte and T-cell activation		
M05	GWAS_BLINDED_UNIT_M05	small_module	GO_BP::GO:0042110;GO_BP::GO:0046649	GO_BP::GO:0042110;GO_BP::GO:0045321;GO_BP::GO:0046649	HGNC:13919	BAG6	0	2	3	0	1	1	1	0	2026-09-09T09:54:35.492033+00:00	Lymphocyte and T-cell activation	PRIMARY	SENSITIVITY
M05	GWAS_BLINDED_UNIT_M05	small_module	GO_BP::GO:0042110;GO_BP::GO:0046649	GO_BP::GO:0042110;GO_BP::GO:0045321;GO_BP::GO:0046649	HGNC:18233	BANK1	0	1	2	0	1	0	1	0	2026-09-09T09:54:35.492033+00:00	Lymphocyte and T-cell activation	PRIMARY	
M05	GWAS_BLINDED_UNIT_M05	small_module	GO_BP::GO:0042110;GO_BP::GO:0046649	GO_BP::GO:0042110;GO_BP::GO:0045321;GO_BP::GO:0046649	HGNC:958	BATF	0	2	3	0	1	1	1	0	2026-09-09T09:54:35.492033+00:00	Lymphocyte and T-cell activation	PRIMARY	SENSITIVITY
M05	GWAS_BLINDED_UNIT_M05	small_module	GO_BP::GO:0042110;GO_BP::GO:0046649	GO_BP::GO:0042110;GO_BP::GO:0045321;GO_BP::GO:0046649	HGNC:25163	BATF2	0	0	1	0	0	0	1	0	2026-09-09T09:54:35.492033+00:00	Lymphocyte and T-cell activation		
M05	GWAS_BLINDED_UNIT_M05	small_module	GO_BP::GO:0042110;GO_BP::GO:0046649	GO_BP::GO:0042110;GO_BP::GO:0045321;GO_BP::GO:0046649	HGNC:28915	BATF3	0	0	1	0	0	0	1	0	2026-09-09T09:54:35.492033+00:00	Lymphocyte and T-cell activation		
M05	GWAS_BLINDED_UNIT_M05	small_module	GO_BP::GO:0042110;GO_BP::GO:0046649	GO_BP::GO:0042110;GO_BP::GO:0045321;GO_BP::GO:0046649	HGNC:990	BCL2	0	1	2	0	1	0	1	0	2026-09-09T09:54:35.492033+00:00	Lymphocyte and T-cell activation	PRIMARY	
M05	GWAS_BLINDED_UNIT_M05	small_module	GO_BP::GO:0042110;GO_BP::GO:0046649	GO_BP::GO:0042110;GO_BP::GO:0045321;GO_BP::GO:0046649	HGNC:14211	BLNK	0	1	2	0	1	0	1	0	2026-09-09T09:54:35.492033+00:00	Lymphocyte and T-cell activation	PRIMARY	
M05	GWAS_BLINDED_UNIT_M05	small_module	GO_BP::GO:0042110;GO_BP::GO:0046649	GO_BP::GO:0042110;GO_BP::GO:0045321;GO_BP::GO:0046649	HGNC:1133	BTK	0	1	2	0	1	0	1	0	2026-09-09T09:54:35.492033+00:00	Lymphocyte and T-cell activation	PRIMARY	
M05	GWAS_BLINDED_UNIT_M05	small_module	GO_BP::GO:0042110;GO_BP::GO:0046649	GO_BP::GO:0042110;GO_BP::GO:0045321;GO_BP::GO:0046649	HGNC:1138	BTN3A1	0	2	3	0	1	1	1	0	2026-09-09T09:54:35.492033+00:00	Lymphocyte and T-cell activation	PRIMARY	SENSITIVITY
M05	GWAS_BLINDED_UNIT_M05	small_module	GO_BP::GO:0042110;GO_BP::GO:0046649	GO_BP::GO:0042110;GO_BP::GO:0045321;GO_BP::GO:0046649	HGNC:1143	BTNL3	0	2	3	0	1	1	1	0	2026-09-09T09:54:35.492033+00:00	Lymphocyte and T-cell activation	PRIMARY	SENSITIVITY
M05	GWAS_BLINDED_UNIT_M05	small_module	GO_BP::GO:0042110;GO_BP::GO:0046649	GO_BP::GO:0042110;GO_BP::GO:0045321;GO_BP::GO:0046649	HGNC:26131	BTNL8	0	2	3	0	1	1	1	0	2026-09-09T09:54:35.492033+00:00	Lymphocyte and T-cell activation	PRIMARY	SENSITIVITY
M05	GWAS_BLINDED_UNIT_M05	small_module	GO_BP::GO:0042110;GO_BP::GO:0046649	GO_BP::GO:0042110;GO_BP::GO:0045321;GO_BP::GO:0046649	HGNC:34490	C17orf99	0	1	2	0	1	0	1	0	2026-09-09T09:54:35.492033+00:00	Lymphocyte and T-cell activation	PRIMARY	
M05	GWAS_BLINDED_UNIT_M05	small_module	GO_BP::GO:0042110;GO_BP::GO:0046649	GO_BP::GO:0042110;GO_BP::GO:0045321;GO_BP::GO:0046649	HGNC:1241	C1QA	0	0	1	0	0	0	1	0	2026-09-09T09:54:35.492033+00:00	Lymphocyte and T-cell activation		
M05	GWAS_BLINDED_UNIT_M05	small_module	GO_BP::GO:0042110;GO_BP::GO:0046649	GO_BP::GO:0042110;GO_BP::GO:0045321;GO_BP::GO:0046649	HGNC:1318	C3	0	1	2	0	1	0	1	0	2026-09-09T09:54:35.492033+00:00	Lymphocyte and T-cell activation	PRIMARY	
M05	GWAS_BLINDED_UNIT_M05	small_module	GO_BP::GO:0042110;GO_BP::GO:0046649	GO_BP::GO:0042110;GO_BP::GO:0045321;GO_BP::GO:0046649	HGNC:1338	C5AR1	0	0	1	0	0	0	1	0	2026-09-09T09:54:35.492033+00:00	Lymphocyte and T-cell activation		
M05	GWAS_BLINDED_UNIT_M05	small_module	GO_BP::GO:0042110;GO_BP::GO:0046649	GO_BP::GO:0042110;GO_BP::GO:0045321;GO_BP::GO:0046649	HGNC:1464	CAMK4	0	0	1	0	0	0	1	0	2026-09-09T09:54:35.492033+00:00	Lymphocyte and T-cell activation		
M05	GWAS_BLINDED_UNIT_M05	small_module	GO_BP::GO:0042110;GO_BP::GO:0046649	GO_BP::GO:0042110;GO_BP::GO:0045321;GO_BP::GO:0046649	HGNC:1472	CAMP	0	0	1	0	0	0	1	0	2026-09-09T09:54:35.492033+00:00	Lymphocyte and T-cell activation		
M05	GWAS_BLINDED_UNIT_M05	small_module	GO_BP::GO:0042110;GO_BP::GO:0046649	GO_BP::GO:0042110;GO_BP::GO:0045321;GO_BP::GO:0046649	HGNC:1509	CASP8	0	2	3	0	1	1	1	0	2026-09-09T09:54:35.492033+00:00	Lymphocyte and T-cell activation	PRIMARY	SENSITIVITY
M05	GWAS_BLINDED_UNIT_M05	small_module	GO_BP::GO:0042110;GO_BP::GO:0046649	GO_BP::GO:0042110;GO_BP::GO:0045321;GO_BP::GO:0046649	HGNC:1541	CBL	0	0	1	0	0	0	1	0	2026-09-09T09:54:35.492033+00:00	Lymphocyte and T-cell activation		
M05	GWAS_BLINDED_UNIT_M05	small_module	GO_BP::GO:0042110;GO_BP::GO:0046649	GO_BP::GO:0042110;GO_BP::GO:0045321;GO_BP::GO:0046649	HGNC:10617	CCL19	0	2	3	0	1	1	1	0	2026-09-09T09:54:35.492033+00:00	Lymphocyte and T-cell activation	PRIMARY	SENSITIVITY
M05	GWAS_BLINDED_UNIT_M05	small_module	GO_BP::GO:0042110;GO_BP::GO:0046649	GO_BP::GO:0042110;GO_BP::GO:0045321;GO_BP::GO:0046649	HGNC:10620	CCL21	0	2	3	0	1	1	1	0	2026-09-09T09:54:35.492033+00:00	Lymphocyte and T-cell activation	PRIMARY	SENSITIVITY
M05	GWAS_BLINDED_UNIT_M05	small_module	GO_BP::GO:0042110;GO_BP::GO:0046649	GO_BP::GO:0042110;GO_BP::GO:0045321;GO_BP::GO:0046649	HGNC:10627	CCL3	0	0	1	0	0	0	1	0	2026-09-09T09:54:35.492033+00:00	Lymphocyte and T-cell activation		
M05	GWAS_BLINDED_UNIT_M05	small_module	GO_BP::GO:0042110;GO_BP::GO:0046649	GO_BP::GO:0042110;GO_BP::GO:0045321;GO_BP::GO:0046649	HGNC:10632	CCL5	0	0	1	0	0	0	1	0	2026-09-09T09:54:35.492033+00:00	Lymphocyte and T-cell activation		
M05	GWAS_BLINDED_UNIT_M05	small_module	GO_BP::GO:0042110;GO_BP::GO:0046649	GO_BP::GO:0042110;GO_BP::GO:0045321;GO_BP::GO:0046649	HGNC:1607	CCR6	0	2	3	0	1	1	1	0	2026-09-09T09:54:35.492033+00:00	Lymphocyte and T-cell activation	PRIMARY	SENSITIVITY
M05	GWAS_BLINDED_UNIT_M05	small_module	GO_BP::GO:0042110;GO_BP::GO:0046649	GO_BP::GO:0042110;GO_BP::GO:0045321;GO_BP::GO:0046649	HGNC:1608	CCR7	0	2	3	0	1	1	1	0	2026-09-09T09:54:35.492033+00:00	Lymphocyte and T-cell activation	PRIMARY	SENSITIVITY
M05	GWAS_BLINDED_UNIT_M05	small_module	GO_BP::GO:0042110;GO_BP::GO:0046649	GO_BP::GO:0042110;GO_BP::GO:0045321;GO_BP::GO:0046649	HGNC:6726	CD180	0	1	2	0	1	0	1	0	2026-09-09T09:54:35.492033+00:00	Lymphocyte and T-cell activation	PRIMARY	
M05	GWAS_BLINDED_UNIT_M05	small_module	GO_BP::GO:0042110;GO_BP::GO:0046649	GO_BP::GO:0042110;GO_BP::GO:0045321;GO_BP::GO:0046649	HGNC:1633	CD19	0	1	2	0	1	0	1	0	2026-09-09T09:54:35.492033+00:00	Lymphocyte and T-cell activation	PRIMARY	
M05	GWAS_BLINDED_UNIT_M05	small_module	GO_BP::GO:0042110;GO_BP::GO:0046649	GO_BP::GO:0042110;GO_BP::GO:0045321;GO_BP::GO:0046649	HGNC:1636	CD1C	0	2	3	0	1	1	1	0	2026-09-09T09:54:35.492033+00:00	Lymphocyte and T-cell activation	PRIMARY	SENSITIVITY
M05	GWAS_BLINDED_UNIT_M05	small_module	GO_BP::GO:0042110;GO_BP::GO:0046649	GO_BP::GO:0042110;GO_BP::GO:0045321;GO_BP::GO:0046649	HGNC:1637	CD1D	0	2	3	0	1	1	1	0	2026-09-09T09:54:35.492033+00:00	Lymphocyte and T-cell activation	PRIMARY	SENSITIVITY
M05	GWAS_BLINDED_UNIT_M05	small_module	GO_BP::GO:0042110;GO_BP::GO:0046649	GO_BP::GO:0042110;GO_BP::GO:0045321;GO_BP::GO:0046649	HGNC:1639	CD2	0	2	3	0	1	1	1	0	2026-09-09T09:54:35.492033+00:00	Lymphocyte and T-cell activation	PRIMARY	SENSITIVITY
M05	GWAS_BLINDED_UNIT_M05	small_module	GO_BP::GO:0042110;GO_BP::GO:0046649	GO_BP::GO:0042110;GO_BP::GO:0045321;GO_BP::GO:0046649	HGNC:1641	CD209	0	2	3	0	1	1	1	0	2026-09-09T09:54:35.492033+00:00	Lymphocyte and T-cell activation	PRIMARY	SENSITIVITY
M05	GWAS_BLINDED_UNIT_M05	small_module	GO_BP::GO:0042110;GO_BP::GO:0046649	GO_BP::GO:0042110;GO_BP::GO:0045321;GO_BP::GO:0046649	HGNC:1643	CD22	0	1	2	0	1	0	1	0	2026-09-09T09:54:35.492033+00:00	Lymphocyte and T-cell activation	PRIMARY	
M05	GWAS_BLINDED_UNIT_M05	small_module	GO_BP::GO:0042110;GO_BP::GO:0046649	GO_BP::GO:0042110;GO_BP::GO:0045321;GO_BP::GO:0046649	HGNC:18171	CD244	0	1	2	0	1	0	1	0	2026-09-09T09:54:35.492033+00:00	Lymphocyte and T-cell activation	PRIMARY	
M05	GWAS_BLINDED_UNIT_M05	small_module	GO_BP::GO:0042110;GO_BP::GO:0046649	GO_BP::GO:0042110;GO_BP::GO:0045321;GO_BP::GO:0046649	HGNC:1677	CD247	0	2	3	0	1	1	1	0	2026-09-09T09:54:35.492033+00:00	Lymphocyte and T-cell activation	PRIMARY	SENSITIVITY
M05	GWAS_BLINDED_UNIT_M05	small_module	GO_BP::GO:0042110;GO_BP::GO:0046649	GO_BP::GO:0042110;GO_BP::GO:0045321;GO_BP::GO:0046649	HGNC:11922	CD27	0	2	3	0	1	1	1	0	2026-09-09T09:54:35.492033+00:00	Lymphocyte and T-cell activation	PRIMARY	SENSITIVITY
M05	GWAS_BLINDED_UNIT_M05	small_module	GO_BP::GO:0042110;GO_BP::GO:0046649	GO_BP::GO:0042110;GO_BP::GO:0045321;GO_BP::GO:0046649	HGNC:19137	CD276	0	2	3	0	1	1	1	0	2026-09-09T09:54:35.492033+00:00	Lymphocyte and T-cell activation	PRIMARY	SENSITIVITY
M05	GWAS_BLINDED_UNIT_M05	small_module	GO_BP::GO:0042110;GO_BP::GO:0046649	GO_BP::GO:0042110;GO_BP::GO:0045321;GO_BP::GO:0046649	HGNC:1653	CD28	0	2	3	0	1	1	1	0	2026-09-09T09:54:35.492033+00:00	Lymphocyte and T-cell activation	PRIMARY	SENSITIVITY
M05	GWAS_BLINDED_UNIT_M05	small_module	GO_BP::GO:0042110;GO_BP::GO:0046649	GO_BP::GO:0042110;GO_BP::GO:0045321;GO_BP::GO:0046649	HGNC:1667	CD38	0	2	3	0	1	1	1	0	2026-09-09T09:54:35.492033+00:00	Lymphocyte and T-cell activation	PRIMARY	SENSITIVITY
M05	GWAS_BLINDED_UNIT_M05	small_module	GO_BP::GO:0042110;GO_BP::GO:0046649	GO_BP::GO:0042110;GO_BP::GO:0045321;GO_BP::GO:0046649	HGNC:1673	CD3D	0	2	3	0	1	1	1	0	2026-09-09T09:54:35.492033+00:00	Lymphocyte and T-cell activation	PRIMARY	SENSITIVITY
M05	GWAS_BLINDED_UNIT_M05	small_module	GO_BP::GO:0042110;GO_BP::GO:0046649	GO_BP::GO:0042110;GO_BP::GO:0045321;GO_BP::GO:0046649	HGNC:1674	CD3E	0	2	3	0	1	1	1	0	2026-09-09T09:54:35.492033+00:00	Lymphocyte and T-cell activation	PRIMARY	SENSITIVITY
M05	GWAS_BLINDED_UNIT_M05	small_module	GO_BP::GO:0042110;GO_BP::GO:0046649	GO_BP::GO:0042110;GO_BP::GO:0045321;GO_BP::GO:0046649	HGNC:1675	CD3G	0	2	3	0	1	1	1	0	2026-09-09T09:54:35.492033+00:00	Lymphocyte and T-cell activation	PRIMARY	SENSITIVITY
M05	GWAS_BLINDED_UNIT_M05	small_module	GO_BP::GO:0042110;GO_BP::GO:0046649	GO_BP::GO:0042110;GO_BP::GO:0045321;GO_BP::GO:0046649	HGNC:1678	CD4	0	2	3	0	1	1	1	0	2026-09-09T09:54:35.492033+00:00	Lymphocyte and T-cell activation	PRIMARY	SENSITIVITY
M05	GWAS_BLINDED_UNIT_M05	small_module	GO_BP::GO:0042110;GO_BP::GO:0046649	GO_BP::GO:0042110;GO_BP::GO:0045321;GO_BP::GO:0046649	HGNC:11919	CD40	0	1	2	0	1	0	1	0	2026-09-09T09:54:35.492033+00:00	Lymphocyte and T-cell activation	PRIMARY	
M05	GWAS_BLINDED_UNIT_M05	small_module	GO_BP::GO:0042110;GO_BP::GO:0046649	GO_BP::GO:0042110;GO_BP::GO:0045321;GO_BP::GO:0046649	HGNC:11935	CD40LG	0	1	2	0	1	0	1	0	2026-09-09T09:54:35.492033+00:00	Lymphocyte and T-cell activation	PRIMARY	
M05	GWAS_BLINDED_UNIT_M05	small_module	GO_BP::GO:0042110;GO_BP::GO:0046649	GO_BP::GO:0042110;GO_BP::GO:0045321;GO_BP::GO:0046649	HGNC:1681	CD44	0	2	3	0	1	1	1	0	2026-09-09T09:54:35.492033+00:00	Lymphocyte and T-cell activation	PRIMARY	SENSITIVITY
M05	GWAS_BLINDED_UNIT_M05	small_module	GO_BP::GO:0042110;GO_BP::GO:0046649	GO_BP::GO:0042110;GO_BP::GO:0045321;GO_BP::GO:0046649	HGNC:1683	CD48	0	1	2	0	1	0	1	0	2026-09-09T09:54:35.492033+00:00	Lymphocyte and T-cell activation	PRIMARY	
M05	GWAS_BLINDED_UNIT_M05	small_module	GO_BP::GO:0042110;GO_BP::GO:0046649	GO_BP::GO:0042110;GO_BP::GO:0045321;GO_BP::GO:0046649	HGNC:1691	CD6	0	1	2	0	1	0	1	0	2026-09-09T09:54:35.492033+00:00	Lymphocyte and T-cell activation	PRIMARY	
M05	GWAS_BLINDED_UNIT_M05	small_module	GO_BP::GO:0042110;GO_BP::GO:0046649	GO_BP::GO:0042110;GO_BP::GO:0045321;GO_BP::GO:0046649	HGNC:1695	CD7	0	2	3	0	1	1	1	0	2026-09-09T09:54:35.492033+00:00	Lymphocyte and T-cell activation	PRIMARY	SENSITIVITY
M05	GWAS_BLINDED_UNIT_M05	small_module	GO_BP::GO:0042110;GO_BP::GO:0046649	GO_BP::GO:0042110;GO_BP::GO:0045321;GO_BP::GO:0046649	HGNC:11937	CD70	0	2	3	0	1	1	1	0	2026-09-09T09:54:35.492033+00:00	Lymphocyte and T-cell activation	PRIMARY	SENSITIVITY
M05	GWAS_BLINDED_UNIT_M05	small_module	GO_BP::GO:0042110;GO_BP::GO:0046649	GO_BP::GO:0042110;GO_BP::GO:0045321;GO_BP::GO:0046649	HGNC:1697	CD74	0	2	3	0	1	1	1	0	2026-09-09T09:54:35.492033+00:00	Lymphocyte and T-cell activation	PRIMARY	SENSITIVITY
M05	GWAS_BLINDED_UNIT_M05	small_module	GO_BP::GO:0042110;GO_BP::GO:0046649	GO_BP::GO:0042110;GO_BP::GO:0045321;GO_BP::GO:0046649	HGNC:1698	CD79A	0	1	2	0	1	0	1	0	2026-09-09T09:54:35.492033+00:00	Lymphocyte and T-cell activation	PRIMARY	
M05	GWAS_BLINDED_UNIT_M05	small_module	GO_BP::GO:0042110;GO_BP::GO:0046649	GO_BP::GO:0042110;GO_BP::GO:0045321;GO_BP::GO:0046649	HGNC:1699	CD79B	0	1	2	0	1	0	1	0	2026-09-09T09:54:35.492033+00:00	Lymphocyte and T-cell activation	PRIMARY	
M05	GWAS_BLINDED_UNIT_M05	small_module	GO_BP::GO:0042110;GO_BP::GO:0046649	GO_BP::GO:0042110;GO_BP::GO:0045321;GO_BP::GO:0046649	HGNC:1700	CD80	0	2	3	0	1	1	1	0	2026-09-09T09:54:35.492033+00:00	Lymphocyte and T-cell activation	PRIMARY	SENSITIVITY
M05	GWAS_BLINDED_UNIT_M05	small_module	GO_BP::GO:0042110;GO_BP::GO:0046649	GO_BP::GO:0042110;GO_BP::GO:0045321;GO_BP::GO:0046649	HGNC:1701	CD81	0	1	2	0	1	0	1	0	2026-09-09T09:54:35.492033+00:00	Lymphocyte and T-cell activation	PRIMARY	
M05	GWAS_BLINDED_UNIT_M05	small_module	GO_BP::GO:0042110;GO_BP::GO:0046649	GO_BP::GO:0042110;GO_BP::GO:0045321;GO_BP::GO:0046649	HGNC:1704	CD84	0	2	3	0	1	1	1	0	2026-09-09T09:54:35.492033+00:00	Lymphocyte and T-cell activation	PRIMARY	SENSITIVITY
M05	GWAS_BLINDED_UNIT_M05	small_module	GO_BP::GO:0042110;GO_BP::GO:0046649	GO_BP::GO:0042110;GO_BP::GO:0045321;GO_BP::GO:0046649	HGNC:1705	CD86	0	2	3	0	1	1	1	0	2026-09-09T09:54:35.492033+00:00	Lymphocyte and T-cell activation	PRIMARY	SENSITIVITY
M05	GWAS_BLINDED_UNIT_M05	small_module	GO_BP::GO:0042110;GO_BP::GO:0046649	GO_BP::GO:0042110;GO_BP::GO:0045321;GO_BP::GO:0046649	HGNC:1706	CD8A	0	2	3	0	1	1	1	0	2026-09-09T09:54:35.492033+00:00	Lymphocyte and T-cell activation	PRIMARY	SENSITIVITY
M05	GWAS_BLINDED_UNIT_M05	small_module	GO_BP::GO:0042110;GO_BP::GO:0046649	GO_BP::GO:0042110;GO_BP::GO:0045321;GO_BP::GO:0046649	HGNC:1707	CD8B	0	2	3	0	1	1	1	0	2026-09-09T09:54:35.492033+00:00	Lymphocyte and T-cell activation	PRIMARY	SENSITIVITY
M05	GWAS_BLINDED_UNIT_M05	small_module	GO_BP::GO:0042110;GO_BP::GO:0046649	GO_BP::GO:0042110;GO_BP::GO:0045321;GO_BP::GO:0046649	HGNC:15855	CD93	0	0	1	0	0	0	1	0	2026-09-09T09:54:35.492033+00:00	Lymphocyte and T-cell activation		
M05	GWAS_BLINDED_UNIT_M05	small_module	GO_BP::GO:0042110;GO_BP::GO:0046649	GO_BP::GO:0042110;GO_BP::GO:0045321;GO_BP::GO:0046649	HGNC:1756	CDH17	0	1	2	0	1	0	1	0	2026-09-09T09:54:35.492033+00:00	Lymphocyte and T-cell activation	PRIMARY	
M05	GWAS_BLINDED_UNIT_M05	small_module	GO_BP::GO:0042110;GO_BP::GO:0046649	GO_BP::GO:0042110;GO_BP::GO:0045321;GO_BP::GO:0046649	HGNC:15902	CDH26	0	2	3	0	1	1	1	0	2026-09-09T09:54:35.492033+00:00	Lymphocyte and T-cell activation	PRIMARY	SENSITIVITY
M05	GWAS_BLINDED_UNIT_M05	small_module	GO_BP::GO:0042110;GO_BP::GO:0046649	GO_BP::GO:0042110;GO_BP::GO:0045321;GO_BP::GO:0046649	HGNC:28834	CEACAM21	0	2	3	0	1	1	1	0	2026-09-09T09:54:35.492033+00:00	Lymphocyte and T-cell activation	PRIMARY	SENSITIVITY
M05	GWAS_BLINDED_UNIT_M05	small_module	GO_BP::GO:0042110;GO_BP::GO:0046649	GO_BP::GO:0042110;GO_BP::GO:0045321;GO_BP::GO:0046649	HGNC:1834	CEBPB	0	2	3	0	1	1	1	0	2026-09-09T09:54:35.492033+00:00	Lymphocyte and T-cell activation	PRIMARY	SENSITIVITY
M05	GWAS_BLINDED_UNIT_M05	small_module	GO_BP::GO:0042110;GO_BP::GO:0046649	GO_BP::GO:0042110;GO_BP::GO:0045321;GO_BP::GO:0046649	HGNC:1837	CEBPG	0	1	2	0	1	0	1	0	2026-09-09T09:54:35.492033+00:00	Lymphocyte and T-cell activation	PRIMARY	
M05	GWAS_BLINDED_UNIT_M05	small_module	GO_BP::GO:0042110;GO_BP::GO:0046649	GO_BP::GO:0042110;GO_BP::GO:0045321;GO_BP::GO:0046649	HGNC:1037	CFB	0	1	2	0	1	0	1	0	2026-09-09T09:54:35.492033+00:00	Lymphocyte and T-cell activation	PRIMARY	
M05	GWAS_BLINDED_UNIT_M05	small_module	GO_BP::GO:0042110;GO_BP::GO:0046649	GO_BP::GO:0042110;GO_BP::GO:0045321;GO_BP::GO:0046649	HGNC:20626	CHD7	1	2	3	1	1	1	1	0	2026-09-09T09:54:35.492033+00:00	Lymphocyte and T-cell activation	PRIMARY	SENSITIVITY
M05	GWAS_BLINDED_UNIT_M05	small_module	GO_BP::GO:0042110;GO_BP::GO:0046649	GO_BP::GO:0042110;GO_BP::GO:0045321;GO_BP::GO:0046649	HGNC:1929	CHGA	0	0	1	0	0	0	1	0	2026-09-09T09:54:35.492033+00:00	Lymphocyte and T-cell activation		
M05	GWAS_BLINDED_UNIT_M05	small_module	GO_BP::GO:0042110;GO_BP::GO:0046649	GO_BP::GO:0042110;GO_BP::GO:0045321;GO_BP::GO:0046649	HGNC:1958	CHRNA4	0	1	2	0	1	0	1	0	2026-09-09T09:54:35.492033+00:00	Lymphocyte and T-cell activation	PRIMARY	
M05	GWAS_BLINDED_UNIT_M05	small_module	GO_BP::GO:0042110;GO_BP::GO:0046649	GO_BP::GO:0042110;GO_BP::GO:0045321;GO_BP::GO:0046649	HGNC:1962	CHRNB2	0	1	2	0	1	0	1	0	2026-09-09T09:54:35.492033+00:00	Lymphocyte and T-cell activation	PRIMARY	
M05	GWAS_BLINDED_UNIT_M05	small_module	GO_BP::GO:0042110;GO_BP::GO:0046649	GO_BP::GO:0042110;GO_BP::GO:0045321;GO_BP::GO:0046649	HGNC:17412	CLCF1	0	1	2	0	1	0	1	0	2026-09-09T09:54:35.492033+00:00	Lymphocyte and T-cell activation	PRIMARY	
M05	GWAS_BLINDED_UNIT_M05	small_module	GO_BP::GO:0042110;GO_BP::GO:0046649	GO_BP::GO:0042110;GO_BP::GO:0045321;GO_BP::GO:0046649	HGNC:24191	CLEC2A	0	2	3	0	1	1	1	0	2026-09-09T09:54:35.492033+00:00	Lymphocyte and T-cell activation	PRIMARY	SENSITIVITY
M05	GWAS_BLINDED_UNIT_M05	small_module	GO_BP::GO:0042110;GO_BP::GO:0046649	GO_BP::GO:0042110;GO_BP::GO:0045321;GO_BP::GO:0046649	HGNC:2053	CLEC2B	0	2	3	0	1	1	1	0	2026-09-09T09:54:35.492033+00:00	Lymphocyte and T-cell activation	PRIMARY	SENSITIVITY
M05	GWAS_BLINDED_UNIT_M05	small_module	GO_BP::GO:0042110;GO_BP::GO:0046649	GO_BP::GO:0042110;GO_BP::GO:0045321;GO_BP::GO:0046649	HGNC:14351	CLEC2D	0	2	3	0	1	1	1	0	2026-09-09T09:54:35.492033+00:00	Lymphocyte and T-cell activation	PRIMARY	SENSITIVITY
M05	GWAS_BLINDED_UNIT_M05	small_module	GO_BP::GO:0042110;GO_BP::GO:0046649	GO_BP::GO:0042110;GO_BP::GO:0045321;GO_BP::GO:0046649	HGNC:13257	CLEC4A	0	2	3	0	1	1	1	0	2026-09-09T09:54:35.492033+00:00	Lymphocyte and T-cell activation	PRIMARY	SENSITIVITY
M05	GWAS_BLINDED_UNIT_M05	small_module	GO_BP::GO:0042110;GO_BP::GO:0046649	GO_BP::GO:0042110;GO_BP::GO:0045321;GO_BP::GO:0046649	HGNC:14558	CLEC7A	0	2	3	0	1	1	1	0	2026-09-09T09:54:35.492033+00:00	Lymphocyte and T-cell activation	PRIMARY	SENSITIVITY
M05	GWAS_BLINDED_UNIT_M05	small_module	GO_BP::GO:0042110;GO_BP::GO:0046649	GO_BP::GO:0042110;GO_BP::GO:0045321;GO_BP::GO:0046649	HGNC:17438	CLNK	0	0	1	0	0	0	1	0	2026-09-09T09:54:35.492033+00:00	Lymphocyte and T-cell activation		
M05	GWAS_BLINDED_UNIT_M05	small_module	GO_BP::GO:0042110;GO_BP::GO:0046649	GO_BP::GO:0042110;GO_BP::GO:0045321;GO_BP::GO:0046649	HGNC:2095	CLU	0	0	1	0	0	0	1	0	2026-09-09T09:54:35.492033+00:00	Lymphocyte and T-cell activation		
M05	GWAS_BLINDED_UNIT_M05	small_module	GO_BP::GO:0042110;GO_BP::GO:0046649	GO_BP::GO:0042110;GO_BP::GO:0045321;GO_BP::GO:0046649	HGNC:2252	CORO1A	1	1	2	1	1	0	1	0	2026-09-09T09:54:35.492033+00:00	Lymphocyte and T-cell activation	PRIMARY	
M05	GWAS_BLINDED_UNIT_M05	small_module	GO_BP::GO:0042110;GO_BP::GO:0046649	GO_BP::GO:0042110;GO_BP::GO:0045321;GO_BP::GO:0046649	HGNC:2336	CR2	0	1	2	0	1	0	1	0	2026-09-09T09:54:35.492033+00:00	Lymphocyte and T-cell activation	PRIMARY	
M05	GWAS_BLINDED_UNIT_M05	small_module	GO_BP::GO:0042110;GO_BP::GO:0046649	GO_BP::GO:0042110;GO_BP::GO:0045321;GO_BP::GO:0046649	HGNC:28657	CRACR2A	0	2	3	0	1	1	1	0	2026-09-09T09:54:35.492033+00:00	Lymphocyte and T-cell activation	PRIMARY	SENSITIVITY
M05	GWAS_BLINDED_UNIT_M05	small_module	GO_BP::GO:0042110;GO_BP::GO:0046649	GO_BP::GO:0042110;GO_BP::GO:0045321;GO_BP::GO:0046649	HGNC:24313	CRTAM	0	2	3	0	1	1	1	0	2026-09-09T09:54:35.492033+00:00	Lymphocyte and T-cell activation	PRIMARY	SENSITIVITY
M05	GWAS_BLINDED_UNIT_M05	small_module	GO_BP::GO:0042110;GO_BP::GO:0046649	GO_BP::GO:0042110;GO_BP::GO:0045321;GO_BP::GO:0046649	HGNC:26148	CRTC3	0	0	1	0	0	0	1	0	2026-09-09T09:54:35.492033+00:00	Lymphocyte and T-cell activation		
M05	GWAS_BLINDED_UNIT_M05	small_module	GO_BP::GO:0042110;GO_BP::GO:0046649	GO_BP::GO:0042110;GO_BP::GO:0045321;GO_BP::GO:0046649	HGNC:2432	CSF1	0	0	1	0	0	0	1	0	2026-09-09T09:54:35.492033+00:00	Lymphocyte and T-cell activation		
M05	GWAS_BLINDED_UNIT_M05	small_module	GO_BP::GO:0042110;GO_BP::GO:0046649	GO_BP::GO:0042110;GO_BP::GO:0045321;GO_BP::GO:0046649	HGNC:2434	CSF2	0	0	1	0	0	0	1	0	2026-09-09T09:54:35.492033+00:00	Lymphocyte and T-cell activation		
M05	GWAS_BLINDED_UNIT_M05	small_module	GO_BP::GO:0042110;GO_BP::GO:0046649	GO_BP::GO:0042110;GO_BP::GO:0045321;GO_BP::GO:0046649	HGNC:2519	CTPS1	0	2	3	0	1	1	1	0	2026-09-09T09:54:35.492033+00:00	Lymphocyte and T-cell activation	PRIMARY	SENSITIVITY
M05	GWAS_BLINDED_UNIT_M05	small_module	GO_BP::GO:0042110;GO_BP::GO:0046649	GO_BP::GO:0042110;GO_BP::GO:0045321;GO_BP::GO:0046649	HGNC:2532	CTSG	0	0	1	0	0	0	1	0	2026-09-09T09:54:35.492033+00:00	Lymphocyte and T-cell activation		
M05	GWAS_BLINDED_UNIT_M05	small_module	GO_BP::GO:0042110;GO_BP::GO:0046649	GO_BP::GO:0042110;GO_BP::GO:0045321;GO_BP::GO:0046649	HGNC:2537	CTSL	0	2	3	0	1	1	1	0	2026-09-09T09:54:35.492033+00:00	Lymphocyte and T-cell activation	PRIMARY	SENSITIVITY
M05	GWAS_BLINDED_UNIT_M05	small_module	GO_BP::GO:0042110;GO_BP::GO:0046649	GO_BP::GO:0042110;GO_BP::GO:0045321;GO_BP::GO:0046649	HGNC:2554	CUL4A	0	2	3	0	1	1	1	0	2026-09-09T09:54:35.492033+00:00	Lymphocyte and T-cell activation	PRIMARY	SENSITIVITY
M05	GWAS_BLINDED_UNIT_M05	small_module	GO_BP::GO:0042110;GO_BP::GO:0046649	GO_BP::GO:0042110;GO_BP::GO:0045321;GO_BP::GO:0046649	HGNC:10647	CX3CL1	0	0	1	0	0	0	1	0	2026-09-09T09:54:35.492033+00:00	Lymphocyte and T-cell activation		
M05	GWAS_BLINDED_UNIT_M05	small_module	GO_BP::GO:0042110;GO_BP::GO:0046649	GO_BP::GO:0042110;GO_BP::GO:0045321;GO_BP::GO:0046649	HGNC:2558	CX3CR1	0	0	1	0	0	0	1	0	2026-09-09T09:54:35.492033+00:00	Lymphocyte and T-cell activation		
M05	GWAS_BLINDED_UNIT_M05	small_module	GO_BP::GO:0042110;GO_BP::GO:0046649	GO_BP::GO:0042110;GO_BP::GO:0045321;GO_BP::GO:0046649	HGNC:2559	CXADR	0	2	3	0	1	1	1	0	2026-09-09T09:54:35.492033+00:00	Lymphocyte and T-cell activation	PRIMARY	SENSITIVITY
M05	GWAS_BLINDED_UNIT_M05	small_module	GO_BP::GO:0042110;GO_BP::GO:0046649	GO_BP::GO:0042110;GO_BP::GO:0045321;GO_BP::GO:0046649	HGNC:10643	CXCL6	0	0	1	0	0	0	1	0	2026-09-09T09:54:35.492033+00:00	Lymphocyte and T-cell activation		
M05	GWAS_BLINDED_UNIT_M05	small_module	GO_BP::GO:0042110;GO_BP::GO:0046649	GO_BP::GO:0042110;GO_BP::GO:0045321;GO_BP::GO:0046649	HGNC:6025	CXCL8	0	0	1	0	0	0	1	0	2026-09-09T09:54:35.492033+00:00	Lymphocyte and T-cell activation		
M05	GWAS_BLINDED_UNIT_M05	small_module	GO_BP::GO:0042110;GO_BP::GO:0046649	GO_BP::GO:0042110;GO_BP::GO:0045321;GO_BP::GO:0046649	HGNC:6026	CXCR1	0	0	1	0	0	0	1	0	2026-09-09T09:54:35.492033+00:00	Lymphocyte and T-cell activation		
M05	GWAS_BLINDED_UNIT_M05	small_module	GO_BP::GO:0042110;GO_BP::GO:0046649	GO_BP::GO:0042110;GO_BP::GO:0045321;GO_BP::GO:0046649	HGNC:6027	CXCR2	0	0	1	0	0	0	1	0	2026-09-09T09:54:35.492033+00:00	Lymphocyte and T-cell activation		
M05	GWAS_BLINDED_UNIT_M05	small_module	GO_BP::GO:0042110;GO_BP::GO:0046649	GO_BP::GO:0042110;GO_BP::GO:0045321;GO_BP::GO:0046649	HGNC:1060	CXCR5	0	1	2	0	1	0	1	0	2026-09-09T09:54:35.492033+00:00	Lymphocyte and T-cell activation	PRIMARY	
M05	GWAS_BLINDED_UNIT_M05	small_module	GO_BP::GO:0042110;GO_BP::GO:0046649	GO_BP::GO:0042110;GO_BP::GO:0045321;GO_BP::GO:0046649	HGNC:30911	DCAF1	0	1	2	0	1	0	1	0	2026-09-09T09:54:35.492033+00:00	Lymphocyte and T-cell activation	PRIMARY	
M05	GWAS_BLINDED_UNIT_M05	small_module	GO_BP::GO:0042110;GO_BP::GO:0046649	GO_BP::GO:0042110;GO_BP::GO:0045321;GO_BP::GO:0046649	HGNC:19911	DCAF12	0	2	3	0	1	1	1	0	2026-09-09T09:54:35.492033+00:00	Lymphocyte and T-cell activation	PRIMARY	SENSITIVITY
M05	GWAS_BLINDED_UNIT_M05	small_module	GO_BP::GO:0042110;GO_BP::GO:0046649	GO_BP::GO:0042110;GO_BP::GO:0045321;GO_BP::GO:0046649	HGNC:18549	DCSTAMP	0	0	1	0	0	0	1	0	2026-09-09T09:54:35.492033+00:00	Lymphocyte and T-cell activation		
M05	GWAS_BLINDED_UNIT_M05	small_module	GO_BP::GO:0042110;GO_BP::GO:0046649	GO_BP::GO:0042110;GO_BP::GO:0045321;GO_BP::GO:0046649	HGNC:2728	DDOST	0	2	3	0	1	1	1	0	2026-09-09T09:54:35.492033+00:00	Lymphocyte and T-cell activation	PRIMARY	SENSITIVITY
M05	GWAS_BLINDED_UNIT_M05	small_module	GO_BP::GO:0042110;GO_BP::GO:0046649	GO_BP::GO:0042110;GO_BP::GO:0045321;GO_BP::GO:0046649	HGNC:18349	DHRS2	0	0	1	0	0	0	1	0	2026-09-09T09:54:35.492033+00:00	Lymphocyte and T-cell activation		
M05	GWAS_BLINDED_UNIT_M05	small_module	GO_BP::GO:0042110;GO_BP::GO:0046649	GO_BP::GO:0042110;GO_BP::GO:0045321;GO_BP::GO:0046649	HGNC:2908	DLL1	0	1	2	0	1	0	1	0	2026-09-09T09:54:35.492033+00:00	Lymphocyte and T-cell activation	PRIMARY	
M05	GWAS_BLINDED_UNIT_M05	small_module	GO_BP::GO:0042110;GO_BP::GO:0046649	GO_BP::GO:0042110;GO_BP::GO:0045321;GO_BP::GO:0046649	HGNC:2910	DLL4	0	2	3	0	1	1	1	0	2026-09-09T09:54:35.492033+00:00	Lymphocyte and T-cell activation	PRIMARY	SENSITIVITY
M05	GWAS_BLINDED_UNIT_M05	small_module	GO_BP::GO:0042110;GO_BP::GO:0046649	GO_BP::GO:0042110;GO_BP::GO:0045321;GO_BP::GO:0046649	HGNC:6968	DNAJB9	0	1	2	0	1	0	1	0	2026-09-09T09:54:35.492033+00:00	Lymphocyte and T-cell activation	PRIMARY	
M05	GWAS_BLINDED_UNIT_M05	small_module	GO_BP::GO:0042110;GO_BP::GO:0046649	GO_BP::GO:0042110;GO_BP::GO:0045321;GO_BP::GO:0046649	HGNC:2956	DNASE1	0	0	1	0	0	0	1	0	2026-09-09T09:54:35.492033+00:00	Lymphocyte and T-cell activation		
M05	GWAS_BLINDED_UNIT_M05	small_module	GO_BP::GO:0042110;GO_BP::GO:0046649	GO_BP::GO:0042110;GO_BP::GO:0045321;GO_BP::GO:0046649	HGNC:2959	DNASE1L3	0	0	1	0	0	0	1	0	2026-09-09T09:54:35.492033+00:00	Lymphocyte and T-cell activation		
M05	GWAS_BLINDED_UNIT_M05	small_module	GO_BP::GO:0042110;GO_BP::GO:0046649	GO_BP::GO:0042110;GO_BP::GO:0045321;GO_BP::GO:0046649	HGNC:23479	DOCK10	0	1	2	0	1	0	1	0	2026-09-09T09:54:35.492033+00:00	Lymphocyte and T-cell activation	PRIMARY	
M05	GWAS_BLINDED_UNIT_M05	small_module	GO_BP::GO:0042110;GO_BP::GO:0046649	GO_BP::GO:0042110;GO_BP::GO:0045321;GO_BP::GO:0046649	HGNC:23483	DOCK11	0	1	2	0	1	0	1	0	2026-09-09T09:54:35.492033+00:00	Lymphocyte and T-cell activation	PRIMARY	
M05	GWAS_BLINDED_UNIT_M05	small_module	GO_BP::GO:0042110;GO_BP::GO:0046649	GO_BP::GO:0042110;GO_BP::GO:0045321;GO_BP::GO:0046649	HGNC:2988	DOCK2	0	0	1	0	0	0	1	0	2026-09-09T09:54:35.492033+00:00	Lymphocyte and T-cell activation		
M05	GWAS_BLINDED_UNIT_M05	small_module	GO_BP::GO:0042110;GO_BP::GO:0046649	GO_BP::GO:0042110;GO_BP::GO:0045321;GO_BP::GO:0046649	HGNC:19191	DOCK8	1	2	3	1	1	1	1	0	2026-09-09T09:54:35.492033+00:00	Lymphocyte and T-cell activation	PRIMARY	SENSITIVITY
M05	GWAS_BLINDED_UNIT_M05	small_module	GO_BP::GO:0042110;GO_BP::GO:0046649	GO_BP::GO:0042110;GO_BP::GO:0045321;GO_BP::GO:0046649	HGNC:3009	DPP4	0	2	3	0	1	1	1	0	2026-09-09T09:54:35.492033+00:00	Lymphocyte and T-cell activation	PRIMARY	SENSITIVITY
M05	GWAS_BLINDED_UNIT_M05	small_module	GO_BP::GO:0042110;GO_BP::GO:0046649	GO_BP::GO:0042110;GO_BP::GO:0045321;GO_BP::GO:0046649	HGNC:3097	DYSF	0	0	1	0	0	0	1	0	2026-09-09T09:54:35.492033+00:00	Lymphocyte and T-cell activation		
M05	GWAS_BLINDED_UNIT_M05	small_module	GO_BP::GO:0042110;GO_BP::GO:0046649	GO_BP::GO:0042110;GO_BP::GO:0045321;GO_BP::GO:0046649	HGNC:3129	EBI3	0	2	3	0	1	1	1	0	2026-09-09T09:54:35.492033+00:00	Lymphocyte and T-cell activation	PRIMARY	SENSITIVITY
M05	GWAS_BLINDED_UNIT_M05	small_module	GO_BP::GO:0042110;GO_BP::GO:0046649	GO_BP::GO:0042110;GO_BP::GO:0045321;GO_BP::GO:0046649	HGNC:3176	EDN1	0	0	1	0	0	0	1	0	2026-09-09T09:54:35.492033+00:00	Lymphocyte and T-cell activation		
M05	GWAS_BLINDED_UNIT_M05	small_module	GO_BP::GO:0042110;GO_BP::GO:0046649	GO_BP::GO:0042110;GO_BP::GO:0045321;GO_BP::GO:0046649	HGNC:3177	EDN2	0	0	1	0	0	0	1	0	2026-09-09T09:54:35.492033+00:00	Lymphocyte and T-cell activation		
M05	GWAS_BLINDED_UNIT_M05	small_module	GO_BP::GO:0042110;GO_BP::GO:0046649	GO_BP::GO:0042110;GO_BP::GO:0045321;GO_BP::GO:0046649	HGNC:19687	EIF2AK4	0	2	3	0	1	1	1	0	2026-09-09T09:54:35.492033+00:00	Lymphocyte and T-cell activation	PRIMARY	SENSITIVITY
M05	GWAS_BLINDED_UNIT_M05	small_module	GO_BP::GO:0042110;GO_BP::GO:0046649	GO_BP::GO:0042110;GO_BP::GO:0045321;GO_BP::GO:0046649	HGNC:3319	ELF4	0	2	3	0	1	1	1	0	2026-09-09T09:54:35.492033+00:00	Lymphocyte and T-cell activation	PRIMARY	SENSITIVITY
M05	GWAS_BLINDED_UNIT_M05	small_module	GO_BP::GO:0042110;GO_BP::GO:0046649	GO_BP::GO:0042110;GO_BP::GO:0045321;GO_BP::GO:0046649	HGNC:3334	EMP2	0	1	2	0	1	0	1	0	2026-09-09T09:54:35.492033+00:00	Lymphocyte and T-cell activation	PRIMARY	
M05	GWAS_BLINDED_UNIT_M05	small_module	GO_BP::GO:0042110;GO_BP::GO:0046649	GO_BP::GO:0042110;GO_BP::GO:0045321;GO_BP::GO:0046649	HGNC:3358	ENPP3	0	0	1	0	0	0	1	0	2026-09-09T09:54:35.492033+00:00	Lymphocyte and T-cell activation		
M05	GWAS_BLINDED_UNIT_M05	small_module	GO_BP::GO:0042110;GO_BP::GO:0046649	GO_BP::GO:0042110;GO_BP::GO:0045321;GO_BP::GO:0046649	HGNC:19745	ENTPD7	0	2	3	0	1	1	1	0	2026-09-09T09:54:35.492033+00:00	Lymphocyte and T-cell activation	PRIMARY	SENSITIVITY
M05	GWAS_BLINDED_UNIT_M05	small_module	GO_BP::GO:0042110;GO_BP::GO:0046649	GO_BP::GO:0042110;GO_BP::GO:0045321;GO_BP::GO:0046649	HGNC:3372	EOMES	0	2	3	0	1	1	1	0	2026-09-09T09:54:35.492033+00:00	Lymphocyte and T-cell activation	PRIMARY	SENSITIVITY
M05	GWAS_BLINDED_UNIT_M05	small_module	GO_BP::GO:0042110;GO_BP::GO:0046649	GO_BP::GO:0042110;GO_BP::GO:0045321;GO_BP::GO:0046649	HGNC:3393	EPHB2	0	1	2	0	1	0	1	0	2026-09-09T09:54:35.492033+00:00	Lymphocyte and T-cell activation	PRIMARY	
M05	GWAS_BLINDED_UNIT_M05	small_module	GO_BP::GO:0042110;GO_BP::GO:0046649	GO_BP::GO:0042110;GO_BP::GO:0045321;GO_BP::GO:0046649	HGNC:17944	EXOSC3	0	1	2	0	1	0	1	0	2026-09-09T09:54:35.492033+00:00	Lymphocyte and T-cell activation	PRIMARY	
M05	GWAS_BLINDED_UNIT_M05	small_module	GO_BP::GO:0042110;GO_BP::GO:0046649	GO_BP::GO:0042110;GO_BP::GO:0045321;GO_BP::GO:0046649	HGNC:19055	EXOSC6	0	1	2	0	1	0	1	0	2026-09-09T09:54:35.492033+00:00	Lymphocyte and T-cell activation	PRIMARY	
M05	GWAS_BLINDED_UNIT_M05	small_module	GO_BP::GO:0042110;GO_BP::GO:0046649	GO_BP::GO:0042110;GO_BP::GO:0045321;GO_BP::GO:0046649	HGNC:3527	EZH2	0	1	2	0	1	0	1	0	2026-09-09T09:54:35.492033+00:00	Lymphocyte and T-cell activation	PRIMARY	
M05	GWAS_BLINDED_UNIT_M05	small_module	GO_BP::GO:0042110;GO_BP::GO:0046649	GO_BP::GO:0042110;GO_BP::GO:0045321;GO_BP::GO:0046649	HGNC:3538	F2RL1	0	2	3	0	1	1	1	0	2026-09-09T09:54:35.492033+00:00	Lymphocyte and T-cell activation	PRIMARY	SENSITIVITY
M05	GWAS_BLINDED_UNIT_M05	small_module	GO_BP::GO:0042110;GO_BP::GO:0046649	GO_BP::GO:0042110;GO_BP::GO:0045321;GO_BP::GO:0046649	HGNC:3573	FADD	0	2	3	0	1	1	1	0	2026-09-09T09:54:35.492033+00:00	Lymphocyte and T-cell activation	PRIMARY	SENSITIVITY
M05	GWAS_BLINDED_UNIT_M05	small_module	GO_BP::GO:0042110;GO_BP::GO:0046649	GO_BP::GO:0042110;GO_BP::GO:0045321;GO_BP::GO:0046649	HGNC:3608	FCAR	0	0	1	0	0	0	1	0	2026-09-09T09:54:35.492033+00:00	Lymphocyte and T-cell activation		
M05	GWAS_BLINDED_UNIT_M05	small_module	GO_BP::GO:0042110;GO_BP::GO:0046649	GO_BP::GO:0042110;GO_BP::GO:0045321;GO_BP::GO:0046649	HGNC:3609	FCER1A	0	0	1	0	0	0	1	0	2026-09-09T09:54:35.492033+00:00	Lymphocyte and T-cell activation		
M05	GWAS_BLINDED_UNIT_M05	small_module	GO_BP::GO:0042110;GO_BP::GO:0046649	GO_BP::GO:0042110;GO_BP::GO:0045321;GO_BP::GO:0046649	HGNC:3611	FCER1G	0	0	1	0	0	0	1	0	2026-09-09T09:54:35.492033+00:00	Lymphocyte and T-cell activation		
M05	GWAS_BLINDED_UNIT_M05	small_module	GO_BP::GO:0042110;GO_BP::GO:0046649	GO_BP::GO:0042110;GO_BP::GO:0045321;GO_BP::GO:0046649	HGNC:3612	FCER2	0	0	1	0	0	0	1	0	2026-09-09T09:54:35.492033+00:00	Lymphocyte and T-cell activation		
M05	GWAS_BLINDED_UNIT_M05	small_module	GO_BP::GO:0042110;GO_BP::GO:0046649	GO_BP::GO:0042110;GO_BP::GO:0045321;GO_BP::GO:0046649	HGNC:3618	FCGR2B	0	1	2	0	1	0	1	0	2026-09-09T09:54:35.492033+00:00	Lymphocyte and T-cell activation	PRIMARY	
M05	GWAS_BLINDED_UNIT_M05	small_module	GO_BP::GO:0042110;GO_BP::GO:0046649	GO_BP::GO:0042110;GO_BP::GO:0045321;GO_BP::GO:0046649	HGNC:3619	FCGR3A	0	1	2	0	1	0	1	0	2026-09-09T09:54:35.492033+00:00	Lymphocyte and T-cell activation	PRIMARY	
M05	GWAS_BLINDED_UNIT_M05	small_module	GO_BP::GO:0042110;GO_BP::GO:0046649	GO_BP::GO:0042110;GO_BP::GO:0045321;GO_BP::GO:0046649	HGNC:18509	FCRL1	0	1	2	0	1	0	1	0	2026-09-09T09:54:35.492033+00:00	Lymphocyte and T-cell activation	PRIMARY	
M05	GWAS_BLINDED_UNIT_M05	small_module	GO_BP::GO:0042110;GO_BP::GO:0046649	GO_BP::GO:0042110;GO_BP::GO:0045321;GO_BP::GO:0046649	HGNC:18508	FCRL5	0	1	2	0	1	0	1	0	2026-09-09T09:54:35.492033+00:00	Lymphocyte and T-cell activation	PRIMARY	
M05	GWAS_BLINDED_UNIT_M05	small_module	GO_BP::GO:0042110;GO_BP::GO:0046649	GO_BP::GO:0042110;GO_BP::GO:0045321;GO_BP::GO:0046649	HGNC:3711	FKBP1A	0	2	3	0	1	1	1	0	2026-09-09T09:54:35.492033+00:00	Lymphocyte and T-cell activation	PRIMARY	SENSITIVITY
M05	GWAS_BLINDED_UNIT_M05	small_module	GO_BP::GO:0042110;GO_BP::GO:0046649	GO_BP::GO:0042110;GO_BP::GO:0045321;GO_BP::GO:0046649	HGNC:3765	FLT3	0	1	2	0	1	0	1	0	2026-09-09T09:54:35.492033+00:00	Lymphocyte and T-cell activation	PRIMARY	
M05	GWAS_BLINDED_UNIT_M05	small_module	GO_BP::GO:0042110;GO_BP::GO:0046649	GO_BP::GO:0042110;GO_BP::GO:0045321;GO_BP::GO:0046649	HGNC:3766	FLT3LG	0	1	2	0	1	0	1	0	2026-09-09T09:54:35.492033+00:00	Lymphocyte and T-cell activation	PRIMARY	
M05	GWAS_BLINDED_UNIT_M05	small_module	GO_BP::GO:0042110;GO_BP::GO:0046649	GO_BP::GO:0042110;GO_BP::GO:0045321;GO_BP::GO:0046649	HGNC:29418	FNIP1	0	1	2	0	1	0	1	0	2026-09-09T09:54:35.492033+00:00	Lymphocyte and T-cell activation	PRIMARY	
M05	GWAS_BLINDED_UNIT_M05	small_module	GO_BP::GO:0042110;GO_BP::GO:0046649	GO_BP::GO:0042110;GO_BP::GO:0045321;GO_BP::GO:0046649	HGNC:12765	FOXN1	0	2	3	0	1	1	1	0	2026-09-09T09:54:35.492033+00:00	Lymphocyte and T-cell activation	PRIMARY	SENSITIVITY
M05	GWAS_BLINDED_UNIT_M05	small_module	GO_BP::GO:0042110;GO_BP::GO:0046649	GO_BP::GO:0042110;GO_BP::GO:0045321;GO_BP::GO:0046649	HGNC:3823	FOXP1	0	2	3	0	1	1	1	0	2026-09-09T09:54:35.492033+00:00	Lymphocyte and T-cell activation	PRIMARY	SENSITIVITY
M05	GWAS_BLINDED_UNIT_M05	small_module	GO_BP::GO:0042110;GO_BP::GO:0046649	GO_BP::GO:0042110;GO_BP::GO:0045321;GO_BP::GO:0046649	HGNC:6106	FOXP3	0	2	3	0	1	1	1	0	2026-09-09T09:54:35.492033+00:00	Lymphocyte and T-cell activation	PRIMARY	SENSITIVITY
M05	GWAS_BLINDED_UNIT_M05	small_module	GO_BP::GO:0042110;GO_BP::GO:0046649	GO_BP::GO:0042110;GO_BP::GO:0045321;GO_BP::GO:0046649	HGNC:3827	FPR2	0	0	1	0	0	0	1	0	2026-09-09T09:54:35.492033+00:00	Lymphocyte and T-cell activation		
M05	GWAS_BLINDED_UNIT_M05	small_module	GO_BP::GO:0042110;GO_BP::GO:0046649	GO_BP::GO:0042110;GO_BP::GO:0045321;GO_BP::GO:0046649	HGNC:4037	FYN	0	1	2	0	1	0	1	0	2026-09-09T09:54:35.492033+00:00	Lymphocyte and T-cell activation	PRIMARY	
M05	GWAS_BLINDED_UNIT_M05	small_module	GO_BP::GO:0042110;GO_BP::GO:0046649	GO_BP::GO:0042110;GO_BP::GO:0045321;GO_BP::GO:0046649	HGNC:26588	GAPT	0	1	2	0	1	0	1	0	2026-09-09T09:54:35.492033+00:00	Lymphocyte and T-cell activation	PRIMARY	
M05	GWAS_BLINDED_UNIT_M05	small_module	GO_BP::GO:0042110;GO_BP::GO:0046649	GO_BP::GO:0042110;GO_BP::GO:0045321;GO_BP::GO:0046649	HGNC:4172	GATA3	0	2	3	0	1	1	1	0	2026-09-09T09:54:35.492033+00:00	Lymphocyte and T-cell activation	PRIMARY	SENSITIVITY
M05	GWAS_BLINDED_UNIT_M05	small_module	GO_BP::GO:0042110;GO_BP::GO:0046649	GO_BP::GO:0042110;GO_BP::GO:0045321;GO_BP::GO:0046649	HGNC:4274	GJA1	0	2	3	0	1	1	1	0	2026-09-09T09:54:35.492033+00:00	Lymphocyte and T-cell activation	PRIMARY	SENSITIVITY
M05	GWAS_BLINDED_UNIT_M05	small_module	GO_BP::GO:0042110;GO_BP::GO:0046649	GO_BP::GO:0042110;GO_BP::GO:0045321;GO_BP::GO:0046649	HGNC:4319	GLI3	0	2	3	0	1	1	1	0	2026-09-09T09:54:35.492033+00:00	Lymphocyte and T-cell activation	PRIMARY	SENSITIVITY
M05	GWAS_BLINDED_UNIT_M05	small_module	GO_BP::GO:0042110;GO_BP::GO:0046649	GO_BP::GO:0042110;GO_BP::GO:0045321;GO_BP::GO:0046649	HGNC:4384	GNAI1	0	0	1	0	0	0	1	0	2026-09-09T09:54:35.492033+00:00	Lymphocyte and T-cell activation		
M05	GWAS_BLINDED_UNIT_M05	small_module	GO_BP::GO:0042110;GO_BP::GO:0046649	GO_BP::GO:0042110;GO_BP::GO:0045321;GO_BP::GO:0046649	HGNC:4390	GNAQ	0	0	1	0	0	0	1	0	2026-09-09T09:54:35.492033+00:00	Lymphocyte and T-cell activation		
M05	GWAS_BLINDED_UNIT_M05	small_module	GO_BP::GO:0042110;GO_BP::GO:0046649	GO_BP::GO:0042110;GO_BP::GO:0045321;GO_BP::GO:0046649	HGNC:31984	GPHRA	0	2	3	0	1	1	1	0	2026-09-09T09:54:35.492033+00:00	Lymphocyte and T-cell activation	PRIMARY	SENSITIVITY
M05	GWAS_BLINDED_UNIT_M05	small_module	GO_BP::GO:0042110;GO_BP::GO:0046649	GO_BP::GO:0042110;GO_BP::GO:0045321;GO_BP::GO:0046649	HGNC:13840	GPHRB	0	2	3	0	1	1	1	0	2026-09-09T09:54:35.492033+00:00	Lymphocyte and T-cell activation	PRIMARY	SENSITIVITY
M05	GWAS_BLINDED_UNIT_M05	small_module	GO_BP::GO:0042110;GO_BP::GO:0046649	GO_BP::GO:0042110;GO_BP::GO:0045321;GO_BP::GO:0046649	HGNC:31428	GPR15LG	0	0	1	0	0	0	1	0	2026-09-09T09:54:35.492033+00:00	Lymphocyte and T-cell activation		
M05	GWAS_BLINDED_UNIT_M05	small_module	GO_BP::GO:0042110;GO_BP::GO:0046649	GO_BP::GO:0042110;GO_BP::GO:0045321;GO_BP::GO:0046649	HGNC:3128	GPR183	0	2	3	0	1	1	1	0	2026-09-09T09:54:35.492033+00:00	Lymphocyte and T-cell activation	PRIMARY	SENSITIVITY
M05	GWAS_BLINDED_UNIT_M05	small_module	GO_BP::GO:0042110;GO_BP::GO:0046649	GO_BP::GO:0042110;GO_BP::GO:0045321;GO_BP::GO:0046649	HGNC:4550	GPS2	0	1	2	0	1	0	1	0	2026-09-09T09:54:35.492033+00:00	Lymphocyte and T-cell activation	PRIMARY	
M05	GWAS_BLINDED_UNIT_M05	small_module	GO_BP::GO:0042110;GO_BP::GO:0046649	GO_BP::GO:0042110;GO_BP::GO:0045321;GO_BP::GO:0046649	HGNC:4566	GRB2	0	2	3	0	1	1	1	0	2026-09-09T09:54:35.492033+00:00	Lymphocyte and T-cell activation	PRIMARY	SENSITIVITY
M05	GWAS_BLINDED_UNIT_M05	small_module	GO_BP::GO:0042110;GO_BP::GO:0046649	GO_BP::GO:0042110;GO_BP::GO:0045321;GO_BP::GO:0046649	HGNC:4601	GRN	0	0	1	0	0	0	1	0	2026-09-09T09:54:35.492033+00:00	Lymphocyte and T-cell activation		
M05	GWAS_BLINDED_UNIT_M05	small_module	GO_BP::GO:0042110;GO_BP::GO:0046649	GO_BP::GO:0042110;GO_BP::GO:0045321;GO_BP::GO:0046649	HGNC:4605	GRP	0	0	1	0	0	0	1	0	2026-09-09T09:54:35.492033+00:00	Lymphocyte and T-cell activation		
M05	GWAS_BLINDED_UNIT_M05	small_module	GO_BP::GO:0042110;GO_BP::GO:0046649	GO_BP::GO:0042110;GO_BP::GO:0045321;GO_BP::GO:0046649	HGNC:18437	HAVCR2	0	0	1	0	0	0	1	0	2026-09-09T09:54:35.492033+00:00	Lymphocyte and T-cell activation		
M05	GWAS_BLINDED_UNIT_M05	small_module	GO_BP::GO:0042110;GO_BP::GO:0046649	GO_BP::GO:0042110;GO_BP::GO:0045321;GO_BP::GO:0046649	HGNC:14063	HDAC4	0	1	2	0	1	0	1	0	2026-09-09T09:54:35.492033+00:00	Lymphocyte and T-cell activation	PRIMARY	
M05	GWAS_BLINDED_UNIT_M05	small_module	GO_BP::GO:0042110;GO_BP::GO:0046649	GO_BP::GO:0042110;GO_BP::GO:0045321;GO_BP::GO:0046649	HGNC:14068	HDAC5	0	1	2	0	1	0	1	0	2026-09-09T09:54:35.492033+00:00	Lymphocyte and T-cell activation	PRIMARY	
M05	GWAS_BLINDED_UNIT_M05	small_module	GO_BP::GO:0042110;GO_BP::GO:0046649	GO_BP::GO:0042110;GO_BP::GO:0045321;GO_BP::GO:0046649	HGNC:14065	HDAC9	0	1	2	0	1	0	1	0	2026-09-09T09:54:35.492033+00:00	Lymphocyte and T-cell activation	PRIMARY	
M05	GWAS_BLINDED_UNIT_M05	small_module	GO_BP::GO:0042110;GO_BP::GO:0046649	GO_BP::GO:0042110;GO_BP::GO:0045321;GO_BP::GO:0046649	HGNC:4861	HELLS	0	1	2	0	1	0	1	0	2026-09-09T09:54:35.492033+00:00	Lymphocyte and T-cell activation	PRIMARY	
M05	GWAS_BLINDED_UNIT_M05	small_module	GO_BP::GO:0042110;GO_BP::GO:0046649	GO_BP::GO:0042110;GO_BP::GO:0045321;GO_BP::GO:0046649	HGNC:4901	HHEX	0	1	2	0	1	0	1	0	2026-09-09T09:54:35.492033+00:00	Lymphocyte and T-cell activation	PRIMARY	
M05	GWAS_BLINDED_UNIT_M05	small_module	GO_BP::GO:0042110;GO_BP::GO:0046649	GO_BP::GO:0042110;GO_BP::GO:0045321;GO_BP::GO:0046649	HGNC:4931	HLA-A	0	2	3	0	1	1	1	0	2026-09-09T09:54:35.492033+00:00	Lymphocyte and T-cell activation	PRIMARY	SENSITIVITY
M05	GWAS_BLINDED_UNIT_M05	small_module	GO_BP::GO:0042110;GO_BP::GO:0046649	GO_BP::GO:0042110;GO_BP::GO:0045321;GO_BP::GO:0046649	HGNC:4962	HLA-E	0	2	3	0	1	1	1	0	2026-09-09T09:54:35.492033+00:00	Lymphocyte and T-cell activation	PRIMARY	SENSITIVITY
M05	GWAS_BLINDED_UNIT_M05	small_module	GO_BP::GO:0042110;GO_BP::GO:0046649	GO_BP::GO:0042110;GO_BP::GO:0045321;GO_BP::GO:0046649	HGNC:4983	HMGB1	0	2	3	0	1	1	1	0	2026-09-09T09:54:35.492033+00:00	Lymphocyte and T-cell activation	PRIMARY	SENSITIVITY
M05	GWAS_BLINDED_UNIT_M05	small_module	GO_BP::GO:0042110;GO_BP::GO:0046649	GO_BP::GO:0042110;GO_BP::GO:0045321;GO_BP::GO:0046649	HGNC:24920	HSH2D	0	2	3	0	1	1	1	0	2026-09-09T09:54:35.492033+00:00	Lymphocyte and T-cell activation	PRIMARY	SENSITIVITY
M05	GWAS_BLINDED_UNIT_M05	small_module	GO_BP::GO:0042110;GO_BP::GO:0046649	GO_BP::GO:0042110;GO_BP::GO:0045321;GO_BP::GO:0046649	HGNC:5261	HSPD1	0	2	3	0	1	1	1	0	2026-09-09T09:54:35.492033+00:00	Lymphocyte and T-cell activation	PRIMARY	SENSITIVITY
M05	GWAS_BLINDED_UNIT_M05	small_module	GO_BP::GO:0042110;GO_BP::GO:0046649	GO_BP::GO:0042110;GO_BP::GO:0045321;GO_BP::GO:0046649	HGNC:5321	HYAL2	0	0	1	0	0	0	1	0	2026-09-09T09:54:35.492033+00:00	Lymphocyte and T-cell activation		
M05	GWAS_BLINDED_UNIT_M05	small_module	GO_BP::GO:0042110;GO_BP::GO:0046649	GO_BP::GO:0042110;GO_BP::GO:0045321;GO_BP::GO:0046649	HGNC:5344	ICAM1	0	2	3	0	1	1	1	0	2026-09-09T09:54:35.492033+00:00	Lymphocyte and T-cell activation	PRIMARY	SENSITIVITY
M05	GWAS_BLINDED_UNIT_M05	small_module	GO_BP::GO:0042110;GO_BP::GO:0046649	GO_BP::GO:0042110;GO_BP::GO:0045321;GO_BP::GO:0046649	HGNC:5346	ICAM3	0	2	3	0	1	1	1	0	2026-09-09T09:54:35.492033+00:00	Lymphocyte and T-cell activation	PRIMARY	SENSITIVITY
M05	GWAS_BLINDED_UNIT_M05	small_module	GO_BP::GO:0042110;GO_BP::GO:0046649	GO_BP::GO:0042110;GO_BP::GO:0045321;GO_BP::GO:0046649	HGNC:5351	ICOS	0	2	3	0	1	1	1	0	2026-09-09T09:54:35.492033+00:00	Lymphocyte and T-cell activation	PRIMARY	SENSITIVITY
M05	GWAS_BLINDED_UNIT_M05	small_module	GO_BP::GO:0042110;GO_BP::GO:0046649	GO_BP::GO:0042110;GO_BP::GO:0045321;GO_BP::GO:0046649	HGNC:17087	ICOSLG	0	2	3	0	1	1	1	0	2026-09-09T09:54:35.492033+00:00	Lymphocyte and T-cell activation	PRIMARY	SENSITIVITY
M05	GWAS_BLINDED_UNIT_M05	small_module	GO_BP::GO:0042110;GO_BP::GO:0046649	GO_BP::GO:0042110;GO_BP::GO:0045321;GO_BP::GO:0046649	HGNC:5399	IFI35	0	0	1	0	0	0	1	0	2026-09-09T09:54:35.492033+00:00	Lymphocyte and T-cell activation		
M05	GWAS_BLINDED_UNIT_M05	small_module	GO_BP::GO:0042110;GO_BP::GO:0046649	GO_BP::GO:0042110;GO_BP::GO:0045321;GO_BP::GO:0046649	HGNC:5418	IFNA10	0	2	3	0	1	1	1	0	2026-09-09T09:54:35.492033+00:00	Lymphocyte and T-cell activation	PRIMARY	SENSITIVITY
M05	GWAS_BLINDED_UNIT_M05	small_module	GO_BP::GO:0042110;GO_BP::GO:0046649	GO_BP::GO:0042110;GO_BP::GO:0045321;GO_BP::GO:0046649	HGNC:5420	IFNA14	0	2	3	0	1	1	1	0	2026-09-09T09:54:35.492033+00:00	Lymphocyte and T-cell activation	PRIMARY	SENSITIVITY
M05	GWAS_BLINDED_UNIT_M05	small_module	GO_BP::GO:0042110;GO_BP::GO:0046649	GO_BP::GO:0042110;GO_BP::GO:0045321;GO_BP::GO:0046649	HGNC:5421	IFNA16	0	2	3	0	1	1	1	0	2026-09-09T09:54:35.492033+00:00	Lymphocyte and T-cell activation	PRIMARY	SENSITIVITY
M05	GWAS_BLINDED_UNIT_M05	small_module	GO_BP::GO:0042110;GO_BP::GO:0046649	GO_BP::GO:0042110;GO_BP::GO:0045321;GO_BP::GO:0046649	HGNC:5422	IFNA17	0	2	3	0	1	1	1	0	2026-09-09T09:54:35.492033+00:00	Lymphocyte and T-cell activation	PRIMARY	SENSITIVITY
M05	GWAS_BLINDED_UNIT_M05	small_module	GO_BP::GO:0042110;GO_BP::GO:0046649	GO_BP::GO:0042110;GO_BP::GO:0045321;GO_BP::GO:0046649	HGNC:5423	IFNA2	0	2	3	0	1	1	1	0	2026-09-09T09:54:35.492033+00:00	Lymphocyte and T-cell activation	PRIMARY	SENSITIVITY
M05	GWAS_BLINDED_UNIT_M05	small_module	GO_BP::GO:0042110;GO_BP::GO:0046649	GO_BP::GO:0042110;GO_BP::GO:0045321;GO_BP::GO:0046649	HGNC:5424	IFNA21	0	2	3	0	1	1	1	0	2026-09-09T09:54:35.492033+00:00	Lymphocyte and T-cell activation	PRIMARY	SENSITIVITY
M05	GWAS_BLINDED_UNIT_M05	small_module	GO_BP::GO:0042110;GO_BP::GO:0046649	GO_BP::GO:0042110;GO_BP::GO:0045321;GO_BP::GO:0046649	HGNC:5425	IFNA4	0	2	3	0	1	1	1	0	2026-09-09T09:54:35.492033+00:00	Lymphocyte and T-cell activation	PRIMARY	SENSITIVITY
M05	GWAS_BLINDED_UNIT_M05	small_module	GO_BP::GO:0042110;GO_BP::GO:0046649	GO_BP::GO:0042110;GO_BP::GO:0045321;GO_BP::GO:0046649	HGNC:5426	IFNA5	0	2	3	0	1	1	1	0	2026-09-09T09:54:35.492033+00:00	Lymphocyte and T-cell activation	PRIMARY	SENSITIVITY
M05	GWAS_BLINDED_UNIT_M05	small_module	GO_BP::GO:0042110;GO_BP::GO:0046649	GO_BP::GO:0042110;GO_BP::GO:0045321;GO_BP::GO:0046649	HGNC:5427	IFNA6	0	2	3	0	1	1	1	0	2026-09-09T09:54:35.492033+00:00	Lymphocyte and T-cell activation	PRIMARY	SENSITIVITY
M05	GWAS_BLINDED_UNIT_M05	small_module	GO_BP::GO:0042110;GO_BP::GO:0046649	GO_BP::GO:0042110;GO_BP::GO:0045321;GO_BP::GO:0046649	HGNC:5428	IFNA7	0	2	3	0	1	1	1	0	2026-09-09T09:54:35.492033+00:00	Lymphocyte and T-cell activation	PRIMARY	SENSITIVITY
M05	GWAS_BLINDED_UNIT_M05	small_module	GO_BP::GO:0042110;GO_BP::GO:0046649	GO_BP::GO:0042110;GO_BP::GO:0045321;GO_BP::GO:0046649	HGNC:5429	IFNA8	0	2	3	0	1	1	1	0	2026-09-09T09:54:35.492033+00:00	Lymphocyte and T-cell activation	PRIMARY	SENSITIVITY
M05	GWAS_BLINDED_UNIT_M05	small_module	GO_BP::GO:0042110;GO_BP::GO:0046649	GO_BP::GO:0042110;GO_BP::GO:0045321;GO_BP::GO:0046649	HGNC:5434	IFNB1	0	2	3	0	1	1	1	0	2026-09-09T09:54:35.492033+00:00	Lymphocyte and T-cell activation	PRIMARY	SENSITIVITY
M05	GWAS_BLINDED_UNIT_M05	small_module	GO_BP::GO:0042110;GO_BP::GO:0046649	GO_BP::GO:0042110;GO_BP::GO:0045321;GO_BP::GO:0046649	HGNC:18163	IFNE	0	2	3	0	1	1	1	0	2026-09-09T09:54:35.492033+00:00	Lymphocyte and T-cell activation	PRIMARY	SENSITIVITY
M05	GWAS_BLINDED_UNIT_M05	small_module	GO_BP::GO:0042110;GO_BP::GO:0046649	GO_BP::GO:0042110;GO_BP::GO:0045321;GO_BP::GO:0046649	HGNC:5438	IFNG	0	0	1	0	0	0	1	0	2026-09-09T09:54:35.492033+00:00	Lymphocyte and T-cell activation		
M05	GWAS_BLINDED_UNIT_M05	small_module	GO_BP::GO:0042110;GO_BP::GO:0046649	GO_BP::GO:0042110;GO_BP::GO:0045321;GO_BP::GO:0046649	HGNC:5439	IFNGR1	0	0	1	0	0	0	1	0	2026-09-09T09:54:35.492033+00:00	Lymphocyte and T-cell activation		
M05	GWAS_BLINDED_UNIT_M05	small_module	GO_BP::GO:0042110;GO_BP::GO:0046649	GO_BP::GO:0042110;GO_BP::GO:0045321;GO_BP::GO:0046649	HGNC:5440	IFNGR2	0	0	1	0	0	0	1	0	2026-09-09T09:54:35.492033+00:00	Lymphocyte and T-cell activation		
M05	GWAS_BLINDED_UNIT_M05	small_module	GO_BP::GO:0042110;GO_BP::GO:0046649	GO_BP::GO:0042110;GO_BP::GO:0045321;GO_BP::GO:0046649	HGNC:21714	IFNK	0	2	3	0	1	1	1	0	2026-09-09T09:54:35.492033+00:00	Lymphocyte and T-cell activation	PRIMARY	SENSITIVITY
M05	GWAS_BLINDED_UNIT_M05	small_module	GO_BP::GO:0042110;GO_BP::GO:0046649	GO_BP::GO:0042110;GO_BP::GO:0045321;GO_BP::GO:0046649	HGNC:5448	IFNW1	0	2	3	0	1	1	1	0	2026-09-09T09:54:35.492033+00:00	Lymphocyte and T-cell activation	PRIMARY	SENSITIVITY
M05	GWAS_BLINDED_UNIT_M05	small_module	GO_BP::GO:0042110;GO_BP::GO:0046649	GO_BP::GO:0042110;GO_BP::GO:0045321;GO_BP::GO:0046649	HGNC:13176	IKZF1	0	1	2	0	1	0	1	0	2026-09-09T09:54:35.492033+00:00	Lymphocyte and T-cell activation	PRIMARY	
M05	GWAS_BLINDED_UNIT_M05	small_module	GO_BP::GO:0042110;GO_BP::GO:0046649	GO_BP::GO:0042110;GO_BP::GO:0045321;GO_BP::GO:0046649	HGNC:13178	IKZF3	0	2	3	0	1	1	1	0	2026-09-09T09:54:35.492033+00:00	Lymphocyte and T-cell activation	PRIMARY	SENSITIVITY
M05	GWAS_BLINDED_UNIT_M05	small_module	GO_BP::GO:0042110;GO_BP::GO:0046649	GO_BP::GO:0042110;GO_BP::GO:0045321;GO_BP::GO:0046649	HGNC:5962	IL10	0	2	3	0	1	1	1	0	2026-09-09T09:54:35.492033+00:00	Lymphocyte and T-cell activation	PRIMARY	SENSITIVITY
M05	GWAS_BLINDED_UNIT_M05	small_module	GO_BP::GO:0042110;GO_BP::GO:0046649	GO_BP::GO:0042110;GO_BP::GO:0045321;GO_BP::GO:0046649	HGNC:5964	IL10RA	0	0	1	0	0	0	1	0	2026-09-09T09:54:35.492033+00:00	Lymphocyte and T-cell activation		
M05	GWAS_BLINDED_UNIT_M05	small_module	GO_BP::GO:0042110;GO_BP::GO:0046649	GO_BP::GO:0042110;GO_BP::GO:0045321;GO_BP::GO:0046649	HGNC:5966	IL11	0	1	2	0	1	0	1	0	2026-09-09T09:54:35.492033+00:00	Lymphocyte and T-cell activation	PRIMARY	
M05	GWAS_BLINDED_UNIT_M05	small_module	GO_BP::GO:0042110;GO_BP::GO:0046649	GO_BP::GO:0042110;GO_BP::GO:0045321;GO_BP::GO:0046649	HGNC:5967	IL11RA	0	1	2	0	1	0	1	0	2026-09-09T09:54:35.492033+00:00	Lymphocyte and T-cell activation	PRIMARY	
M05	GWAS_BLINDED_UNIT_M05	small_module	GO_BP::GO:0042110;GO_BP::GO:0046649	GO_BP::GO:0042110;GO_BP::GO:0045321;GO_BP::GO:0046649	HGNC:5970	IL12B	0	2	3	0	1	1	1	0	2026-09-09T09:54:35.492033+00:00	Lymphocyte and T-cell activation	PRIMARY	SENSITIVITY
M05	GWAS_BLINDED_UNIT_M05	small_module	GO_BP::GO:0042110;GO_BP::GO:0046649	GO_BP::GO:0042110;GO_BP::GO:0045321;GO_BP::GO:0046649	HGNC:5973	IL13	0	0	1	0	0	0	1	0	2026-09-09T09:54:35.492033+00:00	Lymphocyte and T-cell activation		
M05	GWAS_BLINDED_UNIT_M05	small_module	GO_BP::GO:0042110;GO_BP::GO:0046649	GO_BP::GO:0042110;GO_BP::GO:0045321;GO_BP::GO:0046649	HGNC:5977	IL15	0	0	1	0	0	0	1	0	2026-09-09T09:54:35.492033+00:00	Lymphocyte and T-cell activation		
M05	GWAS_BLINDED_UNIT_M05	small_module	GO_BP::GO:0042110;GO_BP::GO:0046649	GO_BP::GO:0042110;GO_BP::GO:0045321;GO_BP::GO:0046649	HGNC:5986	IL18	0	2	3	0	1	1	1	0	2026-09-09T09:54:35.492033+00:00	Lymphocyte and T-cell activation	PRIMARY	SENSITIVITY
M05	GWAS_BLINDED_UNIT_M05	small_module	GO_BP::GO:0042110;GO_BP::GO:0046649	GO_BP::GO:0042110;GO_BP::GO:0045321;GO_BP::GO:0046649	HGNC:5988	IL18R1	0	2	3	0	1	1	1	0	2026-09-09T09:54:35.492033+00:00	Lymphocyte and T-cell activation	PRIMARY	SENSITIVITY
M05	GWAS_BLINDED_UNIT_M05	small_module	GO_BP::GO:0042110;GO_BP::GO:0046649	GO_BP::GO:0042110;GO_BP::GO:0045321;GO_BP::GO:0046649	HGNC:5989	IL18RAP	0	2	3	0	1	1	1	0	2026-09-09T09:54:35.492033+00:00	Lymphocyte and T-cell activation	PRIMARY	SENSITIVITY
M05	GWAS_BLINDED_UNIT_M05	small_module	GO_BP::GO:0042110;GO_BP::GO:0046649	GO_BP::GO:0042110;GO_BP::GO:0045321;GO_BP::GO:0046649	HGNC:5992	IL1B	0	0	1	0	0	0	1	0	2026-09-09T09:54:35.492033+00:00	Lymphocyte and T-cell activation		
M05	GWAS_BLINDED_UNIT_M05	small_module	GO_BP::GO:0042110;GO_BP::GO:0046649	GO_BP::GO:0042110;GO_BP::GO:0045321;GO_BP::GO:0046649	HGNC:5993	IL1R1	0	0	1	0	0	0	1	0	2026-09-09T09:54:35.492033+00:00	Lymphocyte and T-cell activation		
M05	GWAS_BLINDED_UNIT_M05	small_module	GO_BP::GO:0042110;GO_BP::GO:0046649	GO_BP::GO:0042110;GO_BP::GO:0045321;GO_BP::GO:0046649	HGNC:5995	IL1RAP	0	0	1	0	0	0	1	0	2026-09-09T09:54:35.492033+00:00	Lymphocyte and T-cell activation		
M05	GWAS_BLINDED_UNIT_M05	small_module	GO_BP::GO:0042110;GO_BP::GO:0046649	GO_BP::GO:0042110;GO_BP::GO:0045321;GO_BP::GO:0046649	HGNC:6001	IL2	0	2	3	0	1	1	1	0	2026-09-09T09:54:35.492033+00:00	Lymphocyte and T-cell activation	PRIMARY	SENSITIVITY
M05	GWAS_BLINDED_UNIT_M05	small_module	GO_BP::GO:0042110;GO_BP::GO:0046649	GO_BP::GO:0042110;GO_BP::GO:0045321;GO_BP::GO:0046649	HGNC:6005	IL21	0	2	3	0	1	1	1	0	2026-09-09T09:54:35.492033+00:00	Lymphocyte and T-cell activation	PRIMARY	SENSITIVITY
M05	GWAS_BLINDED_UNIT_M05	small_module	GO_BP::GO:0042110;GO_BP::GO:0046649	GO_BP::GO:0042110;GO_BP::GO:0045321;GO_BP::GO:0046649	HGNC:6006	IL21R	0	1	2	0	1	0	1	0	2026-09-09T09:54:35.492033+00:00	Lymphocyte and T-cell activation	PRIMARY	
M05	GWAS_BLINDED_UNIT_M05	small_module	GO_BP::GO:0042110;GO_BP::GO:0046649	GO_BP::GO:0042110;GO_BP::GO:0045321;GO_BP::GO:0046649	HGNC:6010	IL2RG	0	1	2	0	1	0	1	0	2026-09-09T09:54:35.492033+00:00	Lymphocyte and T-cell activation	PRIMARY	
M05	GWAS_BLINDED_UNIT_M05	small_module	GO_BP::GO:0042110;GO_BP::GO:0046649	GO_BP::GO:0042110;GO_BP::GO:0045321;GO_BP::GO:0046649	HGNC:16028	IL33	0	0	1	0	0	0	1	0	2026-09-09T09:54:35.492033+00:00	Lymphocyte and T-cell activation		
M05	GWAS_BLINDED_UNIT_M05	small_module	GO_BP::GO:0042110;GO_BP::GO:0046649	GO_BP::GO:0042110;GO_BP::GO:0045321;GO_BP::GO:0046649	HGNC:6014	IL4	0	2	3	0	1	1	1	0	2026-09-09T09:54:35.492033+00:00	Lymphocyte and T-cell activation	PRIMARY	SENSITIVITY
M05	GWAS_BLINDED_UNIT_M05	small_module	GO_BP::GO:0042110;GO_BP::GO:0046649	GO_BP::GO:0042110;GO_BP::GO:0045321;GO_BP::GO:0046649	HGNC:6018	IL6	0	2	3	0	1	1	1	0	2026-09-09T09:54:35.492033+00:00	Lymphocyte and T-cell activation	PRIMARY	SENSITIVITY
M05	GWAS_BLINDED_UNIT_M05	small_module	GO_BP::GO:0042110;GO_BP::GO:0046649	GO_BP::GO:0042110;GO_BP::GO:0045321;GO_BP::GO:0046649	HGNC:6019	IL6R	0	2	3	0	1	1	1	0	2026-09-09T09:54:35.492033+00:00	Lymphocyte and T-cell activation	PRIMARY	SENSITIVITY
M05	GWAS_BLINDED_UNIT_M05	small_module	GO_BP::GO:0042110;GO_BP::GO:0046649	GO_BP::GO:0042110;GO_BP::GO:0045321;GO_BP::GO:0046649	HGNC:6021	IL6ST	0	2	3	0	1	1	1	0	2026-09-09T09:54:35.492033+00:00	Lymphocyte and T-cell activation	PRIMARY	SENSITIVITY
M05	GWAS_BLINDED_UNIT_M05	small_module	GO_BP::GO:0042110;GO_BP::GO:0046649	GO_BP::GO:0042110;GO_BP::GO:0045321;GO_BP::GO:0046649	HGNC:6081	INS	0	2	3	0	1	1	1	0	2026-09-09T09:54:35.492033+00:00	Lymphocyte and T-cell activation	PRIMARY	SENSITIVITY
M05	GWAS_BLINDED_UNIT_M05	small_module	GO_BP::GO:0042110;GO_BP::GO:0046649	GO_BP::GO:0042110;GO_BP::GO:0045321;GO_BP::GO:0046649	HGNC:21729	IRF2BP2	0	1	2	0	1	0	1	0	2026-09-09T09:54:35.492033+00:00	Lymphocyte and T-cell activation	PRIMARY	
M05	GWAS_BLINDED_UNIT_M05	small_module	GO_BP::GO:0042110;GO_BP::GO:0046649	GO_BP::GO:0042110;GO_BP::GO:0045321;GO_BP::GO:0046649	HGNC:6119	IRF4	0	2	3	0	1	1	1	0	2026-09-09T09:54:35.492033+00:00	Lymphocyte and T-cell activation	PRIMARY	SENSITIVITY
M05	GWAS_BLINDED_UNIT_M05	small_module	GO_BP::GO:0042110;GO_BP::GO:0046649	GO_BP::GO:0042110;GO_BP::GO:0045321;GO_BP::GO:0046649	HGNC:5358	IRF8	0	1	2	0	1	0	1	0	2026-09-09T09:54:35.492033+00:00	Lymphocyte and T-cell activation	PRIMARY	
M05	GWAS_BLINDED_UNIT_M05	small_module	GO_BP::GO:0042110;GO_BP::GO:0046649	GO_BP::GO:0042110;GO_BP::GO:0045321;GO_BP::GO:0046649	HGNC:6140	ITGA4	0	1	2	0	1	0	1	0	2026-09-09T09:54:35.492033+00:00	Lymphocyte and T-cell activation	PRIMARY	
M05	GWAS_BLINDED_UNIT_M05	small_module	GO_BP::GO:0042110;GO_BP::GO:0046649	GO_BP::GO:0042110;GO_BP::GO:0045321;GO_BP::GO:0046649	HGNC:6148	ITGAL	0	2	3	0	1	1	1	0	2026-09-09T09:54:35.492033+00:00	Lymphocyte and T-cell activation	PRIMARY	SENSITIVITY
M05	GWAS_BLINDED_UNIT_M05	small_module	GO_BP::GO:0042110;GO_BP::GO:0046649	GO_BP::GO:0042110;GO_BP::GO:0045321;GO_BP::GO:0046649	HGNC:6149	ITGAM	0	0	1	0	0	0	1	0	2026-09-09T09:54:35.492033+00:00	Lymphocyte and T-cell activation		
M05	GWAS_BLINDED_UNIT_M05	small_module	GO_BP::GO:0042110;GO_BP::GO:0046649	GO_BP::GO:0042110;GO_BP::GO:0045321;GO_BP::GO:0046649	HGNC:6153	ITGB1	0	1	2	0	1	0	1	0	2026-09-09T09:54:35.492033+00:00	Lymphocyte and T-cell activation	PRIMARY	
M05	GWAS_BLINDED_UNIT_M05	small_module	GO_BP::GO:0042110;GO_BP::GO:0046649	GO_BP::GO:0042110;GO_BP::GO:0045321;GO_BP::GO:0046649	HGNC:6155	ITGB2	0	0	1	0	0	0	1	0	2026-09-09T09:54:35.492033+00:00	Lymphocyte and T-cell activation		
M05	GWAS_BLINDED_UNIT_M05	small_module	GO_BP::GO:0042110;GO_BP::GO:0046649	GO_BP::GO:0042110;GO_BP::GO:0045321;GO_BP::GO:0046649	HGNC:6171	ITK	0	2	3	0	1	1	1	0	2026-09-09T09:54:35.492033+00:00	Lymphocyte and T-cell activation	PRIMARY	SENSITIVITY
M05	GWAS_BLINDED_UNIT_M05	small_module	GO_BP::GO:0042110;GO_BP::GO:0046649	GO_BP::GO:0042110;GO_BP::GO:0045321;GO_BP::GO:0046649	HGNC:6189	JAG2	0	2	3	0	1	1	1	0	2026-09-09T09:54:35.492033+00:00	Lymphocyte and T-cell activation	PRIMARY	SENSITIVITY
M05	GWAS_BLINDED_UNIT_M05	small_module	GO_BP::GO:0042110;GO_BP::GO:0046649	GO_BP::GO:0042110;GO_BP::GO:0045321;GO_BP::GO:0046649	HGNC:6190	JAK1	0	2	3	0	1	1	1	0	2026-09-09T09:54:35.492033+00:00	Lymphocyte and T-cell activation	PRIMARY	SENSITIVITY
M05	GWAS_BLINDED_UNIT_M05	small_module	GO_BP::GO:0042110;GO_BP::GO:0046649	GO_BP::GO:0042110;GO_BP::GO:0045321;GO_BP::GO:0046649	HGNC:6192	JAK2	0	0	1	0	0	0	1	0	2026-09-09T09:54:35.492033+00:00	Lymphocyte and T-cell activation		
M05	GWAS_BLINDED_UNIT_M05	small_module	GO_BP::GO:0042110;GO_BP::GO:0046649	GO_BP::GO:0042110;GO_BP::GO:0045321;GO_BP::GO:0046649	HGNC:6193	JAK3	0	1	2	0	1	0	1	0	2026-09-09T09:54:35.492033+00:00	Lymphocyte and T-cell activation	PRIMARY	
M05	GWAS_BLINDED_UNIT_M05	small_module	GO_BP::GO:0042110;GO_BP::GO:0046649	GO_BP::GO:0042110;GO_BP::GO:0045321;GO_BP::GO:0046649	HGNC:19084	JAML	0	2	3	0	1	1	1	0	2026-09-09T09:54:35.492033+00:00	Lymphocyte and T-cell activation	PRIMARY	SENSITIVITY
M05	GWAS_BLINDED_UNIT_M05	small_module	GO_BP::GO:0042110;GO_BP::GO:0046649	GO_BP::GO:0042110;GO_BP::GO:0045321;GO_BP::GO:0046649	HGNC:12313	JMJD1C	0	1	2	0	1	0	1	0	2026-09-09T09:54:35.492033+00:00	Lymphocyte and T-cell activation	PRIMARY	
M05	GWAS_BLINDED_UNIT_M05	small_module	GO_BP::GO:0042110;GO_BP::GO:0046649	GO_BP::GO:0042110;GO_BP::GO:0045321;GO_BP::GO:0046649	HGNC:6215	KARS1	0	0	1	0	0	0	1	0	2026-09-09T09:54:35.492033+00:00	Lymphocyte and T-cell activation		
M05	GWAS_BLINDED_UNIT_M05	small_module	GO_BP::GO:0042110;GO_BP::GO:0046649	GO_BP::GO:0042110;GO_BP::GO:0045321;GO_BP::GO:0046649	HGNC:17016	KAT7	0	2	3	0	1	1	1	0	2026-09-09T09:54:35.492033+00:00	Lymphocyte and T-cell activation	PRIMARY	SENSITIVITY
M05	GWAS_BLINDED_UNIT_M05	small_module	GO_BP::GO:0042110;GO_BP::GO:0046649	GO_BP::GO:0042110;GO_BP::GO:0045321;GO_BP::GO:0046649	HGNC:14405	KIF13B	0	2	3	0	1	1	1	0	2026-09-09T09:54:35.492033+00:00	Lymphocyte and T-cell activation	PRIMARY	SENSITIVITY
M05	GWAS_BLINDED_UNIT_M05	small_module	GO_BP::GO:0042110;GO_BP::GO:0046649	GO_BP::GO:0042110;GO_BP::GO:0045321;GO_BP::GO:0046649	HGNC:6342	KIT	0	2	3	0	1	1	1	0	2026-09-09T09:54:35.492033+00:00	Lymphocyte and T-cell activation	PRIMARY	SENSITIVITY
M05	GWAS_BLINDED_UNIT_M05	small_module	GO_BP::GO:0042110;GO_BP::GO:0046649	GO_BP::GO:0042110;GO_BP::GO:0045321;GO_BP::GO:0046649	HGNC:2235	KLF6	0	1	2	0	1	0	1	0	2026-09-09T09:54:35.492033+00:00	Lymphocyte and T-cell activation	PRIMARY	
M05	GWAS_BLINDED_UNIT_M05	small_module	GO_BP::GO:0042110;GO_BP::GO:0046649	GO_BP::GO:0042110;GO_BP::GO:0045321;GO_BP::GO:0046649	HGNC:6374	KLRC1	0	2	3	0	1	1	1	0	2026-09-09T09:54:35.492033+00:00	Lymphocyte and T-cell activation	PRIMARY	SENSITIVITY
M05	GWAS_BLINDED_UNIT_M05	small_module	GO_BP::GO:0042110;GO_BP::GO:0046649	GO_BP::GO:0042110;GO_BP::GO:0045321;GO_BP::GO:0046649	HGNC:13342	KLRF1	0	2	3	0	1	1	1	0	2026-09-09T09:54:35.492033+00:00	Lymphocyte and T-cell activation	PRIMARY	SENSITIVITY
M05	GWAS_BLINDED_UNIT_M05	small_module	GO_BP::GO:0042110;GO_BP::GO:0046649	GO_BP::GO:0042110;GO_BP::GO:0045321;GO_BP::GO:0046649	HGNC:37646	KLRF2	0	1	2	0	1	0	1	0	2026-09-09T09:54:35.492033+00:00	Lymphocyte and T-cell activation	PRIMARY	
M05	GWAS_BLINDED_UNIT_M05	small_module	GO_BP::GO:0042110;GO_BP::GO:0046649	GO_BP::GO:0042110;GO_BP::GO:0045321;GO_BP::GO:0046649	HGNC:18788	KLRK1	0	1	2	0	1	0	1	0	2026-09-09T09:54:35.492033+00:00	Lymphocyte and T-cell activation	PRIMARY	
M05	GWAS_BLINDED_UNIT_M05	small_module	GO_BP::GO:0042110;GO_BP::GO:0046649	GO_BP::GO:0042110;GO_BP::GO:0045321;GO_BP::GO:0046649	HGNC:7132	KMT2A	1	2	3	1	1	1	1	0	2026-09-09T09:54:35.492033+00:00	Lymphocyte and T-cell activation	PRIMARY	SENSITIVITY
M05	GWAS_BLINDED_UNIT_M05	small_module	GO_BP::GO:0042110;GO_BP::GO:0046649	GO_BP::GO:0042110;GO_BP::GO:0045321;GO_BP::GO:0046649	HGNC:18541	KMT2E	0	0	1	0	0	0	1	0	2026-09-09T09:54:35.492033+00:00	Lymphocyte and T-cell activation		
M05	GWAS_BLINDED_UNIT_M05	small_module	GO_BP::GO:0042110;GO_BP::GO:0046649	GO_BP::GO:0042110;GO_BP::GO:0045321;GO_BP::GO:0046649	HGNC:6476	LAG3	0	0	1	0	0	0	1	0	2026-09-09T09:54:35.492033+00:00	Lymphocyte and T-cell activation		
M05	GWAS_BLINDED_UNIT_M05	small_module	GO_BP::GO:0042110;GO_BP::GO:0046649	GO_BP::GO:0042110;GO_BP::GO:0045321;GO_BP::GO:0046649	HGNC:18874	LAT	0	2	3	0	1	1	1	0	2026-09-09T09:54:35.492033+00:00	Lymphocyte and T-cell activation	PRIMARY	SENSITIVITY
M05	GWAS_BLINDED_UNIT_M05	small_module	GO_BP::GO:0042110;GO_BP::GO:0046649	GO_BP::GO:0042110;GO_BP::GO:0045321;GO_BP::GO:0046649	HGNC:12749	LAT2	0	1	2	0	1	0	1	0	2026-09-09T09:54:35.492033+00:00	Lymphocyte and T-cell activation	PRIMARY	
M05	GWAS_BLINDED_UNIT_M05	small_module	GO_BP::GO:0042110;GO_BP::GO:0046649	GO_BP::GO:0042110;GO_BP::GO:0045321;GO_BP::GO:0046649	HGNC:26005	LAX1	0	1	2	0	1	0	1	0	2026-09-09T09:54:35.492033+00:00	Lymphocyte and T-cell activation	PRIMARY	
M05	GWAS_BLINDED_UNIT_M05	small_module	GO_BP::GO:0042110;GO_BP::GO:0046649	GO_BP::GO:0042110;GO_BP::GO:0045321;GO_BP::GO:0046649	HGNC:6517	LBP	0	0	1	0	0	0	1	0	2026-09-09T09:54:35.492033+00:00	Lymphocyte and T-cell activation		
M05	GWAS_BLINDED_UNIT_M05	small_module	GO_BP::GO:0042110;GO_BP::GO:0046649	GO_BP::GO:0042110;GO_BP::GO:0045321;GO_BP::GO:0046649	HGNC:6524	LCK	0	2	3	0	1	1	1	0	2026-09-09T09:54:35.492033+00:00	Lymphocyte and T-cell activation	PRIMARY	SENSITIVITY
M05	GWAS_BLINDED_UNIT_M05	small_module	GO_BP::GO:0042110;GO_BP::GO:0046649	GO_BP::GO:0042110;GO_BP::GO:0045321;GO_BP::GO:0046649	HGNC:6528	LCP1	0	2	3	0	1	1	1	0	2026-09-09T09:54:35.492033+00:00	Lymphocyte and T-cell activation	PRIMARY	SENSITIVITY
M05	GWAS_BLINDED_UNIT_M05	small_module	GO_BP::GO:0042110;GO_BP::GO:0046649	GO_BP::GO:0042110;GO_BP::GO:0045321;GO_BP::GO:0046649	HGNC:6529	LCP2	0	0	1	0	0	0	1	0	2026-09-09T09:54:35.492033+00:00	Lymphocyte and T-cell activation		
M05	GWAS_BLINDED_UNIT_M05	small_module	GO_BP::GO:0042110;GO_BP::GO:0046649	GO_BP::GO:0042110;GO_BP::GO:0045321;GO_BP::GO:0046649	HGNC:6551	LEF1	0	2	3	0	1	1	1	0	2026-09-09T09:54:35.492033+00:00	Lymphocyte and T-cell activation	PRIMARY	SENSITIVITY
M05	GWAS_BLINDED_UNIT_M05	small_module	GO_BP::GO:0042110;GO_BP::GO:0046649	GO_BP::GO:0042110;GO_BP::GO:0045321;GO_BP::GO:0046649	HGNC:6553	LEP	0	2	3	0	1	1	1	0	2026-09-09T09:54:35.492033+00:00	Lymphocyte and T-cell activation	PRIMARY	SENSITIVITY
M05	GWAS_BLINDED_UNIT_M05	small_module	GO_BP::GO:0042110;GO_BP::GO:0046649	GO_BP::GO:0042110;GO_BP::GO:0045321;GO_BP::GO:0046649	HGNC:6554	LEPR	0	2	3	0	1	1	1	0	2026-09-09T09:54:35.492033+00:00	Lymphocyte and T-cell activation	PRIMARY	SENSITIVITY
M05	GWAS_BLINDED_UNIT_M05	small_module	GO_BP::GO:0042110;GO_BP::GO:0046649	GO_BP::GO:0042110;GO_BP::GO:0045321;GO_BP::GO:0046649	HGNC:6560	LFNG	0	2	3	0	1	1	1	0	2026-09-09T09:54:35.492033+00:00	Lymphocyte and T-cell activation	PRIMARY	SENSITIVITY
M05	GWAS_BLINDED_UNIT_M05	small_module	GO_BP::GO:0042110;GO_BP::GO:0046649	GO_BP::GO:0042110;GO_BP::GO:0045321;GO_BP::GO:0046649	HGNC:6570	LGALS9	0	2	3	0	1	1	1	0	2026-09-09T09:54:35.492033+00:00	Lymphocyte and T-cell activation	PRIMARY	SENSITIVITY
M05	GWAS_BLINDED_UNIT_M05	small_module	GO_BP::GO:0042110;GO_BP::GO:0046649	GO_BP::GO:0042110;GO_BP::GO:0045321;GO_BP::GO:0046649	HGNC:6601	LIG4	0	2	3	0	1	1	1	0	2026-09-09T09:54:35.492033+00:00	Lymphocyte and T-cell activation	PRIMARY	SENSITIVITY
M05	GWAS_BLINDED_UNIT_M05	small_module	GO_BP::GO:0042110;GO_BP::GO:0046649	GO_BP::GO:0042110;GO_BP::GO:0045321;GO_BP::GO:0046649	HGNC:6603	LILRA2	0	0	1	0	0	0	1	0	2026-09-09T09:54:35.492033+00:00	Lymphocyte and T-cell activation		
M05	GWAS_BLINDED_UNIT_M05	small_module	GO_BP::GO:0042110;GO_BP::GO:0046649	GO_BP::GO:0042110;GO_BP::GO:0045321;GO_BP::GO:0046649	HGNC:6605	LILRB1	0	2	3	0	1	1	1	0	2026-09-09T09:54:35.492033+00:00	Lymphocyte and T-cell activation	PRIMARY	SENSITIVITY
M05	GWAS_BLINDED_UNIT_M05	small_module	GO_BP::GO:0042110;GO_BP::GO:0046649	GO_BP::GO:0042110;GO_BP::GO:0045321;GO_BP::GO:0046649	HGNC:18268	LMBR1L	0	2	3	0	1	1	1	0	2026-09-09T09:54:35.492033+00:00	Lymphocyte and T-cell activation	PRIMARY	SENSITIVITY
M05	GWAS_BLINDED_UNIT_M05	small_module	GO_BP::GO:0042110;GO_BP::GO:0046649	GO_BP::GO:0042110;GO_BP::GO:0045321;GO_BP::GO:0046649	HGNC:19027	LRRC8A	0	1	2	0	1	0	1	0	2026-09-09T09:54:35.492033+00:00	Lymphocyte and T-cell activation	PRIMARY	
M05	GWAS_BLINDED_UNIT_M05	small_module	GO_BP::GO:0042110;GO_BP::GO:0046649	GO_BP::GO:0042110;GO_BP::GO:0045321;GO_BP::GO:0046649	HGNC:6718	LTBR	0	2	3	0	1	1	1	0	2026-09-09T09:54:35.492033+00:00	Lymphocyte and T-cell activation	PRIMARY	SENSITIVITY
M05	GWAS_BLINDED_UNIT_M05	small_module	GO_BP::GO:0042110;GO_BP::GO:0046649	GO_BP::GO:0042110;GO_BP::GO:0045321;GO_BP::GO:0046649	HGNC:13348	LY6D	0	1	2	0	1	0	1	0	2026-09-09T09:54:35.492033+00:00	Lymphocyte and T-cell activation	PRIMARY	
M05	GWAS_BLINDED_UNIT_M05	small_module	GO_BP::GO:0042110;GO_BP::GO:0046649	GO_BP::GO:0042110;GO_BP::GO:0045321;GO_BP::GO:0046649	HGNC:6730	LY9	0	2	3	0	1	1	1	0	2026-09-09T09:54:35.492033+00:00	Lymphocyte and T-cell activation	PRIMARY	SENSITIVITY
M05	GWAS_BLINDED_UNIT_M05	small_module	GO_BP::GO:0042110;GO_BP::GO:0046649	GO_BP::GO:0042110;GO_BP::GO:0045321;GO_BP::GO:0046649	HGNC:6734	LYL1	0	1	2	0	1	0	1	0	2026-09-09T09:54:35.492033+00:00	Lymphocyte and T-cell activation	PRIMARY	
M05	GWAS_BLINDED_UNIT_M05	small_module	GO_BP::GO:0042110;GO_BP::GO:0046649	GO_BP::GO:0042110;GO_BP::GO:0045321;GO_BP::GO:0046649	HGNC:6735	LYN	0	1	2	0	1	0	1	0	2026-09-09T09:54:35.492033+00:00	Lymphocyte and T-cell activation	PRIMARY	
M05	GWAS_BLINDED_UNIT_M05	small_module	GO_BP::GO:0042110;GO_BP::GO:0046649	GO_BP::GO:0042110;GO_BP::GO:0045321;GO_BP::GO:0046649	HGNC:6819	MALT1	0	1	2	0	1	0	1	0	2026-09-09T09:54:35.492033+00:00	Lymphocyte and T-cell activation	PRIMARY	
M05	GWAS_BLINDED_UNIT_M05	small_module	GO_BP::GO:0042110;GO_BP::GO:0046649	GO_BP::GO:0042110;GO_BP::GO:0045321;GO_BP::GO:0046649	HGNC:6893	MAPT	0	0	1	0	0	0	1	0	2026-09-09T09:54:35.492033+00:00	Lymphocyte and T-cell activation		
M05	GWAS_BLINDED_UNIT_M05	small_module	GO_BP::GO:0042110;GO_BP::GO:0046649	GO_BP::GO:0042110;GO_BP::GO:0045321;GO_BP::GO:0046649	HGNC:6972	MDK	0	2	3	0	1	1	1	0	2026-09-09T09:54:35.492033+00:00	Lymphocyte and T-cell activation	PRIMARY	SENSITIVITY
M05	GWAS_BLINDED_UNIT_M05	small_module	GO_BP::GO:0042110;GO_BP::GO:0046649	GO_BP::GO:0042110;GO_BP::GO:0045321;GO_BP::GO:0046649	HGNC:6996	MEF2C	0	1	2	0	1	0	1	0	2026-09-09T09:54:35.492033+00:00	Lymphocyte and T-cell activation	PRIMARY	
M05	GWAS_BLINDED_UNIT_M05	small_module	GO_BP::GO:0042110;GO_BP::GO:0046649	GO_BP::GO:0042110;GO_BP::GO:0045321;GO_BP::GO:0046649	HGNC:7010	MEN1	0	2	3	0	1	1	1	0	2026-09-09T09:54:35.492033+00:00	Lymphocyte and T-cell activation	PRIMARY	SENSITIVITY
M05	GWAS_BLINDED_UNIT_M05	small_module	GO_BP::GO:0042110;GO_BP::GO:0046649	GO_BP::GO:0042110;GO_BP::GO:0045321;GO_BP::GO:0046649	HGNC:7038	MFNG	0	1	2	0	1	0	1	0	2026-09-09T09:54:35.492033+00:00	Lymphocyte and T-cell activation	PRIMARY	
M05	GWAS_BLINDED_UNIT_M05	small_module	GO_BP::GO:0042110;GO_BP::GO:0046649	GO_BP::GO:0042110;GO_BP::GO:0045321;GO_BP::GO:0046649	HGNC:7090	MICA	0	2	3	0	1	1	1	0	2026-09-09T09:54:35.492033+00:00	Lymphocyte and T-cell activation	PRIMARY	SENSITIVITY
M05	GWAS_BLINDED_UNIT_M05	small_module	GO_BP::GO:0042110;GO_BP::GO:0046649	GO_BP::GO:0042110;GO_BP::GO:0045321;GO_BP::GO:0046649	HGNC:7091	MICB	0	2	3	0	1	1	1	0	2026-09-09T09:54:35.492033+00:00	Lymphocyte and T-cell activation	PRIMARY	SENSITIVITY
M05	GWAS_BLINDED_UNIT_M05	small_module	GO_BP::GO:0042110;GO_BP::GO:0046649	GO_BP::GO:0042110;GO_BP::GO:0045321;GO_BP::GO:0046649	HGNC:27570	MILR1	0	0	1	0	0	0	1	0	2026-09-09T09:54:35.492033+00:00	Lymphocyte and T-cell activation		
M05	GWAS_BLINDED_UNIT_M05	small_module	GO_BP::GO:0042110;GO_BP::GO:0046649	GO_BP::GO:0042110;GO_BP::GO:0045321;GO_BP::GO:0046649	HGNC:7200	MOV10	0	2	3	0	1	1	1	0	2026-09-09T09:54:35.492033+00:00	Lymphocyte and T-cell activation	PRIMARY	SENSITIVITY
M05	GWAS_BLINDED_UNIT_M05	small_module	GO_BP::GO:0042110;GO_BP::GO:0046649	GO_BP::GO:0042110;GO_BP::GO:0045321;GO_BP::GO:0046649	HGNC:4975	MR1	0	2	3	0	1	1	1	0	2026-09-09T09:54:35.492033+00:00	Lymphocyte and T-cell activation	PRIMARY	SENSITIVITY
M05	GWAS_BLINDED_UNIT_M05	small_module	GO_BP::GO:0042110;GO_BP::GO:0046649	GO_BP::GO:0042110;GO_BP::GO:0045321;GO_BP::GO:0046649	HGNC:17983	MRGPRX2	0	0	1	0	0	0	1	0	2026-09-09T09:54:35.492033+00:00	Lymphocyte and T-cell activation		
M05	GWAS_BLINDED_UNIT_M05	small_module	GO_BP::GO:0042110;GO_BP::GO:0046649	GO_BP::GO:0042110;GO_BP::GO:0045321;GO_BP::GO:0046649	HGNC:7315	MS4A1	0	1	2	0	1	0	1	0	2026-09-09T09:54:35.492033+00:00	Lymphocyte and T-cell activation	PRIMARY	
M05	GWAS_BLINDED_UNIT_M05	small_module	GO_BP::GO:0042110;GO_BP::GO:0046649	GO_BP::GO:0042110;GO_BP::GO:0045321;GO_BP::GO:0046649	HGNC:7325	MSH2	0	1	2	0	1	0	1	0	2026-09-09T09:54:35.492033+00:00	Lymphocyte and T-cell activation	PRIMARY	
M05	GWAS_BLINDED_UNIT_M05	small_module	GO_BP::GO:0042110;GO_BP::GO:0046649	GO_BP::GO:0042110;GO_BP::GO:0045321;GO_BP::GO:0046649	HGNC:7329	MSH6	0	1	2	0	1	0	1	0	2026-09-09T09:54:35.492033+00:00	Lymphocyte and T-cell activation	PRIMARY	
M05	GWAS_BLINDED_UNIT_M05	small_module	GO_BP::GO:0042110;GO_BP::GO:0046649	GO_BP::GO:0042110;GO_BP::GO:0045321;GO_BP::GO:0046649	HGNC:7373	MSN	0	2	3	0	1	1	1	0	2026-09-09T09:54:35.492033+00:00	Lymphocyte and T-cell activation	PRIMARY	SENSITIVITY
M05	GWAS_BLINDED_UNIT_M05	small_module	GO_BP::GO:0042110;GO_BP::GO:0046649	GO_BP::GO:0042110;GO_BP::GO:0045321;GO_BP::GO:0046649	HGNC:7399	MT1G	0	0	1	0	0	0	1	0	2026-09-09T09:54:35.492033+00:00	Lymphocyte and T-cell activation		
M05	GWAS_BLINDED_UNIT_M05	small_module	GO_BP::GO:0042110;GO_BP::GO:0046649	GO_BP::GO:0042110;GO_BP::GO:0045321;GO_BP::GO:0046649	HGNC:3942	MTOR	0	2	3	0	1	1	1	0	2026-09-09T09:54:35.492033+00:00	Lymphocyte and T-cell activation	PRIMARY	SENSITIVITY
M05	GWAS_BLINDED_UNIT_M05	small_module	GO_BP::GO:0042110;GO_BP::GO:0046649	GO_BP::GO:0042110;GO_BP::GO:0045321;GO_BP::GO:0046649	HGNC:7545	MYB	0	2	3	0	1	1	1	0	2026-09-09T09:54:35.492033+00:00	Lymphocyte and T-cell activation	PRIMARY	SENSITIVITY
M05	GWAS_BLINDED_UNIT_M05	small_module	GO_BP::GO:0042110;GO_BP::GO:0046649	GO_BP::GO:0042110;GO_BP::GO:0045321;GO_BP::GO:0046649	HGNC:7652	NBN	0	1	2	0	1	0	1	0	2026-09-09T09:54:35.492033+00:00	Lymphocyte and T-cell activation	PRIMARY	
M05	GWAS_BLINDED_UNIT_M05	small_module	GO_BP::GO:0042110;GO_BP::GO:0046649	GO_BP::GO:0042110;GO_BP::GO:0045321;GO_BP::GO:0046649	HGNC:1112	NCAPH	0	1	2	0	1	0	1	0	2026-09-09T09:54:35.492033+00:00	Lymphocyte and T-cell activation	PRIMARY	
M05	GWAS_BLINDED_UNIT_M05	small_module	GO_BP::GO:0042110;GO_BP::GO:0046649	GO_BP::GO:0042110;GO_BP::GO:0045321;GO_BP::GO:0046649	HGNC:7664	NCK1	0	2	3	0	1	1	1	0	2026-09-09T09:54:35.492033+00:00	Lymphocyte and T-cell activation	PRIMARY	SENSITIVITY
M05	GWAS_BLINDED_UNIT_M05	small_module	GO_BP::GO:0042110;GO_BP::GO:0046649	GO_BP::GO:0042110;GO_BP::GO:0045321;GO_BP::GO:0046649	HGNC:7665	NCK2	0	2	3	0	1	1	1	0	2026-09-09T09:54:35.492033+00:00	Lymphocyte and T-cell activation	PRIMARY	SENSITIVITY
M05	GWAS_BLINDED_UNIT_M05	small_module	GO_BP::GO:0042110;GO_BP::GO:0046649	GO_BP::GO:0042110;GO_BP::GO:0045321;GO_BP::GO:0046649	HGNC:6731	NCR1	0	1	2	0	1	0	1	0	2026-09-09T09:54:35.492033+00:00	Lymphocyte and T-cell activation	PRIMARY	
M05	GWAS_BLINDED_UNIT_M05	small_module	GO_BP::GO:0042110;GO_BP::GO:0046649	GO_BP::GO:0042110;GO_BP::GO:0045321;GO_BP::GO:0046649	HGNC:19077	NCR3	0	2	3	0	1	1	1	0	2026-09-09T09:54:35.492033+00:00	Lymphocyte and T-cell activation	PRIMARY	SENSITIVITY
M05	GWAS_BLINDED_UNIT_M05	small_module	GO_BP::GO:0042110;GO_BP::GO:0046649	GO_BP::GO:0042110;GO_BP::GO:0045321;GO_BP::GO:0046649	HGNC:42400	NCR3LG1	0	2	3	0	1	1	1	0	2026-09-09T09:54:35.492033+00:00	Lymphocyte and T-cell activation	PRIMARY	SENSITIVITY
M05	GWAS_BLINDED_UNIT_M05	small_module	GO_BP::GO:0042110;GO_BP::GO:0046649	GO_BP::GO:0042110;GO_BP::GO:0045321;GO_BP::GO:0046649	HGNC:29872	NFAM1	0	1	2	0	1	0	1	0	2026-09-09T09:54:35.492033+00:00	Lymphocyte and T-cell activation	PRIMARY	
M05	GWAS_BLINDED_UNIT_M05	small_module	GO_BP::GO:0042110;GO_BP::GO:0046649	GO_BP::GO:0042110;GO_BP::GO:0045321;GO_BP::GO:0046649	HGNC:7777	NFATC3	0	2	3	0	1	1	1	0	2026-09-09T09:54:35.492033+00:00	Lymphocyte and T-cell activation	PRIMARY	SENSITIVITY
M05	GWAS_BLINDED_UNIT_M05	small_module	GO_BP::GO:0042110;GO_BP::GO:0046649	GO_BP::GO:0042110;GO_BP::GO:0045321;GO_BP::GO:0046649	HGNC:7782	NFE2L2	0	2	3	0	1	1	1	0	2026-09-09T09:54:35.492033+00:00	Lymphocyte and T-cell activation	PRIMARY	SENSITIVITY
M05	GWAS_BLINDED_UNIT_M05	small_module	GO_BP::GO:0042110;GO_BP::GO:0046649	GO_BP::GO:0042110;GO_BP::GO:0045321;GO_BP::GO:0046649	HGNC:7787	NFIL3	0	1	2	0	1	0	1	0	2026-09-09T09:54:35.492033+00:00	Lymphocyte and T-cell activation	PRIMARY	
M05	GWAS_BLINDED_UNIT_M05	small_module	GO_BP::GO:0042110;GO_BP::GO:0046649	GO_BP::GO:0042110;GO_BP::GO:0045321;GO_BP::GO:0046649	HGNC:29805	NFKBIZ	0	2	3	0	1	1	1	0	2026-09-09T09:54:35.492033+00:00	Lymphocyte and T-cell activation	PRIMARY	SENSITIVITY
M05	GWAS_BLINDED_UNIT_M05	small_module	GO_BP::GO:0042110;GO_BP::GO:0046649	GO_BP::GO:0042110;GO_BP::GO:0045321;GO_BP::GO:0046649	HGNC:25737	NHEJ1	0	2	3	0	1	1	1	0	2026-09-09T09:54:35.492033+00:00	Lymphocyte and T-cell activation	PRIMARY	SENSITIVITY
M05	GWAS_BLINDED_UNIT_M05	small_module	GO_BP::GO:0042110;GO_BP::GO:0046649	GO_BP::GO:0042110;GO_BP::GO:0045321;GO_BP::GO:0046649	HGNC:7830	NKG7	0	2	3	0	1	1	1	0	2026-09-09T09:54:35.492033+00:00	Lymphocyte and T-cell activation	PRIMARY	SENSITIVITY
M05	GWAS_BLINDED_UNIT_M05	small_module	GO_BP::GO:0042110;GO_BP::GO:0046649	GO_BP::GO:0042110;GO_BP::GO:0045321;GO_BP::GO:0046649	HGNC:7854	NMI	0	0	1	0	0	0	1	0	2026-09-09T09:54:35.492033+00:00	Lymphocyte and T-cell activation		
M05	GWAS_BLINDED_UNIT_M05	small_module	GO_BP::GO:0042110;GO_BP::GO:0046649	GO_BP::GO:0042110;GO_BP::GO:0045321;GO_BP::GO:0046649	HGNC:28461	NOC4L	0	2	3	0	1	1	1	0	2026-09-09T09:54:35.492033+00:00	Lymphocyte and T-cell activation	PRIMARY	SENSITIVITY
M05	GWAS_BLINDED_UNIT_M05	small_module	GO_BP::GO:0042110;GO_BP::GO:0046649	GO_BP::GO:0042110;GO_BP::GO:0045321;GO_BP::GO:0046649	HGNC:7882	NOTCH2	0	1	2	0	1	0	1	0	2026-09-09T09:54:35.492033+00:00	Lymphocyte and T-cell activation	PRIMARY	
M05	GWAS_BLINDED_UNIT_M05	small_module	GO_BP::GO:0042110;GO_BP::GO:0046649	GO_BP::GO:0042110;GO_BP::GO:0045321;GO_BP::GO:0046649	HGNC:7955	NPY	0	0	1	0	0	0	1	0	2026-09-09T09:54:35.492033+00:00	Lymphocyte and T-cell activation		
M05	GWAS_BLINDED_UNIT_M05	small_module	GO_BP::GO:0042110;GO_BP::GO:0046649	GO_BP::GO:0042110;GO_BP::GO:0045321;GO_BP::GO:0046649	HGNC:7982	NR4A3	0	0	1	0	0	0	1	0	2026-09-09T09:54:35.492033+00:00	Lymphocyte and T-cell activation		
M05	GWAS_BLINDED_UNIT_M05	small_module	GO_BP::GO:0042110;GO_BP::GO:0046649	GO_BP::GO:0042110;GO_BP::GO:0045321;GO_BP::GO:0046649	HGNC:8619	PAX5	1	1	2	1	1	0	1	0	2026-09-09T09:54:35.492033+00:00	Lymphocyte and T-cell activation	PRIMARY	
M05	GWAS_BLINDED_UNIT_M05	small_module	GO_BP::GO:0042110;GO_BP::GO:0046649	GO_BP::GO:0042110;GO_BP::GO:0045321;GO_BP::GO:0046649	HGNC:8632	PBX1	0	1	2	0	1	0	1	0	2026-09-09T09:54:35.492033+00:00	Lymphocyte and T-cell activation	PRIMARY	
M05	GWAS_BLINDED_UNIT_M05	small_module	GO_BP::GO:0042110;GO_BP::GO:0046649	GO_BP::GO:0042110;GO_BP::GO:0045321;GO_BP::GO:0046649	HGNC:8754	PCYT1A	0	1	2	0	1	0	1	0	2026-09-09T09:54:35.492033+00:00	Lymphocyte and T-cell activation	PRIMARY	
M05	GWAS_BLINDED_UNIT_M05	small_module	GO_BP::GO:0042110;GO_BP::GO:0046649	GO_BP::GO:0042110;GO_BP::GO:0045321;GO_BP::GO:0046649	HGNC:8764	PDCD5	0	2	3	0	1	1	1	0	2026-09-09T09:54:35.492033+00:00	Lymphocyte and T-cell activation	PRIMARY	SENSITIVITY
M05	GWAS_BLINDED_UNIT_M05	small_module	GO_BP::GO:0042110;GO_BP::GO:0046649	GO_BP::GO:0042110;GO_BP::GO:0045321;GO_BP::GO:0046649	HGNC:30263	PDP2	0	2	3	0	1	1	1	0	2026-09-09T09:54:35.492033+00:00	Lymphocyte and T-cell activation	PRIMARY	SENSITIVITY
M05	GWAS_BLINDED_UNIT_M05	small_module	GO_BP::GO:0042110;GO_BP::GO:0046649	GO_BP::GO:0042110;GO_BP::GO:0045321;GO_BP::GO:0046649	HGNC:8912	PHB1	0	1	2	0	1	0	1	0	2026-09-09T09:54:35.492033+00:00	Lymphocyte and T-cell activation	PRIMARY	
M05	GWAS_BLINDED_UNIT_M05	small_module	GO_BP::GO:0042110;GO_BP::GO:0046649	GO_BP::GO:0042110;GO_BP::GO:0045321;GO_BP::GO:0046649	HGNC:30306	PHB2	0	1	2	0	1	0	1	0	2026-09-09T09:54:35.492033+00:00	Lymphocyte and T-cell activation	PRIMARY	
M05	GWAS_BLINDED_UNIT_M05	small_module	GO_BP::GO:0042110;GO_BP::GO:0046649	GO_BP::GO:0042110;GO_BP::GO:0045321;GO_BP::GO:0046649	HGNC:22203	PHF14	0	1	2	0	1	0	1	0	2026-09-09T09:54:35.492033+00:00	Lymphocyte and T-cell activation	PRIMARY	
M05	GWAS_BLINDED_UNIT_M05	small_module	GO_BP::GO:0042110;GO_BP::GO:0046649	GO_BP::GO:0042110;GO_BP::GO:0045321;GO_BP::GO:0046649	HGNC:8977	PIK3CD	0	2	3	0	1	1	1	0	2026-09-09T09:54:35.492033+00:00	Lymphocyte and T-cell activation	PRIMARY	SENSITIVITY
M05	GWAS_BLINDED_UNIT_M05	small_module	GO_BP::GO:0042110;GO_BP::GO:0046649	GO_BP::GO:0042110;GO_BP::GO:0045321;GO_BP::GO:0046649	HGNC:8978	PIK3CG	1	2	3	1	1	1	1	0	2026-09-09T09:54:35.492033+00:00	Lymphocyte and T-cell activation	PRIMARY	SENSITIVITY
M05	GWAS_BLINDED_UNIT_M05	small_module	GO_BP::GO:0042110;GO_BP::GO:0046649	GO_BP::GO:0042110;GO_BP::GO:0045321;GO_BP::GO:0046649	HGNC:8979	PIK3R1	0	2	3	0	1	1	1	0	2026-09-09T09:54:35.492033+00:00	Lymphocyte and T-cell activation	PRIMARY	SENSITIVITY
M05	GWAS_BLINDED_UNIT_M05	small_module	GO_BP::GO:0042110;GO_BP::GO:0046649	GO_BP::GO:0042110;GO_BP::GO:0045321;GO_BP::GO:0046649	HGNC:8980	PIK3R2	0	2	3	0	1	1	1	0	2026-09-09T09:54:35.492033+00:00	Lymphocyte and T-cell activation	PRIMARY	SENSITIVITY
M05	GWAS_BLINDED_UNIT_M05	small_module	GO_BP::GO:0042110;GO_BP::GO:0046649	GO_BP::GO:0042110;GO_BP::GO:0045321;GO_BP::GO:0046649	HGNC:8981	PIK3R3	0	2	3	0	1	1	1	0	2026-09-09T09:54:35.492033+00:00	Lymphocyte and T-cell activation	PRIMARY	SENSITIVITY
M05	GWAS_BLINDED_UNIT_M05	small_module	GO_BP::GO:0042110;GO_BP::GO:0046649	GO_BP::GO:0042110;GO_BP::GO:0045321;GO_BP::GO:0046649	HGNC:9066	PLCG2	0	1	2	0	1	0	1	0	2026-09-09T09:54:35.492033+00:00	Lymphocyte and T-cell activation	PRIMARY	
M05	GWAS_BLINDED_UNIT_M05	small_module	GO_BP::GO:0042110;GO_BP::GO:0046649	GO_BP::GO:0042110;GO_BP::GO:0045321;GO_BP::GO:0046649	HGNC:9099	PLXNA1	0	2	3	0	1	1	1	0	2026-09-09T09:54:35.492033+00:00	Lymphocyte and T-cell activation	PRIMARY	SENSITIVITY
M05	GWAS_BLINDED_UNIT_M05	small_module	GO_BP::GO:0042110;GO_BP::GO:0046649	GO_BP::GO:0042110;GO_BP::GO:0045321;GO_BP::GO:0046649	HGNC:9211	POU2AF1	0	1	2	0	1	0	1	0	2026-09-09T09:54:35.492033+00:00	Lymphocyte and T-cell activation	PRIMARY	
M05	GWAS_BLINDED_UNIT_M05	small_module	GO_BP::GO:0042110;GO_BP::GO:0046649	GO_BP::GO:0042110;GO_BP::GO:0045321;GO_BP::GO:0046649	HGNC:9314	PPP3CA	0	2	3	0	1	1	1	0	2026-09-09T09:54:35.492033+00:00	Lymphocyte and T-cell activation	PRIMARY	SENSITIVITY
M05	GWAS_BLINDED_UNIT_M05	small_module	GO_BP::GO:0042110;GO_BP::GO:0046649	GO_BP::GO:0042110;GO_BP::GO:0045321;GO_BP::GO:0046649	HGNC:9315	PPP3CB	0	2	3	0	1	1	1	0	2026-09-09T09:54:35.492033+00:00	Lymphocyte and T-cell activation	PRIMARY	SENSITIVITY
M05	GWAS_BLINDED_UNIT_M05	small_module	GO_BP::GO:0042110;GO_BP::GO:0046649	GO_BP::GO:0042110;GO_BP::GO:0045321;GO_BP::GO:0046649	HGNC:14000	PRDM16	0	2	3	0	1	1	1	0	2026-09-09T09:54:35.492033+00:00	Lymphocyte and T-cell activation	PRIMARY	SENSITIVITY
M05	GWAS_BLINDED_UNIT_M05	small_module	GO_BP::GO:0042110;GO_BP::GO:0046649	GO_BP::GO:0042110;GO_BP::GO:0045321;GO_BP::GO:0046649	HGNC:9352	PRDX1	0	1	2	0	1	0	1	0	2026-09-09T09:54:35.492033+00:00	Lymphocyte and T-cell activation	PRIMARY	
M05	GWAS_BLINDED_UNIT_M05	small_module	GO_BP::GO:0042110;GO_BP::GO:0046649	GO_BP::GO:0042110;GO_BP::GO:0045321;GO_BP::GO:0046649	HGNC:32594	PREX1	0	0	1	0	0	0	1	0	2026-09-09T09:54:35.492033+00:00	Lymphocyte and T-cell activation		
M05	GWAS_BLINDED_UNIT_M05	small_module	GO_BP::GO:0042110;GO_BP::GO:0046649	GO_BP::GO:0042110;GO_BP::GO:0045321;GO_BP::GO:0046649	HGNC:9360	PRF1	0	1	2	0	1	0	1	0	2026-09-09T09:54:35.492033+00:00	Lymphocyte and T-cell activation	PRIMARY	
M05	GWAS_BLINDED_UNIT_M05	small_module	GO_BP::GO:0042110;GO_BP::GO:0046649	GO_BP::GO:0042110;GO_BP::GO:0045321;GO_BP::GO:0046649	HGNC:9363	PRG3	0	0	1	0	0	0	1	0	2026-09-09T09:54:35.492033+00:00	Lymphocyte and T-cell activation		
M05	GWAS_BLINDED_UNIT_M05	small_module	GO_BP::GO:0042110;GO_BP::GO:0046649	GO_BP::GO:0042110;GO_BP::GO:0045321;GO_BP::GO:0046649	HGNC:9395	PRKCB	0	1	2	0	1	0	1	0	2026-09-09T09:54:35.492033+00:00	Lymphocyte and T-cell activation	PRIMARY	
M05	GWAS_BLINDED_UNIT_M05	small_module	GO_BP::GO:0042110;GO_BP::GO:0046649	GO_BP::GO:0042110;GO_BP::GO:0045321;GO_BP::GO:0046649	HGNC:9399	PRKCD	0	0	1	0	0	0	1	0	2026-09-09T09:54:35.492033+00:00	Lymphocyte and T-cell activation		
M05	GWAS_BLINDED_UNIT_M05	small_module	GO_BP::GO:0042110;GO_BP::GO:0046649	GO_BP::GO:0042110;GO_BP::GO:0045321;GO_BP::GO:0046649	HGNC:28130	PRR7	0	2	3	0	1	1	1	0	2026-09-09T09:54:35.492033+00:00	Lymphocyte and T-cell activation	PRIMARY	SENSITIVITY
M05	GWAS_BLINDED_UNIT_M05	small_module	GO_BP::GO:0042110;GO_BP::GO:0046649	GO_BP::GO:0042110;GO_BP::GO:0045321;GO_BP::GO:0046649	HGNC:9530	PSMA1	0	2	3	0	1	1	1	0	2026-09-09T09:54:35.492033+00:00	Lymphocyte and T-cell activation	PRIMARY	SENSITIVITY
M05	GWAS_BLINDED_UNIT_M05	small_module	GO_BP::GO:0042110;GO_BP::GO:0046649	GO_BP::GO:0042110;GO_BP::GO:0045321;GO_BP::GO:0046649	HGNC:9531	PSMA2	0	2	3	0	1	1	1	0	2026-09-09T09:54:35.492033+00:00	Lymphocyte and T-cell activation	PRIMARY	SENSITIVITY
M05	GWAS_BLINDED_UNIT_M05	small_module	GO_BP::GO:0042110;GO_BP::GO:0046649	GO_BP::GO:0042110;GO_BP::GO:0045321;GO_BP::GO:0046649	HGNC:9532	PSMA3	0	2	3	0	1	1	1	0	2026-09-09T09:54:35.492033+00:00	Lymphocyte and T-cell activation	PRIMARY	SENSITIVITY
M05	GWAS_BLINDED_UNIT_M05	small_module	GO_BP::GO:0042110;GO_BP::GO:0046649	GO_BP::GO:0042110;GO_BP::GO:0045321;GO_BP::GO:0046649	HGNC:9533	PSMA4	0	2	3	0	1	1	1	0	2026-09-09T09:54:35.492033+00:00	Lymphocyte and T-cell activation	PRIMARY	SENSITIVITY
M05	GWAS_BLINDED_UNIT_M05	small_module	GO_BP::GO:0042110;GO_BP::GO:0046649	GO_BP::GO:0042110;GO_BP::GO:0045321;GO_BP::GO:0046649	HGNC:9534	PSMA5	0	2	3	0	1	1	1	0	2026-09-09T09:54:35.492033+00:00	Lymphocyte and T-cell activation	PRIMARY	SENSITIVITY
M05	GWAS_BLINDED_UNIT_M05	small_module	GO_BP::GO:0042110;GO_BP::GO:0046649	GO_BP::GO:0042110;GO_BP::GO:0045321;GO_BP::GO:0046649	HGNC:9535	PSMA6	0	2	3	0	1	1	1	0	2026-09-09T09:54:35.492033+00:00	Lymphocyte and T-cell activation	PRIMARY	SENSITIVITY
M05	GWAS_BLINDED_UNIT_M05	small_module	GO_BP::GO:0042110;GO_BP::GO:0046649	GO_BP::GO:0042110;GO_BP::GO:0045321;GO_BP::GO:0046649	HGNC:9536	PSMA7	0	2	3	0	1	1	1	0	2026-09-09T09:54:35.492033+00:00	Lymphocyte and T-cell activation	PRIMARY	SENSITIVITY
M05	GWAS_BLINDED_UNIT_M05	small_module	GO_BP::GO:0042110;GO_BP::GO:0046649	GO_BP::GO:0042110;GO_BP::GO:0045321;GO_BP::GO:0046649	HGNC:9537	PSMB1	0	2	3	0	1	1	1	0	2026-09-09T09:54:35.492033+00:00	Lymphocyte and T-cell activation	PRIMARY	SENSITIVITY
M05	GWAS_BLINDED_UNIT_M05	small_module	GO_BP::GO:0042110;GO_BP::GO:0046649	GO_BP::GO:0042110;GO_BP::GO:0045321;GO_BP::GO:0046649	HGNC:9538	PSMB10	0	2	3	0	1	1	1	0	2026-09-09T09:54:35.492033+00:00	Lymphocyte and T-cell activation	PRIMARY	SENSITIVITY
M05	GWAS_BLINDED_UNIT_M05	small_module	GO_BP::GO:0042110;GO_BP::GO:0046649	GO_BP::GO:0042110;GO_BP::GO:0045321;GO_BP::GO:0046649	HGNC:31963	PSMB11	0	2	3	0	1	1	1	0	2026-09-09T09:54:35.492033+00:00	Lymphocyte and T-cell activation	PRIMARY	SENSITIVITY
M05	GWAS_BLINDED_UNIT_M05	small_module	GO_BP::GO:0042110;GO_BP::GO:0046649	GO_BP::GO:0042110;GO_BP::GO:0045321;GO_BP::GO:0046649	HGNC:9539	PSMB2	0	2	3	0	1	1	1	0	2026-09-09T09:54:35.492033+00:00	Lymphocyte and T-cell activation	PRIMARY	SENSITIVITY
M05	GWAS_BLINDED_UNIT_M05	small_module	GO_BP::GO:0042110;GO_BP::GO:0046649	GO_BP::GO:0042110;GO_BP::GO:0045321;GO_BP::GO:0046649	HGNC:9540	PSMB3	0	2	3	0	1	1	1	0	2026-09-09T09:54:35.492033+00:00	Lymphocyte and T-cell activation	PRIMARY	SENSITIVITY
M05	GWAS_BLINDED_UNIT_M05	small_module	GO_BP::GO:0042110;GO_BP::GO:0046649	GO_BP::GO:0042110;GO_BP::GO:0045321;GO_BP::GO:0046649	HGNC:9541	PSMB4	0	2	3	0	1	1	1	0	2026-09-09T09:54:35.492033+00:00	Lymphocyte and T-cell activation	PRIMARY	SENSITIVITY
M05	GWAS_BLINDED_UNIT_M05	small_module	GO_BP::GO:0042110;GO_BP::GO:0046649	GO_BP::GO:0042110;GO_BP::GO:0045321;GO_BP::GO:0046649	HGNC:9545	PSMB8	0	2	3	0	1	1	1	0	2026-09-09T09:54:35.492033+00:00	Lymphocyte and T-cell activation	PRIMARY	SENSITIVITY
M05	GWAS_BLINDED_UNIT_M05	small_module	GO_BP::GO:0042110;GO_BP::GO:0046649	GO_BP::GO:0042110;GO_BP::GO:0045321;GO_BP::GO:0046649	HGNC:9546	PSMB9	0	2	3	0	1	1	1	0	2026-09-09T09:54:35.492033+00:00	Lymphocyte and T-cell activation	PRIMARY	SENSITIVITY
M05	GWAS_BLINDED_UNIT_M05	small_module	GO_BP::GO:0042110;GO_BP::GO:0046649	GO_BP::GO:0042110;GO_BP::GO:0045321;GO_BP::GO:0046649	HGNC:21290	PTCRA	0	2	3	0	1	1	1	0	2026-09-09T09:54:35.492033+00:00	Lymphocyte and T-cell activation	PRIMARY	SENSITIVITY
M05	GWAS_BLINDED_UNIT_M05	small_module	GO_BP::GO:0042110;GO_BP::GO:0046649	GO_BP::GO:0042110;GO_BP::GO:0045321;GO_BP::GO:0046649	HGNC:9596	PTGER4	0	2	3	0	1	1	1	0	2026-09-09T09:54:35.492033+00:00	Lymphocyte and T-cell activation	PRIMARY	SENSITIVITY
M05	GWAS_BLINDED_UNIT_M05	small_module	GO_BP::GO:0042110;GO_BP::GO:0046649	GO_BP::GO:0042110;GO_BP::GO:0045321;GO_BP::GO:0046649	HGNC:9612	PTK2B	0	1	2	0	1	0	1	0	2026-09-09T09:54:35.492033+00:00	Lymphocyte and T-cell activation	PRIMARY	
M05	GWAS_BLINDED_UNIT_M05	small_module	GO_BP::GO:0042110;GO_BP::GO:0046649	GO_BP::GO:0042110;GO_BP::GO:0045321;GO_BP::GO:0046649	HGNC:9650	PTPN2	0	2	3	0	1	1	1	0	2026-09-09T09:54:35.492033+00:00	Lymphocyte and T-cell activation	PRIMARY	SENSITIVITY
M05	GWAS_BLINDED_UNIT_M05	small_module	GO_BP::GO:0042110;GO_BP::GO:0046649	GO_BP::GO:0042110;GO_BP::GO:0045321;GO_BP::GO:0046649	HGNC:9652	PTPN22	0	2	3	0	1	1	1	0	2026-09-09T09:54:35.492033+00:00	Lymphocyte and T-cell activation	PRIMARY	SENSITIVITY
M05	GWAS_BLINDED_UNIT_M05	small_module	GO_BP::GO:0042110;GO_BP::GO:0046649	GO_BP::GO:0042110;GO_BP::GO:0045321;GO_BP::GO:0046649	HGNC:9658	PTPN6	0	2	3	0	1	1	1	0	2026-09-09T09:54:35.492033+00:00	Lymphocyte and T-cell activation	PRIMARY	SENSITIVITY
M05	GWAS_BLINDED_UNIT_M05	small_module	GO_BP::GO:0042110;GO_BP::GO:0046649	GO_BP::GO:0042110;GO_BP::GO:0045321;GO_BP::GO:0046649	HGNC:9666	PTPRC	1	2	3	1	1	1	1	0	2026-09-09T09:54:35.492033+00:00	Lymphocyte and T-cell activation	PRIMARY	SENSITIVITY
M05	GWAS_BLINDED_UNIT_M05	small_module	GO_BP::GO:0042110;GO_BP::GO:0046649	GO_BP::GO:0042110;GO_BP::GO:0045321;GO_BP::GO:0046649	HGNC:9673	PTPRJ	0	1	2	0	1	0	1	0	2026-09-09T09:54:35.492033+00:00	Lymphocyte and T-cell activation	PRIMARY	
M05	GWAS_BLINDED_UNIT_M05	small_module	GO_BP::GO:0042110;GO_BP::GO:0046649	GO_BP::GO:0042110;GO_BP::GO:0045321;GO_BP::GO:0046649	HGNC:16608	PYCARD	0	0	1	0	0	0	1	0	2026-09-09T09:54:35.492033+00:00	Lymphocyte and T-cell activation		
M05	GWAS_BLINDED_UNIT_M05	small_module	GO_BP::GO:0042110;GO_BP::GO:0046649	GO_BP::GO:0042110;GO_BP::GO:0045321;GO_BP::GO:0046649	HGNC:9789	RAB29	0	2	3	0	1	1	1	0	2026-09-09T09:54:35.492033+00:00	Lymphocyte and T-cell activation	PRIMARY	SENSITIVITY
M05	GWAS_BLINDED_UNIT_M05	small_module	GO_BP::GO:0042110;GO_BP::GO:0046649	GO_BP::GO:0042110;GO_BP::GO:0045321;GO_BP::GO:0046649	HGNC:21068	RAB44	0	0	1	0	0	0	1	0	2026-09-09T09:54:35.492033+00:00	Lymphocyte and T-cell activation		
M05	GWAS_BLINDED_UNIT_M05	small_module	GO_BP::GO:0042110;GO_BP::GO:0046649	GO_BP::GO:0042110;GO_BP::GO:0045321;GO_BP::GO:0046649	HGNC:18072	RABL3	0	2	3	0	1	1	1	0	2026-09-09T09:54:35.492033+00:00	Lymphocyte and T-cell activation	PRIMARY	SENSITIVITY
M05	GWAS_BLINDED_UNIT_M05	small_module	GO_BP::GO:0042110;GO_BP::GO:0046649	GO_BP::GO:0042110;GO_BP::GO:0045321;GO_BP::GO:0046649	HGNC:9831	RAG1	0	2	3	0	1	1	1	0	2026-09-09T09:54:35.492033+00:00	Lymphocyte and T-cell activation	PRIMARY	SENSITIVITY
M05	GWAS_BLINDED_UNIT_M05	small_module	GO_BP::GO:0042110;GO_BP::GO:0046649	GO_BP::GO:0042110;GO_BP::GO:0045321;GO_BP::GO:0046649	HGNC:9832	RAG2	0	2	3	0	1	1	1	0	2026-09-09T09:54:35.492033+00:00	Lymphocyte and T-cell activation	PRIMARY	SENSITIVITY
M05	GWAS_BLINDED_UNIT_M05	small_module	GO_BP::GO:0042110;GO_BP::GO:0046649	GO_BP::GO:0042110;GO_BP::GO:0045321;GO_BP::GO:0046649	HGNC:9878	RASGRP1	0	2	3	0	1	1	1	0	2026-09-09T09:54:35.492033+00:00	Lymphocyte and T-cell activation	PRIMARY	SENSITIVITY
M05	GWAS_BLINDED_UNIT_M05	small_module	GO_BP::GO:0042110;GO_BP::GO:0046649	GO_BP::GO:0042110;GO_BP::GO:0045321;GO_BP::GO:0046649	HGNC:9928	RBX1	0	2	3	0	1	1	1	0	2026-09-09T09:54:35.492033+00:00	Lymphocyte and T-cell activation	PRIMARY	SENSITIVITY
M05	GWAS_BLINDED_UNIT_M05	small_module	GO_BP::GO:0042110;GO_BP::GO:0046649	GO_BP::GO:0042110;GO_BP::GO:0045321;GO_BP::GO:0046649	HGNC:9956	RELB	0	1	2	0	1	0	1	0	2026-09-09T09:54:35.492033+00:00	Lymphocyte and T-cell activation	PRIMARY	
M05	GWAS_BLINDED_UNIT_M05	small_module	GO_BP::GO:0042110;GO_BP::GO:0046649	GO_BP::GO:0042110;GO_BP::GO:0045321;GO_BP::GO:0046649	HGNC:667	RHOA	0	2	3	0	1	1	1	0	2026-09-09T09:54:35.492033+00:00	Lymphocyte and T-cell activation	PRIMARY	SENSITIVITY
M05	GWAS_BLINDED_UNIT_M05	small_module	GO_BP::GO:0042110;GO_BP::GO:0046649	GO_BP::GO:0042110;GO_BP::GO:0045321;GO_BP::GO:0046649	HGNC:686	RHOH	0	2	3	0	1	1	1	0	2026-09-09T09:54:35.492033+00:00	Lymphocyte and T-cell activation	PRIMARY	SENSITIVITY
M05	GWAS_BLINDED_UNIT_M05	small_module	GO_BP::GO:0042110;GO_BP::GO:0046649	GO_BP::GO:0042110;GO_BP::GO:0045321;GO_BP::GO:0046649	HGNC:10021	RIPK3	0	2	3	0	1	1	1	0	2026-09-09T09:54:35.492033+00:00	Lymphocyte and T-cell activation	PRIMARY	SENSITIVITY
M05	GWAS_BLINDED_UNIT_M05	small_module	GO_BP::GO:0042110;GO_BP::GO:0046649	GO_BP::GO:0042110;GO_BP::GO:0045321;GO_BP::GO:0046649	HGNC:26661	RNF168	0	1	2	0	1	0	1	0	2026-09-09T09:54:35.492033+00:00	Lymphocyte and T-cell activation	PRIMARY	
M05	GWAS_BLINDED_UNIT_M05	small_module	GO_BP::GO:0042110;GO_BP::GO:0046649	GO_BP::GO:0042110;GO_BP::GO:0045321;GO_BP::GO:0046649	HGNC:10071	RNF8	0	1	2	0	1	0	1	0	2026-09-09T09:54:35.492033+00:00	Lymphocyte and T-cell activation	PRIMARY	
M05	GWAS_BLINDED_UNIT_M05	small_module	GO_BP::GO:0042110;GO_BP::GO:0046649	GO_BP::GO:0042110;GO_BP::GO:0045321;GO_BP::GO:0046649	HGNC:10258	RORA	0	2	3	0	1	1	1	0	2026-09-09T09:54:35.492033+00:00	Lymphocyte and T-cell activation	PRIMARY	SENSITIVITY
M05	GWAS_BLINDED_UNIT_M05	small_module	GO_BP::GO:0042110;GO_BP::GO:0046649	GO_BP::GO:0042110;GO_BP::GO:0045321;GO_BP::GO:0046649	HGNC:10260	RORC	0	2	3	0	1	1	1	0	2026-09-09T09:54:35.492033+00:00	Lymphocyte and T-cell activation	PRIMARY	SENSITIVITY
M05	GWAS_BLINDED_UNIT_M05	small_module	GO_BP::GO:0042110;GO_BP::GO:0046649	GO_BP::GO:0042110;GO_BP::GO:0045321;GO_BP::GO:0046649	HGNC:30908	RSAD2	0	2	3	0	1	1	1	0	2026-09-09T09:54:35.492033+00:00	Lymphocyte and T-cell activation	PRIMARY	SENSITIVITY
M05	GWAS_BLINDED_UNIT_M05	small_module	GO_BP::GO:0042110;GO_BP::GO:0046649	GO_BP::GO:0042110;GO_BP::GO:0045321;GO_BP::GO:0046649	HGNC:10489	S100A12	0	0	1	0	0	0	1	0	2026-09-09T09:54:35.492033+00:00	Lymphocyte and T-cell activation		
M05	GWAS_BLINDED_UNIT_M05	small_module	GO_BP::GO:0042110;GO_BP::GO:0046649	GO_BP::GO:0042110;GO_BP::GO:0045321;GO_BP::GO:0046649	HGNC:10490	S100A13	0	0	1	0	0	0	1	0	2026-09-09T09:54:35.492033+00:00	Lymphocyte and T-cell activation		
M05	GWAS_BLINDED_UNIT_M05	small_module	GO_BP::GO:0042110;GO_BP::GO:0046649	GO_BP::GO:0042110;GO_BP::GO:0045321;GO_BP::GO:0046649	HGNC:29387	SANBR	0	1	2	0	1	0	1	0	2026-09-09T09:54:35.492033+00:00	Lymphocyte and T-cell activation	PRIMARY	
M05	GWAS_BLINDED_UNIT_M05	small_module	GO_BP::GO:0042110;GO_BP::GO:0046649	GO_BP::GO:0042110;GO_BP::GO:0045321;GO_BP::GO:0046649	HGNC:29158	SBNO2	0	0	1	0	0	0	1	0	2026-09-09T09:54:35.492033+00:00	Lymphocyte and T-cell activation		
M05	GWAS_BLINDED_UNIT_M05	small_module	GO_BP::GO:0042110;GO_BP::GO:0046649	GO_BP::GO:0042110;GO_BP::GO:0045321;GO_BP::GO:0046649	HGNC:10583	SCN11A	0	0	1	0	0	0	1	0	2026-09-09T09:54:35.492033+00:00	Lymphocyte and T-cell activation		
M05	GWAS_BLINDED_UNIT_M05	small_module	GO_BP::GO:0042110;GO_BP::GO:0046649	GO_BP::GO:0042110;GO_BP::GO:0045321;GO_BP::GO:0046649	HGNC:30377	SCRIB	0	2	3	0	1	1	1	0	2026-09-09T09:54:35.492033+00:00	Lymphocyte and T-cell activation	PRIMARY	SENSITIVITY
M05	GWAS_BLINDED_UNIT_M05	small_module	GO_BP::GO:0042110;GO_BP::GO:0046649	GO_BP::GO:0042110;GO_BP::GO:0045321;GO_BP::GO:0046649	HGNC:10722	SELPLG	0	0	1	0	0	0	1	0	2026-09-09T09:54:35.492033+00:00	Lymphocyte and T-cell activation		
M05	GWAS_BLINDED_UNIT_M05	small_module	GO_BP::GO:0042110;GO_BP::GO:0046649	GO_BP::GO:0042110;GO_BP::GO:0045321;GO_BP::GO:0046649	HGNC:10729	SEMA4A	0	2	3	0	1	1	1	0	2026-09-09T09:54:35.492033+00:00	Lymphocyte and T-cell activation	PRIMARY	SENSITIVITY
M05	GWAS_BLINDED_UNIT_M05	small_module	GO_BP::GO:0042110;GO_BP::GO:0046649	GO_BP::GO:0042110;GO_BP::GO:0045321;GO_BP::GO:0046649	HGNC:16770	SEMA6D	0	2	3	0	1	1	1	0	2026-09-09T09:54:35.492033+00:00	Lymphocyte and T-cell activation	PRIMARY	SENSITIVITY
M05	GWAS_BLINDED_UNIT_M05	small_module	GO_BP::GO:0042110;GO_BP::GO:0046649	GO_BP::GO:0042110;GO_BP::GO:0045321;GO_BP::GO:0046649	HGNC:10820	SH2D1A	0	1	2	0	1	0	1	0	2026-09-09T09:54:35.492033+00:00	Lymphocyte and T-cell activation	PRIMARY	
M05	GWAS_BLINDED_UNIT_M05	small_module	GO_BP::GO:0042110;GO_BP::GO:0046649	GO_BP::GO:0042110;GO_BP::GO:0045321;GO_BP::GO:0046649	HGNC:30416	SH2D1B	0	0	1	0	0	0	1	0	2026-09-09T09:54:35.492033+00:00	Lymphocyte and T-cell activation		
M05	GWAS_BLINDED_UNIT_M05	small_module	GO_BP::GO:0042110;GO_BP::GO:0046649	GO_BP::GO:0042110;GO_BP::GO:0045321;GO_BP::GO:0046649	HGNC:10821	SH2D2A	0	2	3	0	1	1	1	0	2026-09-09T09:54:35.492033+00:00	Lymphocyte and T-cell activation	PRIMARY	SENSITIVITY
M05	GWAS_BLINDED_UNIT_M05	small_module	GO_BP::GO:0042110;GO_BP::GO:0046649	GO_BP::GO:0042110;GO_BP::GO:0045321;GO_BP::GO:0046649	HGNC:10848	SHH	0	2	3	0	1	1	1	0	2026-09-09T09:54:35.492033+00:00	Lymphocyte and T-cell activation	PRIMARY	SENSITIVITY
M05	GWAS_BLINDED_UNIT_M05	small_module	GO_BP::GO:0042110;GO_BP::GO:0046649	GO_BP::GO:0042110;GO_BP::GO:0045321;GO_BP::GO:0046649	HGNC:17329	SLA2	0	2	3	0	1	1	1	0	2026-09-09T09:54:35.492033+00:00	Lymphocyte and T-cell activation	PRIMARY	SENSITIVITY
M05	GWAS_BLINDED_UNIT_M05	small_module	GO_BP::GO:0042110;GO_BP::GO:0046649	GO_BP::GO:0042110;GO_BP::GO:0045321;GO_BP::GO:0046649	HGNC:10903	SLAMF1	0	1	2	0	1	0	1	0	2026-09-09T09:54:35.492033+00:00	Lymphocyte and T-cell activation	PRIMARY	
M05	GWAS_BLINDED_UNIT_M05	small_module	GO_BP::GO:0042110;GO_BP::GO:0046649	GO_BP::GO:0042110;GO_BP::GO:0045321;GO_BP::GO:0046649	HGNC:21392	SLAMF6	0	2	3	0	1	1	1	0	2026-09-09T09:54:35.492033+00:00	Lymphocyte and T-cell activation	PRIMARY	SENSITIVITY
M05	GWAS_BLINDED_UNIT_M05	small_module	GO_BP::GO:0042110;GO_BP::GO:0046649	GO_BP::GO:0042110;GO_BP::GO:0045321;GO_BP::GO:0046649	HGNC:21394	SLAMF7	0	2	3	0	1	1	1	0	2026-09-09T09:54:35.492033+00:00	Lymphocyte and T-cell activation	PRIMARY	SENSITIVITY
M05	GWAS_BLINDED_UNIT_M05	small_module	GO_BP::GO:0042110;GO_BP::GO:0046649	GO_BP::GO:0042110;GO_BP::GO:0045321;GO_BP::GO:0046649	HGNC:21391	SLAMF8	0	1	2	0	1	0	1	0	2026-09-09T09:54:35.492033+00:00	Lymphocyte and T-cell activation	PRIMARY	
M05	GWAS_BLINDED_UNIT_M05	small_module	GO_BP::GO:0042110;GO_BP::GO:0046649	GO_BP::GO:0042110;GO_BP::GO:0045321;GO_BP::GO:0046649	HGNC:18430	SLAMF9	0	2	3	0	1	1	1	0	2026-09-09T09:54:35.492033+00:00	Lymphocyte and T-cell activation	PRIMARY	SENSITIVITY
M05	GWAS_BLINDED_UNIT_M05	small_module	GO_BP::GO:0042110;GO_BP::GO:0046649	GO_BP::GO:0042110;GO_BP::GO:0045321;GO_BP::GO:0046649	HGNC:10907	SLC11A1	0	2	3	0	1	1	1	0	2026-09-09T09:54:35.492033+00:00	Lymphocyte and T-cell activation	PRIMARY	SENSITIVITY
M05	GWAS_BLINDED_UNIT_M05	small_module	GO_BP::GO:0042110;GO_BP::GO:0046649	GO_BP::GO:0042110;GO_BP::GO:0045321;GO_BP::GO:0046649	HGNC:10935	SLC18A2	0	0	1	0	0	0	1	0	2026-09-09T09:54:35.492033+00:00	Lymphocyte and T-cell activation		
M05	GWAS_BLINDED_UNIT_M05	small_module	GO_BP::GO:0042110;GO_BP::GO:0046649	GO_BP::GO:0042110;GO_BP::GO:0045321;GO_BP::GO:0046649	HGNC:10991	SLC25A5	0	1	2	0	1	0	1	0	2026-09-09T09:54:35.492033+00:00	Lymphocyte and T-cell activation	PRIMARY	
M05	GWAS_BLINDED_UNIT_M05	small_module	GO_BP::GO:0042110;GO_BP::GO:0046649	GO_BP::GO:0042110;GO_BP::GO:0045321;GO_BP::GO:0046649	HGNC:18607	SLC39A6	0	1	2	0	1	0	1	0	2026-09-09T09:54:35.492033+00:00	Lymphocyte and T-cell activation	PRIMARY	
M05	GWAS_BLINDED_UNIT_M05	small_module	GO_BP::GO:0042110;GO_BP::GO:0046649	GO_BP::GO:0042110;GO_BP::GO:0045321;GO_BP::GO:0046649	HGNC:4927	SLC39A7	0	1	2	0	1	0	1	0	2026-09-09T09:54:35.492033+00:00	Lymphocyte and T-cell activation	PRIMARY	
M05	GWAS_BLINDED_UNIT_M05	small_module	GO_BP::GO:0042110;GO_BP::GO:0046649	GO_BP::GO:0042110;GO_BP::GO:0045321;GO_BP::GO:0046649	HGNC:6769	SMAD3	0	2	3	0	1	1	1	0	2026-09-09T09:54:35.492033+00:00	Lymphocyte and T-cell activation	PRIMARY	SENSITIVITY
M05	GWAS_BLINDED_UNIT_M05	small_module	GO_BP::GO:0042110;GO_BP::GO:0046649	GO_BP::GO:0042110;GO_BP::GO:0045321;GO_BP::GO:0046649	HGNC:14011	SMC2	0	1	2	0	1	0	1	0	2026-09-09T09:54:35.492033+00:00	Lymphocyte and T-cell activation	PRIMARY	
M05	GWAS_BLINDED_UNIT_M05	small_module	GO_BP::GO:0042110;GO_BP::GO:0046649	GO_BP::GO:0042110;GO_BP::GO:0045321;GO_BP::GO:0046649	HGNC:14013	SMC4	0	1	2	0	1	0	1	0	2026-09-09T09:54:35.492033+00:00	Lymphocyte and T-cell activation	PRIMARY	
M05	GWAS_BLINDED_UNIT_M05	small_module	GO_BP::GO:0042110;GO_BP::GO:0046649	GO_BP::GO:0042110;GO_BP::GO:0045321;GO_BP::GO:0046649	HGNC:11131	SNAP23	0	2	3	0	1	1	1	0	2026-09-09T09:54:35.492033+00:00	Lymphocyte and T-cell activation	PRIMARY	SENSITIVITY
M05	GWAS_BLINDED_UNIT_M05	small_module	GO_BP::GO:0042110;GO_BP::GO:0046649	GO_BP::GO:0042110;GO_BP::GO:0045321;GO_BP::GO:0046649	HGNC:11138	SNCA	0	0	1	0	0	0	1	0	2026-09-09T09:54:35.492033+00:00	Lymphocyte and T-cell activation		
M05	GWAS_BLINDED_UNIT_M05	small_module	GO_BP::GO:0042110;GO_BP::GO:0046649	GO_BP::GO:0042110;GO_BP::GO:0045321;GO_BP::GO:0046649	HGNC:20073	SNX27	0	1	2	0	1	0	1	0	2026-09-09T09:54:35.492033+00:00	Lymphocyte and T-cell activation	PRIMARY	
M05	GWAS_BLINDED_UNIT_M05	small_module	GO_BP::GO:0042110;GO_BP::GO:0046649	GO_BP::GO:0042110;GO_BP::GO:0045321;GO_BP::GO:0046649	HGNC:19391	SOCS3	0	2	3	0	1	1	1	0	2026-09-09T09:54:35.492033+00:00	Lymphocyte and T-cell activation	PRIMARY	SENSITIVITY
M05	GWAS_BLINDED_UNIT_M05	small_module	GO_BP::GO:0042110;GO_BP::GO:0046649	GO_BP::GO:0042110;GO_BP::GO:0045321;GO_BP::GO:0046649	HGNC:11187	SOS1	0	2	3	0	1	1	1	0	2026-09-09T09:54:35.492033+00:00	Lymphocyte and T-cell activation	PRIMARY	SENSITIVITY
M05	GWAS_BLINDED_UNIT_M05	small_module	GO_BP::GO:0042110;GO_BP::GO:0046649	GO_BP::GO:0042110;GO_BP::GO:0045321;GO_BP::GO:0046649	HGNC:11192	SOX13	0	2	3	0	1	1	1	0	2026-09-09T09:54:35.492033+00:00	Lymphocyte and T-cell activation	PRIMARY	SENSITIVITY
M05	GWAS_BLINDED_UNIT_M05	small_module	GO_BP::GO:0042110;GO_BP::GO:0046649	GO_BP::GO:0042110;GO_BP::GO:0045321;GO_BP::GO:0046649	HGNC:11200	SOX4	0	2	3	0	1	1	1	0	2026-09-09T09:54:35.492033+00:00	Lymphocyte and T-cell activation	PRIMARY	SENSITIVITY
M05	GWAS_BLINDED_UNIT_M05	small_module	GO_BP::GO:0042110;GO_BP::GO:0046649	GO_BP::GO:0042110;GO_BP::GO:0045321;GO_BP::GO:0046649	HGNC:16260	SPACA3	0	0	1	0	0	0	1	0	2026-09-09T09:54:35.492033+00:00	Lymphocyte and T-cell activation		
M05	GWAS_BLINDED_UNIT_M05	small_module	GO_BP::GO:0042110;GO_BP::GO:0046649	GO_BP::GO:0042110;GO_BP::GO:0045321;GO_BP::GO:0046649	HGNC:11241	SPI1	0	2	3	0	1	1	1	0	2026-09-09T09:54:35.492033+00:00	Lymphocyte and T-cell activation	PRIMARY	SENSITIVITY
M05	GWAS_BLINDED_UNIT_M05	small_module	GO_BP::GO:0042110;GO_BP::GO:0046649	GO_BP::GO:0042110;GO_BP::GO:0045321;GO_BP::GO:0046649	HGNC:11242	SPIB	0	1	2	0	1	0	1	0	2026-09-09T09:54:35.492033+00:00	Lymphocyte and T-cell activation	PRIMARY	
M05	GWAS_BLINDED_UNIT_M05	small_module	GO_BP::GO:0042110;GO_BP::GO:0046649	GO_BP::GO:0042110;GO_BP::GO:0045321;GO_BP::GO:0046649	HGNC:11249	SPN	0	2	3	0	1	1	1	0	2026-09-09T09:54:35.492033+00:00	Lymphocyte and T-cell activation	PRIMARY	SENSITIVITY
M05	GWAS_BLINDED_UNIT_M05	small_module	GO_BP::GO:0042110;GO_BP::GO:0046649	GO_BP::GO:0042110;GO_BP::GO:0045321;GO_BP::GO:0046649	HGNC:10862	ST3GAL1	0	1	2	0	1	0	1	0	2026-09-09T09:54:35.492033+00:00	Lymphocyte and T-cell activation	PRIMARY	
M05	GWAS_BLINDED_UNIT_M05	small_module	GO_BP::GO:0042110;GO_BP::GO:0046649	GO_BP::GO:0042110;GO_BP::GO:0045321;GO_BP::GO:0046649	HGNC:11364	STAT3	0	2	3	0	1	1	1	0	2026-09-09T09:54:35.492033+00:00	Lymphocyte and T-cell activation	PRIMARY	SENSITIVITY
M05	GWAS_BLINDED_UNIT_M05	small_module	GO_BP::GO:0042110;GO_BP::GO:0046649	GO_BP::GO:0042110;GO_BP::GO:0045321;GO_BP::GO:0046649	HGNC:11365	STAT4	0	2	3	0	1	1	1	0	2026-09-09T09:54:35.492033+00:00	Lymphocyte and T-cell activation	PRIMARY	SENSITIVITY
M05	GWAS_BLINDED_UNIT_M05	small_module	GO_BP::GO:0042110;GO_BP::GO:0046649	GO_BP::GO:0042110;GO_BP::GO:0045321;GO_BP::GO:0046649	HGNC:17717	STK39	0	0	1	0	0	0	1	0	2026-09-09T09:54:35.492033+00:00	Lymphocyte and T-cell activation		
M05	GWAS_BLINDED_UNIT_M05	small_module	GO_BP::GO:0042110;GO_BP::GO:0046649	GO_BP::GO:0042110;GO_BP::GO:0045321;GO_BP::GO:0046649	HGNC:14559	STOML2	0	2	3	0	1	1	1	0	2026-09-09T09:54:35.492033+00:00	Lymphocyte and T-cell activation	PRIMARY	SENSITIVITY
M05	GWAS_BLINDED_UNIT_M05	small_module	GO_BP::GO:0042110;GO_BP::GO:0046649	GO_BP::GO:0042110;GO_BP::GO:0045321;GO_BP::GO:0046649	HGNC:11429	STX11	0	2	3	0	1	1	1	0	2026-09-09T09:54:35.492033+00:00	Lymphocyte and T-cell activation	PRIMARY	SENSITIVITY
M05	GWAS_BLINDED_UNIT_M05	small_module	GO_BP::GO:0042110;GO_BP::GO:0046649	GO_BP::GO:0042110;GO_BP::GO:0045321;GO_BP::GO:0046649	HGNC:11445	STXBP2	0	2	3	0	1	1	1	0	2026-09-09T09:54:35.492033+00:00	Lymphocyte and T-cell activation	PRIMARY	SENSITIVITY
M05	GWAS_BLINDED_UNIT_M05	small_module	GO_BP::GO:0042110;GO_BP::GO:0046649	GO_BP::GO:0042110;GO_BP::GO:0045321;GO_BP::GO:0046649	HGNC:11446	STXBP3	0	0	1	0	0	0	1	0	2026-09-09T09:54:35.492033+00:00	Lymphocyte and T-cell activation		
M05	GWAS_BLINDED_UNIT_M05	small_module	GO_BP::GO:0042110;GO_BP::GO:0046649	GO_BP::GO:0042110;GO_BP::GO:0045321;GO_BP::GO:0046649	HGNC:11491	SYK	0	0	1	0	0	0	1	0	2026-09-09T09:54:35.492033+00:00	Lymphocyte and T-cell activation		
M05	GWAS_BLINDED_UNIT_M05	small_module	GO_BP::GO:0042110;GO_BP::GO:0046649	GO_BP::GO:0042110;GO_BP::GO:0045321;GO_BP::GO:0046649	HGNC:20738	SYVN1	0	1	2	0	1	0	1	0	2026-09-09T09:54:35.492033+00:00	Lymphocyte and T-cell activation	PRIMARY	
M05	GWAS_BLINDED_UNIT_M05	small_module	GO_BP::GO:0042110;GO_BP::GO:0046649	GO_BP::GO:0042110;GO_BP::GO:0045321;GO_BP::GO:0046649	HGNC:18133	TAOK3	0	1	2	0	1	0	1	0	2026-09-09T09:54:35.492033+00:00	Lymphocyte and T-cell activation	PRIMARY	
M05	GWAS_BLINDED_UNIT_M05	small_module	GO_BP::GO:0042110;GO_BP::GO:0046649	GO_BP::GO:0042110;GO_BP::GO:0045321;GO_BP::GO:0046649	HGNC:11584	TBK1	0	2	3	0	1	1	1	0	2026-09-09T09:54:35.492033+00:00	Lymphocyte and T-cell activation	PRIMARY	SENSITIVITY
M05	GWAS_BLINDED_UNIT_M05	small_module	GO_BP::GO:0042110;GO_BP::GO:0046649	GO_BP::GO:0042110;GO_BP::GO:0045321;GO_BP::GO:0046649	HGNC:11599	TBX21	0	2	3	0	1	1	1	0	2026-09-09T09:54:35.492033+00:00	Lymphocyte and T-cell activation	PRIMARY	SENSITIVITY
M05	GWAS_BLINDED_UNIT_M05	small_module	GO_BP::GO:0042110;GO_BP::GO:0046649	GO_BP::GO:0042110;GO_BP::GO:0045321;GO_BP::GO:0046649	HGNC:11633	TCF3	0	1	2	0	1	0	1	0	2026-09-09T09:54:35.492033+00:00	Lymphocyte and T-cell activation	PRIMARY	
M05	GWAS_BLINDED_UNIT_M05	small_module	GO_BP::GO:0042110;GO_BP::GO:0046649	GO_BP::GO:0042110;GO_BP::GO:0045321;GO_BP::GO:0046649	HGNC:11639	TCF7	0	2	3	0	1	1	1	0	2026-09-09T09:54:35.492033+00:00	Lymphocyte and T-cell activation	PRIMARY	SENSITIVITY
M05	GWAS_BLINDED_UNIT_M05	small_module	GO_BP::GO:0042110;GO_BP::GO:0046649	GO_BP::GO:0042110;GO_BP::GO:0045321;GO_BP::GO:0046649	HGNC:11766	TGFB1	0	2	3	0	1	1	1	0	2026-09-09T09:54:35.492033+00:00	Lymphocyte and T-cell activation	PRIMARY	SENSITIVITY
M05	GWAS_BLINDED_UNIT_M05	small_module	GO_BP::GO:0042110;GO_BP::GO:0046649	GO_BP::GO:0042110;GO_BP::GO:0045321;GO_BP::GO:0046649	HGNC:11773	TGFBR2	0	0	1	0	0	0	1	0	2026-09-09T09:54:35.492033+00:00	Lymphocyte and T-cell activation		
M05	GWAS_BLINDED_UNIT_M05	small_module	GO_BP::GO:0042110;GO_BP::GO:0046649	GO_BP::GO:0042110;GO_BP::GO:0045321;GO_BP::GO:0046649	HGNC:21569	THEMIS	0	2	3	0	1	1	1	0	2026-09-09T09:54:35.492033+00:00	Lymphocyte and T-cell activation	PRIMARY	SENSITIVITY
M05	GWAS_BLINDED_UNIT_M05	small_module	GO_BP::GO:0042110;GO_BP::GO:0046649	GO_BP::GO:0042110;GO_BP::GO:0045321;GO_BP::GO:0046649	HGNC:11847	TLR1	0	0	1	0	0	0	1	0	2026-09-09T09:54:35.492033+00:00	Lymphocyte and T-cell activation		
M05	GWAS_BLINDED_UNIT_M05	small_module	GO_BP::GO:0042110;GO_BP::GO:0046649	GO_BP::GO:0042110;GO_BP::GO:0045321;GO_BP::GO:0046649	HGNC:11850	TLR4	0	0	1	0	0	0	1	0	2026-09-09T09:54:35.492033+00:00	Lymphocyte and T-cell activation		
M05	GWAS_BLINDED_UNIT_M05	small_module	GO_BP::GO:0042110;GO_BP::GO:0046649	GO_BP::GO:0042110;GO_BP::GO:0045321;GO_BP::GO:0046649	HGNC:16711	TLR6	0	0	1	0	0	0	1	0	2026-09-09T09:54:35.492033+00:00	Lymphocyte and T-cell activation		
M05	GWAS_BLINDED_UNIT_M05	small_module	GO_BP::GO:0042110;GO_BP::GO:0046649	GO_BP::GO:0042110;GO_BP::GO:0045321;GO_BP::GO:0046649	HGNC:15633	TLR9	0	0	1	0	0	0	1	0	2026-09-09T09:54:35.492033+00:00	Lymphocyte and T-cell activation		
M05	GWAS_BLINDED_UNIT_M05	small_module	GO_BP::GO:0042110;GO_BP::GO:0046649	GO_BP::GO:0042110;GO_BP::GO:0045321;GO_BP::GO:0046649	HGNC:28288	TMEM106A	0	0	1	0	0	0	1	0	2026-09-09T09:54:35.492033+00:00	Lymphocyte and T-cell activation		
M05	GWAS_BLINDED_UNIT_M05	small_module	GO_BP::GO:0042110;GO_BP::GO:0046649	GO_BP::GO:0042110;GO_BP::GO:0045321;GO_BP::GO:0046649	HGNC:24529	TMEM98	0	2	3	0	1	1	1	0	2026-09-09T09:54:35.492033+00:00	Lymphocyte and T-cell activation	PRIMARY	SENSITIVITY
M05	GWAS_BLINDED_UNIT_M05	small_module	GO_BP::GO:0042110;GO_BP::GO:0046649	GO_BP::GO:0042110;GO_BP::GO:0045321;GO_BP::GO:0046649	HGNC:11892	TNF	0	0	1	0	0	0	1	0	2026-09-09T09:54:35.492033+00:00	Lymphocyte and T-cell activation		
M05	GWAS_BLINDED_UNIT_M05	small_module	GO_BP::GO:0042110;GO_BP::GO:0046649	GO_BP::GO:0042110;GO_BP::GO:0045321;GO_BP::GO:0046649	HGNC:11912	TNFRSF14	0	2	3	0	1	1	1	0	2026-09-09T09:54:35.492033+00:00	Lymphocyte and T-cell activation	PRIMARY	SENSITIVITY
M05	GWAS_BLINDED_UNIT_M05	small_module	GO_BP::GO:0042110;GO_BP::GO:0046649	GO_BP::GO:0042110;GO_BP::GO:0045321;GO_BP::GO:0046649	HGNC:11918	TNFRSF4	0	2	3	0	1	1	1	0	2026-09-09T09:54:35.492033+00:00	Lymphocyte and T-cell activation	PRIMARY	SENSITIVITY
M05	GWAS_BLINDED_UNIT_M05	small_module	GO_BP::GO:0042110;GO_BP::GO:0046649	GO_BP::GO:0042110;GO_BP::GO:0045321;GO_BP::GO:0046649	HGNC:11929	TNFSF13B	0	1	2	0	1	0	1	0	2026-09-09T09:54:35.492033+00:00	Lymphocyte and T-cell activation	PRIMARY	
M05	GWAS_BLINDED_UNIT_M05	small_module	GO_BP::GO:0042110;GO_BP::GO:0046649	GO_BP::GO:0042110;GO_BP::GO:0045321;GO_BP::GO:0046649	HGNC:11930	TNFSF14	0	2	3	0	1	1	1	0	2026-09-09T09:54:35.492033+00:00	Lymphocyte and T-cell activation	PRIMARY	SENSITIVITY
M05	GWAS_BLINDED_UNIT_M05	small_module	GO_BP::GO:0042110;GO_BP::GO:0046649	GO_BP::GO:0042110;GO_BP::GO:0045321;GO_BP::GO:0046649	HGNC:11932	TNFSF18	0	2	3	0	1	1	1	0	2026-09-09T09:54:35.492033+00:00	Lymphocyte and T-cell activation	PRIMARY	SENSITIVITY
M05	GWAS_BLINDED_UNIT_M05	small_module	GO_BP::GO:0042110;GO_BP::GO:0046649	GO_BP::GO:0042110;GO_BP::GO:0045321;GO_BP::GO:0046649	HGNC:11934	TNFSF4	0	2	3	0	1	1	1	0	2026-09-09T09:54:35.492033+00:00	Lymphocyte and T-cell activation	PRIMARY	SENSITIVITY
M05	GWAS_BLINDED_UNIT_M05	small_module	GO_BP::GO:0042110;GO_BP::GO:0046649	GO_BP::GO:0042110;GO_BP::GO:0045321;GO_BP::GO:0046649	HGNC:11938	TNFSF8	0	2	3	0	1	1	1	0	2026-09-09T09:54:35.492033+00:00	Lymphocyte and T-cell activation	PRIMARY	SENSITIVITY
M05	GWAS_BLINDED_UNIT_M05	small_module	GO_BP::GO:0042110;GO_BP::GO:0046649	GO_BP::GO:0042110;GO_BP::GO:0045321;GO_BP::GO:0046649	HGNC:16476	TOLLIP	0	0	1	0	0	0	1	0	2026-09-09T09:54:35.492033+00:00	Lymphocyte and T-cell activation		
M05	GWAS_BLINDED_UNIT_M05	small_module	GO_BP::GO:0042110;GO_BP::GO:0046649	GO_BP::GO:0042110;GO_BP::GO:0045321;GO_BP::GO:0046649	HGNC:11990	TOP2B	1	1	2	1	1	0	1	0	2026-09-09T09:54:35.492033+00:00	Lymphocyte and T-cell activation	PRIMARY	
M05	GWAS_BLINDED_UNIT_M05	small_module	GO_BP::GO:0042110;GO_BP::GO:0046649	GO_BP::GO:0042110;GO_BP::GO:0045321;GO_BP::GO:0046649	HGNC:18988	TOX	0	2	3	0	1	1	1	0	2026-09-09T09:54:35.492033+00:00	Lymphocyte and T-cell activation	PRIMARY	SENSITIVITY
M05	GWAS_BLINDED_UNIT_M05	small_module	GO_BP::GO:0042110;GO_BP::GO:0046649	GO_BP::GO:0042110;GO_BP::GO:0045321;GO_BP::GO:0046649	HGNC:12005	TPD52	0	1	2	0	1	0	1	0	2026-09-09T09:54:35.492033+00:00	Lymphocyte and T-cell activation	PRIMARY	
M05	GWAS_BLINDED_UNIT_M05	small_module	GO_BP::GO:0042110;GO_BP::GO:0046649	GO_BP::GO:0042110;GO_BP::GO:0045321;GO_BP::GO:0046649	HGNC:12032	TRAF2	0	2	3	0	1	1	1	0	2026-09-09T09:54:35.492033+00:00	Lymphocyte and T-cell activation	PRIMARY	SENSITIVITY
M05	GWAS_BLINDED_UNIT_M05	small_module	GO_BP::GO:0042110;GO_BP::GO:0046649	GO_BP::GO:0042110;GO_BP::GO:0045321;GO_BP::GO:0046649	HGNC:1343	TRAF3IP2	0	2	3	0	1	1	1	0	2026-09-09T09:54:35.492033+00:00	Lymphocyte and T-cell activation	PRIMARY	SENSITIVITY
M05	GWAS_BLINDED_UNIT_M05	small_module	GO_BP::GO:0042110;GO_BP::GO:0046649	GO_BP::GO:0042110;GO_BP::GO:0045321;GO_BP::GO:0046649	HGNC:17761	TREM2	0	2	3	0	1	1	1	0	2026-09-09T09:54:35.492033+00:00	Lymphocyte and T-cell activation	PRIMARY	SENSITIVITY
M05	GWAS_BLINDED_UNIT_M05	small_module	GO_BP::GO:0042110;GO_BP::GO:0046649	GO_BP::GO:0042110;GO_BP::GO:0045321;GO_BP::GO:0046649	HGNC:21092	TREML2	0	2	3	0	1	1	1	0	2026-09-09T09:54:35.492033+00:00	Lymphocyte and T-cell activation	PRIMARY	SENSITIVITY
M05	GWAS_BLINDED_UNIT_M05	small_module	GO_BP::GO:0042110;GO_BP::GO:0046649	GO_BP::GO:0042110;GO_BP::GO:0045321;GO_BP::GO:0046649	HGNC:12449	TYROBP	0	2	3	0	1	1	1	0	2026-09-09T09:54:35.492033+00:00	Lymphocyte and T-cell activation	PRIMARY	SENSITIVITY
M05	GWAS_BLINDED_UNIT_M05	small_module	GO_BP::GO:0042110;GO_BP::GO:0046649	GO_BP::GO:0042110;GO_BP::GO:0045321;GO_BP::GO:0046649	HGNC:18795	UBD	0	0	1	0	0	0	1	0	2026-09-09T09:54:35.492033+00:00	Lymphocyte and T-cell activation		
M05	GWAS_BLINDED_UNIT_M05	small_module	GO_BP::GO:0042110;GO_BP::GO:0046649	GO_BP::GO:0042110;GO_BP::GO:0045321;GO_BP::GO:0046649	HGNC:14893	ULBP1	0	1	2	0	1	0	1	0	2026-09-09T09:54:35.492033+00:00	Lymphocyte and T-cell activation	PRIMARY	
M05	GWAS_BLINDED_UNIT_M05	small_module	GO_BP::GO:0042110;GO_BP::GO:0046649	GO_BP::GO:0042110;GO_BP::GO:0045321;GO_BP::GO:0046649	HGNC:14894	ULBP2	0	1	2	0	1	0	1	0	2026-09-09T09:54:35.492033+00:00	Lymphocyte and T-cell activation	PRIMARY	
M05	GWAS_BLINDED_UNIT_M05	small_module	GO_BP::GO:0042110;GO_BP::GO:0046649	GO_BP::GO:0042110;GO_BP::GO:0045321;GO_BP::GO:0046649	HGNC:14895	ULBP3	0	1	2	0	1	0	1	0	2026-09-09T09:54:35.492033+00:00	Lymphocyte and T-cell activation	PRIMARY	
M05	GWAS_BLINDED_UNIT_M05	small_module	GO_BP::GO:0042110;GO_BP::GO:0046649	GO_BP::GO:0042110;GO_BP::GO:0045321;GO_BP::GO:0046649	HGNC:20064	USP44	0	2	3	0	1	1	1	0	2026-09-09T09:54:35.492033+00:00	Lymphocyte and T-cell activation	PRIMARY	SENSITIVITY
M05	GWAS_BLINDED_UNIT_M05	small_module	GO_BP::GO:0042110;GO_BP::GO:0046649	GO_BP::GO:0042110;GO_BP::GO:0045321;GO_BP::GO:0046649	HGNC:12643	VAMP2	0	0	1	0	0	0	1	0	2026-09-09T09:54:35.492033+00:00	Lymphocyte and T-cell activation		
M05	GWAS_BLINDED_UNIT_M05	small_module	GO_BP::GO:0042110;GO_BP::GO:0046649	GO_BP::GO:0042110;GO_BP::GO:0045321;GO_BP::GO:0046649	HGNC:11486	VAMP7	0	1	2	0	1	0	1	0	2026-09-09T09:54:35.492033+00:00	Lymphocyte and T-cell activation	PRIMARY	
M05	GWAS_BLINDED_UNIT_M05	small_module	GO_BP::GO:0042110;GO_BP::GO:0046649	GO_BP::GO:0042110;GO_BP::GO:0045321;GO_BP::GO:0046649	HGNC:12647	VAMP8	0	2	3	0	1	1	1	0	2026-09-09T09:54:35.492033+00:00	Lymphocyte and T-cell activation	PRIMARY	SENSITIVITY
M05	GWAS_BLINDED_UNIT_M05	small_module	GO_BP::GO:0042110;GO_BP::GO:0046649	GO_BP::GO:0042110;GO_BP::GO:0045321;GO_BP::GO:0046649	HGNC:12657	VAV1	0	1	2	0	1	0	1	0	2026-09-09T09:54:35.492033+00:00	Lymphocyte and T-cell activation	PRIMARY	
M05	GWAS_BLINDED_UNIT_M05	small_module	GO_BP::GO:0042110;GO_BP::GO:0046649	GO_BP::GO:0042110;GO_BP::GO:0045321;GO_BP::GO:0046649	HGNC:12663	VCAM1	0	1	2	0	1	0	1	0	2026-09-09T09:54:35.492033+00:00	Lymphocyte and T-cell activation	PRIMARY	
M05	GWAS_BLINDED_UNIT_M05	small_module	GO_BP::GO:0042110;GO_BP::GO:0046649	GO_BP::GO:0042110;GO_BP::GO:0045321;GO_BP::GO:0046649	HGNC:14544	WNK4	0	0	1	0	0	0	1	0	2026-09-09T09:54:35.492033+00:00	Lymphocyte and T-cell activation		
M05	GWAS_BLINDED_UNIT_M05	small_module	GO_BP::GO:0042110;GO_BP::GO:0046649	GO_BP::GO:0042110;GO_BP::GO:0045321;GO_BP::GO:0046649	HGNC:12856	YY1	0	1	2	0	1	0	1	0	2026-09-09T09:54:35.492033+00:00	Lymphocyte and T-cell activation	PRIMARY	
M05	GWAS_BLINDED_UNIT_M05	small_module	GO_BP::GO:0042110;GO_BP::GO:0046649	GO_BP::GO:0042110;GO_BP::GO:0045321;GO_BP::GO:0046649	HGNC:12858	ZAP70	0	2	3	0	1	1	1	0	2026-09-09T09:54:35.492033+00:00	Lymphocyte and T-cell activation	PRIMARY	SENSITIVITY
M05	GWAS_BLINDED_UNIT_M05	small_module	GO_BP::GO:0042110;GO_BP::GO:0046649	GO_BP::GO:0042110;GO_BP::GO:0045321;GO_BP::GO:0046649	HGNC:12930	ZBTB16	0	2	3	0	1	1	1	0	2026-09-09T09:54:35.492033+00:00	Lymphocyte and T-cell activation	PRIMARY	SENSITIVITY
M05	GWAS_BLINDED_UNIT_M05	small_module	GO_BP::GO:0042110;GO_BP::GO:0046649	GO_BP::GO:0042110;GO_BP::GO:0045321;GO_BP::GO:0046649	HGNC:12915	ZBTB35	0	2	3	0	1	1	1	0	2026-09-09T09:54:35.492033+00:00	Lymphocyte and T-cell activation	PRIMARY	SENSITIVITY
M05	GWAS_BLINDED_UNIT_M05	small_module	GO_BP::GO:0042110;GO_BP::GO:0046649	GO_BP::GO:0042110;GO_BP::GO:0045321;GO_BP::GO:0046649	HGNC:16094	ZBTB46	0	2	3	0	1	1	1	0	2026-09-09T09:54:35.492033+00:00	Lymphocyte and T-cell activation	PRIMARY	SENSITIVITY
M05	GWAS_BLINDED_UNIT_M05	small_module	GO_BP::GO:0042110;GO_BP::GO:0046649	GO_BP::GO:0042110;GO_BP::GO:0045321;GO_BP::GO:0046649	HGNC:18078	ZBTB7A	0	1	2	0	1	0	1	0	2026-09-09T09:54:35.492033+00:00	Lymphocyte and T-cell activation	PRIMARY	
M05	GWAS_BLINDED_UNIT_M05	small_module	GO_BP::GO:0042110;GO_BP::GO:0046649	GO_BP::GO:0042110;GO_BP::GO:0045321;GO_BP::GO:0046649	HGNC:18668	ZBTB7B	0	2	3	0	1	1	1	0	2026-09-09T09:54:35.492033+00:00	Lymphocyte and T-cell activation	PRIMARY	SENSITIVITY
M05	GWAS_BLINDED_UNIT_M05	small_module	GO_BP::GO:0042110;GO_BP::GO:0046649	GO_BP::GO:0042110;GO_BP::GO:0045321;GO_BP::GO:0046649	HGNC:1107	ZFP36L1	0	2	3	0	1	1	1	0	2026-09-09T09:54:35.492033+00:00	Lymphocyte and T-cell activation	PRIMARY	SENSITIVITY
M05	GWAS_BLINDED_UNIT_M05	small_module	GO_BP::GO:0042110;GO_BP::GO:0046649	GO_BP::GO:0042110;GO_BP::GO:0045321;GO_BP::GO:0046649	HGNC:1108	ZFP36L2	0	2	3	0	1	1	1	0	2026-09-09T09:54:35.492033+00:00	Lymphocyte and T-cell activation	PRIMARY	SENSITIVITY
M05	GWAS_BLINDED_UNIT_M05	small_module	GO_BP::GO:0042110;GO_BP::GO:0046649	GO_BP::GO:0042110;GO_BP::GO:0045321;GO_BP::GO:0046649	HGNC:19762	ZFPM1	0	2	3	0	1	1	1	0	2026-09-09T09:54:35.492033+00:00	Lymphocyte and T-cell activation	PRIMARY	SENSITIVITY
M05	GWAS_BLINDED_UNIT_M05	small_module	GO_BP::GO:0042110;GO_BP::GO:0046649	GO_BP::GO:0042110;GO_BP::GO:0045321;GO_BP::GO:0046649	HGNC:13089	ZNF3	0	0	1	0	0	0	1	0	2026-09-09T09:54:35.492033+00:00	Lymphocyte and T-cell activation		
M06	GWAS_BLINDED_UNIT_M06	small_module	Reactome::R-HSA-389957;Reactome::R-HSA-390450	Reactome::R-HSA-389957;Reactome::R-HSA-390450	HGNC:132	ACTB	1	2	2	1	1	1	1	0	2026-09-09T09:54:35.492033+00:00	CCT/TriC-mediated actin folding	PRIMARY	SENSITIVITY
M06	GWAS_BLINDED_UNIT_M06	small_module	Reactome::R-HSA-389957;Reactome::R-HSA-390450	Reactome::R-HSA-389957;Reactome::R-HSA-390450	HGNC:1615	CCT2	0	2	2	0	1	1	1	0	2026-09-09T09:54:35.492033+00:00	CCT/TriC-mediated actin folding	PRIMARY	SENSITIVITY
M06	GWAS_BLINDED_UNIT_M06	small_module	Reactome::R-HSA-389957;Reactome::R-HSA-390450	Reactome::R-HSA-389957;Reactome::R-HSA-390450	HGNC:1616	CCT3	0	2	2	0	1	1	1	0	2026-09-09T09:54:35.492033+00:00	CCT/TriC-mediated actin folding	PRIMARY	SENSITIVITY
M06	GWAS_BLINDED_UNIT_M06	small_module	Reactome::R-HSA-389957;Reactome::R-HSA-390450	Reactome::R-HSA-389957;Reactome::R-HSA-390450	HGNC:1617	CCT4	0	2	2	0	1	1	1	0	2026-09-09T09:54:35.492033+00:00	CCT/TriC-mediated actin folding	PRIMARY	SENSITIVITY
M06	GWAS_BLINDED_UNIT_M06	small_module	Reactome::R-HSA-389957;Reactome::R-HSA-390450	Reactome::R-HSA-389957;Reactome::R-HSA-390450	HGNC:1618	CCT5	0	2	2	0	1	1	1	0	2026-09-09T09:54:35.492033+00:00	CCT/TriC-mediated actin folding	PRIMARY	SENSITIVITY
M06	GWAS_BLINDED_UNIT_M06	small_module	Reactome::R-HSA-389957;Reactome::R-HSA-390450	Reactome::R-HSA-389957;Reactome::R-HSA-390450	HGNC:1620	CCT6A	0	2	2	0	1	1	1	0	2026-09-09T09:54:35.492033+00:00	CCT/TriC-mediated actin folding	PRIMARY	SENSITIVITY
M06	GWAS_BLINDED_UNIT_M06	small_module	Reactome::R-HSA-389957;Reactome::R-HSA-390450	Reactome::R-HSA-389957;Reactome::R-HSA-390450	HGNC:1621	CCT6B	0	2	2	0	1	1	1	0	2026-09-09T09:54:35.492033+00:00	CCT/TriC-mediated actin folding	PRIMARY	SENSITIVITY
M06	GWAS_BLINDED_UNIT_M06	small_module	Reactome::R-HSA-389957;Reactome::R-HSA-390450	Reactome::R-HSA-389957;Reactome::R-HSA-390450	HGNC:1622	CCT7	0	2	2	0	1	1	1	0	2026-09-09T09:54:35.492033+00:00	CCT/TriC-mediated actin folding	PRIMARY	SENSITIVITY
M06	GWAS_BLINDED_UNIT_M06	small_module	Reactome::R-HSA-389957;Reactome::R-HSA-390450	Reactome::R-HSA-389957;Reactome::R-HSA-390450	HGNC:1623	CCT8	0	2	2	0	1	1	1	0	2026-09-09T09:54:35.492033+00:00	CCT/TriC-mediated actin folding	PRIMARY	SENSITIVITY
M06	GWAS_BLINDED_UNIT_M06	small_module	Reactome::R-HSA-389957;Reactome::R-HSA-390450	Reactome::R-HSA-389957;Reactome::R-HSA-390450	HGNC:8866	PFDN1	0	1	1	0	1	0	1	0	2026-09-09T09:54:35.492033+00:00	CCT/TriC-mediated actin folding	PRIMARY	
M06	GWAS_BLINDED_UNIT_M06	small_module	Reactome::R-HSA-389957;Reactome::R-HSA-390450	Reactome::R-HSA-389957;Reactome::R-HSA-390450	HGNC:8867	PFDN2	0	1	1	0	1	0	1	0	2026-09-09T09:54:35.492033+00:00	CCT/TriC-mediated actin folding	PRIMARY	
M06	GWAS_BLINDED_UNIT_M06	small_module	Reactome::R-HSA-389957;Reactome::R-HSA-390450	Reactome::R-HSA-389957;Reactome::R-HSA-390450	HGNC:8868	PFDN4	0	1	1	0	1	0	1	0	2026-09-09T09:54:35.492033+00:00	CCT/TriC-mediated actin folding	PRIMARY	
M06	GWAS_BLINDED_UNIT_M06	small_module	Reactome::R-HSA-389957;Reactome::R-HSA-390450	Reactome::R-HSA-389957;Reactome::R-HSA-390450	HGNC:8869	PFDN5	0	1	1	0	1	0	1	0	2026-09-09T09:54:35.492033+00:00	CCT/TriC-mediated actin folding	PRIMARY	
M06	GWAS_BLINDED_UNIT_M06	small_module	Reactome::R-HSA-389957;Reactome::R-HSA-390450	Reactome::R-HSA-389957;Reactome::R-HSA-390450	HGNC:4926	PFDN6	0	1	1	0	1	0	1	0	2026-09-09T09:54:35.492033+00:00	CCT/TriC-mediated actin folding	PRIMARY	
M06	GWAS_BLINDED_UNIT_M06	small_module	Reactome::R-HSA-389957;Reactome::R-HSA-390450	Reactome::R-HSA-389957;Reactome::R-HSA-390450	HGNC:11655	TCP1	0	2	2	0	1	1	1	0	2026-09-09T09:54:35.492033+00:00	CCT/TriC-mediated actin folding	PRIMARY	SENSITIVITY
M06	GWAS_BLINDED_UNIT_M06	small_module	Reactome::R-HSA-389957;Reactome::R-HSA-390450	Reactome::R-HSA-389957;Reactome::R-HSA-390450	HGNC:20766	TUBA1A	0	1	1	0	1	0	1	0	2026-09-09T09:54:35.492033+00:00	CCT/TriC-mediated actin folding	PRIMARY	
M06	GWAS_BLINDED_UNIT_M06	small_module	Reactome::R-HSA-389957;Reactome::R-HSA-390450	Reactome::R-HSA-389957;Reactome::R-HSA-390450	HGNC:20768	TUBA1C	0	1	1	0	1	0	1	0	2026-09-09T09:54:35.492033+00:00	CCT/TriC-mediated actin folding	PRIMARY	
M06	GWAS_BLINDED_UNIT_M06	small_module	Reactome::R-HSA-389957;Reactome::R-HSA-390450	Reactome::R-HSA-389957;Reactome::R-HSA-390450	HGNC:12408	TUBA3C	0	1	1	0	1	0	1	0	2026-09-09T09:54:35.492033+00:00	CCT/TriC-mediated actin folding	PRIMARY	
M06	GWAS_BLINDED_UNIT_M06	small_module	Reactome::R-HSA-389957;Reactome::R-HSA-390450	Reactome::R-HSA-389957;Reactome::R-HSA-390450	HGNC:24071	TUBA3D	0	1	1	0	1	0	1	0	2026-09-09T09:54:35.492033+00:00	CCT/TriC-mediated actin folding	PRIMARY	
M06	GWAS_BLINDED_UNIT_M06	small_module	Reactome::R-HSA-389957;Reactome::R-HSA-390450	Reactome::R-HSA-389957;Reactome::R-HSA-390450	HGNC:12407	TUBA4A	0	1	1	0	1	0	1	0	2026-09-09T09:54:35.492033+00:00	CCT/TriC-mediated actin folding	PRIMARY	
M06	GWAS_BLINDED_UNIT_M06	small_module	Reactome::R-HSA-389957;Reactome::R-HSA-390450	Reactome::R-HSA-389957;Reactome::R-HSA-390450	HGNC:16257	TUBB1	0	1	1	0	1	0	1	0	2026-09-09T09:54:35.492033+00:00	CCT/TriC-mediated actin folding	PRIMARY	
M06	GWAS_BLINDED_UNIT_M06	small_module	Reactome::R-HSA-389957;Reactome::R-HSA-390450	Reactome::R-HSA-389957;Reactome::R-HSA-390450	HGNC:12412	TUBB2A	0	1	1	0	1	0	1	0	2026-09-09T09:54:35.492033+00:00	CCT/TriC-mediated actin folding	PRIMARY	
M06	GWAS_BLINDED_UNIT_M06	small_module	Reactome::R-HSA-389957;Reactome::R-HSA-390450	Reactome::R-HSA-389957;Reactome::R-HSA-390450	HGNC:30829	TUBB2B	0	1	1	0	1	0	1	0	2026-09-09T09:54:35.492033+00:00	CCT/TriC-mediated actin folding	PRIMARY	
M06	GWAS_BLINDED_UNIT_M06	small_module	Reactome::R-HSA-389957;Reactome::R-HSA-390450	Reactome::R-HSA-389957;Reactome::R-HSA-390450	HGNC:20772	TUBB3	0	1	1	0	1	0	1	0	2026-09-09T09:54:35.492033+00:00	CCT/TriC-mediated actin folding	PRIMARY	
M06	GWAS_BLINDED_UNIT_M06	small_module	Reactome::R-HSA-389957;Reactome::R-HSA-390450	Reactome::R-HSA-389957;Reactome::R-HSA-390450	HGNC:20774	TUBB4A	0	1	1	0	1	0	1	0	2026-09-09T09:54:35.492033+00:00	CCT/TriC-mediated actin folding	PRIMARY	
M06	GWAS_BLINDED_UNIT_M06	small_module	Reactome::R-HSA-389957;Reactome::R-HSA-390450	Reactome::R-HSA-389957;Reactome::R-HSA-390450	HGNC:20771	TUBB4B	0	1	1	0	1	0	1	0	2026-09-09T09:54:35.492033+00:00	CCT/TriC-mediated actin folding	PRIMARY	
M06	GWAS_BLINDED_UNIT_M06	small_module	Reactome::R-HSA-389957;Reactome::R-HSA-390450	Reactome::R-HSA-389957;Reactome::R-HSA-390450	HGNC:20776	TUBB6	0	1	1	0	1	0	1	0	2026-09-09T09:54:35.492033+00:00	CCT/TriC-mediated actin folding	PRIMARY	
M06	GWAS_BLINDED_UNIT_M06	small_module	Reactome::R-HSA-389957;Reactome::R-HSA-390450	Reactome::R-HSA-389957;Reactome::R-HSA-390450	HGNC:12662	VBP1	0	1	1	0	1	0	1	0	2026-09-09T09:54:35.492033+00:00	CCT/TriC-mediated actin folding	PRIMARY	
