database	pathway_id	pathway_name	frozen_tier_class	Tier1_BH	Tier1_BY	retained_under_BY	lost_under_BY
GO_BP	GO:0000012	single strand break repair	Neither	NO	NO	NA	NO
GO_BP	GO:0000018	regulation of DNA recombination	Neither	NO	NO	NA	NO
GO_BP	GO:0000022	mitotic spindle elongation	Neither	NO	NO	NA	NO
GO_BP	GO:0000027	ribosomal large subunit assembly	Neither	NO	NO	NA	NO
GO_BP	GO:0000028	ribosomal small subunit assembly	Firth_only	NO	NO	NA	NO
GO_BP	GO:0000038	very long-chain fatty acid metabolic process	Neither	NO	NO	NA	NO
GO_BP	GO:0000041	transition metal ion transport	Neither	NO	NO	NA	NO
GO_BP	GO:0000045	autophagosome assembly	Neither	NO	NO	NA	NO
GO_BP	GO:0000050	urea cycle	Neither	NO	NO	NA	NO
GO_BP	GO:0000054	ribosomal subunit export from nucleus	Neither	NO	NO	NA	NO
GO_BP	GO:0000070	mitotic sister chromatid segregation	Neither	NO	NO	NA	NO
GO_BP	GO:0000075	cell cycle checkpoint signaling	Neither	NO	NO	NA	NO
GO_BP	GO:0000076	DNA replication checkpoint signaling	Neither	NO	NO	NA	NO
GO_BP	GO:0000077	DNA damage checkpoint signaling	Neither	NO	NO	NA	NO
GO_BP	GO:0000079	regulation of cyclin-dependent protein serine/threonine kinase activity	Neither	NO	NO	NA	NO
GO_BP	GO:0000082	G1/S transition of mitotic cell cycle	Neither	NO	NO	NA	NO
GO_BP	GO:0000086	G2/M transition of mitotic cell cycle	Neither	NO	NO	NA	NO
GO_BP	GO:0000096	sulfur amino acid metabolic process	Neither	NO	NO	NA	NO
GO_BP	GO:0000097	sulfur amino acid biosynthetic process	Neither	NO	NO	NA	NO
GO_BP	GO:0000098	sulfur amino acid catabolic process	Neither	NO	NO	NA	NO
GO_BP	GO:0000101	sulfur amino acid transport	Neither	NO	NO	NA	NO
GO_BP	GO:0000132	establishment of mitotic spindle orientation	Neither	NO	NO	NA	NO
GO_BP	GO:0000154	rRNA modification	Neither	NO	NO	NA	NO
GO_BP	GO:0000165	MAPK cascade	Neither	NO	NO	NA	NO
GO_BP	GO:0000184	nuclear-transcribed mRNA catabolic process, nonsense-mediated decay	Neither	NO	NO	NA	NO
GO_BP	GO:0000209	protein polyubiquitination	Neither	NO	NO	NA	NO
GO_BP	GO:0000212	meiotic spindle organization	Firth_only	NO	NO	NA	NO
GO_BP	GO:0000244	spliceosomal tri-snRNP complex assembly	Neither	NO	NO	NA	NO
GO_BP	GO:0000245	spliceosomal complex assembly	Neither	NO	NO	NA	NO
GO_BP	GO:0000266	mitochondrial fission	Neither	NO	NO	NA	NO
GO_BP	GO:0000271	polysaccharide biosynthetic process	Neither	NO	NO	NA	NO
GO_BP	GO:0000272	polysaccharide catabolic process	Neither	NO	NO	NA	NO
GO_BP	GO:0000280	nuclear division	Neither	NO	NO	NA	NO
GO_BP	GO:0000281	mitotic cytokinesis	Neither	NO	NO	NA	NO
GO_BP	GO:0000288	nuclear-transcribed mRNA catabolic process, deadenylation-dependent decay	Neither	NO	NO	NA	NO
GO_BP	GO:0000289	nuclear-transcribed mRNA poly(A) tail shortening	Neither	NO	NO	NA	NO
GO_BP	GO:0000290	deadenylation-dependent decapping of nuclear-transcribed mRNA	Neither	NO	NO	NA	NO
GO_BP	GO:0000301	retrograde transport, vesicle recycling within Golgi	Neither	NO	NO	NA	NO
GO_BP	GO:0000302	response to reactive oxygen species	Neither	NO	NO	NA	NO
GO_BP	GO:0000303	response to superoxide	Neither	NO	NO	NA	NO
GO_BP	GO:0000305	response to oxygen radical	Neither	NO	NO	NA	NO
GO_BP	GO:0000338	protein deneddylation	Neither	NO	NO	NA	NO
GO_BP	GO:0000375	RNA splicing, via transesterification reactions	Neither	NO	NO	NA	NO
GO_BP	GO:0000377	RNA splicing, via transesterification reactions with bulged adenosine as nucleophile	Neither	NO	NO	NA	NO
GO_BP	GO:0000380	alternative mRNA splicing, via spliceosome	Neither	NO	NO	NA	NO
GO_BP	GO:0000381	regulation of alternative mRNA splicing, via spliceosome	Neither	NO	NO	NA	NO
GO_BP	GO:0000387	spliceosomal snRNP assembly	Neither	NO	NO	NA	NO
GO_BP	GO:0000388	spliceosome conformational change to release U4 (or U4atac) and U1 (or U11)	Neither	NO	NO	NA	NO
GO_BP	GO:0000393	spliceosomal conformational changes to generate catalytic conformation	Neither	NO	NO	NA	NO
GO_BP	GO:0000394	RNA splicing, via endonucleolytic cleavage and ligation	Neither	NO	NO	NA	NO
GO_BP	GO:0000398	mRNA splicing, via spliceosome	Neither	NO	NO	NA	NO
GO_BP	GO:0000422	autophagy of mitochondrion	Neither	NO	NO	NA	NO
GO_BP	GO:0000423	mitophagy	Neither	NO	NO	NA	NO
GO_BP	GO:0000425	pexophagy	Neither	NO	NO	NA	NO
GO_BP	GO:0000447	endonucleolytic cleavage in ITS1 to separate SSU-rRNA from 5.8S rRNA and LSU-rRNA from tricistronic rRNA transcript (SSU-rRNA, 5.8S rRNA, LSU-rRNA)	Neither	NO	NO	NA	NO
GO_BP	GO:0000460	maturation of 5.8S rRNA	Firth_only	NO	NO	NA	NO
GO_BP	GO:0000462	maturation of SSU-rRNA from tricistronic rRNA transcript (SSU-rRNA, 5.8S rRNA, LSU-rRNA)	Neither	NO	NO	NA	NO
GO_BP	GO:0000463	maturation of LSU-rRNA from tricistronic rRNA transcript (SSU-rRNA, 5.8S rRNA, LSU-rRNA)	Neither	NO	NO	NA	NO
GO_BP	GO:0000466	maturation of 5.8S rRNA from tricistronic rRNA transcript (SSU-rRNA, 5.8S rRNA, LSU-rRNA)	Neither	NO	NO	NA	NO
GO_BP	GO:0000467	exonucleolytic trimming to generate mature 3'-end of 5.8S rRNA from tricistronic rRNA transcript (SSU-rRNA, 5.8S rRNA, LSU-rRNA)	Neither	NO	NO	NA	NO
GO_BP	GO:0000470	maturation of LSU-rRNA	Neither	NO	NO	NA	NO
GO_BP	GO:0000479	endonucleolytic cleavage of tricistronic rRNA transcript (SSU-rRNA, 5.8S rRNA, LSU-rRNA)	Neither	NO	NO	NA	NO
GO_BP	GO:0000491	small nucleolar ribonucleoprotein complex assembly	Neither	NO	NO	NA	NO
GO_BP	GO:0000578	embryonic axis specification	Neither	NO	NO	NA	NO
GO_BP	GO:0000712	resolution of meiotic recombination intermediates	Firth_only	NO	NO	NA	NO
GO_BP	GO:0000722	telomere maintenance via recombination	Firth_only	NO	NO	NA	NO
GO_BP	GO:0000723	telomere maintenance	Neither	NO	NO	NA	NO
GO_BP	GO:0000724	double-strand break repair via homologous recombination	Firth_only	NO	NO	NA	NO
GO_BP	GO:0000725	recombinational repair	Firth_only	NO	NO	NA	NO
GO_BP	GO:0000727	double-strand break repair via break-induced replication	Firth_only	NO	NO	NA	NO
GO_BP	GO:0000729	DNA double-strand break processing	Neither	NO	NO	NA	NO
GO_BP	GO:0000730	DNA recombinase assembly	Tier1	YES	NO	NO	YES
GO_BP	GO:0000731	DNA synthesis involved in DNA repair	Neither	NO	NO	NA	NO
GO_BP	GO:0000768	syncytium formation by cell-cell fusion	Neither	NO	NO	NA	NO
GO_BP	GO:0000819	sister chromatid segregation	Neither	NO	NO	NA	NO
GO_BP	GO:0000902	cell morphogenesis	Neither	NO	NO	NA	NO
GO_BP	GO:0000910	cytokinesis	Neither	NO	NO	NA	NO
GO_BP	GO:0000956	nuclear-transcribed mRNA catabolic process	Neither	NO	NO	NA	NO
GO_BP	GO:0000959	mitochondrial RNA metabolic process	Neither	NO	NO	NA	NO
GO_BP	GO:0000963	mitochondrial RNA processing	Neither	NO	NO	NA	NO
GO_BP	GO:0000966	RNA 5'-end processing	Neither	NO	NO	NA	NO
GO_BP	GO:0001101	response to acid chemical	Neither	NO	NO	NA	NO
GO_BP	GO:0001325	formation of extrachromosomal circular DNA	Neither	NO	NO	NA	NO
GO_BP	GO:0001408	guanine nucleotide transport	Neither	NO	NO	NA	NO
GO_BP	GO:0001501	skeletal system development	Neither	NO	NO	NA	NO
GO_BP	GO:0001503	ossification	Neither	NO	NO	NA	NO
GO_BP	GO:0001504	neurotransmitter uptake	Neither	NO	NO	NA	NO
GO_BP	GO:0001508	action potential	Neither	NO	NO	NA	NO
GO_BP	GO:0001510	RNA methylation	Neither	NO	NO	NA	NO
GO_BP	GO:0001516	prostaglandin biosynthetic process	Neither	NO	NO	NA	NO
GO_BP	GO:0001522	pseudouridine synthesis	Neither	NO	NO	NA	NO
GO_BP	GO:0001523	retinoid metabolic process	Neither	NO	NO	NA	NO
GO_BP	GO:0001525	angiogenesis	Neither	NO	NO	NA	NO
GO_BP	GO:0001539	cilium or flagellum-dependent cell motility	Neither	NO	NO	NA	NO
GO_BP	GO:0001541	ovarian follicle development	Neither	NO	NO	NA	NO
GO_BP	GO:0001556	oocyte maturation	Neither	NO	NO	NA	NO
GO_BP	GO:0001558	regulation of cell growth	Neither	NO	NO	NA	NO
GO_BP	GO:0001562	response to protozoan	Neither	NO	NO	NA	NO
GO_BP	GO:0001568	blood vessel development	Neither	NO	NO	NA	NO
GO_BP	GO:0001569	branching involved in blood vessel morphogenesis	Neither	NO	NO	NA	NO
GO_BP	GO:0001570	vasculogenesis	Neither	NO	NO	NA	NO
GO_BP	GO:0001573	ganglioside metabolic process	Neither	NO	NO	NA	NO
GO_BP	GO:0001574	ganglioside biosynthetic process	Neither	NO	NO	NA	NO
GO_BP	GO:0001578	microtubule bundle formation	Neither	NO	NO	NA	NO
GO_BP	GO:0001580	detection of chemical stimulus involved in sensory perception of bitter taste	Neither	NO	NO	NA	NO
GO_BP	GO:0001649	osteoblast differentiation	Neither	NO	NO	NA	NO
GO_BP	GO:0001654	eye development	Neither	NO	NO	NA	NO
GO_BP	GO:0001655	urogenital system development	Neither	NO	NO	NA	NO
GO_BP	GO:0001656	metanephros development	Neither	NO	NO	NA	NO
GO_BP	GO:0001657	ureteric bud development	Neither	NO	NO	NA	NO
GO_BP	GO:0001658	branching involved in ureteric bud morphogenesis	Neither	NO	NO	NA	NO
GO_BP	GO:0001659	temperature homeostasis	Neither	NO	NO	NA	NO
GO_BP	GO:0001666	response to hypoxia	Neither	NO	NO	NA	NO
GO_BP	GO:0001667	ameboidal-type cell migration	Neither	NO	NO	NA	NO
GO_BP	GO:0001675	acrosome assembly	Firth_only	NO	NO	NA	NO
GO_BP	GO:0001676	long-chain fatty acid metabolic process	Neither	NO	NO	NA	NO
GO_BP	GO:0001678	intracellular glucose homeostasis	Neither	NO	NO	NA	NO
GO_BP	GO:0001682	tRNA 5'-leader removal	Neither	NO	NO	NA	NO
GO_BP	GO:0001701	in utero embryonic development	Neither	NO	NO	NA	NO
GO_BP	GO:0001704	formation of primary germ layer	Neither	NO	NO	NA	NO
GO_BP	GO:0001706	endoderm formation	Neither	NO	NO	NA	NO
GO_BP	GO:0001707	mesoderm formation	Neither	NO	NO	NA	NO
GO_BP	GO:0001708	cell fate specification	Neither	NO	NO	NA	NO
GO_BP	GO:0001709	cell fate determination	Neither	NO	NO	NA	NO
GO_BP	GO:0001711	endodermal cell fate commitment	Neither	NO	NO	NA	NO
GO_BP	GO:0001732	formation of cytoplasmic translation initiation complex	Neither	NO	NO	NA	NO
GO_BP	GO:0001738	morphogenesis of a polarized epithelium	Neither	NO	NO	NA	NO
GO_BP	GO:0001754	eye photoreceptor cell differentiation	Neither	NO	NO	NA	NO
GO_BP	GO:0001755	neural crest cell migration	Neither	NO	NO	NA	NO
GO_BP	GO:0001756	somitogenesis	Neither	NO	NO	NA	NO
GO_BP	GO:0001763	morphogenesis of a branching structure	Neither	NO	NO	NA	NO
GO_BP	GO:0001764	neuron migration	Neither	NO	NO	NA	NO
GO_BP	GO:0001765	membrane raft assembly	Neither	NO	NO	NA	NO
GO_BP	GO:0001773	myeloid dendritic cell activation	Neither	NO	NO	NA	NO
GO_BP	GO:0001774	microglial cell activation	Neither	NO	NO	NA	NO
GO_BP	GO:0001776	leukocyte homeostasis	Neither	NO	NO	NA	NO
GO_BP	GO:0001778	plasma membrane repair	Neither	NO	NO	NA	NO
GO_BP	GO:0001780	neutrophil homeostasis	Neither	NO	NO	NA	NO
GO_BP	GO:0001782	B cell homeostasis	Neither	NO	NO	NA	NO
GO_BP	GO:0001816	cytokine production	Neither	NO	NO	NA	NO
GO_BP	GO:0001818	negative regulation of cytokine production	Neither	NO	NO	NA	NO
GO_BP	GO:0001819	positive regulation of cytokine production	Neither	NO	NO	NA	NO
GO_BP	GO:0001822	kidney development	Neither	NO	NO	NA	NO
GO_BP	GO:0001823	mesonephros development	Neither	NO	NO	NA	NO
GO_BP	GO:0001824	blastocyst development	Neither	NO	NO	NA	NO
GO_BP	GO:0001825	blastocyst formation	Neither	NO	NO	NA	NO
GO_BP	GO:0001836	release of cytochrome c from mitochondria	Neither	NO	NO	NA	NO
GO_BP	GO:0001837	epithelial to mesenchymal transition	Neither	NO	NO	NA	NO
GO_BP	GO:0001838	embryonic epithelial tube formation	Neither	NO	NO	NA	NO
GO_BP	GO:0001841	neural tube formation	Neither	NO	NO	NA	NO
GO_BP	GO:0001843	neural tube closure	Neither	NO	NO	NA	NO
GO_BP	GO:0001845	phagolysosome assembly	Firth_only	NO	NO	NA	NO
GO_BP	GO:0001867	complement activation, lectin pathway	Neither	NO	NO	NA	NO
GO_BP	GO:0001878	response to yeast	Neither	NO	NO	NA	NO
GO_BP	GO:0001881	receptor recycling	Neither	NO	NO	NA	NO
GO_BP	GO:0001885	endothelial cell development	Neither	NO	NO	NA	NO
GO_BP	GO:0001889	liver development	Neither	NO	NO	NA	NO
GO_BP	GO:0001890	placenta development	Neither	NO	NO	NA	NO
GO_BP	GO:0001892	embryonic placenta development	Neither	NO	NO	NA	NO
GO_BP	GO:0001893	maternal placenta development	Neither	NO	NO	NA	NO
GO_BP	GO:0001894	tissue homeostasis	Neither	NO	NO	NA	NO
GO_BP	GO:0001895	retina homeostasis	Neither	NO	NO	NA	NO
GO_BP	GO:0001906	cell killing	Neither	NO	NO	NA	NO
GO_BP	GO:0001909	leukocyte mediated cytotoxicity	Neither	NO	NO	NA	NO
GO_BP	GO:0001910	regulation of leukocyte mediated cytotoxicity	Neither	NO	NO	NA	NO
GO_BP	GO:0001911	negative regulation of leukocyte mediated cytotoxicity	Neither	NO	NO	NA	NO
GO_BP	GO:0001912	positive regulation of leukocyte mediated cytotoxicity	Neither	NO	NO	NA	NO
GO_BP	GO:0001913	T cell mediated cytotoxicity	Neither	NO	NO	NA	NO
GO_BP	GO:0001914	regulation of T cell mediated cytotoxicity	Neither	NO	NO	NA	NO
GO_BP	GO:0001916	positive regulation of T cell mediated cytotoxicity	Neither	NO	NO	NA	NO
GO_BP	GO:0001919	regulation of receptor recycling	Neither	NO	NO	NA	NO
GO_BP	GO:0001921	positive regulation of receptor recycling	Neither	NO	NO	NA	NO
GO_BP	GO:0001932	regulation of protein phosphorylation	Neither	NO	NO	NA	NO
GO_BP	GO:0001933	negative regulation of protein phosphorylation	Firth_only	NO	NO	NA	NO
GO_BP	GO:0001934	positive regulation of protein phosphorylation	Neither	NO	NO	NA	NO
GO_BP	GO:0001935	endothelial cell proliferation	Neither	NO	NO	NA	NO
GO_BP	GO:0001936	regulation of endothelial cell proliferation	Neither	NO	NO	NA	NO
GO_BP	GO:0001937	negative regulation of endothelial cell proliferation	Neither	NO	NO	NA	NO
GO_BP	GO:0001938	positive regulation of endothelial cell proliferation	Neither	NO	NO	NA	NO
GO_BP	GO:0001941	postsynaptic membrane organization	Neither	NO	NO	NA	NO
GO_BP	GO:0001942	hair follicle development	Neither	NO	NO	NA	NO
GO_BP	GO:0001944	vasculature development	Neither	NO	NO	NA	NO
GO_BP	GO:0001945	lymph vessel development	Neither	NO	NO	NA	NO
GO_BP	GO:0001946	lymphangiogenesis	Neither	NO	NO	NA	NO
GO_BP	GO:0001947	heart looping	Neither	NO	NO	NA	NO
GO_BP	GO:0001952	regulation of cell-matrix adhesion	Neither	NO	NO	NA	NO
GO_BP	GO:0001953	negative regulation of cell-matrix adhesion	Neither	NO	NO	NA	NO
GO_BP	GO:0001954	positive regulation of cell-matrix adhesion	Neither	NO	NO	NA	NO
GO_BP	GO:0001956	positive regulation of neurotransmitter secretion	Neither	NO	NO	NA	NO
GO_BP	GO:0001958	endochondral ossification	Neither	NO	NO	NA	NO
GO_BP	GO:0001959	regulation of cytokine-mediated signaling pathway	Neither	NO	NO	NA	NO
GO_BP	GO:0001960	negative regulation of cytokine-mediated signaling pathway	Neither	NO	NO	NA	NO
GO_BP	GO:0001961	positive regulation of cytokine-mediated signaling pathway	Neither	NO	NO	NA	NO
GO_BP	GO:0001963	synaptic transmission, dopaminergic	Neither	NO	NO	NA	NO
GO_BP	GO:0001964	startle response	Neither	NO	NO	NA	NO
GO_BP	GO:0001974	blood vessel remodeling	Neither	NO	NO	NA	NO
GO_BP	GO:0001975	response to amphetamine	Neither	NO	NO	NA	NO
GO_BP	GO:0001990	regulation of systemic arterial blood pressure by hormone	Neither	NO	NO	NA	NO
GO_BP	GO:0001991	regulation of systemic arterial blood pressure by circulatory renin-angiotensin	Neither	NO	NO	NA	NO
GO_BP	GO:0002002	regulation of angiotensin levels in blood	Neither	NO	NO	NA	NO
GO_BP	GO:0002003	angiotensin maturation	Neither	NO	NO	NA	NO
GO_BP	GO:0002009	morphogenesis of an epithelium	Neither	NO	NO	NA	NO
GO_BP	GO:0002011	morphogenesis of an epithelial sheet	Neither	NO	NO	NA	NO
GO_BP	GO:0002021	response to dietary excess	Neither	NO	NO	NA	NO
GO_BP	GO:0002026	regulation of the force of heart contraction	Neither	NO	NO	NA	NO
GO_BP	GO:0002027	regulation of heart rate	Neither	NO	NO	NA	NO
GO_BP	GO:0002028	regulation of sodium ion transport	Neither	NO	NO	NA	NO
GO_BP	GO:0002029	desensitization of G protein-coupled receptor signaling pathway	Neither	NO	NO	NA	NO
GO_BP	GO:0002040	sprouting angiogenesis	Neither	NO	NO	NA	NO
GO_BP	GO:0002042	cell migration involved in sprouting angiogenesis	Neither	NO	NO	NA	NO
GO_BP	GO:0002052	positive regulation of neuroblast proliferation	Neither	NO	NO	NA	NO
GO_BP	GO:0002053	positive regulation of mesenchymal cell proliferation	Neither	NO	NO	NA	NO
GO_BP	GO:0002062	chondrocyte differentiation	Neither	NO	NO	NA	NO
GO_BP	GO:0002064	epithelial cell development	Neither	NO	NO	NA	NO
GO_BP	GO:0002065	columnar/cuboidal epithelial cell differentiation	Neither	NO	NO	NA	NO
GO_BP	GO:0002082	regulation of oxidative phosphorylation	Neither	NO	NO	NA	NO
GO_BP	GO:0002088	lens development in camera-type eye	Neither	NO	NO	NA	NO
GO_BP	GO:0002089	lens morphogenesis in camera-type eye	Neither	NO	NO	NA	NO
GO_BP	GO:0002090	regulation of receptor internalization	Neither	NO	NO	NA	NO
GO_BP	GO:0002091	negative regulation of receptor internalization	Neither	NO	NO	NA	NO
GO_BP	GO:0002092	positive regulation of receptor internalization	Neither	NO	NO	NA	NO
GO_BP	GO:0002093	auditory receptor cell morphogenesis	Neither	NO	NO	NA	NO
GO_BP	GO:0002097	tRNA wobble base modification	Neither	NO	NO	NA	NO
GO_BP	GO:0002098	tRNA wobble uridine modification	Neither	NO	NO	NA	NO
GO_BP	GO:0002115	store-operated calcium entry	Neither	NO	NO	NA	NO
GO_BP	GO:0002181	cytoplasmic translation	Neither	NO	NO	NA	NO
GO_BP	GO:0002182	cytoplasmic translational elongation	Neither	NO	NO	NA	NO
GO_BP	GO:0002183	cytoplasmic translational initiation	Neither	NO	NO	NA	NO
GO_BP	GO:0002200	somatic diversification of immune receptors	Neither	NO	NO	NA	NO
GO_BP	GO:0002204	somatic recombination of immunoglobulin genes involved in immune response	Neither	NO	NO	NA	NO
GO_BP	GO:0002208	somatic diversification of immunoglobulins involved in immune response	Neither	NO	NO	NA	NO
GO_BP	GO:0002218	activation of innate immune response	Neither	NO	NO	NA	NO
GO_BP	GO:0002220	innate immune response activating cell surface receptor signaling pathway	Neither	NO	NO	NA	NO
GO_BP	GO:0002221	pattern recognition receptor signaling pathway	Neither	NO	NO	NA	NO
GO_BP	GO:0002223	stimulatory C-type lectin receptor signaling pathway	Neither	NO	NO	NA	NO
GO_BP	GO:0002224	toll-like receptor signaling pathway	Neither	NO	NO	NA	NO
GO_BP	GO:0002227	innate immune response in mucosa	Neither	NO	NO	NA	NO
GO_BP	GO:0002228	natural killer cell mediated immunity	Neither	NO	NO	NA	NO
GO_BP	GO:0002230	positive regulation of defense response to virus by host	Neither	NO	NO	NA	NO
GO_BP	GO:0002237	response to molecule of bacterial origin	Neither	NO	NO	NA	NO
GO_BP	GO:0002244	hematopoietic progenitor cell differentiation	Neither	NO	NO	NA	NO
GO_BP	GO:0002250	adaptive immune response	Neither	NO	NO	NA	NO
GO_BP	GO:0002251	organ or tissue specific immune response	Neither	NO	NO	NA	NO
GO_BP	GO:0002252	immune effector process	Neither	NO	NO	NA	NO
GO_BP	GO:0002253	activation of immune response	Neither	NO	NO	NA	NO
GO_BP	GO:0002260	lymphocyte homeostasis	Neither	NO	NO	NA	NO
GO_BP	GO:0002262	myeloid cell homeostasis	Neither	NO	NO	NA	NO
GO_BP	GO:0002263	cell activation involved in immune response	Neither	NO	NO	NA	NO
GO_BP	GO:0002269	leukocyte activation involved in inflammatory response	Neither	NO	NO	NA	NO
GO_BP	GO:0002274	myeloid leukocyte activation	Neither	NO	NO	NA	NO
GO_BP	GO:0002275	myeloid cell activation involved in immune response	Neither	NO	NO	NA	NO
GO_BP	GO:0002279	mast cell activation involved in immune response	Neither	NO	NO	NA	NO
GO_BP	GO:0002281	macrophage activation involved in immune response	Neither	NO	NO	NA	NO
GO_BP	GO:0002283	neutrophil activation involved in immune response	Neither	NO	NO	NA	NO
GO_BP	GO:0002285	lymphocyte activation involved in immune response	Neither	NO	NO	NA	NO
GO_BP	GO:0002286	T cell activation involved in immune response	Neither	NO	NO	NA	NO
GO_BP	GO:0002287	alpha-beta T cell activation involved in immune response	Neither	NO	NO	NA	NO
GO_BP	GO:0002292	T cell differentiation involved in immune response	Neither	NO	NO	NA	NO
GO_BP	GO:0002295	T-helper cell lineage commitment	Neither	NO	NO	NA	NO
GO_BP	GO:0002312	B cell activation involved in immune response	Neither	NO	NO	NA	NO
GO_BP	GO:0002313	mature B cell differentiation involved in immune response	Neither	NO	NO	NA	NO
GO_BP	GO:0002315	marginal zone B cell differentiation	Neither	NO	NO	NA	NO
GO_BP	GO:0002323	natural killer cell activation involved in immune response	Firth_only	NO	NO	NA	NO
GO_BP	GO:0002327	immature B cell differentiation	Neither	NO	NO	NA	NO
GO_BP	GO:0002335	mature B cell differentiation	Neither	NO	NO	NA	NO
GO_BP	GO:0002347	response to tumor cell	Neither	NO	NO	NA	NO
GO_BP	GO:0002357	defense response to tumor cell	Neither	NO	NO	NA	NO
GO_BP	GO:0002360	T cell lineage commitment	Neither	NO	NO	NA	NO
GO_BP	GO:0002363	alpha-beta T cell lineage commitment	Neither	NO	NO	NA	NO
GO_BP	GO:0002366	leukocyte activation involved in immune response	Neither	NO	NO	NA	NO
GO_BP	GO:0002377	immunoglobulin production	Neither	NO	NO	NA	NO
GO_BP	GO:0002381	immunoglobulin production involved in immunoglobulin-mediated immune response	Neither	NO	NO	NA	NO
GO_BP	GO:0002385	mucosal immune response	Neither	NO	NO	NA	NO
GO_BP	GO:0002396	MHC protein complex assembly	Neither	NO	NO	NA	NO
GO_BP	GO:0002399	MHC class II protein complex assembly	Neither	NO	NO	NA	NO
GO_BP	GO:0002407	dendritic cell chemotaxis	Empirical_only	NO	NO	NA	NO
GO_BP	GO:0002428	antigen processing and presentation of peptide antigen via MHC class Ib	Neither	NO	NO	NA	NO
GO_BP	GO:0002429	immune response-activating cell surface receptor signaling pathway	Neither	NO	NO	NA	NO
GO_BP	GO:0002430	complement receptor mediated signaling pathway	Neither	NO	NO	NA	NO
GO_BP	GO:0002431	Fc receptor mediated stimulatory signaling pathway	Neither	NO	NO	NA	NO
GO_BP	GO:0002437	inflammatory response to antigenic stimulus	Neither	NO	NO	NA	NO
GO_BP	GO:0002438	acute inflammatory response to antigenic stimulus	Neither	NO	NO	NA	NO
GO_BP	GO:0002440	production of molecular mediator of immune response	Neither	NO	NO	NA	NO
GO_BP	GO:0002443	leukocyte mediated immunity	Neither	NO	NO	NA	NO
GO_BP	GO:0002444	myeloid leukocyte mediated immunity	Neither	NO	NO	NA	NO
GO_BP	GO:0002446	neutrophil mediated immunity	Neither	NO	NO	NA	NO
GO_BP	GO:0002448	mast cell mediated immunity	Neither	NO	NO	NA	NO
GO_BP	GO:0002449	lymphocyte mediated immunity	Neither	NO	NO	NA	NO
GO_BP	GO:0002455	humoral immune response mediated by circulating immunoglobulin	Neither	NO	NO	NA	NO
GO_BP	GO:0002456	T cell mediated immunity	Neither	NO	NO	NA	NO
GO_BP	GO:0002460	adaptive immune response based on somatic recombination of immune receptors built from immunoglobulin superfamily domains	Neither	NO	NO	NA	NO
GO_BP	GO:0002474	antigen processing and presentation of peptide antigen via MHC class I	Neither	NO	NO	NA	NO
GO_BP	GO:0002475	antigen processing and presentation via MHC class Ib	Neither	NO	NO	NA	NO
GO_BP	GO:0002476	antigen processing and presentation of endogenous peptide antigen via MHC class Ib	Neither	NO	NO	NA	NO
GO_BP	GO:0002478	antigen processing and presentation of exogenous peptide antigen	Neither	NO	NO	NA	NO
GO_BP	GO:0002483	antigen processing and presentation of endogenous peptide antigen	Neither	NO	NO	NA	NO
GO_BP	GO:0002484	antigen processing and presentation of endogenous peptide antigen via MHC class I via ER pathway	Neither	NO	NO	NA	NO
GO_BP	GO:0002486	antigen processing and presentation of endogenous peptide antigen via MHC class I via ER pathway, TAP-independent	Neither	NO	NO	NA	NO
GO_BP	GO:0002495	antigen processing and presentation of peptide antigen via MHC class II	Neither	NO	NO	NA	NO
GO_BP	GO:0002501	peptide antigen assembly with MHC protein complex	Neither	NO	NO	NA	NO
GO_BP	GO:0002503	peptide antigen assembly with MHC class II protein complex	Neither	NO	NO	NA	NO
GO_BP	GO:0002504	antigen processing and presentation of peptide or polysaccharide antigen via MHC class II	Neither	NO	NO	NA	NO
GO_BP	GO:0002507	tolerance induction	Neither	NO	NO	NA	NO
GO_BP	GO:0002520	immune system development	Neither	NO	NO	NA	NO
GO_BP	GO:0002521	leukocyte differentiation	Firth_only	NO	NO	NA	NO
GO_BP	GO:0002523	leukocyte migration involved in inflammatory response	Neither	NO	NO	NA	NO
GO_BP	GO:0002526	acute inflammatory response	Neither	NO	NO	NA	NO
GO_BP	GO:0002532	production of molecular mediator involved in inflammatory response	Neither	NO	NO	NA	NO
GO_BP	GO:0002544	chronic inflammatory response	Neither	NO	NO	NA	NO
GO_BP	GO:0002548	monocyte chemotaxis	Neither	NO	NO	NA	NO
GO_BP	GO:0002562	somatic diversification of immune receptors via germline recombination within a single locus	Neither	NO	NO	NA	NO
GO_BP	GO:0002566	somatic diversification of immune receptors via somatic mutation	Neither	NO	NO	NA	NO
GO_BP	GO:0002573	myeloid leukocyte differentiation	Neither	NO	NO	NA	NO
GO_BP	GO:0002577	regulation of antigen processing and presentation	Neither	NO	NO	NA	NO
GO_BP	GO:0002604	regulation of dendritic cell antigen processing and presentation	Neither	NO	NO	NA	NO
GO_BP	GO:0002637	regulation of immunoglobulin production	Neither	NO	NO	NA	NO
GO_BP	GO:0002639	positive regulation of immunoglobulin production	Neither	NO	NO	NA	NO
GO_BP	GO:0002643	regulation of tolerance induction	Neither	NO	NO	NA	NO
GO_BP	GO:0002664	regulation of T cell tolerance induction	Neither	NO	NO	NA	NO
GO_BP	GO:0002673	regulation of acute inflammatory response	Neither	NO	NO	NA	NO
GO_BP	GO:0002675	positive regulation of acute inflammatory response	Neither	NO	NO	NA	NO
GO_BP	GO:0002683	negative regulation of immune system process	Neither	NO	NO	NA	NO
GO_BP	GO:0002685	regulation of leukocyte migration	Neither	NO	NO	NA	NO
GO_BP	GO:0002686	negative regulation of leukocyte migration	Neither	NO	NO	NA	NO
GO_BP	GO:0002687	positive regulation of leukocyte migration	Neither	NO	NO	NA	NO
GO_BP	GO:0002688	regulation of leukocyte chemotaxis	Neither	NO	NO	NA	NO
GO_BP	GO:0002689	negative regulation of leukocyte chemotaxis	Neither	NO	NO	NA	NO
GO_BP	GO:0002690	positive regulation of leukocyte chemotaxis	Neither	NO	NO	NA	NO
GO_BP	GO:0002691	regulation of cellular extravasation	Neither	NO	NO	NA	NO
GO_BP	GO:0002693	positive regulation of cellular extravasation	Neither	NO	NO	NA	NO
GO_BP	GO:0002695	negative regulation of leukocyte activation	Neither	NO	NO	NA	NO
GO_BP	GO:0002696	positive regulation of leukocyte activation	Neither	NO	NO	NA	NO
GO_BP	GO:0002697	regulation of immune effector process	Neither	NO	NO	NA	NO
GO_BP	GO:0002698	negative regulation of immune effector process	Neither	NO	NO	NA	NO
GO_BP	GO:0002699	positive regulation of immune effector process	Neither	NO	NO	NA	NO
GO_BP	GO:0002700	regulation of production of molecular mediator of immune response	Neither	NO	NO	NA	NO
GO_BP	GO:0002701	negative regulation of production of molecular mediator of immune response	Neither	NO	NO	NA	NO
GO_BP	GO:0002702	positive regulation of production of molecular mediator of immune response	Neither	NO	NO	NA	NO
GO_BP	GO:0002703	regulation of leukocyte mediated immunity	Neither	NO	NO	NA	NO
GO_BP	GO:0002704	negative regulation of leukocyte mediated immunity	Neither	NO	NO	NA	NO
GO_BP	GO:0002705	positive regulation of leukocyte mediated immunity	Neither	NO	NO	NA	NO
GO_BP	GO:0002706	regulation of lymphocyte mediated immunity	Neither	NO	NO	NA	NO
GO_BP	GO:0002707	negative regulation of lymphocyte mediated immunity	Neither	NO	NO	NA	NO
GO_BP	GO:0002708	positive regulation of lymphocyte mediated immunity	Neither	NO	NO	NA	NO
GO_BP	GO:0002709	regulation of T cell mediated immunity	Neither	NO	NO	NA	NO
GO_BP	GO:0002710	negative regulation of T cell mediated immunity	Firth_only	NO	NO	NA	NO
GO_BP	GO:0002711	positive regulation of T cell mediated immunity	Neither	NO	NO	NA	NO
GO_BP	GO:0002712	regulation of B cell mediated immunity	Neither	NO	NO	NA	NO
GO_BP	GO:0002713	negative regulation of B cell mediated immunity	Neither	NO	NO	NA	NO
GO_BP	GO:0002714	positive regulation of B cell mediated immunity	Neither	NO	NO	NA	NO
GO_BP	GO:0002715	regulation of natural killer cell mediated immunity	Neither	NO	NO	NA	NO
GO_BP	GO:0002716	negative regulation of natural killer cell mediated immunity	Neither	NO	NO	NA	NO
GO_BP	GO:0002717	positive regulation of natural killer cell mediated immunity	Neither	NO	NO	NA	NO
GO_BP	GO:0002718	regulation of cytokine production involved in immune response	Neither	NO	NO	NA	NO
GO_BP	GO:0002719	negative regulation of cytokine production involved in immune response	Neither	NO	NO	NA	NO
GO_BP	GO:0002720	positive regulation of cytokine production involved in immune response	Neither	NO	NO	NA	NO
GO_BP	GO:0002724	regulation of T cell cytokine production	Neither	NO	NO	NA	NO
GO_BP	GO:0002725	negative regulation of T cell cytokine production	Neither	NO	NO	NA	NO
GO_BP	GO:0002726	positive regulation of T cell cytokine production	Neither	NO	NO	NA	NO
GO_BP	GO:0002730	regulation of dendritic cell cytokine production	Neither	NO	NO	NA	NO
GO_BP	GO:0002732	positive regulation of dendritic cell cytokine production	Neither	NO	NO	NA	NO
GO_BP	GO:0002752	cell surface pattern recognition receptor signaling pathway	Neither	NO	NO	NA	NO
GO_BP	GO:0002753	cytoplasmic pattern recognition receptor signaling pathway	Neither	NO	NO	NA	NO
GO_BP	GO:0002755	MyD88-dependent toll-like receptor signaling pathway	Neither	NO	NO	NA	NO
GO_BP	GO:0002756	MyD88-independent toll-like receptor signaling pathway	Neither	NO	NO	NA	NO
GO_BP	GO:0002757	immune response-activating signaling pathway	Neither	NO	NO	NA	NO
GO_BP	GO:0002758	innate immune response-activating signaling pathway	Neither	NO	NO	NA	NO
GO_BP	GO:0002761	regulation of myeloid leukocyte differentiation	Neither	NO	NO	NA	NO
GO_BP	GO:0002762	negative regulation of myeloid leukocyte differentiation	Neither	NO	NO	NA	NO
GO_BP	GO:0002763	positive regulation of myeloid leukocyte differentiation	Neither	NO	NO	NA	NO
GO_BP	GO:0002764	immune response-regulating signaling pathway	Neither	NO	NO	NA	NO
GO_BP	GO:0002765	immune response-inhibiting signal transduction	Neither	NO	NO	NA	NO
GO_BP	GO:0002767	immune response-inhibiting cell surface receptor signaling pathway	Neither	NO	NO	NA	NO
GO_BP	GO:0002768	immune response-regulating cell surface receptor signaling pathway	Neither	NO	NO	NA	NO
GO_BP	GO:0002790	peptide secretion	Neither	NO	NO	NA	NO
GO_BP	GO:0002791	regulation of peptide secretion	Neither	NO	NO	NA	NO
GO_BP	GO:0002792	negative regulation of peptide secretion	Neither	NO	NO	NA	NO
GO_BP	GO:0002793	positive regulation of peptide secretion	Neither	NO	NO	NA	NO
GO_BP	GO:0002819	regulation of adaptive immune response	Neither	NO	NO	NA	NO
GO_BP	GO:0002820	negative regulation of adaptive immune response	Neither	NO	NO	NA	NO
GO_BP	GO:0002821	positive regulation of adaptive immune response	Neither	NO	NO	NA	NO
GO_BP	GO:0002822	regulation of adaptive immune response based on somatic recombination of immune receptors built from immunoglobulin superfamily domains	Neither	NO	NO	NA	NO
GO_BP	GO:0002823	negative regulation of adaptive immune response based on somatic recombination of immune receptors built from immunoglobulin superfamily domains	Neither	NO	NO	NA	NO
GO_BP	GO:0002824	positive regulation of adaptive immune response based on somatic recombination of immune receptors built from immunoglobulin superfamily domains	Neither	NO	NO	NA	NO
GO_BP	GO:0002825	regulation of T-helper 1 type immune response	Neither	NO	NO	NA	NO
GO_BP	GO:0002826	negative regulation of T-helper 1 type immune response	Neither	NO	NO	NA	NO
GO_BP	GO:0002827	positive regulation of T-helper 1 type immune response	Neither	NO	NO	NA	NO
GO_BP	GO:0002828	regulation of type 2 immune response	Neither	NO	NO	NA	NO
GO_BP	GO:0002829	negative regulation of type 2 immune response	Neither	NO	NO	NA	NO
GO_BP	GO:0002830	positive regulation of type 2 immune response	Neither	NO	NO	NA	NO
GO_BP	GO:0002832	negative regulation of response to biotic stimulus	Neither	NO	NO	NA	NO
GO_BP	GO:0002833	positive regulation of response to biotic stimulus	Neither	NO	NO	NA	NO
GO_BP	GO:0002834	regulation of response to tumor cell	Neither	NO	NO	NA	NO
GO_BP	GO:0002835	negative regulation of response to tumor cell	Neither	NO	NO	NA	NO
GO_BP	GO:0002836	positive regulation of response to tumor cell	Neither	NO	NO	NA	NO
GO_BP	GO:0002837	regulation of immune response to tumor cell	Neither	NO	NO	NA	NO
GO_BP	GO:0002838	negative regulation of immune response to tumor cell	Neither	NO	NO	NA	NO
GO_BP	GO:0002839	positive regulation of immune response to tumor cell	Neither	NO	NO	NA	NO
GO_BP	GO:0002840	regulation of T cell mediated immune response to tumor cell	Neither	NO	NO	NA	NO
GO_BP	GO:0002855	regulation of natural killer cell mediated immune response to tumor cell	Neither	NO	NO	NA	NO
GO_BP	GO:0002861	regulation of inflammatory response to antigenic stimulus	Neither	NO	NO	NA	NO
GO_BP	GO:0002862	negative regulation of inflammatory response to antigenic stimulus	Neither	NO	NO	NA	NO
GO_BP	GO:0002864	regulation of acute inflammatory response to antigenic stimulus	Neither	NO	NO	NA	NO
GO_BP	GO:0002886	regulation of myeloid leukocyte mediated immunity	Neither	NO	NO	NA	NO
GO_BP	GO:0002888	positive regulation of myeloid leukocyte mediated immunity	Neither	NO	NO	NA	NO
GO_BP	GO:0002889	regulation of immunoglobulin mediated immune response	Neither	NO	NO	NA	NO
GO_BP	GO:0002890	negative regulation of immunoglobulin mediated immune response	Neither	NO	NO	NA	NO
GO_BP	GO:0002891	positive regulation of immunoglobulin mediated immune response	Neither	NO	NO	NA	NO
GO_BP	GO:0002902	regulation of B cell apoptotic process	Neither	NO	NO	NA	NO
GO_BP	GO:0002903	negative regulation of B cell apoptotic process	Neither	NO	NO	NA	NO
GO_BP	GO:0002920	regulation of humoral immune response	Neither	NO	NO	NA	NO
GO_BP	GO:0002921	negative regulation of humoral immune response	Neither	NO	NO	NA	NO
GO_BP	GO:0002922	positive regulation of humoral immune response	Neither	NO	NO	NA	NO
GO_BP	GO:0002923	regulation of humoral immune response mediated by circulating immunoglobulin	Neither	NO	NO	NA	NO
GO_BP	GO:0002931	response to ischemia	Neither	NO	NO	NA	NO
GO_BP	GO:0002934	desmosome organization	Neither	NO	NO	NA	NO
GO_BP	GO:0003002	regionalization	Neither	NO	NO	NA	NO
GO_BP	GO:0003007	heart morphogenesis	Neither	NO	NO	NA	NO
GO_BP	GO:0003009	skeletal muscle contraction	Neither	NO	NO	NA	NO
GO_BP	GO:0003012	muscle system process	Neither	NO	NO	NA	NO
GO_BP	GO:0003013	circulatory system process	Neither	NO	NO	NA	NO
GO_BP	GO:0003014	renal system process	Neither	NO	NO	NA	NO
GO_BP	GO:0003015	heart process	Neither	NO	NO	NA	NO
GO_BP	GO:0003018	vascular process in circulatory system	Neither	NO	NO	NA	NO
GO_BP	GO:0003044	regulation of systemic arterial blood pressure mediated by a chemical signal	Neither	NO	NO	NA	NO
GO_BP	GO:0003056	regulation of vascular associated smooth muscle contraction	Neither	NO	NO	NA	NO
GO_BP	GO:0003073	regulation of systemic arterial blood pressure	Neither	NO	NO	NA	NO
GO_BP	GO:0003081	regulation of systemic arterial blood pressure by renin-angiotensin	Neither	NO	NO	NA	NO
GO_BP	GO:0003084	positive regulation of systemic arterial blood pressure	Neither	NO	NO	NA	NO
GO_BP	GO:0003085	negative regulation of systemic arterial blood pressure	Neither	NO	NO	NA	NO
GO_BP	GO:0003091	renal water homeostasis	Neither	NO	NO	NA	NO
GO_BP	GO:0003094	glomerular filtration	Neither	NO	NO	NA	NO
GO_BP	GO:0003096	renal sodium ion transport	Neither	NO	NO	NA	NO
GO_BP	GO:0003143	embryonic heart tube morphogenesis	Neither	NO	NO	NA	NO
GO_BP	GO:0003148	outflow tract septum morphogenesis	Neither	NO	NO	NA	NO
GO_BP	GO:0003151	outflow tract morphogenesis	Neither	NO	NO	NA	NO
GO_BP	GO:0003156	regulation of animal organ formation	Neither	NO	NO	NA	NO
GO_BP	GO:0003158	endothelium development	Neither	NO	NO	NA	NO
GO_BP	GO:0003159	morphogenesis of an endothelium	Neither	NO	NO	NA	NO
GO_BP	GO:0003161	cardiac conduction system development	Neither	NO	NO	NA	NO
GO_BP	GO:0003163	sinoatrial node development	Neither	NO	NO	NA	NO
GO_BP	GO:0003170	heart valve development	Neither	NO	NO	NA	NO
GO_BP	GO:0003171	atrioventricular valve development	Neither	NO	NO	NA	NO
GO_BP	GO:0003174	mitral valve development	Neither	NO	NO	NA	NO
GO_BP	GO:0003176	aortic valve development	Neither	NO	NO	NA	NO
GO_BP	GO:0003177	pulmonary valve development	Neither	NO	NO	NA	NO
GO_BP	GO:0003179	heart valve morphogenesis	Neither	NO	NO	NA	NO
GO_BP	GO:0003180	aortic valve morphogenesis	Neither	NO	NO	NA	NO
GO_BP	GO:0003181	atrioventricular valve morphogenesis	Neither	NO	NO	NA	NO
GO_BP	GO:0003183	mitral valve morphogenesis	Neither	NO	NO	NA	NO
GO_BP	GO:0003184	pulmonary valve morphogenesis	Neither	NO	NO	NA	NO
GO_BP	GO:0003188	heart valve formation	Neither	NO	NO	NA	NO
GO_BP	GO:0003197	endocardial cushion development	Neither	NO	NO	NA	NO
GO_BP	GO:0003203	endocardial cushion morphogenesis	Neither	NO	NO	NA	NO
GO_BP	GO:0003205	cardiac chamber development	Neither	NO	NO	NA	NO
GO_BP	GO:0003206	cardiac chamber morphogenesis	Neither	NO	NO	NA	NO
GO_BP	GO:0003208	cardiac ventricle morphogenesis	Neither	NO	NO	NA	NO
GO_BP	GO:0003209	cardiac atrium morphogenesis	Neither	NO	NO	NA	NO
GO_BP	GO:0003214	cardiac left ventricle morphogenesis	Neither	NO	NO	NA	NO
GO_BP	GO:0003215	cardiac right ventricle morphogenesis	Neither	NO	NO	NA	NO
GO_BP	GO:0003222	ventricular trabecula myocardium morphogenesis	Neither	NO	NO	NA	NO
GO_BP	GO:0003228	atrial cardiac muscle tissue development	Neither	NO	NO	NA	NO
GO_BP	GO:0003229	ventricular cardiac muscle tissue development	Neither	NO	NO	NA	NO
GO_BP	GO:0003230	cardiac atrium development	Neither	NO	NO	NA	NO
GO_BP	GO:0003231	cardiac ventricle development	Neither	NO	NO	NA	NO
GO_BP	GO:0003254	regulation of membrane depolarization	Neither	NO	NO	NA	NO
GO_BP	GO:0003272	endocardial cushion formation	Neither	NO	NO	NA	NO
GO_BP	GO:0003279	cardiac septum development	Neither	NO	NO	NA	NO
GO_BP	GO:0003281	ventricular septum development	Neither	NO	NO	NA	NO
GO_BP	GO:0003283	atrial septum development	Neither	NO	NO	NA	NO
GO_BP	GO:0003300	cardiac muscle hypertrophy	Neither	NO	NO	NA	NO
GO_BP	GO:0003309	type B pancreatic cell differentiation	Neither	NO	NO	NA	NO
GO_BP	GO:0003333	amino acid transmembrane transport	Neither	NO	NO	NA	NO
GO_BP	GO:0003338	metanephros morphogenesis	Neither	NO	NO	NA	NO
GO_BP	GO:0003341	cilium movement	Neither	NO	NO	NA	NO
GO_BP	GO:0003351	epithelial cilium movement involved in extracellular fluid movement	Neither	NO	NO	NA	NO
GO_BP	GO:0003352	regulation of cilium movement	Neither	NO	NO	NA	NO
GO_BP	GO:0003353	positive regulation of cilium movement	Neither	NO	NO	NA	NO
GO_BP	GO:0003356	regulation of cilium beat frequency	Neither	NO	NO	NA	NO
GO_BP	GO:0003376	sphingosine-1-phosphate receptor signaling pathway	Firth_only	NO	NO	NA	NO
GO_BP	GO:0003382	epithelial cell morphogenesis	Neither	NO	NO	NA	NO
GO_BP	GO:0003407	neural retina development	Neither	NO	NO	NA	NO
GO_BP	GO:0003416	endochondral bone growth	Neither	NO	NO	NA	NO
GO_BP	GO:0005513	detection of calcium ion	Neither	NO	NO	NA	NO
GO_BP	GO:0005975	carbohydrate metabolic process	Neither	NO	NO	NA	NO
GO_BP	GO:0005976	polysaccharide metabolic process	Neither	NO	NO	NA	NO
GO_BP	GO:0005977	glycogen metabolic process	Neither	NO	NO	NA	NO
GO_BP	GO:0005978	glycogen biosynthetic process	Neither	NO	NO	NA	NO
GO_BP	GO:0005979	regulation of glycogen biosynthetic process	Neither	NO	NO	NA	NO
GO_BP	GO:0005980	glycogen catabolic process	Neither	NO	NO	NA	NO
GO_BP	GO:0005996	monosaccharide metabolic process	Neither	NO	NO	NA	NO
GO_BP	GO:0006000	fructose metabolic process	Neither	NO	NO	NA	NO
GO_BP	GO:0006002	fructose 6-phosphate metabolic process	Neither	NO	NO	NA	NO
GO_BP	GO:0006004	fucose metabolic process	Neither	NO	NO	NA	NO
GO_BP	GO:0006006	glucose metabolic process	Neither	NO	NO	NA	NO
GO_BP	GO:0006007	glucose catabolic process	Neither	NO	NO	NA	NO
GO_BP	GO:0006012	galactose metabolic process	Neither	NO	NO	NA	NO
GO_BP	GO:0006022	aminoglycan metabolic process	Neither	NO	NO	NA	NO
GO_BP	GO:0006023	aminoglycan biosynthetic process	Neither	NO	NO	NA	NO
GO_BP	GO:0006024	glycosaminoglycan biosynthetic process	Neither	NO	NO	NA	NO
GO_BP	GO:0006026	aminoglycan catabolic process	Neither	NO	NO	NA	NO
GO_BP	GO:0006027	glycosaminoglycan catabolic process	Neither	NO	NO	NA	NO
GO_BP	GO:0006029	proteoglycan metabolic process	Neither	NO	NO	NA	NO
GO_BP	GO:0006040	amino sugar metabolic process	Neither	NO	NO	NA	NO
GO_BP	GO:0006044	N-acetylglucosamine metabolic process	Neither	NO	NO	NA	NO
GO_BP	GO:0006047	UDP-N-acetylglucosamine metabolic process	Neither	NO	NO	NA	NO
GO_BP	GO:0006048	UDP-N-acetylglucosamine biosynthetic process	Neither	NO	NO	NA	NO
GO_BP	GO:0006054	N-acetylneuraminate metabolic process	Neither	NO	NO	NA	NO
GO_BP	GO:0006066	alcohol metabolic process	Neither	NO	NO	NA	NO
GO_BP	GO:0006067	ethanol metabolic process	Neither	NO	NO	NA	NO
GO_BP	GO:0006068	ethanol catabolic process	Neither	NO	NO	NA	NO
GO_BP	GO:0006071	glycerol metabolic process	Neither	NO	NO	NA	NO
GO_BP	GO:0006072	glycerol-3-phosphate metabolic process	Neither	NO	NO	NA	NO
GO_BP	GO:0006081	aldehyde metabolic process	Neither	NO	NO	NA	NO
GO_BP	GO:0006084	acetyl-CoA metabolic process	Neither	NO	NO	NA	NO
GO_BP	GO:0006085	acetyl-CoA biosynthetic process	Neither	NO	NO	NA	NO
GO_BP	GO:0006089	lactate metabolic process	Neither	NO	NO	NA	NO
GO_BP	GO:0006090	pyruvate metabolic process	Neither	NO	NO	NA	NO
GO_BP	GO:0006091	generation of precursor metabolites and energy	Neither	NO	NO	NA	NO
GO_BP	GO:0006094	gluconeogenesis	Neither	NO	NO	NA	NO
GO_BP	GO:0006096	glycolytic process	Neither	NO	NO	NA	NO
GO_BP	GO:0006098	pentose-phosphate shunt	Neither	NO	NO	NA	NO
GO_BP	GO:0006099	tricarboxylic acid cycle	Neither	NO	NO	NA	NO
GO_BP	GO:0006103	2-oxoglutarate metabolic process	Neither	NO	NO	NA	NO
GO_BP	GO:0006104	succinyl-CoA metabolic process	Neither	NO	NO	NA	NO
GO_BP	GO:0006107	oxaloacetate metabolic process	Neither	NO	NO	NA	NO
GO_BP	GO:0006109	regulation of carbohydrate metabolic process	Neither	NO	NO	NA	NO
GO_BP	GO:0006110	regulation of glycolytic process	Neither	NO	NO	NA	NO
GO_BP	GO:0006111	regulation of gluconeogenesis	Neither	NO	NO	NA	NO
GO_BP	GO:0006112	energy reserve metabolic process	Neither	NO	NO	NA	NO
GO_BP	GO:0006119	oxidative phosphorylation	Neither	NO	NO	NA	NO
GO_BP	GO:0006120	mitochondrial electron transport, NADH to ubiquinone	Neither	NO	NO	NA	NO
GO_BP	GO:0006122	mitochondrial electron transport, ubiquinol to cytochrome c	Neither	NO	NO	NA	NO
GO_BP	GO:0006123	mitochondrial electron transport, cytochrome c to oxygen	Neither	NO	NO	NA	NO
GO_BP	GO:0006140	regulation of nucleotide metabolic process	Neither	NO	NO	NA	NO
GO_BP	GO:0006144	purine nucleobase metabolic process	Tier1	YES	NO	NO	YES
GO_BP	GO:0006163	purine nucleotide metabolic process	Neither	NO	NO	NA	NO
GO_BP	GO:0006164	purine nucleotide biosynthetic process	Neither	NO	NO	NA	NO
GO_BP	GO:0006167	AMP biosynthetic process	Tier1	YES	NO	NO	YES
GO_BP	GO:0006171	cAMP biosynthetic process	Neither	NO	NO	NA	NO
GO_BP	GO:0006177	GMP biosynthetic process	Tier1	YES	NO	NO	YES
GO_BP	GO:0006182	cGMP biosynthetic process	Neither	NO	NO	NA	NO
GO_BP	GO:0006183	GTP biosynthetic process	Neither	NO	NO	NA	NO
GO_BP	GO:0006188	IMP biosynthetic process	Neither	NO	NO	NA	NO
GO_BP	GO:0006195	purine nucleotide catabolic process	Neither	NO	NO	NA	NO
GO_BP	GO:0006206	pyrimidine nucleobase metabolic process	Neither	NO	NO	NA	NO
GO_BP	GO:0006213	pyrimidine nucleoside metabolic process	Neither	NO	NO	NA	NO
GO_BP	GO:0006220	pyrimidine nucleotide metabolic process	Neither	NO	NO	NA	NO
GO_BP	GO:0006221	pyrimidine nucleotide biosynthetic process	Neither	NO	NO	NA	NO
GO_BP	GO:0006222	UMP biosynthetic process	Neither	NO	NO	NA	NO
GO_BP	GO:0006241	CTP biosynthetic process	Neither	NO	NO	NA	NO
GO_BP	GO:0006244	pyrimidine nucleotide catabolic process	Neither	NO	NO	NA	NO
GO_BP	GO:0006260	DNA replication	Neither	NO	NO	NA	NO
GO_BP	GO:0006261	DNA-templated DNA replication	Firth_only	NO	NO	NA	NO
GO_BP	GO:0006264	mitochondrial DNA replication	Neither	NO	NO	NA	NO
GO_BP	GO:0006265	DNA topological change	Tier1	YES	NO	NO	YES
GO_BP	GO:0006270	DNA replication initiation	Firth_only	NO	NO	NA	NO
GO_BP	GO:0006271	DNA strand elongation involved in DNA replication	Firth_only	NO	NO	NA	NO
GO_BP	GO:0006275	regulation of DNA replication	Neither	NO	NO	NA	NO
GO_BP	GO:0006278	RNA-templated DNA biosynthetic process	Neither	NO	NO	NA	NO
GO_BP	GO:0006281	DNA repair	Neither	NO	NO	NA	NO
GO_BP	GO:0006282	regulation of DNA repair	Neither	NO	NO	NA	NO
GO_BP	GO:0006283	transcription-coupled nucleotide-excision repair	Neither	NO	NO	NA	NO
GO_BP	GO:0006284	base-excision repair	Neither	NO	NO	NA	NO
GO_BP	GO:0006285	base-excision repair, AP site formation	Neither	NO	NO	NA	NO
GO_BP	GO:0006287	base-excision repair, gap-filling	Neither	NO	NO	NA	NO
GO_BP	GO:0006289	nucleotide-excision repair	Neither	NO	NO	NA	NO
GO_BP	GO:0006298	mismatch repair	Neither	NO	NO	NA	NO
GO_BP	GO:0006301	DNA damage tolerance	Neither	NO	NO	NA	NO
GO_BP	GO:0006302	double-strand break repair	Firth_only	NO	NO	NA	NO
GO_BP	GO:0006303	double-strand break repair via nonhomologous end joining	Neither	NO	NO	NA	NO
GO_BP	GO:0006304	DNA modification	Neither	NO	NO	NA	NO
GO_BP	GO:0006307	DNA alkylation repair	Neither	NO	NO	NA	NO
GO_BP	GO:0006308	DNA catabolic process	Neither	NO	NO	NA	NO
GO_BP	GO:0006309	apoptotic DNA fragmentation	Neither	NO	NO	NA	NO
GO_BP	GO:0006310	DNA recombination	Tier1	YES	NO	NO	YES
GO_BP	GO:0006312	mitotic recombination	Firth_only	NO	NO	NA	NO
GO_BP	GO:0006334	nucleosome assembly	Neither	NO	NO	NA	NO
GO_BP	GO:0006337	nucleosome disassembly	Neither	NO	NO	NA	NO
GO_BP	GO:0006346	DNA methylation-dependent constitutive heterochromatin formation	Neither	NO	NO	NA	NO
GO_BP	GO:0006351	DNA-templated transcription	Neither	NO	NO	NA	NO
GO_BP	GO:0006352	DNA-templated transcription initiation	Neither	NO	NO	NA	NO
GO_BP	GO:0006353	DNA-templated transcription termination	Neither	NO	NO	NA	NO
GO_BP	GO:0006354	DNA-templated transcription elongation	Neither	NO	NO	NA	NO
GO_BP	GO:0006356	regulation of transcription by RNA polymerase I	Neither	NO	NO	NA	NO
GO_BP	GO:0006359	regulation of transcription by RNA polymerase III	Neither	NO	NO	NA	NO
GO_BP	GO:0006360	transcription by RNA polymerase I	Neither	NO	NO	NA	NO
GO_BP	GO:0006361	transcription initiation at RNA polymerase I promoter	Neither	NO	NO	NA	NO
GO_BP	GO:0006362	transcription elongation by RNA polymerase I	Neither	NO	NO	NA	NO
GO_BP	GO:0006363	termination of RNA polymerase I transcription	Neither	NO	NO	NA	NO
GO_BP	GO:0006364	rRNA processing	Neither	NO	NO	NA	NO
GO_BP	GO:0006366	transcription by RNA polymerase II	Neither	NO	NO	NA	NO
GO_BP	GO:0006367	transcription initiation at RNA polymerase II promoter	Neither	NO	NO	NA	NO
GO_BP	GO:0006368	transcription elongation by RNA polymerase II	Neither	NO	NO	NA	NO
GO_BP	GO:0006376	mRNA splice site recognition	Neither	NO	NO	NA	NO
GO_BP	GO:0006383	transcription by RNA polymerase III	Neither	NO	NO	NA	NO
GO_BP	GO:0006384	transcription initiation at RNA polymerase III promoter	Neither	NO	NO	NA	NO
GO_BP	GO:0006386	termination of RNA polymerase III transcription	Neither	NO	NO	NA	NO
GO_BP	GO:0006388	tRNA splicing, via endonucleolytic cleavage and ligation	Neither	NO	NO	NA	NO
GO_BP	GO:0006390	mitochondrial transcription	Neither	NO	NO	NA	NO
GO_BP	GO:0006397	mRNA processing	Neither	NO	NO	NA	NO
GO_BP	GO:0006399	tRNA metabolic process	Neither	NO	NO	NA	NO
GO_BP	GO:0006400	tRNA modification	Neither	NO	NO	NA	NO
GO_BP	GO:0006401	RNA catabolic process	Neither	NO	NO	NA	NO
GO_BP	GO:0006402	mRNA catabolic process	Neither	NO	NO	NA	NO
GO_BP	GO:0006403	RNA localization	Neither	NO	NO	NA	NO
GO_BP	GO:0006405	RNA export from nucleus	Neither	NO	NO	NA	NO
GO_BP	GO:0006406	mRNA export from nucleus	Neither	NO	NO	NA	NO
GO_BP	GO:0006412	translation	Neither	NO	NO	NA	NO
GO_BP	GO:0006413	translational initiation	Neither	NO	NO	NA	NO
GO_BP	GO:0006414	translational elongation	Neither	NO	NO	NA	NO
GO_BP	GO:0006415	translational termination	Neither	NO	NO	NA	NO
GO_BP	GO:0006417	regulation of translation	Neither	NO	NO	NA	NO
GO_BP	GO:0006418	tRNA aminoacylation for protein translation	Neither	NO	NO	NA	NO
GO_BP	GO:0006446	regulation of translational initiation	Neither	NO	NO	NA	NO
GO_BP	GO:0006448	regulation of translational elongation	Neither	NO	NO	NA	NO
GO_BP	GO:0006450	regulation of translational fidelity	Neither	NO	NO	NA	NO
GO_BP	GO:0006457	protein folding	Neither	NO	NO	NA	NO
GO_BP	GO:0006458	'de novo' protein folding	Neither	NO	NO	NA	NO
GO_BP	GO:0006468	protein phosphorylation	Neither	NO	NO	NA	NO
GO_BP	GO:0006469	negative regulation of protein kinase activity	Neither	NO	NO	NA	NO
GO_BP	GO:0006470	protein dephosphorylation	Firth_only	NO	NO	NA	NO
GO_BP	GO:0006473	protein acetylation	Neither	NO	NO	NA	NO
GO_BP	GO:0006476	protein deacetylation	Neither	NO	NO	NA	NO
GO_BP	GO:0006479	protein methylation	Neither	NO	NO	NA	NO
GO_BP	GO:0006487	protein N-linked glycosylation	Neither	NO	NO	NA	NO
GO_BP	GO:0006488	dolichol-linked oligosaccharide biosynthetic process	Neither	NO	NO	NA	NO
GO_BP	GO:0006491	N-glycan processing	Neither	NO	NO	NA	NO
GO_BP	GO:0006493	protein O-linked glycosylation	Neither	NO	NO	NA	NO
GO_BP	GO:0006497	protein lipidation	Neither	NO	NO	NA	NO
GO_BP	GO:0006505	GPI anchor metabolic process	Neither	NO	NO	NA	NO
GO_BP	GO:0006506	GPI anchor biosynthetic process	Neither	NO	NO	NA	NO
GO_BP	GO:0006508	proteolysis	Neither	NO	NO	NA	NO
GO_BP	GO:0006509	membrane protein ectodomain proteolysis	Neither	NO	NO	NA	NO
GO_BP	GO:0006513	protein monoubiquitination	Neither	NO	NO	NA	NO
GO_BP	GO:0006515	protein quality control for misfolded or incompletely synthesized proteins	Neither	NO	NO	NA	NO
GO_BP	GO:0006516	glycoprotein catabolic process	Neither	NO	NO	NA	NO
GO_BP	GO:0006517	protein deglycosylation	Neither	NO	NO	NA	NO
GO_BP	GO:0006518	peptide metabolic process	Neither	NO	NO	NA	NO
GO_BP	GO:0006520	amino acid metabolic process	Neither	NO	NO	NA	NO
GO_BP	GO:0006521	regulation of amino acid metabolic process	Neither	NO	NO	NA	NO
GO_BP	GO:0006525	arginine metabolic process	Neither	NO	NO	NA	NO
GO_BP	GO:0006536	glutamate metabolic process	Neither	NO	NO	NA	NO
GO_BP	GO:0006538	L-glutamate catabolic process	Neither	NO	NO	NA	NO
GO_BP	GO:0006541	L-glutamine metabolic process	Neither	NO	NO	NA	NO
GO_BP	GO:0006543	L-glutamine catabolic process	Neither	NO	NO	NA	NO
GO_BP	GO:0006544	glycine metabolic process	Neither	NO	NO	NA	NO
GO_BP	GO:0006551	L-leucine metabolic process	Neither	NO	NO	NA	NO
GO_BP	GO:0006552	L-leucine catabolic process	Neither	NO	NO	NA	NO
GO_BP	GO:0006555	L-methionine metabolic process	Neither	NO	NO	NA	NO
GO_BP	GO:0006560	L-proline metabolic process	Neither	NO	NO	NA	NO
GO_BP	GO:0006563	L-serine metabolic process	Neither	NO	NO	NA	NO
GO_BP	GO:0006574	L-valine catabolic process	Neither	NO	NO	NA	NO
GO_BP	GO:0006575	modified amino acid metabolic process	Neither	NO	NO	NA	NO
GO_BP	GO:0006576	biogenic amine metabolic process	Neither	NO	NO	NA	NO
GO_BP	GO:0006577	amino-acid betaine metabolic process	Neither	NO	NO	NA	NO
GO_BP	GO:0006584	catecholamine metabolic process	Neither	NO	NO	NA	NO
GO_BP	GO:0006590	thyroid hormone generation	Neither	NO	NO	NA	NO
GO_BP	GO:0006595	polyamine metabolic process	Neither	NO	NO	NA	NO
GO_BP	GO:0006596	polyamine biosynthetic process	Neither	NO	NO	NA	NO
GO_BP	GO:0006605	protein targeting	Neither	NO	NO	NA	NO
GO_BP	GO:0006606	protein import into nucleus	Neither	NO	NO	NA	NO
GO_BP	GO:0006607	NLS-bearing protein import into nucleus	Neither	NO	NO	NA	NO
GO_BP	GO:0006611	protein export from nucleus	Neither	NO	NO	NA	NO
GO_BP	GO:0006612	protein targeting to membrane	Neither	NO	NO	NA	NO
GO_BP	GO:0006613	cotranslational protein targeting to membrane	Tier1	YES	NO	NO	YES
GO_BP	GO:0006614	SRP-dependent cotranslational protein targeting to membrane	Tier1	YES	NO	NO	YES
GO_BP	GO:0006616	SRP-dependent cotranslational protein targeting to membrane, translocation	Neither	NO	NO	NA	NO
GO_BP	GO:0006620	post-translational protein targeting to endoplasmic reticulum membrane	Neither	NO	NO	NA	NO
GO_BP	GO:0006622	protein targeting to lysosome	Neither	NO	NO	NA	NO
GO_BP	GO:0006623	protein targeting to vacuole	Neither	NO	NO	NA	NO
GO_BP	GO:0006631	fatty acid metabolic process	Neither	NO	NO	NA	NO
GO_BP	GO:0006633	fatty acid biosynthetic process	Neither	NO	NO	NA	NO
GO_BP	GO:0006635	fatty acid beta-oxidation	Neither	NO	NO	NA	NO
GO_BP	GO:0006636	unsaturated fatty acid biosynthetic process	Neither	NO	NO	NA	NO
GO_BP	GO:0006637	acyl-CoA metabolic process	Neither	NO	NO	NA	NO
GO_BP	GO:0006638	neutral lipid metabolic process	Neither	NO	NO	NA	NO
GO_BP	GO:0006639	acylglycerol metabolic process	Neither	NO	NO	NA	NO
GO_BP	GO:0006641	triglyceride metabolic process	Neither	NO	NO	NA	NO
GO_BP	GO:0006644	phospholipid metabolic process	Neither	NO	NO	NA	NO
GO_BP	GO:0006650	glycerophospholipid metabolic process	Neither	NO	NO	NA	NO
GO_BP	GO:0006654	phosphatidic acid biosynthetic process	Neither	NO	NO	NA	NO
GO_BP	GO:0006656	phosphatidylcholine biosynthetic process	Neither	NO	NO	NA	NO
GO_BP	GO:0006658	phosphatidylserine metabolic process	Neither	NO	NO	NA	NO
GO_BP	GO:0006661	phosphatidylinositol biosynthetic process	Neither	NO	NO	NA	NO
GO_BP	GO:0006664	glycolipid metabolic process	Neither	NO	NO	NA	NO
GO_BP	GO:0006665	sphingolipid metabolic process	Neither	NO	NO	NA	NO
GO_BP	GO:0006670	sphingosine metabolic process	Neither	NO	NO	NA	NO
GO_BP	GO:0006672	ceramide metabolic process	Neither	NO	NO	NA	NO
GO_BP	GO:0006677	glycosylceramide metabolic process	Neither	NO	NO	NA	NO
GO_BP	GO:0006684	sphingomyelin metabolic process	Neither	NO	NO	NA	NO
GO_BP	GO:0006686	sphingomyelin biosynthetic process	Neither	NO	NO	NA	NO
GO_BP	GO:0006687	glycosphingolipid metabolic process	Neither	NO	NO	NA	NO
GO_BP	GO:0006688	glycosphingolipid biosynthetic process	Neither	NO	NO	NA	NO
GO_BP	GO:0006689	ganglioside catabolic process	Neither	NO	NO	NA	NO
GO_BP	GO:0006690	icosanoid metabolic process	Neither	NO	NO	NA	NO
GO_BP	GO:0006691	leukotriene metabolic process	Neither	NO	NO	NA	NO
GO_BP	GO:0006692	prostanoid metabolic process	Neither	NO	NO	NA	NO
GO_BP	GO:0006693	prostaglandin metabolic process	Neither	NO	NO	NA	NO
GO_BP	GO:0006694	steroid biosynthetic process	Neither	NO	NO	NA	NO
GO_BP	GO:0006695	cholesterol biosynthetic process	Neither	NO	NO	NA	NO
GO_BP	GO:0006699	bile acid biosynthetic process	Neither	NO	NO	NA	NO
GO_BP	GO:0006700	C21-steroid hormone biosynthetic process	Neither	NO	NO	NA	NO
GO_BP	GO:0006702	androgen biosynthetic process	Neither	NO	NO	NA	NO
GO_BP	GO:0006703	estrogen biosynthetic process	Neither	NO	NO	NA	NO
GO_BP	GO:0006706	steroid catabolic process	Neither	NO	NO	NA	NO
GO_BP	GO:0006720	isoprenoid metabolic process	Neither	NO	NO	NA	NO
GO_BP	GO:0006721	terpenoid metabolic process	Neither	NO	NO	NA	NO
GO_BP	GO:0006730	one-carbon metabolic process	Neither	NO	NO	NA	NO
GO_BP	GO:0006739	NADP+ metabolic process	Neither	NO	NO	NA	NO
GO_BP	GO:0006740	NADPH regeneration	Neither	NO	NO	NA	NO
GO_BP	GO:0006743	ubiquinone metabolic process	Neither	NO	NO	NA	NO
GO_BP	GO:0006744	ubiquinone biosynthetic process	Neither	NO	NO	NA	NO
GO_BP	GO:0006749	glutathione metabolic process	Neither	NO	NO	NA	NO
GO_BP	GO:0006751	glutathione catabolic process	Neither	NO	NO	NA	NO
GO_BP	GO:0006754	ATP biosynthetic process	Neither	NO	NO	NA	NO
GO_BP	GO:0006760	folic acid-containing compound metabolic process	Neither	NO	NO	NA	NO
GO_BP	GO:0006766	vitamin metabolic process	Neither	NO	NO	NA	NO
GO_BP	GO:0006778	porphyrin-containing compound metabolic process	Neither	NO	NO	NA	NO
GO_BP	GO:0006779	porphyrin-containing compound biosynthetic process	Neither	NO	NO	NA	NO
GO_BP	GO:0006783	heme biosynthetic process	Neither	NO	NO	NA	NO
GO_BP	GO:0006787	porphyrin-containing compound catabolic process	Neither	NO	NO	NA	NO
GO_BP	GO:0006790	sulfur compound metabolic process	Neither	NO	NO	NA	NO
GO_BP	GO:0006796	phosphate-containing compound metabolic process	Neither	NO	NO	NA	NO
GO_BP	GO:0006801	superoxide metabolic process	Neither	NO	NO	NA	NO
GO_BP	GO:0006805	xenobiotic metabolic process	Neither	NO	NO	NA	NO
GO_BP	GO:0006809	nitric oxide biosynthetic process	Neither	NO	NO	NA	NO
GO_BP	GO:0006813	potassium ion transport	Neither	NO	NO	NA	NO
GO_BP	GO:0006814	sodium ion transport	Neither	NO	NO	NA	NO
GO_BP	GO:0006816	calcium ion transport	Neither	NO	NO	NA	NO
GO_BP	GO:0006817	phosphate ion transport	Neither	NO	NO	NA	NO
GO_BP	GO:0006820	monoatomic anion transport	Neither	NO	NO	NA	NO
GO_BP	GO:0006821	chloride transport	Neither	NO	NO	NA	NO
GO_BP	GO:0006825	copper ion transport	Neither	NO	NO	NA	NO
GO_BP	GO:0006826	iron ion transport	Neither	NO	NO	NA	NO
GO_BP	GO:0006828	manganese ion transport	Neither	NO	NO	NA	NO
GO_BP	GO:0006829	zinc ion transport	Neither	NO	NO	NA	NO
GO_BP	GO:0006833	water transport	Neither	NO	NO	NA	NO
GO_BP	GO:0006835	dicarboxylic acid transport	Neither	NO	NO	NA	NO
GO_BP	GO:0006836	neurotransmitter transport	Neither	NO	NO	NA	NO
GO_BP	GO:0006839	mitochondrial transport	Neither	NO	NO	NA	NO
GO_BP	GO:0006851	mitochondrial calcium ion transmembrane transport	Neither	NO	NO	NA	NO
GO_BP	GO:0006855	xenobiotic transmembrane transport	Neither	NO	NO	NA	NO
GO_BP	GO:0006857	oligopeptide transport	Neither	NO	NO	NA	NO
GO_BP	GO:0006858	extracellular transport	Neither	NO	NO	NA	NO
GO_BP	GO:0006862	nucleotide transport	Neither	NO	NO	NA	NO
GO_BP	GO:0006863	purine nucleobase transport	Neither	NO	NO	NA	NO
GO_BP	GO:0006865	amino acid transport	Neither	NO	NO	NA	NO
GO_BP	GO:0006869	lipid transport	Neither	NO	NO	NA	NO
GO_BP	GO:0006873	intracellular monoatomic ion homeostasis	Neither	NO	NO	NA	NO
GO_BP	GO:0006874	intracellular calcium ion homeostasis	Neither	NO	NO	NA	NO
GO_BP	GO:0006878	intracellular copper ion homeostasis	Neither	NO	NO	NA	NO
GO_BP	GO:0006879	intracellular iron ion homeostasis	Neither	NO	NO	NA	NO
GO_BP	GO:0006882	intracellular zinc ion homeostasis	Neither	NO	NO	NA	NO
GO_BP	GO:0006883	intracellular sodium ion homeostasis	Neither	NO	NO	NA	NO
GO_BP	GO:0006884	cell volume homeostasis	Neither	NO	NO	NA	NO
GO_BP	GO:0006885	regulation of pH	Neither	NO	NO	NA	NO
GO_BP	GO:0006886	intracellular protein transport	Neither	NO	NO	NA	NO
GO_BP	GO:0006887	exocytosis	Neither	NO	NO	NA	NO
GO_BP	GO:0006888	endoplasmic reticulum to Golgi vesicle-mediated transport	Neither	NO	NO	NA	NO
GO_BP	GO:0006890	retrograde vesicle-mediated transport, Golgi to endoplasmic reticulum	Neither	NO	NO	NA	NO
GO_BP	GO:0006891	intra-Golgi vesicle-mediated transport	Neither	NO	NO	NA	NO
GO_BP	GO:0006892	post-Golgi vesicle-mediated transport	Neither	NO	NO	NA	NO
GO_BP	GO:0006893	Golgi to plasma membrane transport	Neither	NO	NO	NA	NO
GO_BP	GO:0006895	Golgi to endosome transport	Neither	NO	NO	NA	NO
GO_BP	GO:0006896	Golgi to vacuole transport	Neither	NO	NO	NA	NO
GO_BP	GO:0006897	endocytosis	Neither	NO	NO	NA	NO
GO_BP	GO:0006898	receptor-mediated endocytosis	Neither	NO	NO	NA	NO
GO_BP	GO:0006900	vesicle budding from membrane	Neither	NO	NO	NA	NO
GO_BP	GO:0006901	vesicle coat assembly	Neither	NO	NO	NA	NO
GO_BP	GO:0006906	vesicle fusion	Neither	NO	NO	NA	NO
GO_BP	GO:0006907	pinocytosis	Neither	NO	NO	NA	NO
GO_BP	GO:0006909	phagocytosis	Neither	NO	NO	NA	NO
GO_BP	GO:0006911	phagocytosis, engulfment	Neither	NO	NO	NA	NO
GO_BP	GO:0006913	nucleocytoplasmic transport	Neither	NO	NO	NA	NO
GO_BP	GO:0006914	autophagy	Neither	NO	NO	NA	NO
GO_BP	GO:0006921	cellular component disassembly involved in execution phase of apoptosis	Neither	NO	NO	NA	NO
GO_BP	GO:0006929	substrate-dependent cell migration	Neither	NO	NO	NA	NO
GO_BP	GO:0006935	chemotaxis	Neither	NO	NO	NA	NO
GO_BP	GO:0006936	muscle contraction	Neither	NO	NO	NA	NO
GO_BP	GO:0006937	regulation of muscle contraction	Neither	NO	NO	NA	NO
GO_BP	GO:0006939	smooth muscle contraction	Neither	NO	NO	NA	NO
GO_BP	GO:0006940	regulation of smooth muscle contraction	Neither	NO	NO	NA	NO
GO_BP	GO:0006941	striated muscle contraction	Neither	NO	NO	NA	NO
GO_BP	GO:0006942	regulation of striated muscle contraction	Neither	NO	NO	NA	NO
GO_BP	GO:0006953	acute-phase response	Neither	NO	NO	NA	NO
GO_BP	GO:0006954	inflammatory response	Neither	NO	NO	NA	NO
GO_BP	GO:0006956	complement activation	Firth_only	NO	NO	NA	NO
GO_BP	GO:0006957	complement activation, alternative pathway	Neither	NO	NO	NA	NO
GO_BP	GO:0006959	humoral immune response	Neither	NO	NO	NA	NO
GO_BP	GO:0006968	cellular defense response	Neither	NO	NO	NA	NO
GO_BP	GO:0006970	response to osmotic stress	Neither	NO	NO	NA	NO
GO_BP	GO:0006971	hypotonic response	Neither	NO	NO	NA	NO
GO_BP	GO:0006972	hyperosmotic response	Neither	NO	NO	NA	NO
GO_BP	GO:0006979	response to oxidative stress	Neither	NO	NO	NA	NO
GO_BP	GO:0006984	ER-nucleus signaling pathway	Neither	NO	NO	NA	NO
GO_BP	GO:0006986	response to unfolded protein	Neither	NO	NO	NA	NO
GO_BP	GO:0006991	response to sterol depletion	Neither	NO	NO	NA	NO
GO_BP	GO:0006995	cellular response to nitrogen starvation	Neither	NO	NO	NA	NO
GO_BP	GO:0006997	nucleus organization	Neither	NO	NO	NA	NO
GO_BP	GO:0006998	nuclear envelope organization	Neither	NO	NO	NA	NO
GO_BP	GO:0006999	nuclear pore organization	Neither	NO	NO	NA	NO
GO_BP	GO:0007000	nucleolus organization	Neither	NO	NO	NA	NO
GO_BP	GO:0007004	telomere maintenance via telomerase	Neither	NO	NO	NA	NO
GO_BP	GO:0007005	mitochondrion organization	Neither	NO	NO	NA	NO
GO_BP	GO:0007006	mitochondrial membrane organization	Neither	NO	NO	NA	NO
GO_BP	GO:0007007	inner mitochondrial membrane organization	Neither	NO	NO	NA	NO
GO_BP	GO:0007008	outer mitochondrial membrane organization	Neither	NO	NO	NA	NO
GO_BP	GO:0007009	plasma membrane organization	Neither	NO	NO	NA	NO
GO_BP	GO:0007015	actin filament organization	Neither	NO	NO	NA	NO
GO_BP	GO:0007018	microtubule-based movement	Neither	NO	NO	NA	NO
GO_BP	GO:0007019	microtubule depolymerization	Neither	NO	NO	NA	NO
GO_BP	GO:0007020	microtubule nucleation	Neither	NO	NO	NA	NO
GO_BP	GO:0007026	negative regulation of microtubule depolymerization	Neither	NO	NO	NA	NO
GO_BP	GO:0007029	endoplasmic reticulum organization	Neither	NO	NO	NA	NO
GO_BP	GO:0007030	Golgi organization	Neither	NO	NO	NA	NO
GO_BP	GO:0007031	peroxisome organization	Neither	NO	NO	NA	NO
GO_BP	GO:0007032	endosome organization	Neither	NO	NO	NA	NO
GO_BP	GO:0007033	vacuole organization	Neither	NO	NO	NA	NO
GO_BP	GO:0007034	vacuolar transport	Neither	NO	NO	NA	NO
GO_BP	GO:0007035	vacuolar acidification	Neither	NO	NO	NA	NO
GO_BP	GO:0007039	protein catabolic process in the vacuole	Neither	NO	NO	NA	NO
GO_BP	GO:0007040	lysosome organization	Neither	NO	NO	NA	NO
GO_BP	GO:0007041	lysosomal transport	Neither	NO	NO	NA	NO
GO_BP	GO:0007042	lysosomal lumen acidification	Neither	NO	NO	NA	NO
GO_BP	GO:0007043	cell-cell junction assembly	Neither	NO	NO	NA	NO
GO_BP	GO:0007044	cell-substrate junction assembly	Neither	NO	NO	NA	NO
GO_BP	GO:0007051	spindle organization	Neither	NO	NO	NA	NO
GO_BP	GO:0007052	mitotic spindle organization	Neither	NO	NO	NA	NO
GO_BP	GO:0007059	chromosome segregation	Neither	NO	NO	NA	NO
GO_BP	GO:0007062	sister chromatid cohesion	Neither	NO	NO	NA	NO
GO_BP	GO:0007063	regulation of sister chromatid cohesion	Neither	NO	NO	NA	NO
GO_BP	GO:0007064	mitotic sister chromatid cohesion	Neither	NO	NO	NA	NO
GO_BP	GO:0007076	mitotic chromosome condensation	Neither	NO	NO	NA	NO
GO_BP	GO:0007080	mitotic metaphase chromosome alignment	Neither	NO	NO	NA	NO
GO_BP	GO:0007084	mitotic nuclear membrane reassembly	Neither	NO	NO	NA	NO
GO_BP	GO:0007088	regulation of mitotic nuclear division	Neither	NO	NO	NA	NO
GO_BP	GO:0007093	mitotic cell cycle checkpoint signaling	Neither	NO	NO	NA	NO
GO_BP	GO:0007094	mitotic spindle assembly checkpoint signaling	Neither	NO	NO	NA	NO
GO_BP	GO:0007095	mitotic G2 DNA damage checkpoint signaling	Neither	NO	NO	NA	NO
GO_BP	GO:0007096	regulation of exit from mitosis	Neither	NO	NO	NA	NO
GO_BP	GO:0007097	nuclear migration	Neither	NO	NO	NA	NO
GO_BP	GO:0007098	centrosome cycle	Neither	NO	NO	NA	NO
GO_BP	GO:0007099	centriole replication	Neither	NO	NO	NA	NO
GO_BP	GO:0007127	meiosis I	Firth_only	NO	NO	NA	NO
GO_BP	GO:0007129	homologous chromosome pairing at meiosis	Neither	NO	NO	NA	NO
GO_BP	GO:0007130	synaptonemal complex assembly	Neither	NO	NO	NA	NO
GO_BP	GO:0007131	reciprocal meiotic recombination	Firth_only	NO	NO	NA	NO
GO_BP	GO:0007140	male meiotic nuclear division	Firth_only	NO	NO	NA	NO
GO_BP	GO:0007141	male meiosis I	Firth_only	NO	NO	NA	NO
GO_BP	GO:0007143	female meiotic nuclear division	Neither	NO	NO	NA	NO
GO_BP	GO:0007156	homophilic cell-cell adhesion	Neither	NO	NO	NA	NO
GO_BP	GO:0007157	heterophilic cell-cell adhesion	Neither	NO	NO	NA	NO
GO_BP	GO:0007158	neuron cell-cell adhesion	Neither	NO	NO	NA	NO
GO_BP	GO:0007159	leukocyte cell-cell adhesion	Neither	NO	NO	NA	NO
GO_BP	GO:0007160	cell-matrix adhesion	Neither	NO	NO	NA	NO
GO_BP	GO:0007162	negative regulation of cell adhesion	Neither	NO	NO	NA	NO
GO_BP	GO:0007163	establishment or maintenance of cell polarity	Neither	NO	NO	NA	NO
GO_BP	GO:0007168	receptor guanylyl cyclase signaling pathway	Neither	NO	NO	NA	NO
GO_BP	GO:0007169	cell surface receptor protein tyrosine kinase signaling pathway	Neither	NO	NO	NA	NO
GO_BP	GO:0007173	epidermal growth factor receptor signaling pathway	Neither	NO	NO	NA	NO
GO_BP	GO:0007175	negative regulation of epidermal growth factor-activated receptor activity	Neither	NO	NO	NA	NO
GO_BP	GO:0007178	cell surface receptor protein serine/threonine kinase signaling pathway	Neither	NO	NO	NA	NO
GO_BP	GO:0007179	transforming growth factor beta receptor signaling pathway	Neither	NO	NO	NA	NO
GO_BP	GO:0007187	G protein-coupled receptor signaling pathway, coupled to cyclic nucleotide second messenger	Neither	NO	NO	NA	NO
GO_BP	GO:0007188	adenylate cyclase-modulating G protein-coupled receptor signaling pathway	Neither	NO	NO	NA	NO
GO_BP	GO:0007189	adenylate cyclase-activating G protein-coupled receptor signaling pathway	Neither	NO	NO	NA	NO
GO_BP	GO:0007190	activation of adenylate cyclase activity	Neither	NO	NO	NA	NO
GO_BP	GO:0007193	adenylate cyclase-inhibiting G protein-coupled receptor signaling pathway	Neither	NO	NO	NA	NO
GO_BP	GO:0007194	negative regulation of adenylate cyclase activity	Neither	NO	NO	NA	NO
GO_BP	GO:0007198	adenylate cyclase-inhibiting serotonin receptor signaling pathway	Neither	NO	NO	NA	NO
GO_BP	GO:0007200	phospholipase C-activating G protein-coupled receptor signaling pathway	Neither	NO	NO	NA	NO
GO_BP	GO:0007204	positive regulation of cytosolic calcium ion concentration	Neither	NO	NO	NA	NO
GO_BP	GO:0007210	serotonin receptor signaling pathway	Neither	NO	NO	NA	NO
GO_BP	GO:0007212	G protein-coupled dopamine receptor signaling pathway	Neither	NO	NO	NA	NO
GO_BP	GO:0007213	G protein-coupled acetylcholine receptor signaling pathway	Neither	NO	NO	NA	NO
GO_BP	GO:0007214	gamma-aminobutyric acid signaling pathway	Neither	NO	NO	NA	NO
GO_BP	GO:0007215	glutamate receptor signaling pathway	Neither	NO	NO	NA	NO
GO_BP	GO:0007216	G protein-coupled glutamate receptor signaling pathway	Neither	NO	NO	NA	NO
GO_BP	GO:0007218	neuropeptide signaling pathway	Neither	NO	NO	NA	NO
GO_BP	GO:0007219	Notch signaling pathway	Neither	NO	NO	NA	NO
GO_BP	GO:0007224	smoothened signaling pathway	Neither	NO	NO	NA	NO
GO_BP	GO:0007229	integrin-mediated signaling pathway	Neither	NO	NO	NA	NO
GO_BP	GO:0007249	canonical NF-kappaB signal transduction	Neither	NO	NO	NA	NO
GO_BP	GO:0007250	activation of NF-kappaB-inducing kinase activity	Neither	NO	NO	NA	NO
GO_BP	GO:0007254	JNK cascade	Neither	NO	NO	NA	NO
GO_BP	GO:0007259	cell surface receptor signaling pathway via JAK-STAT	Neither	NO	NO	NA	NO
GO_BP	GO:0007264	small GTPase-mediated signal transduction	Neither	NO	NO	NA	NO
GO_BP	GO:0007265	Ras protein signal transduction	Neither	NO	NO	NA	NO
GO_BP	GO:0007266	Rho protein signal transduction	Neither	NO	NO	NA	NO
GO_BP	GO:0007268	chemical synaptic transmission	Neither	NO	NO	NA	NO
GO_BP	GO:0007269	neurotransmitter secretion	Neither	NO	NO	NA	NO
GO_BP	GO:0007271	synaptic transmission, cholinergic	Neither	NO	NO	NA	NO
GO_BP	GO:0007272	ensheathment of neurons	Neither	NO	NO	NA	NO
GO_BP	GO:0007274	neuromuscular synaptic transmission	Neither	NO	NO	NA	NO
GO_BP	GO:0007281	germ cell development	Neither	NO	NO	NA	NO
GO_BP	GO:0007286	spermatid development	Neither	NO	NO	NA	NO
GO_BP	GO:0007288	sperm axoneme assembly	Neither	NO	NO	NA	NO
GO_BP	GO:0007289	spermatid nucleus differentiation	Neither	NO	NO	NA	NO
GO_BP	GO:0007292	female gamete generation	Neither	NO	NO	NA	NO
GO_BP	GO:0007338	single fertilization	Neither	NO	NO	NA	NO
GO_BP	GO:0007339	binding of sperm to zona pellucida	Neither	NO	NO	NA	NO
GO_BP	GO:0007340	acrosome reaction	Neither	NO	NO	NA	NO
GO_BP	GO:0007342	fusion of sperm to egg plasma membrane involved in single fertilization	Neither	NO	NO	NA	NO
GO_BP	GO:0007343	egg activation	Neither	NO	NO	NA	NO
GO_BP	GO:0007346	regulation of mitotic cell cycle	Neither	NO	NO	NA	NO
GO_BP	GO:0007350	blastoderm segmentation	Neither	NO	NO	NA	NO
GO_BP	GO:0007351	tripartite regional subdivision	Neither	NO	NO	NA	NO
GO_BP	GO:0007368	determination of left/right symmetry	Neither	NO	NO	NA	NO
GO_BP	GO:0007369	gastrulation	Neither	NO	NO	NA	NO
GO_BP	GO:0007379	segment specification	Neither	NO	NO	NA	NO
GO_BP	GO:0007389	pattern specification process	Neither	NO	NO	NA	NO
GO_BP	GO:0007398	ectoderm development	Neither	NO	NO	NA	NO
GO_BP	GO:0007405	neuroblast proliferation	Neither	NO	NO	NA	NO
GO_BP	GO:0007409	axonogenesis	Neither	NO	NO	NA	NO
GO_BP	GO:0007411	axon guidance	Neither	NO	NO	NA	NO
GO_BP	GO:0007413	axonal fasciculation	Neither	NO	NO	NA	NO
GO_BP	GO:0007416	synapse assembly	Neither	NO	NO	NA	NO
GO_BP	GO:0007422	peripheral nervous system development	Neither	NO	NO	NA	NO
GO_BP	GO:0007423	sensory organ development	Neither	NO	NO	NA	NO
GO_BP	GO:0007492	endoderm development	Neither	NO	NO	NA	NO
GO_BP	GO:0007498	mesoderm development	Neither	NO	NO	NA	NO
GO_BP	GO:0007507	heart development	Neither	NO	NO	NA	NO
GO_BP	GO:0007517	muscle organ development	Neither	NO	NO	NA	NO
GO_BP	GO:0007519	skeletal muscle tissue development	Neither	NO	NO	NA	NO
GO_BP	GO:0007520	myoblast fusion	Neither	NO	NO	NA	NO
GO_BP	GO:0007528	neuromuscular junction development	Neither	NO	NO	NA	NO
GO_BP	GO:0007530	sex determination	Neither	NO	NO	NA	NO
GO_BP	GO:0007548	sex differentiation	Neither	NO	NO	NA	NO
GO_BP	GO:0007549	sex-chromosome dosage compensation	Neither	NO	NO	NA	NO
GO_BP	GO:0007565	female pregnancy	Neither	NO	NO	NA	NO
GO_BP	GO:0007566	embryo implantation	Neither	NO	NO	NA	NO
GO_BP	GO:0007567	parturition	Neither	NO	NO	NA	NO
GO_BP	GO:0007584	response to nutrient	Neither	NO	NO	NA	NO
GO_BP	GO:0007585	respiratory gaseous exchange by respiratory system	Neither	NO	NO	NA	NO
GO_BP	GO:0007586	digestion	Neither	NO	NO	NA	NO
GO_BP	GO:0007588	excretion	Neither	NO	NO	NA	NO
GO_BP	GO:0007589	body fluid secretion	Neither	NO	NO	NA	NO
GO_BP	GO:0007595	lactation	Neither	NO	NO	NA	NO
GO_BP	GO:0007596	blood coagulation	Neither	NO	NO	NA	NO
GO_BP	GO:0007597	blood coagulation, intrinsic pathway	Neither	NO	NO	NA	NO
GO_BP	GO:0007599	hemostasis	Neither	NO	NO	NA	NO
GO_BP	GO:0007601	visual perception	Neither	NO	NO	NA	NO
GO_BP	GO:0007602	phototransduction	Neither	NO	NO	NA	NO
GO_BP	GO:0007603	phototransduction, visible light	Neither	NO	NO	NA	NO
GO_BP	GO:0007605	sensory perception of sound	Neither	NO	NO	NA	NO
GO_BP	GO:0007606	sensory perception of chemical stimulus	Neither	NO	NO	NA	NO
GO_BP	GO:0007608	sensory perception of smell	Neither	NO	NO	NA	NO
GO_BP	GO:0007610	behavior	Neither	NO	NO	NA	NO
GO_BP	GO:0007611	learning or memory	Neither	NO	NO	NA	NO
GO_BP	GO:0007612	learning	Neither	NO	NO	NA	NO
GO_BP	GO:0007613	memory	Neither	NO	NO	NA	NO
GO_BP	GO:0007616	long-term memory	Neither	NO	NO	NA	NO
GO_BP	GO:0007617	mating behavior	Neither	NO	NO	NA	NO
GO_BP	GO:0007620	copulation	Neither	NO	NO	NA	NO
GO_BP	GO:0007622	rhythmic behavior	Neither	NO	NO	NA	NO
GO_BP	GO:0007623	circadian rhythm	Neither	NO	NO	NA	NO
GO_BP	GO:0007626	locomotory behavior	Neither	NO	NO	NA	NO
GO_BP	GO:0007631	feeding behavior	Neither	NO	NO	NA	NO
GO_BP	GO:0007632	visual behavior	Neither	NO	NO	NA	NO
GO_BP	GO:0007635	chemosensory behavior	Neither	NO	NO	NA	NO
GO_BP	GO:0007638	mechanosensory behavior	Neither	NO	NO	NA	NO
GO_BP	GO:0008015	blood circulation	Neither	NO	NO	NA	NO
GO_BP	GO:0008016	regulation of heart contraction	Neither	NO	NO	NA	NO
GO_BP	GO:0008033	tRNA processing	Neither	NO	NO	NA	NO
GO_BP	GO:0008037	cell recognition	Neither	NO	NO	NA	NO
GO_BP	GO:0008038	neuron recognition	Neither	NO	NO	NA	NO
GO_BP	GO:0008045	motor neuron axon guidance	Neither	NO	NO	NA	NO
GO_BP	GO:0008053	mitochondrial fusion	Neither	NO	NO	NA	NO
GO_BP	GO:0008064	regulation of actin polymerization or depolymerization	Neither	NO	NO	NA	NO
GO_BP	GO:0008088	axo-dendritic transport	Neither	NO	NO	NA	NO
GO_BP	GO:0008089	anterograde axonal transport	Neither	NO	NO	NA	NO
GO_BP	GO:0008090	retrograde axonal transport	Neither	NO	NO	NA	NO
GO_BP	GO:0008154	actin polymerization or depolymerization	Neither	NO	NO	NA	NO
GO_BP	GO:0008156	negative regulation of DNA replication	Neither	NO	NO	NA	NO
GO_BP	GO:0008202	steroid metabolic process	Neither	NO	NO	NA	NO
GO_BP	GO:0008203	cholesterol metabolic process	Neither	NO	NO	NA	NO
GO_BP	GO:0008206	bile acid metabolic process	Neither	NO	NO	NA	NO
GO_BP	GO:0008207	C21-steroid hormone metabolic process	Neither	NO	NO	NA	NO
GO_BP	GO:0008209	androgen metabolic process	Neither	NO	NO	NA	NO
GO_BP	GO:0008210	estrogen metabolic process	Neither	NO	NO	NA	NO
GO_BP	GO:0008211	glucocorticoid metabolic process	Neither	NO	NO	NA	NO
GO_BP	GO:0008213	protein alkylation	Neither	NO	NO	NA	NO
GO_BP	GO:0008217	regulation of blood pressure	Neither	NO	NO	NA	NO
GO_BP	GO:0008277	regulation of G protein-coupled receptor signaling pathway	Neither	NO	NO	NA	NO
GO_BP	GO:0008283	cell population proliferation	Neither	NO	NO	NA	NO
GO_BP	GO:0008286	insulin receptor signaling pathway	Neither	NO	NO	NA	NO
GO_BP	GO:0008299	isoprenoid biosynthetic process	Neither	NO	NO	NA	NO
GO_BP	GO:0008306	associative learning	Neither	NO	NO	NA	NO
GO_BP	GO:0008333	endosome to lysosome transport	Neither	NO	NO	NA	NO
GO_BP	GO:0008334	histone mRNA metabolic process	Neither	NO	NO	NA	NO
GO_BP	GO:0008344	adult locomotory behavior	Neither	NO	NO	NA	NO
GO_BP	GO:0008347	glial cell migration	Neither	NO	NO	NA	NO
GO_BP	GO:0008356	asymmetric cell division	Neither	NO	NO	NA	NO
GO_BP	GO:0008360	regulation of cell shape	Neither	NO	NO	NA	NO
GO_BP	GO:0008361	regulation of cell size	Neither	NO	NO	NA	NO
GO_BP	GO:0008366	axon ensheathment	Neither	NO	NO	NA	NO
GO_BP	GO:0008380	RNA splicing	Neither	NO	NO	NA	NO
GO_BP	GO:0008406	gonad development	Neither	NO	NO	NA	NO
GO_BP	GO:0008535	respiratory chain complex IV assembly	Neither	NO	NO	NA	NO
GO_BP	GO:0008542	visual learning	Neither	NO	NO	NA	NO
GO_BP	GO:0008543	fibroblast growth factor receptor signaling pathway	Neither	NO	NO	NA	NO
GO_BP	GO:0008544	epidermis development	Neither	NO	NO	NA	NO
GO_BP	GO:0008584	male gonad development	Neither	NO	NO	NA	NO
GO_BP	GO:0008585	female gonad development	Neither	NO	NO	NA	NO
GO_BP	GO:0008589	regulation of smoothened signaling pathway	Neither	NO	NO	NA	NO
GO_BP	GO:0008593	regulation of Notch signaling pathway	Neither	NO	NO	NA	NO
GO_BP	GO:0008595	anterior/posterior axis specification, embryo	Neither	NO	NO	NA	NO
GO_BP	GO:0008608	attachment of spindle microtubules to kinetochore	Neither	NO	NO	NA	NO
GO_BP	GO:0008611	ether lipid biosynthetic process	Neither	NO	NO	NA	NO
GO_BP	GO:0008625	extrinsic apoptotic signaling pathway via death domain receptors	Neither	NO	NO	NA	NO
GO_BP	GO:0008630	intrinsic apoptotic signaling pathway in response to DNA damage	Neither	NO	NO	NA	NO
GO_BP	GO:0008631	intrinsic apoptotic signaling pathway in response to oxidative stress	Neither	NO	NO	NA	NO
GO_BP	GO:0008637	apoptotic mitochondrial changes	Neither	NO	NO	NA	NO
GO_BP	GO:0008643	carbohydrate transport	Neither	NO	NO	NA	NO
GO_BP	GO:0008645	hexose transmembrane transport	Neither	NO	NO	NA	NO
GO_BP	GO:0008652	amino acid biosynthetic process	Neither	NO	NO	NA	NO
GO_BP	GO:0008654	phospholipid biosynthetic process	Neither	NO	NO	NA	NO
GO_BP	GO:0008655	pyrimidine-containing compound salvage	Neither	NO	NO	NA	NO
GO_BP	GO:0009048	dosage compensation by inactivation of X chromosome	Neither	NO	NO	NA	NO
GO_BP	GO:0009060	aerobic respiration	Neither	NO	NO	NA	NO
GO_BP	GO:0009062	fatty acid catabolic process	Neither	NO	NO	NA	NO
GO_BP	GO:0009063	amino acid catabolic process	Neither	NO	NO	NA	NO
GO_BP	GO:0009067	aspartate family amino acid biosynthetic process	Neither	NO	NO	NA	NO
GO_BP	GO:0009070	serine family amino acid biosynthetic process	Neither	NO	NO	NA	NO
GO_BP	GO:0009072	aromatic amino acid metabolic process	Neither	NO	NO	NA	NO
GO_BP	GO:0009074	aromatic amino acid catabolic process	Neither	NO	NO	NA	NO
GO_BP	GO:0009081	branched-chain amino acid metabolic process	Neither	NO	NO	NA	NO
GO_BP	GO:0009083	branched-chain amino acid catabolic process	Neither	NO	NO	NA	NO
GO_BP	GO:0009084	glutamate family amino acid biosynthetic process	Neither	NO	NO	NA	NO
GO_BP	GO:0009100	glycoprotein metabolic process	Neither	NO	NO	NA	NO
GO_BP	GO:0009101	glycoprotein biosynthetic process	Neither	NO	NO	NA	NO
GO_BP	GO:0009110	vitamin biosynthetic process	Neither	NO	NO	NA	NO
GO_BP	GO:0009111	vitamin catabolic process	Neither	NO	NO	NA	NO
GO_BP	GO:0009112	nucleobase metabolic process	Neither	NO	NO	NA	NO
GO_BP	GO:0009113	purine nucleobase biosynthetic process	Tier1	YES	NO	NO	YES
GO_BP	GO:0009116	nucleoside metabolic process	Neither	NO	NO	NA	NO
GO_BP	GO:0009117	nucleotide metabolic process	Neither	NO	NO	NA	NO
GO_BP	GO:0009119	ribonucleoside metabolic process	Firth_only	NO	NO	NA	NO
GO_BP	GO:0009123	nucleoside monophosphate metabolic process	Firth_only	NO	NO	NA	NO
GO_BP	GO:0009124	nucleoside monophosphate biosynthetic process	Neither	NO	NO	NA	NO
GO_BP	GO:0009125	nucleoside monophosphate catabolic process	Firth_only	NO	NO	NA	NO
GO_BP	GO:0009126	purine nucleoside monophosphate metabolic process	Firth_only	NO	NO	NA	NO
GO_BP	GO:0009127	purine nucleoside monophosphate biosynthetic process	Tier1	YES	NO	NO	YES
GO_BP	GO:0009128	purine nucleoside monophosphate catabolic process	Tier1	YES	NO	NO	YES
GO_BP	GO:0009129	pyrimidine nucleoside monophosphate metabolic process	Neither	NO	NO	NA	NO
GO_BP	GO:0009130	pyrimidine nucleoside monophosphate biosynthetic process	Neither	NO	NO	NA	NO
GO_BP	GO:0009131	pyrimidine nucleoside monophosphate catabolic process	Neither	NO	NO	NA	NO
GO_BP	GO:0009132	nucleoside diphosphate metabolic process	Neither	NO	NO	NA	NO
GO_BP	GO:0009133	nucleoside diphosphate biosynthetic process	Neither	NO	NO	NA	NO
GO_BP	GO:0009134	nucleoside diphosphate catabolic process	Neither	NO	NO	NA	NO
GO_BP	GO:0009135	purine nucleoside diphosphate metabolic process	Neither	NO	NO	NA	NO
GO_BP	GO:0009137	purine nucleoside diphosphate catabolic process	Neither	NO	NO	NA	NO
GO_BP	GO:0009138	pyrimidine nucleoside diphosphate metabolic process	Neither	NO	NO	NA	NO
GO_BP	GO:0009141	nucleoside triphosphate metabolic process	Neither	NO	NO	NA	NO
GO_BP	GO:0009142	nucleoside triphosphate biosynthetic process	Neither	NO	NO	NA	NO
GO_BP	GO:0009144	purine nucleoside triphosphate metabolic process	Neither	NO	NO	NA	NO
GO_BP	GO:0009145	purine nucleoside triphosphate biosynthetic process	Neither	NO	NO	NA	NO
GO_BP	GO:0009147	pyrimidine nucleoside triphosphate metabolic process	Neither	NO	NO	NA	NO
GO_BP	GO:0009148	pyrimidine nucleoside triphosphate biosynthetic process	Neither	NO	NO	NA	NO
GO_BP	GO:0009150	purine ribonucleotide metabolic process	Neither	NO	NO	NA	NO
GO_BP	GO:0009151	purine deoxyribonucleotide metabolic process	Firth_only	NO	NO	NA	NO
GO_BP	GO:0009152	purine ribonucleotide biosynthetic process	Neither	NO	NO	NA	NO
GO_BP	GO:0009154	purine ribonucleotide catabolic process	Neither	NO	NO	NA	NO
GO_BP	GO:0009155	purine deoxyribonucleotide catabolic process	Tier1	YES	NO	NO	YES
GO_BP	GO:0009156	ribonucleoside monophosphate biosynthetic process	Firth_only	NO	NO	NA	NO
GO_BP	GO:0009157	deoxyribonucleoside monophosphate biosynthetic process	Neither	NO	NO	NA	NO
GO_BP	GO:0009158	ribonucleoside monophosphate catabolic process	Firth_only	NO	NO	NA	NO
GO_BP	GO:0009159	deoxyribonucleoside monophosphate catabolic process	Firth_only	NO	NO	NA	NO
GO_BP	GO:0009163	nucleoside biosynthetic process	Firth_only	NO	NO	NA	NO
GO_BP	GO:0009164	nucleoside catabolic process	Firth_only	NO	NO	NA	NO
GO_BP	GO:0009165	nucleotide biosynthetic process	Neither	NO	NO	NA	NO
GO_BP	GO:0009166	nucleotide catabolic process	Neither	NO	NO	NA	NO
GO_BP	GO:0009167	purine ribonucleoside monophosphate metabolic process	Firth_only	NO	NO	NA	NO
GO_BP	GO:0009168	purine ribonucleoside monophosphate biosynthetic process	Tier1	YES	NO	NO	YES
GO_BP	GO:0009169	purine ribonucleoside monophosphate catabolic process	Tier1	YES	NO	NO	YES
GO_BP	GO:0009170	purine deoxyribonucleoside monophosphate metabolic process	Firth_only	NO	NO	NA	NO
GO_BP	GO:0009173	pyrimidine ribonucleoside monophosphate metabolic process	Neither	NO	NO	NA	NO
GO_BP	GO:0009174	pyrimidine ribonucleoside monophosphate biosynthetic process	Neither	NO	NO	NA	NO
GO_BP	GO:0009176	pyrimidine deoxyribonucleoside monophosphate metabolic process	Neither	NO	NO	NA	NO
GO_BP	GO:0009178	pyrimidine deoxyribonucleoside monophosphate catabolic process	Neither	NO	NO	NA	NO
GO_BP	GO:0009179	purine ribonucleoside diphosphate metabolic process	Neither	NO	NO	NA	NO
GO_BP	GO:0009181	purine ribonucleoside diphosphate catabolic process	Neither	NO	NO	NA	NO
GO_BP	GO:0009185	ribonucleoside diphosphate metabolic process	Neither	NO	NO	NA	NO
GO_BP	GO:0009187	cyclic nucleotide metabolic process	Neither	NO	NO	NA	NO
GO_BP	GO:0009188	ribonucleoside diphosphate biosynthetic process	Neither	NO	NO	NA	NO
GO_BP	GO:0009190	cyclic nucleotide biosynthetic process	Neither	NO	NO	NA	NO
GO_BP	GO:0009191	ribonucleoside diphosphate catabolic process	Neither	NO	NO	NA	NO
GO_BP	GO:0009200	deoxyribonucleoside triphosphate metabolic process	Neither	NO	NO	NA	NO
GO_BP	GO:0009201	ribonucleoside triphosphate biosynthetic process	Neither	NO	NO	NA	NO
GO_BP	GO:0009205	purine ribonucleoside triphosphate metabolic process	Neither	NO	NO	NA	NO
GO_BP	GO:0009206	purine ribonucleoside triphosphate biosynthetic process	Neither	NO	NO	NA	NO
GO_BP	GO:0009208	pyrimidine ribonucleoside triphosphate metabolic process	Neither	NO	NO	NA	NO
GO_BP	GO:0009209	pyrimidine ribonucleoside triphosphate biosynthetic process	Neither	NO	NO	NA	NO
GO_BP	GO:0009214	cyclic nucleotide catabolic process	Neither	NO	NO	NA	NO
GO_BP	GO:0009218	pyrimidine ribonucleotide metabolic process	Neither	NO	NO	NA	NO
GO_BP	GO:0009219	pyrimidine deoxyribonucleotide metabolic process	Neither	NO	NO	NA	NO
GO_BP	GO:0009220	pyrimidine ribonucleotide biosynthetic process	Neither	NO	NO	NA	NO
GO_BP	GO:0009221	pyrimidine deoxyribonucleotide biosynthetic process	Neither	NO	NO	NA	NO
GO_BP	GO:0009222	pyrimidine ribonucleotide catabolic process	Neither	NO	NO	NA	NO
GO_BP	GO:0009223	pyrimidine deoxyribonucleotide catabolic process	Neither	NO	NO	NA	NO
GO_BP	GO:0009225	nucleotide-sugar metabolic process	Neither	NO	NO	NA	NO
GO_BP	GO:0009226	nucleotide-sugar biosynthetic process	Neither	NO	NO	NA	NO
GO_BP	GO:0009247	glycolipid biosynthetic process	Neither	NO	NO	NA	NO
GO_BP	GO:0009250	glucan biosynthetic process	Neither	NO	NO	NA	NO
GO_BP	GO:0009251	glucan catabolic process	Neither	NO	NO	NA	NO
GO_BP	GO:0009259	ribonucleotide metabolic process	Neither	NO	NO	NA	NO
GO_BP	GO:0009260	ribonucleotide biosynthetic process	Neither	NO	NO	NA	NO
GO_BP	GO:0009261	ribonucleotide catabolic process	Neither	NO	NO	NA	NO
GO_BP	GO:0009265	2'-deoxyribonucleotide biosynthetic process	Neither	NO	NO	NA	NO
GO_BP	GO:0009266	response to temperature stimulus	Neither	NO	NO	NA	NO
GO_BP	GO:0009267	cellular response to starvation	Neither	NO	NO	NA	NO
GO_BP	GO:0009268	response to pH	Neither	NO	NO	NA	NO
GO_BP	GO:0009299	mRNA transcription	Neither	NO	NO	NA	NO
GO_BP	GO:0009301	snRNA transcription	Neither	NO	NO	NA	NO
GO_BP	GO:0009303	rRNA transcription	Neither	NO	NO	NA	NO
GO_BP	GO:0009304	tRNA transcription	Neither	NO	NO	NA	NO
GO_BP	GO:0009306	protein secretion	Neither	NO	NO	NA	NO
GO_BP	GO:0009308	amine metabolic process	Neither	NO	NO	NA	NO
GO_BP	GO:0009309	amine biosynthetic process	Neither	NO	NO	NA	NO
GO_BP	GO:0009310	amine catabolic process	Neither	NO	NO	NA	NO
GO_BP	GO:0009311	oligosaccharide metabolic process	Neither	NO	NO	NA	NO
GO_BP	GO:0009312	oligosaccharide biosynthetic process	Neither	NO	NO	NA	NO
GO_BP	GO:0009313	oligosaccharide catabolic process	Neither	NO	NO	NA	NO
GO_BP	GO:0009314	response to radiation	Neither	NO	NO	NA	NO
GO_BP	GO:0009394	2'-deoxyribonucleotide metabolic process	Neither	NO	NO	NA	NO
GO_BP	GO:0009395	phospholipid catabolic process	Neither	NO	NO	NA	NO
GO_BP	GO:0009396	folic acid-containing compound biosynthetic process	Neither	NO	NO	NA	NO
GO_BP	GO:0009404	toxin metabolic process	Neither	NO	NO	NA	NO
GO_BP	GO:0009408	response to heat	Neither	NO	NO	NA	NO
GO_BP	GO:0009409	response to cold	Neither	NO	NO	NA	NO
GO_BP	GO:0009410	response to xenobiotic stimulus	Neither	NO	NO	NA	NO
GO_BP	GO:0009411	response to UV	Neither	NO	NO	NA	NO
GO_BP	GO:0009415	response to water	Neither	NO	NO	NA	NO
GO_BP	GO:0009416	response to light stimulus	Neither	NO	NO	NA	NO
GO_BP	GO:0009435	NAD+ biosynthetic process	Neither	NO	NO	NA	NO
GO_BP	GO:0009437	carnitine metabolic process	Neither	NO	NO	NA	NO
GO_BP	GO:0009451	RNA modification	Neither	NO	NO	NA	NO
GO_BP	GO:0009566	fertilization	Neither	NO	NO	NA	NO
GO_BP	GO:0009581	detection of external stimulus	Neither	NO	NO	NA	NO
GO_BP	GO:0009582	detection of abiotic stimulus	Neither	NO	NO	NA	NO
GO_BP	GO:0009583	detection of light stimulus	Neither	NO	NO	NA	NO
GO_BP	GO:0009584	detection of visible light	Neither	NO	NO	NA	NO
GO_BP	GO:0009593	detection of chemical stimulus	Neither	NO	NO	NA	NO
GO_BP	GO:0009595	detection of biotic stimulus	Neither	NO	NO	NA	NO
GO_BP	GO:0009611	response to wounding	Neither	NO	NO	NA	NO
GO_BP	GO:0009612	response to mechanical stimulus	Neither	NO	NO	NA	NO
GO_BP	GO:0009615	response to virus	Neither	NO	NO	NA	NO
GO_BP	GO:0009620	response to fungus	Neither	NO	NO	NA	NO
GO_BP	GO:0009636	response to toxic substance	Neither	NO	NO	NA	NO
GO_BP	GO:0009642	response to light intensity	Neither	NO	NO	NA	NO
GO_BP	GO:0009648	photoperiodism	Neither	NO	NO	NA	NO
GO_BP	GO:0009649	entrainment of circadian clock	Neither	NO	NO	NA	NO
GO_BP	GO:0009651	response to salt stress	Neither	NO	NO	NA	NO
GO_BP	GO:0009712	catechol-containing compound metabolic process	Neither	NO	NO	NA	NO
GO_BP	GO:0009713	catechol-containing compound biosynthetic process	Neither	NO	NO	NA	NO
GO_BP	GO:0009743	response to carbohydrate	Neither	NO	NO	NA	NO
GO_BP	GO:0009746	response to hexose	Neither	NO	NO	NA	NO
GO_BP	GO:0009749	response to glucose	Neither	NO	NO	NA	NO
GO_BP	GO:0009755	hormone-mediated signaling pathway	Neither	NO	NO	NA	NO
GO_BP	GO:0009791	post-embryonic development	Neither	NO	NO	NA	NO
GO_BP	GO:0009792	embryo development ending in birth or egg hatching	Neither	NO	NO	NA	NO
GO_BP	GO:0009798	axis specification	Neither	NO	NO	NA	NO
GO_BP	GO:0009799	specification of symmetry	Neither	NO	NO	NA	NO
GO_BP	GO:0009812	flavonoid metabolic process	Neither	NO	NO	NA	NO
GO_BP	GO:0009820	alkaloid metabolic process	Neither	NO	NO	NA	NO
GO_BP	GO:0009855	determination of bilateral symmetry	Neither	NO	NO	NA	NO
GO_BP	GO:0009880	embryonic pattern specification	Neither	NO	NO	NA	NO
GO_BP	GO:0009895	negative regulation of catabolic process	Neither	NO	NO	NA	NO
GO_BP	GO:0009913	epidermal cell differentiation	Neither	NO	NO	NA	NO
GO_BP	GO:0009914	hormone transport	Neither	NO	NO	NA	NO
GO_BP	GO:0009948	anterior/posterior axis specification	Neither	NO	NO	NA	NO
GO_BP	GO:0009952	anterior/posterior pattern specification	Neither	NO	NO	NA	NO
GO_BP	GO:0009953	dorsal/ventral pattern formation	Neither	NO	NO	NA	NO
GO_BP	GO:0009954	proximal/distal pattern formation	Neither	NO	NO	NA	NO
GO_BP	GO:0009988	cell-cell recognition	Neither	NO	NO	NA	NO
GO_BP	GO:0009994	oocyte differentiation	Neither	NO	NO	NA	NO
GO_BP	GO:0010001	glial cell differentiation	Neither	NO	NO	NA	NO
GO_BP	GO:0010002	cardioblast differentiation	Neither	NO	NO	NA	NO
GO_BP	GO:0010038	response to metal ion	Neither	NO	NO	NA	NO
GO_BP	GO:0010039	response to iron ion	Neither	NO	NO	NA	NO
GO_BP	GO:0010042	response to manganese ion	Neither	NO	NO	NA	NO
GO_BP	GO:0010043	response to zinc ion	Neither	NO	NO	NA	NO
GO_BP	GO:0010092	specification of animal organ identity	Neither	NO	NO	NA	NO
GO_BP	GO:0010165	response to X-ray	Neither	NO	NO	NA	NO
GO_BP	GO:0010171	body morphogenesis	Neither	NO	NO	NA	NO
GO_BP	GO:0010212	response to ionizing radiation	Neither	NO	NO	NA	NO
GO_BP	GO:0010224	response to UV-B	Neither	NO	NO	NA	NO
GO_BP	GO:0010225	response to UV-C	Neither	NO	NO	NA	NO
GO_BP	GO:0010232	vascular transport	Neither	NO	NO	NA	NO
GO_BP	GO:0010248	establishment or maintenance of transmembrane electrochemical gradient	Neither	NO	NO	NA	NO
GO_BP	GO:0010256	endomembrane system organization	Neither	NO	NO	NA	NO
GO_BP	GO:0010257	NADH dehydrogenase complex assembly	Neither	NO	NO	NA	NO
GO_BP	GO:0010273	detoxification of copper ion	Neither	NO	NO	NA	NO
GO_BP	GO:0010288	response to lead ion	Neither	NO	NO	NA	NO
GO_BP	GO:0010310	regulation of hydrogen peroxide metabolic process	Neither	NO	NO	NA	NO
GO_BP	GO:0010324	membrane invagination	Neither	NO	NO	NA	NO
GO_BP	GO:0010332	response to gamma radiation	Neither	NO	NO	NA	NO
GO_BP	GO:0010389	regulation of G2/M transition of mitotic cell cycle	Neither	NO	NO	NA	NO
GO_BP	GO:0010447	response to acidic pH	Neither	NO	NO	NA	NO
GO_BP	GO:0010453	regulation of cell fate commitment	Neither	NO	NO	NA	NO
GO_BP	GO:0010454	negative regulation of cell fate commitment	Neither	NO	NO	NA	NO
GO_BP	GO:0010455	positive regulation of cell fate commitment	Neither	NO	NO	NA	NO
GO_BP	GO:0010457	centriole-centriole cohesion	Neither	NO	NO	NA	NO
GO_BP	GO:0010458	exit from mitosis	Neither	NO	NO	NA	NO
GO_BP	GO:0010459	negative regulation of heart rate	Neither	NO	NO	NA	NO
GO_BP	GO:0010460	positive regulation of heart rate	Neither	NO	NO	NA	NO
GO_BP	GO:0010463	mesenchymal cell proliferation	Neither	NO	NO	NA	NO
GO_BP	GO:0010464	regulation of mesenchymal cell proliferation	Neither	NO	NO	NA	NO
GO_BP	GO:0010466	negative regulation of peptidase activity	Neither	NO	NO	NA	NO
GO_BP	GO:0010469	regulation of signaling receptor activity	Neither	NO	NO	NA	NO
GO_BP	GO:0010496	intercellular transport	Neither	NO	NO	NA	NO
GO_BP	GO:0010499	proteasomal ubiquitin-independent protein catabolic process	Neither	NO	NO	NA	NO
GO_BP	GO:0010506	regulation of autophagy	Neither	NO	NO	NA	NO
GO_BP	GO:0010507	negative regulation of autophagy	Neither	NO	NO	NA	NO
GO_BP	GO:0010508	positive regulation of autophagy	Neither	NO	NO	NA	NO
GO_BP	GO:0010510	regulation of pyruvate decarboxylation to acetyl-CoA	Neither	NO	NO	NA	NO
GO_BP	GO:0010522	regulation of calcium ion transport into cytosol	Neither	NO	NO	NA	NO
GO_BP	GO:0010524	positive regulation of calcium ion transport into cytosol	Neither	NO	NO	NA	NO
GO_BP	GO:0010526	transposable element silencing	Neither	NO	NO	NA	NO
GO_BP	GO:0010543	regulation of platelet activation	Neither	NO	NO	NA	NO
GO_BP	GO:0010544	negative regulation of platelet activation	Neither	NO	NO	NA	NO
GO_BP	GO:0010559	regulation of glycoprotein biosynthetic process	Neither	NO	NO	NA	NO
GO_BP	GO:0010560	positive regulation of glycoprotein biosynthetic process	Neither	NO	NO	NA	NO
GO_BP	GO:0010561	negative regulation of glycoprotein biosynthetic process	Neither	NO	NO	NA	NO
GO_BP	GO:0010562	positive regulation of phosphorus metabolic process	Neither	NO	NO	NA	NO
GO_BP	GO:0010563	negative regulation of phosphorus metabolic process	Neither	NO	NO	NA	NO
GO_BP	GO:0010565	regulation of ketone metabolic process	Neither	NO	NO	NA	NO
GO_BP	GO:0010566	regulation of ketone biosynthetic process	Neither	NO	NO	NA	NO
GO_BP	GO:0010569	regulation of double-strand break repair via homologous recombination	Neither	NO	NO	NA	NO
GO_BP	GO:0010572	positive regulation of platelet activation	Neither	NO	NO	NA	NO
GO_BP	GO:0010574	regulation of vascular endothelial growth factor production	Neither	NO	NO	NA	NO
GO_BP	GO:0010575	positive regulation of vascular endothelial growth factor production	Neither	NO	NO	NA	NO
GO_BP	GO:0010586	miRNA metabolic process	Neither	NO	NO	NA	NO
GO_BP	GO:0010587	miRNA catabolic process	Neither	NO	NO	NA	NO
GO_BP	GO:0010591	regulation of lamellipodium assembly	Neither	NO	NO	NA	NO
GO_BP	GO:0010592	positive regulation of lamellipodium assembly	Neither	NO	NO	NA	NO
GO_BP	GO:0010594	regulation of endothelial cell migration	Neither	NO	NO	NA	NO
GO_BP	GO:0010595	positive regulation of endothelial cell migration	Neither	NO	NO	NA	NO
GO_BP	GO:0010596	negative regulation of endothelial cell migration	Neither	NO	NO	NA	NO
GO_BP	GO:0010608	post-transcriptional regulation of gene expression	Neither	NO	NO	NA	NO
GO_BP	GO:0010611	regulation of cardiac muscle hypertrophy	Neither	NO	NO	NA	NO
GO_BP	GO:0010612	regulation of cardiac muscle adaptation	Neither	NO	NO	NA	NO
GO_BP	GO:0010613	positive regulation of cardiac muscle hypertrophy	Neither	NO	NO	NA	NO
GO_BP	GO:0010614	negative regulation of cardiac muscle hypertrophy	Neither	NO	NO	NA	NO
GO_BP	GO:0010631	epithelial cell migration	Neither	NO	NO	NA	NO
GO_BP	GO:0010632	regulation of epithelial cell migration	Neither	NO	NO	NA	NO
GO_BP	GO:0010633	negative regulation of epithelial cell migration	Empirical_only	NO	NO	NA	NO
GO_BP	GO:0010634	positive regulation of epithelial cell migration	Neither	NO	NO	NA	NO
GO_BP	GO:0010635	regulation of mitochondrial fusion	Neither	NO	NO	NA	NO
GO_BP	GO:0010637	negative regulation of mitochondrial fusion	Neither	NO	NO	NA	NO
GO_BP	GO:0010638	positive regulation of organelle organization	Neither	NO	NO	NA	NO
GO_BP	GO:0010639	negative regulation of organelle organization	Neither	NO	NO	NA	NO
GO_BP	GO:0010640	regulation of platelet-derived growth factor receptor signaling pathway	Neither	NO	NO	NA	NO
GO_BP	GO:0010642	negative regulation of platelet-derived growth factor receptor signaling pathway	Neither	NO	NO	NA	NO
GO_BP	GO:0010644	cell communication by electrical coupling	Neither	NO	NO	NA	NO
GO_BP	GO:0010649	regulation of cell communication by electrical coupling	Neither	NO	NO	NA	NO
GO_BP	GO:0010656	negative regulation of muscle cell apoptotic process	Neither	NO	NO	NA	NO
GO_BP	GO:0010660	regulation of muscle cell apoptotic process	Neither	NO	NO	NA	NO
GO_BP	GO:0010661	positive regulation of muscle cell apoptotic process	Neither	NO	NO	NA	NO
GO_BP	GO:0010662	regulation of striated muscle cell apoptotic process	Neither	NO	NO	NA	NO
GO_BP	GO:0010663	positive regulation of striated muscle cell apoptotic process	Neither	NO	NO	NA	NO
GO_BP	GO:0010664	negative regulation of striated muscle cell apoptotic process	Neither	NO	NO	NA	NO
GO_BP	GO:0010665	regulation of cardiac muscle cell apoptotic process	Neither	NO	NO	NA	NO
GO_BP	GO:0010666	positive regulation of cardiac muscle cell apoptotic process	Neither	NO	NO	NA	NO
GO_BP	GO:0010667	negative regulation of cardiac muscle cell apoptotic process	Neither	NO	NO	NA	NO
GO_BP	GO:0010669	epithelial structure maintenance	Neither	NO	NO	NA	NO
GO_BP	GO:0010712	regulation of collagen metabolic process	Neither	NO	NO	NA	NO
GO_BP	GO:0010713	negative regulation of collagen metabolic process	Neither	NO	NO	NA	NO
GO_BP	GO:0010714	positive regulation of collagen metabolic process	Neither	NO	NO	NA	NO
GO_BP	GO:0010715	regulation of extracellular matrix disassembly	Neither	NO	NO	NA	NO
GO_BP	GO:0010717	regulation of epithelial to mesenchymal transition	Neither	NO	NO	NA	NO
GO_BP	GO:0010718	positive regulation of epithelial to mesenchymal transition	Neither	NO	NO	NA	NO
GO_BP	GO:0010719	negative regulation of epithelial to mesenchymal transition	Neither	NO	NO	NA	NO
GO_BP	GO:0010720	positive regulation of cell development	Neither	NO	NO	NA	NO
GO_BP	GO:0010721	negative regulation of cell development	Neither	NO	NO	NA	NO
GO_BP	GO:0010743	regulation of macrophage derived foam cell differentiation	Neither	NO	NO	NA	NO
GO_BP	GO:0010744	positive regulation of macrophage derived foam cell differentiation	Neither	NO	NO	NA	NO
GO_BP	GO:0010745	negative regulation of macrophage derived foam cell differentiation	Neither	NO	NO	NA	NO
GO_BP	GO:0010755	regulation of plasminogen activation	Neither	NO	NO	NA	NO
GO_BP	GO:0010758	regulation of macrophage chemotaxis	Neither	NO	NO	NA	NO
GO_BP	GO:0010759	positive regulation of macrophage chemotaxis	Neither	NO	NO	NA	NO
GO_BP	GO:0010762	regulation of fibroblast migration	Neither	NO	NO	NA	NO
GO_BP	GO:0010763	positive regulation of fibroblast migration	Neither	NO	NO	NA	NO
GO_BP	GO:0010765	positive regulation of sodium ion transport	Neither	NO	NO	NA	NO
GO_BP	GO:0010766	negative regulation of sodium ion transport	Neither	NO	NO	NA	NO
GO_BP	GO:0010770	positive regulation of cell morphogenesis	Neither	NO	NO	NA	NO
GO_BP	GO:0010799	regulation of peptidyl-threonine phosphorylation	Neither	NO	NO	NA	NO
GO_BP	GO:0010803	regulation of tumor necrosis factor-mediated signaling pathway	Neither	NO	NO	NA	NO
GO_BP	GO:0010804	negative regulation of tumor necrosis factor-mediated signaling pathway	Neither	NO	NO	NA	NO
GO_BP	GO:0010807	regulation of synaptic vesicle priming	Neither	NO	NO	NA	NO
GO_BP	GO:0010810	regulation of cell-substrate adhesion	Neither	NO	NO	NA	NO
GO_BP	GO:0010811	positive regulation of cell-substrate adhesion	Neither	NO	NO	NA	NO
GO_BP	GO:0010812	negative regulation of cell-substrate adhesion	Neither	NO	NO	NA	NO
GO_BP	GO:0010817	regulation of hormone levels	Neither	NO	NO	NA	NO
GO_BP	GO:0010818	T cell chemotaxis	Firth_only	NO	NO	NA	NO
GO_BP	GO:0010819	regulation of T cell chemotaxis	Neither	NO	NO	NA	NO
GO_BP	GO:0010820	positive regulation of T cell chemotaxis	Neither	NO	NO	NA	NO
GO_BP	GO:0010821	regulation of mitochondrion organization	Neither	NO	NO	NA	NO
GO_BP	GO:0010824	regulation of centrosome duplication	Neither	NO	NO	NA	NO
GO_BP	GO:0010826	negative regulation of centrosome duplication	Neither	NO	NO	NA	NO
GO_BP	GO:0010827	regulation of D-glucose transmembrane transport	Neither	NO	NO	NA	NO
GO_BP	GO:0010828	positive regulation of D-glucose transmembrane transport	Neither	NO	NO	NA	NO
GO_BP	GO:0010829	negative regulation of D-glucose transmembrane transport	Neither	NO	NO	NA	NO
GO_BP	GO:0010830	regulation of myotube differentiation	Neither	NO	NO	NA	NO
GO_BP	GO:0010831	positive regulation of myotube differentiation	Neither	NO	NO	NA	NO
GO_BP	GO:0010832	negative regulation of myotube differentiation	Neither	NO	NO	NA	NO
GO_BP	GO:0010833	telomere maintenance via telomere lengthening	Neither	NO	NO	NA	NO
GO_BP	GO:0010837	regulation of keratinocyte proliferation	Neither	NO	NO	NA	NO
GO_BP	GO:0010838	positive regulation of keratinocyte proliferation	Neither	NO	NO	NA	NO
GO_BP	GO:0010842	retina layer formation	Neither	NO	NO	NA	NO
GO_BP	GO:0010866	regulation of triglyceride biosynthetic process	Neither	NO	NO	NA	NO
GO_BP	GO:0010867	positive regulation of triglyceride biosynthetic process	Neither	NO	NO	NA	NO
GO_BP	GO:0010874	regulation of cholesterol efflux	Neither	NO	NO	NA	NO
GO_BP	GO:0010875	positive regulation of cholesterol efflux	Neither	NO	NO	NA	NO
GO_BP	GO:0010876	lipid localization	Neither	NO	NO	NA	NO
GO_BP	GO:0010880	regulation of release of sequestered calcium ion into cytosol by sarcoplasmic reticulum	Neither	NO	NO	NA	NO
GO_BP	GO:0010881	regulation of cardiac muscle contraction by regulation of the release of sequestered calcium ion	Neither	NO	NO	NA	NO
GO_BP	GO:0010882	regulation of cardiac muscle contraction by calcium ion signaling	Neither	NO	NO	NA	NO
GO_BP	GO:0010883	regulation of lipid storage	Neither	NO	NO	NA	NO
GO_BP	GO:0010884	positive regulation of lipid storage	Neither	NO	NO	NA	NO
GO_BP	GO:0010885	regulation of cholesterol storage	Neither	NO	NO	NA	NO
GO_BP	GO:0010888	negative regulation of lipid storage	Neither	NO	NO	NA	NO
GO_BP	GO:0010893	positive regulation of steroid biosynthetic process	Neither	NO	NO	NA	NO
GO_BP	GO:0010894	negative regulation of steroid biosynthetic process	Neither	NO	NO	NA	NO
GO_BP	GO:0010896	regulation of triglyceride catabolic process	Neither	NO	NO	NA	NO
GO_BP	GO:0010906	regulation of glucose metabolic process	Neither	NO	NO	NA	NO
GO_BP	GO:0010907	positive regulation of glucose metabolic process	Neither	NO	NO	NA	NO
GO_BP	GO:0010917	negative regulation of mitochondrial membrane potential	Neither	NO	NO	NA	NO
GO_BP	GO:0010919	regulation of inositol phosphate biosynthetic process	Neither	NO	NO	NA	NO
GO_BP	GO:0010921	regulation of phosphatase activity	Neither	NO	NO	NA	NO
GO_BP	GO:0010927	cellular component assembly involved in morphogenesis	Neither	NO	NO	NA	NO
GO_BP	GO:0010935	regulation of macrophage cytokine production	Neither	NO	NO	NA	NO
GO_BP	GO:0010948	negative regulation of cell cycle process	Neither	NO	NO	NA	NO
GO_BP	GO:0010952	positive regulation of peptidase activity	Neither	NO	NO	NA	NO
GO_BP	GO:0010954	positive regulation of protein processing	Neither	NO	NO	NA	NO
GO_BP	GO:0010955	negative regulation of protein processing	Neither	NO	NO	NA	NO
GO_BP	GO:0010958	regulation of amino acid import across plasma membrane	Neither	NO	NO	NA	NO
GO_BP	GO:0010959	regulation of metal ion transport	Neither	NO	NO	NA	NO
GO_BP	GO:0010960	magnesium ion homeostasis	Neither	NO	NO	NA	NO
GO_BP	GO:0010962	regulation of glucan biosynthetic process	Neither	NO	NO	NA	NO
GO_BP	GO:0010965	regulation of mitotic sister chromatid separation	Neither	NO	NO	NA	NO
GO_BP	GO:0010968	regulation of microtubule nucleation	Neither	NO	NO	NA	NO
GO_BP	GO:0010970	transport along microtubule	Neither	NO	NO	NA	NO
GO_BP	GO:0010971	positive regulation of G2/M transition of mitotic cell cycle	Neither	NO	NO	NA	NO
GO_BP	GO:0010972	negative regulation of G2/M transition of mitotic cell cycle	Neither	NO	NO	NA	NO
GO_BP	GO:0010975	regulation of neuron projection development	Neither	NO	NO	NA	NO
GO_BP	GO:0010976	positive regulation of neuron projection development	Neither	NO	NO	NA	NO
GO_BP	GO:0010977	negative regulation of neuron projection development	Neither	NO	NO	NA	NO
GO_BP	GO:0010984	regulation of lipoprotein particle clearance	Neither	NO	NO	NA	NO
GO_BP	GO:0010985	negative regulation of lipoprotein particle clearance	Neither	NO	NO	NA	NO
GO_BP	GO:0010988	regulation of low-density lipoprotein particle clearance	Neither	NO	NO	NA	NO
GO_BP	GO:0010989	negative regulation of low-density lipoprotein particle clearance	Neither	NO	NO	NA	NO
GO_BP	GO:0010996	response to auditory stimulus	Neither	NO	NO	NA	NO
GO_BP	GO:0014002	astrocyte development	Neither	NO	NO	NA	NO
GO_BP	GO:0014003	oligodendrocyte development	Neither	NO	NO	NA	NO
GO_BP	GO:0014009	glial cell proliferation	Neither	NO	NO	NA	NO
GO_BP	GO:0014013	regulation of gliogenesis	Neither	NO	NO	NA	NO
GO_BP	GO:0014014	negative regulation of gliogenesis	Neither	NO	NO	NA	NO
GO_BP	GO:0014015	positive regulation of gliogenesis	Neither	NO	NO	NA	NO
GO_BP	GO:0014020	primary neural tube formation	Neither	NO	NO	NA	NO
GO_BP	GO:0014029	neural crest formation	Neither	NO	NO	NA	NO
GO_BP	GO:0014032	neural crest cell development	Neither	NO	NO	NA	NO
GO_BP	GO:0014033	neural crest cell differentiation	Neither	NO	NO	NA	NO
GO_BP	GO:0014037	Schwann cell differentiation	Neither	NO	NO	NA	NO
GO_BP	GO:0014044	Schwann cell development	Neither	NO	NO	NA	NO
GO_BP	GO:0014048	regulation of glutamate secretion	Neither	NO	NO	NA	NO
GO_BP	GO:0014049	positive regulation of glutamate secretion	Neither	NO	NO	NA	NO
GO_BP	GO:0014059	regulation of dopamine secretion	Neither	NO	NO	NA	NO
GO_BP	GO:0014061	regulation of norepinephrine secretion	Neither	NO	NO	NA	NO
GO_BP	GO:0014072	response to isoquinoline alkaloid	Neither	NO	NO	NA	NO
GO_BP	GO:0014074	response to purine-containing compound	Neither	NO	NO	NA	NO
GO_BP	GO:0014075	response to amine	Neither	NO	NO	NA	NO
GO_BP	GO:0014706	striated muscle tissue development	Neither	NO	NO	NA	NO
GO_BP	GO:0014741	negative regulation of muscle hypertrophy	Neither	NO	NO	NA	NO
GO_BP	GO:0014742	positive regulation of muscle hypertrophy	Neither	NO	NO	NA	NO
GO_BP	GO:0014743	regulation of muscle hypertrophy	Neither	NO	NO	NA	NO
GO_BP	GO:0014745	negative regulation of muscle adaptation	Neither	NO	NO	NA	NO
GO_BP	GO:0014812	muscle cell migration	Neither	NO	NO	NA	NO
GO_BP	GO:0014819	regulation of skeletal muscle contraction	Neither	NO	NO	NA	NO
GO_BP	GO:0014821	phasic smooth muscle contraction	Neither	NO	NO	NA	NO
GO_BP	GO:0014823	response to activity	Neither	NO	NO	NA	NO
GO_BP	GO:0014829	vascular associated smooth muscle contraction	Neither	NO	NO	NA	NO
GO_BP	GO:0014842	regulation of skeletal muscle satellite cell proliferation	Neither	NO	NO	NA	NO
GO_BP	GO:0014850	response to muscle activity	Neither	NO	NO	NA	NO
GO_BP	GO:0014854	response to inactivity	Neither	NO	NO	NA	NO
GO_BP	GO:0014855	striated muscle cell proliferation	Neither	NO	NO	NA	NO
GO_BP	GO:0014857	regulation of skeletal muscle cell proliferation	Neither	NO	NO	NA	NO
GO_BP	GO:0014888	striated muscle adaptation	Neither	NO	NO	NA	NO
GO_BP	GO:0014896	muscle hypertrophy	Neither	NO	NO	NA	NO
GO_BP	GO:0014897	striated muscle hypertrophy	Neither	NO	NO	NA	NO
GO_BP	GO:0014902	myotube differentiation	Neither	NO	NO	NA	NO
GO_BP	GO:0014904	myotube cell development	Neither	NO	NO	NA	NO
GO_BP	GO:0014910	regulation of smooth muscle cell migration	Neither	NO	NO	NA	NO
GO_BP	GO:0014911	positive regulation of smooth muscle cell migration	Neither	NO	NO	NA	NO
GO_BP	GO:0014912	negative regulation of smooth muscle cell migration	Neither	NO	NO	NA	NO
GO_BP	GO:0015012	heparan sulfate proteoglycan biosynthetic process	Neither	NO	NO	NA	NO
GO_BP	GO:0015669	gas transport	Neither	NO	NO	NA	NO
GO_BP	GO:0015670	carbon dioxide transport	Neither	NO	NO	NA	NO
GO_BP	GO:0015671	oxygen transport	Neither	NO	NO	NA	NO
GO_BP	GO:0015693	magnesium ion transport	Neither	NO	NO	NA	NO
GO_BP	GO:0015697	quaternary ammonium group transport	Neither	NO	NO	NA	NO
GO_BP	GO:0015698	inorganic anion transport	Neither	NO	NO	NA	NO
GO_BP	GO:0015701	bicarbonate transport	Neither	NO	NO	NA	NO
GO_BP	GO:0015718	monocarboxylic acid transport	Neither	NO	NO	NA	NO
GO_BP	GO:0015721	bile acid and bile salt transport	Neither	NO	NO	NA	NO
GO_BP	GO:0015732	prostaglandin transport	Neither	NO	NO	NA	NO
GO_BP	GO:0015740	C4-dicarboxylate transport	Neither	NO	NO	NA	NO
GO_BP	GO:0015747	urate transport	Neither	NO	NO	NA	NO
GO_BP	GO:0015748	organophosphate ester transport	Neither	NO	NO	NA	NO
GO_BP	GO:0015749	monosaccharide transmembrane transport	Neither	NO	NO	NA	NO
GO_BP	GO:0015780	nucleotide-sugar transmembrane transport	Neither	NO	NO	NA	NO
GO_BP	GO:0015791	polyol transmembrane transport	Neither	NO	NO	NA	NO
GO_BP	GO:0015800	acidic amino acid transport	Neither	NO	NO	NA	NO
GO_BP	GO:0015801	aromatic amino acid transport	Neither	NO	NO	NA	NO
GO_BP	GO:0015802	basic amino acid transport	Firth_only	NO	NO	NA	NO
GO_BP	GO:0015803	branched-chain amino acid transport	Firth_only	NO	NO	NA	NO
GO_BP	GO:0015804	neutral amino acid transport	Neither	NO	NO	NA	NO
GO_BP	GO:0015807	L-amino acid transport	Neither	NO	NO	NA	NO
GO_BP	GO:0015808	L-alanine transport	Neither	NO	NO	NA	NO
GO_BP	GO:0015810	aspartate transmembrane transport	Neither	NO	NO	NA	NO
GO_BP	GO:0015812	gamma-aminobutyric acid transport	Neither	NO	NO	NA	NO
GO_BP	GO:0015813	L-glutamate transmembrane transport	Neither	NO	NO	NA	NO
GO_BP	GO:0015816	glycine transport	Neither	NO	NO	NA	NO
GO_BP	GO:0015820	L-leucine transport	Tier1	YES	NO	NO	YES
GO_BP	GO:0015833	peptide transport	Neither	NO	NO	NA	NO
GO_BP	GO:0015837	amine transport	Neither	NO	NO	NA	NO
GO_BP	GO:0015838	amino-acid betaine transport	Neither	NO	NO	NA	NO
GO_BP	GO:0015846	polyamine transport	Neither	NO	NO	NA	NO
GO_BP	GO:0015849	organic acid transport	Neither	NO	NO	NA	NO
GO_BP	GO:0015850	organic hydroxy compound transport	Neither	NO	NO	NA	NO
GO_BP	GO:0015851	nucleobase transport	Neither	NO	NO	NA	NO
GO_BP	GO:0015865	purine nucleotide transport	Neither	NO	NO	NA	NO
GO_BP	GO:0015866	ADP transport	Neither	NO	NO	NA	NO
GO_BP	GO:0015867	ATP transport	Neither	NO	NO	NA	NO
GO_BP	GO:0015868	purine ribonucleotide transport	Neither	NO	NO	NA	NO
GO_BP	GO:0015871	choline transport	Neither	NO	NO	NA	NO
GO_BP	GO:0015889	cobalamin transport	Neither	NO	NO	NA	NO
GO_BP	GO:0015908	fatty acid transport	Neither	NO	NO	NA	NO
GO_BP	GO:0015909	long-chain fatty acid transport	Neither	NO	NO	NA	NO
GO_BP	GO:0015914	phospholipid transport	Neither	NO	NO	NA	NO
GO_BP	GO:0015918	sterol transport	Neither	NO	NO	NA	NO
GO_BP	GO:0015919	peroxisomal membrane transport	Neither	NO	NO	NA	NO
GO_BP	GO:0015931	nucleobase-containing compound transport	Neither	NO	NO	NA	NO
GO_BP	GO:0015936	coenzyme A metabolic process	Neither	NO	NO	NA	NO
GO_BP	GO:0015937	coenzyme A biosynthetic process	Neither	NO	NO	NA	NO
GO_BP	GO:0015980	energy derivation by oxidation of organic compounds	Neither	NO	NO	NA	NO
GO_BP	GO:0015986	proton motive force-driven ATP synthesis	Neither	NO	NO	NA	NO
GO_BP	GO:0016024	CDP-diacylglycerol biosynthetic process	Neither	NO	NO	NA	NO
GO_BP	GO:0016032	viral process	Neither	NO	NO	NA	NO
GO_BP	GO:0016042	lipid catabolic process	Neither	NO	NO	NA	NO
GO_BP	GO:0016045	detection of bacterium	Neither	NO	NO	NA	NO
GO_BP	GO:0016048	detection of temperature stimulus	Neither	NO	NO	NA	NO
GO_BP	GO:0016049	cell growth	Neither	NO	NO	NA	NO
GO_BP	GO:0016050	vesicle organization	Neither	NO	NO	NA	NO
GO_BP	GO:0016051	carbohydrate biosynthetic process	Neither	NO	NO	NA	NO
GO_BP	GO:0016052	carbohydrate catabolic process	Neither	NO	NO	NA	NO
GO_BP	GO:0016055	Wnt signaling pathway	Neither	NO	NO	NA	NO
GO_BP	GO:0016056	G protein-coupled opsin signaling pathway	Neither	NO	NO	NA	NO
GO_BP	GO:0016064	immunoglobulin mediated immune response	Neither	NO	NO	NA	NO
GO_BP	GO:0016072	rRNA metabolic process	Neither	NO	NO	NA	NO
GO_BP	GO:0016073	snRNA metabolic process	Neither	NO	NO	NA	NO
GO_BP	GO:0016074	sno(s)RNA metabolic process	Neither	NO	NO	NA	NO
GO_BP	GO:0016075	rRNA catabolic process	Neither	NO	NO	NA	NO
GO_BP	GO:0016078	tRNA decay	Neither	NO	NO	NA	NO
GO_BP	GO:0016079	synaptic vesicle exocytosis	Neither	NO	NO	NA	NO
GO_BP	GO:0016082	synaptic vesicle priming	Neither	NO	NO	NA	NO
GO_BP	GO:0016101	diterpenoid metabolic process	Neither	NO	NO	NA	NO
GO_BP	GO:0016114	terpenoid biosynthetic process	Neither	NO	NO	NA	NO
GO_BP	GO:0016125	sterol metabolic process	Neither	NO	NO	NA	NO
GO_BP	GO:0016126	sterol biosynthetic process	Neither	NO	NO	NA	NO
GO_BP	GO:0016137	glycoside metabolic process	Neither	NO	NO	NA	NO
GO_BP	GO:0016180	snRNA processing	Neither	NO	NO	NA	NO
GO_BP	GO:0016185	synaptic vesicle budding from presynaptic endocytic zone membrane	Neither	NO	NO	NA	NO
GO_BP	GO:0016188	synaptic vesicle maturation	Neither	NO	NO	NA	NO
GO_BP	GO:0016197	endosomal transport	Neither	NO	NO	NA	NO
GO_BP	GO:0016202	regulation of striated muscle tissue development	Neither	NO	NO	NA	NO
GO_BP	GO:0016226	iron-sulfur cluster assembly	Neither	NO	NO	NA	NO
GO_BP	GO:0016233	telomere capping	Firth_only	NO	NO	NA	NO
GO_BP	GO:0016236	macroautophagy	Neither	NO	NO	NA	NO
GO_BP	GO:0016237	microautophagy	Neither	NO	NO	NA	NO
GO_BP	GO:0016239	positive regulation of macroautophagy	Neither	NO	NO	NA	NO
GO_BP	GO:0016241	regulation of macroautophagy	Neither	NO	NO	NA	NO
GO_BP	GO:0016242	negative regulation of macroautophagy	Neither	NO	NO	NA	NO
GO_BP	GO:0016266	protein O-linked glycosylation via N-acetylgalactosamine	Neither	NO	NO	NA	NO
GO_BP	GO:0016310	phosphorylation	Neither	NO	NO	NA	NO
GO_BP	GO:0016311	dephosphorylation	Neither	NO	NO	NA	NO
GO_BP	GO:0016322	neuron remodeling	Neither	NO	NO	NA	NO
GO_BP	GO:0016331	morphogenesis of embryonic epithelium	Neither	NO	NO	NA	NO
GO_BP	GO:0016338	calcium-independent cell-cell adhesion	Neither	NO	NO	NA	NO
GO_BP	GO:0016339	calcium-dependent cell-cell adhesion	Neither	NO	NO	NA	NO
GO_BP	GO:0016358	dendrite development	Neither	NO	NO	NA	NO
GO_BP	GO:0016441	post-transcriptional gene silencing	Neither	NO	NO	NA	NO
GO_BP	GO:0016444	somatic cell DNA recombination	Neither	NO	NO	NA	NO
GO_BP	GO:0016445	somatic diversification of immunoglobulins	Neither	NO	NO	NA	NO
GO_BP	GO:0016446	somatic hypermutation of immunoglobulin genes	Neither	NO	NO	NA	NO
GO_BP	GO:0016447	somatic recombination of immunoglobulin gene segments	Neither	NO	NO	NA	NO
GO_BP	GO:0016482	cytosolic transport	Neither	NO	NO	NA	NO
GO_BP	GO:0016485	protein processing	Neither	NO	NO	NA	NO
GO_BP	GO:0016486	peptide hormone processing	Neither	NO	NO	NA	NO
GO_BP	GO:0016525	negative regulation of angiogenesis	Neither	NO	NO	NA	NO
GO_BP	GO:0016540	protein autoprocessing	Neither	NO	NO	NA	NO
GO_BP	GO:0016553	base conversion or substitution editing	Neither	NO	NO	NA	NO
GO_BP	GO:0016554	cytidine to uridine editing	Neither	NO	NO	NA	NO
GO_BP	GO:0016556	mRNA modification	Neither	NO	NO	NA	NO
GO_BP	GO:0016558	protein import into peroxisome matrix	Neither	NO	NO	NA	NO
GO_BP	GO:0016559	peroxisome fission	Neither	NO	NO	NA	NO
GO_BP	GO:0016579	protein deubiquitination	Neither	NO	NO	NA	NO
GO_BP	GO:0016601	Rac protein signal transduction	Neither	NO	NO	NA	NO
GO_BP	GO:0016925	protein sumoylation	Neither	NO	NO	NA	NO
GO_BP	GO:0016973	poly(A)+ mRNA export from nucleus	Neither	NO	NO	NA	NO
GO_BP	GO:0017004	cytochrome complex assembly	Neither	NO	NO	NA	NO
GO_BP	GO:0017015	regulation of transforming growth factor beta receptor signaling pathway	Neither	NO	NO	NA	NO
GO_BP	GO:0017062	respiratory chain complex III assembly	Neither	NO	NO	NA	NO
GO_BP	GO:0017121	plasma membrane phospholipid scrambling	Neither	NO	NO	NA	NO
GO_BP	GO:0017145	stem cell division	Neither	NO	NO	NA	NO
GO_BP	GO:0017148	negative regulation of translation	Neither	NO	NO	NA	NO
GO_BP	GO:0017156	calcium-ion regulated exocytosis	Neither	NO	NO	NA	NO
GO_BP	GO:0017157	regulation of exocytosis	Neither	NO	NO	NA	NO
GO_BP	GO:0017158	regulation of calcium ion-dependent exocytosis	Neither	NO	NO	NA	NO
GO_BP	GO:0018022	peptidyl-lysine methylation	Neither	NO	NO	NA	NO
GO_BP	GO:0018105	peptidyl-serine phosphorylation	Neither	NO	NO	NA	NO
GO_BP	GO:0018107	peptidyl-threonine phosphorylation	Neither	NO	NO	NA	NO
GO_BP	GO:0018108	peptidyl-tyrosine phosphorylation	Neither	NO	NO	NA	NO
GO_BP	GO:0018126	protein hydroxylation	Neither	NO	NO	NA	NO
GO_BP	GO:0018146	keratan sulfate proteoglycan biosynthetic process	Neither	NO	NO	NA	NO
GO_BP	GO:0018149	peptide cross-linking	Neither	NO	NO	NA	NO
GO_BP	GO:0018200	peptidyl-glutamic acid modification	Neither	NO	NO	NA	NO
GO_BP	GO:0018205	peptidyl-lysine modification	Neither	NO	NO	NA	NO
GO_BP	GO:0018230	peptidyl-L-cysteine S-palmitoylation	Neither	NO	NO	NA	NO
GO_BP	GO:0018342	protein prenylation	Neither	NO	NO	NA	NO
GO_BP	GO:0018345	protein palmitoylation	Neither	NO	NO	NA	NO
GO_BP	GO:0018958	phenol-containing compound metabolic process	Neither	NO	NO	NA	NO
GO_BP	GO:0019058	viral life cycle	Neither	NO	NO	NA	NO
GO_BP	GO:0019062	virion attachment to host cell	Neither	NO	NO	NA	NO
GO_BP	GO:0019065	receptor-mediated endocytosis of virus by host cell	Neither	NO	NO	NA	NO
GO_BP	GO:0019068	virion assembly	Neither	NO	NO	NA	NO
GO_BP	GO:0019076	viral release from host cell	Neither	NO	NO	NA	NO
GO_BP	GO:0019079	viral genome replication	Neither	NO	NO	NA	NO
GO_BP	GO:0019080	viral gene expression	Neither	NO	NO	NA	NO
GO_BP	GO:0019081	viral translation	Neither	NO	NO	NA	NO
GO_BP	GO:0019082	viral protein processing	Neither	NO	NO	NA	NO
GO_BP	GO:0019098	reproductive behavior	Neither	NO	NO	NA	NO
GO_BP	GO:0019184	nonribosomal peptide biosynthetic process	Neither	NO	NO	NA	NO
GO_BP	GO:0019216	regulation of lipid metabolic process	Neither	NO	NO	NA	NO
GO_BP	GO:0019217	regulation of fatty acid metabolic process	Neither	NO	NO	NA	NO
GO_BP	GO:0019218	regulation of steroid metabolic process	Neither	NO	NO	NA	NO
GO_BP	GO:0019221	cytokine-mediated signaling pathway	Neither	NO	NO	NA	NO
GO_BP	GO:0019226	transmission of nerve impulse	Neither	NO	NO	NA	NO
GO_BP	GO:0019228	neuronal action potential	Neither	NO	NO	NA	NO
GO_BP	GO:0019229	regulation of vasoconstriction	Neither	NO	NO	NA	NO
GO_BP	GO:0019233	sensory perception of pain	Neither	NO	NO	NA	NO
GO_BP	GO:0019318	hexose metabolic process	Neither	NO	NO	NA	NO
GO_BP	GO:0019319	hexose biosynthetic process	Neither	NO	NO	NA	NO
GO_BP	GO:0019320	hexose catabolic process	Neither	NO	NO	NA	NO
GO_BP	GO:0019321	pentose metabolic process	Neither	NO	NO	NA	NO
GO_BP	GO:0019336	phenol-containing compound catabolic process	Neither	NO	NO	NA	NO
GO_BP	GO:0019359	nicotinamide nucleotide biosynthetic process	Neither	NO	NO	NA	NO
GO_BP	GO:0019363	pyridine nucleotide biosynthetic process	Neither	NO	NO	NA	NO
GO_BP	GO:0019364	pyridine nucleotide catabolic process	Neither	NO	NO	NA	NO
GO_BP	GO:0019369	arachidonate metabolic process	Neither	NO	NO	NA	NO
GO_BP	GO:0019370	leukotriene biosynthetic process	Neither	NO	NO	NA	NO
GO_BP	GO:0019371	cyclooxygenase pathway	Neither	NO	NO	NA	NO
GO_BP	GO:0019372	lipoxygenase pathway	Neither	NO	NO	NA	NO
GO_BP	GO:0019373	epoxygenase P450 pathway	Neither	NO	NO	NA	NO
GO_BP	GO:0019377	glycolipid catabolic process	Neither	NO	NO	NA	NO
GO_BP	GO:0019395	fatty acid oxidation	Neither	NO	NO	NA	NO
GO_BP	GO:0019430	removal of superoxide radicals	Neither	NO	NO	NA	NO
GO_BP	GO:0019432	triglyceride biosynthetic process	Neither	NO	NO	NA	NO
GO_BP	GO:0019433	triglyceride catabolic process	Neither	NO	NO	NA	NO
GO_BP	GO:0019477	L-lysine catabolic process	Neither	NO	NO	NA	NO
GO_BP	GO:0019530	taurine metabolic process	Neither	NO	NO	NA	NO
GO_BP	GO:0019532	oxalate transport	Neither	NO	NO	NA	NO
GO_BP	GO:0019585	glucuronate metabolic process	Neither	NO	NO	NA	NO
GO_BP	GO:0019627	urea metabolic process	Neither	NO	NO	NA	NO
GO_BP	GO:0019646	aerobic electron transport chain	Neither	NO	NO	NA	NO
GO_BP	GO:0019673	GDP-mannose metabolic process	Neither	NO	NO	NA	NO
GO_BP	GO:0019674	NAD+ metabolic process	Neither	NO	NO	NA	NO
GO_BP	GO:0019693	ribose phosphate metabolic process	Neither	NO	NO	NA	NO
GO_BP	GO:0019694	alkanesulfonate metabolic process	Neither	NO	NO	NA	NO
GO_BP	GO:0019722	calcium-mediated signaling	Neither	NO	NO	NA	NO
GO_BP	GO:0019724	B cell mediated immunity	Neither	NO	NO	NA	NO
GO_BP	GO:0019730	antimicrobial humoral response	Neither	NO	NO	NA	NO
GO_BP	GO:0019731	antibacterial humoral response	Neither	NO	NO	NA	NO
GO_BP	GO:0019732	antifungal humoral response	Neither	NO	NO	NA	NO
GO_BP	GO:0019748	secondary metabolic process	Neither	NO	NO	NA	NO
GO_BP	GO:0019751	polyol metabolic process	Neither	NO	NO	NA	NO
GO_BP	GO:0019755	one-carbon compound transport	Neither	NO	NO	NA	NO
GO_BP	GO:0019827	stem cell population maintenance	Neither	NO	NO	NA	NO
GO_BP	GO:0019835	cytolysis	Neither	NO	NO	NA	NO
GO_BP	GO:0019856	pyrimidine nucleobase biosynthetic process	Neither	NO	NO	NA	NO
GO_BP	GO:0019882	antigen processing and presentation	Neither	NO	NO	NA	NO
GO_BP	GO:0019883	antigen processing and presentation of endogenous antigen	Neither	NO	NO	NA	NO
GO_BP	GO:0019884	antigen processing and presentation of exogenous antigen	Neither	NO	NO	NA	NO
GO_BP	GO:0019885	antigen processing and presentation of endogenous peptide antigen via MHC class I	Neither	NO	NO	NA	NO
GO_BP	GO:0019886	antigen processing and presentation of exogenous peptide antigen via MHC class II	Neither	NO	NO	NA	NO
GO_BP	GO:0019896	axonal transport of mitochondrion	Neither	NO	NO	NA	NO
GO_BP	GO:0019915	lipid storage	Neither	NO	NO	NA	NO
GO_BP	GO:0019985	translesion synthesis	Neither	NO	NO	NA	NO
GO_BP	GO:0021510	spinal cord development	Neither	NO	NO	NA	NO
GO_BP	GO:0021515	cell differentiation in spinal cord	Neither	NO	NO	NA	NO
GO_BP	GO:0021517	ventral spinal cord development	Neither	NO	NO	NA	NO
GO_BP	GO:0021533	cell differentiation in hindbrain	Neither	NO	NO	NA	NO
GO_BP	GO:0021535	cell migration in hindbrain	Neither	NO	NO	NA	NO
GO_BP	GO:0021536	diencephalon development	Neither	NO	NO	NA	NO
GO_BP	GO:0021537	telencephalon development	Neither	NO	NO	NA	NO
GO_BP	GO:0021542	dentate gyrus development	Neither	NO	NO	NA	NO
GO_BP	GO:0021543	pallium development	Neither	NO	NO	NA	NO
GO_BP	GO:0021544	subpallium development	Neither	NO	NO	NA	NO
GO_BP	GO:0021545	cranial nerve development	Neither	NO	NO	NA	NO
GO_BP	GO:0021549	cerebellum development	Neither	NO	NO	NA	NO
GO_BP	GO:0021559	trigeminal nerve development	Neither	NO	NO	NA	NO
GO_BP	GO:0021575	hindbrain morphogenesis	Neither	NO	NO	NA	NO
GO_BP	GO:0021587	cerebellum morphogenesis	Neither	NO	NO	NA	NO
GO_BP	GO:0021602	cranial nerve morphogenesis	Neither	NO	NO	NA	NO
GO_BP	GO:0021603	cranial nerve formation	Neither	NO	NO	NA	NO
GO_BP	GO:0021675	nerve development	Neither	NO	NO	NA	NO
GO_BP	GO:0021680	cerebellar Purkinje cell layer development	Neither	NO	NO	NA	NO
GO_BP	GO:0021681	cerebellar granular layer development	Neither	NO	NO	NA	NO
GO_BP	GO:0021692	cerebellar Purkinje cell layer morphogenesis	Neither	NO	NO	NA	NO
GO_BP	GO:0021695	cerebellar cortex development	Neither	NO	NO	NA	NO
GO_BP	GO:0021696	cerebellar cortex morphogenesis	Neither	NO	NO	NA	NO
GO_BP	GO:0021697	cerebellar cortex formation	Neither	NO	NO	NA	NO
GO_BP	GO:0021700	developmental maturation	Neither	NO	NO	NA	NO
GO_BP	GO:0021756	striatum development	Neither	NO	NO	NA	NO
GO_BP	GO:0021761	limbic system development	Neither	NO	NO	NA	NO
GO_BP	GO:0021762	substantia nigra development	Neither	NO	NO	NA	NO
GO_BP	GO:0021766	hippocampus development	Neither	NO	NO	NA	NO
GO_BP	GO:0021772	olfactory bulb development	Neither	NO	NO	NA	NO
GO_BP	GO:0021782	glial cell development	Neither	NO	NO	NA	NO
GO_BP	GO:0021783	preganglionic parasympathetic fiber development	Neither	NO	NO	NA	NO
GO_BP	GO:0021795	cerebral cortex cell migration	Neither	NO	NO	NA	NO
GO_BP	GO:0021799	cerebral cortex radially oriented cell migration	Neither	NO	NO	NA	NO
GO_BP	GO:0021801	cerebral cortex radial glia-guided migration	Neither	NO	NO	NA	NO
GO_BP	GO:0021846	cell proliferation in forebrain	Neither	NO	NO	NA	NO
GO_BP	GO:0021854	hypothalamus development	Neither	NO	NO	NA	NO
GO_BP	GO:0021859	pyramidal neuron differentiation	Neither	NO	NO	NA	NO
GO_BP	GO:0021860	pyramidal neuron development	Neither	NO	NO	NA	NO
GO_BP	GO:0021872	forebrain generation of neurons	Neither	NO	NO	NA	NO
GO_BP	GO:0021879	forebrain neuron differentiation	Neither	NO	NO	NA	NO
GO_BP	GO:0021884	forebrain neuron development	Neither	NO	NO	NA	NO
GO_BP	GO:0021885	forebrain cell migration	Neither	NO	NO	NA	NO
GO_BP	GO:0021895	cerebral cortex neuron differentiation	Neither	NO	NO	NA	NO
GO_BP	GO:0021915	neural tube development	Neither	NO	NO	NA	NO
GO_BP	GO:0021952	central nervous system projection neuron axonogenesis	Neither	NO	NO	NA	NO
GO_BP	GO:0021953	central nervous system neuron differentiation	Neither	NO	NO	NA	NO
GO_BP	GO:0021954	central nervous system neuron development	Neither	NO	NO	NA	NO
GO_BP	GO:0021955	central nervous system neuron axonogenesis	Neither	NO	NO	NA	NO
GO_BP	GO:0021983	pituitary gland development	Neither	NO	NO	NA	NO
GO_BP	GO:0021987	cerebral cortex development	Neither	NO	NO	NA	NO
GO_BP	GO:0021988	olfactory lobe development	Neither	NO	NO	NA	NO
GO_BP	GO:0022010	central nervous system myelination	Firth_only	NO	NO	NA	NO
GO_BP	GO:0022011	myelination in peripheral nervous system	Neither	NO	NO	NA	NO
GO_BP	GO:0022029	telencephalon cell migration	Neither	NO	NO	NA	NO
GO_BP	GO:0022030	telencephalon glial cell migration	Neither	NO	NO	NA	NO
GO_BP	GO:0022037	metencephalon development	Neither	NO	NO	NA	NO
GO_BP	GO:0022038	corpus callosum development	Neither	NO	NO	NA	NO
GO_BP	GO:0022400	regulation of opsin-mediated signaling pathway	Neither	NO	NO	NA	NO
GO_BP	GO:0022401	negative adaptation of signaling pathway	Neither	NO	NO	NA	NO
GO_BP	GO:0022404	molting cycle process	Neither	NO	NO	NA	NO
GO_BP	GO:0022405	hair cycle process	Neither	NO	NO	NA	NO
GO_BP	GO:0022406	membrane docking	Neither	NO	NO	NA	NO
GO_BP	GO:0022407	regulation of cell-cell adhesion	Neither	NO	NO	NA	NO
GO_BP	GO:0022408	negative regulation of cell-cell adhesion	Neither	NO	NO	NA	NO
GO_BP	GO:0022409	positive regulation of cell-cell adhesion	Neither	NO	NO	NA	NO
GO_BP	GO:0022411	cellular component disassembly	Neither	NO	NO	NA	NO
GO_BP	GO:0022412	cellular process involved in reproduction in multicellular organism	Neither	NO	NO	NA	NO
GO_BP	GO:0022600	digestive system process	Neither	NO	NO	NA	NO
GO_BP	GO:0022602	ovulation cycle process	Neither	NO	NO	NA	NO
GO_BP	GO:0022604	regulation of cell morphogenesis	Neither	NO	NO	NA	NO
GO_BP	GO:0022612	gland morphogenesis	Neither	NO	NO	NA	NO
GO_BP	GO:0022613	ribonucleoprotein complex biogenesis	Neither	NO	NO	NA	NO
GO_BP	GO:0022616	DNA strand elongation	Firth_only	NO	NO	NA	NO
GO_BP	GO:0022617	extracellular matrix disassembly	Neither	NO	NO	NA	NO
GO_BP	GO:0022618	protein-RNA complex assembly	Neither	NO	NO	NA	NO
GO_BP	GO:0022898	regulation of transmembrane transporter activity	Neither	NO	NO	NA	NO
GO_BP	GO:0022900	electron transport chain	Neither	NO	NO	NA	NO
GO_BP	GO:0022904	respiratory electron transport chain	Neither	NO	NO	NA	NO
GO_BP	GO:0023035	CD40 signaling pathway	Neither	NO	NO	NA	NO
GO_BP	GO:0023058	adaptation of signaling pathway	Neither	NO	NO	NA	NO
GO_BP	GO:0023061	signal release	Neither	NO	NO	NA	NO
GO_BP	GO:0030003	intracellular monoatomic cation homeostasis	Neither	NO	NO	NA	NO
GO_BP	GO:0030007	intracellular potassium ion homeostasis	Neither	NO	NO	NA	NO
GO_BP	GO:0030010	establishment of cell polarity	Neither	NO	NO	NA	NO
GO_BP	GO:0030011	maintenance of cell polarity	Neither	NO	NO	NA	NO
GO_BP	GO:0030031	cell projection assembly	Neither	NO	NO	NA	NO
GO_BP	GO:0030032	lamellipodium assembly	Neither	NO	NO	NA	NO
GO_BP	GO:0030038	contractile actin filament bundle assembly	Neither	NO	NO	NA	NO
GO_BP	GO:0030041	actin filament polymerization	Neither	NO	NO	NA	NO
GO_BP	GO:0030042	actin filament depolymerization	Neither	NO	NO	NA	NO
GO_BP	GO:0030048	actin filament-based movement	Neither	NO	NO	NA	NO
GO_BP	GO:0030049	muscle filament sliding	Neither	NO	NO	NA	NO
GO_BP	GO:0030071	regulation of mitotic metaphase/anaphase transition	Neither	NO	NO	NA	NO
GO_BP	GO:0030072	peptide hormone secretion	Neither	NO	NO	NA	NO
GO_BP	GO:0030073	insulin secretion	Neither	NO	NO	NA	NO
GO_BP	GO:0030097	hemopoiesis	Neither	NO	NO	NA	NO
GO_BP	GO:0030098	lymphocyte differentiation	Firth_only	NO	NO	NA	NO
GO_BP	GO:0030099	myeloid cell differentiation	Neither	NO	NO	NA	NO
GO_BP	GO:0030100	regulation of endocytosis	Neither	NO	NO	NA	NO
GO_BP	GO:0030101	natural killer cell activation	Firth_only	NO	NO	NA	NO
GO_BP	GO:0030111	regulation of Wnt signaling pathway	Neither	NO	NO	NA	NO
GO_BP	GO:0030148	sphingolipid biosynthetic process	Neither	NO	NO	NA	NO
GO_BP	GO:0030149	sphingolipid catabolic process	Neither	NO	NO	NA	NO
GO_BP	GO:0030150	protein import into mitochondrial matrix	Neither	NO	NO	NA	NO
GO_BP	GO:0030162	regulation of proteolysis	Neither	NO	NO	NA	NO
GO_BP	GO:0030166	proteoglycan biosynthetic process	Neither	NO	NO	NA	NO
GO_BP	GO:0030167	proteoglycan catabolic process	Neither	NO	NO	NA	NO
GO_BP	GO:0030168	platelet activation	Neither	NO	NO	NA	NO
GO_BP	GO:0030174	regulation of DNA-templated DNA replication initiation	Firth_only	NO	NO	NA	NO
GO_BP	GO:0030177	positive regulation of Wnt signaling pathway	Neither	NO	NO	NA	NO
GO_BP	GO:0030178	negative regulation of Wnt signaling pathway	Neither	NO	NO	NA	NO
GO_BP	GO:0030183	B cell differentiation	Firth_only	NO	NO	NA	NO
GO_BP	GO:0030193	regulation of blood coagulation	Neither	NO	NO	NA	NO
GO_BP	GO:0030194	positive regulation of blood coagulation	Neither	NO	NO	NA	NO
GO_BP	GO:0030195	negative regulation of blood coagulation	Neither	NO	NO	NA	NO
GO_BP	GO:0030198	extracellular matrix organization	Neither	NO	NO	NA	NO
GO_BP	GO:0030199	collagen fibril organization	Neither	NO	NO	NA	NO
GO_BP	GO:0030200	heparan sulfate proteoglycan catabolic process	Neither	NO	NO	NA	NO
GO_BP	GO:0030201	heparan sulfate proteoglycan metabolic process	Neither	NO	NO	NA	NO
GO_BP	GO:0030202	heparin proteoglycan metabolic process	Neither	NO	NO	NA	NO
GO_BP	GO:0030203	glycosaminoglycan metabolic process	Neither	NO	NO	NA	NO
GO_BP	GO:0030210	heparin proteoglycan biosynthetic process	Neither	NO	NO	NA	NO
GO_BP	GO:0030212	hyaluronan metabolic process	Neither	NO	NO	NA	NO
GO_BP	GO:0030214	hyaluronan catabolic process	Neither	NO	NO	NA	NO
GO_BP	GO:0030216	keratinocyte differentiation	Neither	NO	NO	NA	NO
GO_BP	GO:0030217	T cell differentiation	Neither	NO	NO	NA	NO
GO_BP	GO:0030218	erythrocyte differentiation	Neither	NO	NO	NA	NO
GO_BP	GO:0030219	megakaryocyte differentiation	Neither	NO	NO	NA	NO
GO_BP	GO:0030220	platelet formation	Neither	NO	NO	NA	NO
GO_BP	GO:0030224	monocyte differentiation	Neither	NO	NO	NA	NO
GO_BP	GO:0030225	macrophage differentiation	Neither	NO	NO	NA	NO
GO_BP	GO:0030239	myofibril assembly	Neither	NO	NO	NA	NO
GO_BP	GO:0030242	autophagy of peroxisome	Neither	NO	NO	NA	NO
GO_BP	GO:0030258	lipid modification	Neither	NO	NO	NA	NO
GO_BP	GO:0030261	chromosome condensation	Neither	NO	NO	NA	NO
GO_BP	GO:0030262	apoptotic nuclear changes	Neither	NO	NO	NA	NO
GO_BP	GO:0030277	maintenance of gastrointestinal epithelium	Neither	NO	NO	NA	NO
GO_BP	GO:0030278	regulation of ossification	Neither	NO	NO	NA	NO
GO_BP	GO:0030279	negative regulation of ossification	Neither	NO	NO	NA	NO
GO_BP	GO:0030282	bone mineralization	Neither	NO	NO	NA	NO
GO_BP	GO:0030299	intestinal cholesterol absorption	Neither	NO	NO	NA	NO
GO_BP	GO:0030301	cholesterol transport	Neither	NO	NO	NA	NO
GO_BP	GO:0030307	positive regulation of cell growth	Neither	NO	NO	NA	NO
GO_BP	GO:0030308	negative regulation of cell growth	Neither	NO	NO	NA	NO
GO_BP	GO:0030316	osteoclast differentiation	Neither	NO	NO	NA	NO
GO_BP	GO:0030317	flagellated sperm motility	Neither	NO	NO	NA	NO
GO_BP	GO:0030318	melanocyte differentiation	Neither	NO	NO	NA	NO
GO_BP	GO:0030323	respiratory tube development	Neither	NO	NO	NA	NO
GO_BP	GO:0030324	lung development	Neither	NO	NO	NA	NO
GO_BP	GO:0030325	adrenal gland development	Neither	NO	NO	NA	NO
GO_BP	GO:0030326	embryonic limb morphogenesis	Neither	NO	NO	NA	NO
GO_BP	GO:0030330	DNA damage response, signal transduction by p53 class mediator	Neither	NO	NO	NA	NO
GO_BP	GO:0030336	negative regulation of cell migration	Neither	NO	NO	NA	NO
GO_BP	GO:0030397	membrane disassembly	Neither	NO	NO	NA	NO
GO_BP	GO:0030449	regulation of complement activation	Neither	NO	NO	NA	NO
GO_BP	GO:0030488	tRNA methylation	Neither	NO	NO	NA	NO
GO_BP	GO:0030490	maturation of SSU-rRNA	Neither	NO	NO	NA	NO
GO_BP	GO:0030497	fatty acid elongation	Neither	NO	NO	NA	NO
GO_BP	GO:0030500	regulation of bone mineralization	Neither	NO	NO	NA	NO
GO_BP	GO:0030501	positive regulation of bone mineralization	Neither	NO	NO	NA	NO
GO_BP	GO:0030502	negative regulation of bone mineralization	Neither	NO	NO	NA	NO
GO_BP	GO:0030509	BMP signaling pathway	Neither	NO	NO	NA	NO
GO_BP	GO:0030510	regulation of BMP signaling pathway	Neither	NO	NO	NA	NO
GO_BP	GO:0030511	positive regulation of transforming growth factor beta receptor signaling pathway	Neither	NO	NO	NA	NO
GO_BP	GO:0030512	negative regulation of transforming growth factor beta receptor signaling pathway	Neither	NO	NO	NA	NO
GO_BP	GO:0030513	positive regulation of BMP signaling pathway	Neither	NO	NO	NA	NO
GO_BP	GO:0030514	negative regulation of BMP signaling pathway	Neither	NO	NO	NA	NO
GO_BP	GO:0030516	regulation of axon extension	Neither	NO	NO	NA	NO
GO_BP	GO:0030517	negative regulation of axon extension	Neither	NO	NO	NA	NO
GO_BP	GO:0030518	nuclear receptor-mediated steroid hormone signaling pathway	Neither	NO	NO	NA	NO
GO_BP	GO:0030520	estrogen receptor signaling pathway	Neither	NO	NO	NA	NO
GO_BP	GO:0030521	androgen receptor signaling pathway	Neither	NO	NO	NA	NO
GO_BP	GO:0030522	intracellular receptor signaling pathway	Neither	NO	NO	NA	NO
GO_BP	GO:0030534	adult behavior	Neither	NO	NO	NA	NO
GO_BP	GO:0030574	collagen catabolic process	Neither	NO	NO	NA	NO
GO_BP	GO:0030575	nuclear body organization	Neither	NO	NO	NA	NO
GO_BP	GO:0030593	neutrophil chemotaxis	Neither	NO	NO	NA	NO
GO_BP	GO:0030595	leukocyte chemotaxis	Neither	NO	NO	NA	NO
GO_BP	GO:0030638	polyketide metabolic process	Neither	NO	NO	NA	NO
GO_BP	GO:0030705	cytoskeleton-dependent intracellular transport	Neither	NO	NO	NA	NO
GO_BP	GO:0030808	regulation of nucleotide biosynthetic process	Neither	NO	NO	NA	NO
GO_BP	GO:0030810	positive regulation of nucleotide biosynthetic process	Neither	NO	NO	NA	NO
GO_BP	GO:0030811	regulation of nucleotide catabolic process	Neither	NO	NO	NA	NO
GO_BP	GO:0030812	negative regulation of nucleotide catabolic process	Neither	NO	NO	NA	NO
GO_BP	GO:0030813	positive regulation of nucleotide catabolic process	Neither	NO	NO	NA	NO
GO_BP	GO:0030832	regulation of actin filament length	Neither	NO	NO	NA	NO
GO_BP	GO:0030833	regulation of actin filament polymerization	Neither	NO	NO	NA	NO
GO_BP	GO:0030834	regulation of actin filament depolymerization	Neither	NO	NO	NA	NO
GO_BP	GO:0030835	negative regulation of actin filament depolymerization	Neither	NO	NO	NA	NO
GO_BP	GO:0030836	positive regulation of actin filament depolymerization	Neither	NO	NO	NA	NO
GO_BP	GO:0030837	negative regulation of actin filament polymerization	Neither	NO	NO	NA	NO
GO_BP	GO:0030838	positive regulation of actin filament polymerization	Neither	NO	NO	NA	NO
GO_BP	GO:0030850	prostate gland development	Neither	NO	NO	NA	NO
GO_BP	GO:0030851	granulocyte differentiation	Neither	NO	NO	NA	NO
GO_BP	GO:0030852	regulation of granulocyte differentiation	Neither	NO	NO	NA	NO
GO_BP	GO:0030855	epithelial cell differentiation	Neither	NO	NO	NA	NO
GO_BP	GO:0030856	regulation of epithelial cell differentiation	Neither	NO	NO	NA	NO
GO_BP	GO:0030857	negative regulation of epithelial cell differentiation	Neither	NO	NO	NA	NO
GO_BP	GO:0030858	positive regulation of epithelial cell differentiation	Neither	NO	NO	NA	NO
GO_BP	GO:0030859	polarized epithelial cell differentiation	Neither	NO	NO	NA	NO
GO_BP	GO:0030865	cortical cytoskeleton organization	Neither	NO	NO	NA	NO
GO_BP	GO:0030866	cortical actin cytoskeleton organization	Neither	NO	NO	NA	NO
GO_BP	GO:0030878	thyroid gland development	Neither	NO	NO	NA	NO
GO_BP	GO:0030879	mammary gland development	Neither	NO	NO	NA	NO
GO_BP	GO:0030888	regulation of B cell proliferation	Neither	NO	NO	NA	NO
GO_BP	GO:0030889	negative regulation of B cell proliferation	Neither	NO	NO	NA	NO
GO_BP	GO:0030890	positive regulation of B cell proliferation	Neither	NO	NO	NA	NO
GO_BP	GO:0030900	forebrain development	Neither	NO	NO	NA	NO
GO_BP	GO:0030901	midbrain development	Neither	NO	NO	NA	NO
GO_BP	GO:0030902	hindbrain development	Neither	NO	NO	NA	NO
GO_BP	GO:0030947	regulation of vascular endothelial growth factor receptor signaling pathway	Neither	NO	NO	NA	NO
GO_BP	GO:0030948	negative regulation of vascular endothelial growth factor receptor signaling pathway	Neither	NO	NO	NA	NO
GO_BP	GO:0030949	positive regulation of vascular endothelial growth factor receptor signaling pathway	Neither	NO	NO	NA	NO
GO_BP	GO:0030953	astral microtubule organization	Neither	NO	NO	NA	NO
GO_BP	GO:0030968	endoplasmic reticulum unfolded protein response	Neither	NO	NO	NA	NO
GO_BP	GO:0030970	retrograde protein transport, ER to cytosol	Neither	NO	NO	NA	NO
GO_BP	GO:0031000	response to caffeine	Neither	NO	NO	NA	NO
GO_BP	GO:0031016	pancreas development	Neither	NO	NO	NA	NO
GO_BP	GO:0031018	endocrine pancreas development	Neither	NO	NO	NA	NO
GO_BP	GO:0031023	microtubule organizing center organization	Neither	NO	NO	NA	NO
GO_BP	GO:0031032	actomyosin structure organization	Neither	NO	NO	NA	NO
GO_BP	GO:0031047	regulatory ncRNA-mediated gene silencing	Neither	NO	NO	NA	NO
GO_BP	GO:0031048	regulatory ncRNA-mediated heterochromatin formation	Neither	NO	NO	NA	NO
GO_BP	GO:0031053	primary miRNA processing	Neither	NO	NO	NA	NO
GO_BP	GO:0031054	pre-miRNA processing	Neither	NO	NO	NA	NO
GO_BP	GO:0031069	hair follicle morphogenesis	Neither	NO	NO	NA	NO
GO_BP	GO:0031076	embryonic camera-type eye development	Neither	NO	NO	NA	NO
GO_BP	GO:0031098	stress-activated protein kinase signaling cascade	Neither	NO	NO	NA	NO
GO_BP	GO:0031099	regeneration	Neither	NO	NO	NA	NO
GO_BP	GO:0031100	animal organ regeneration	Neither	NO	NO	NA	NO
GO_BP	GO:0031102	neuron projection regeneration	Neither	NO	NO	NA	NO
GO_BP	GO:0031103	axon regeneration	Neither	NO	NO	NA	NO
GO_BP	GO:0031109	microtubule polymerization or depolymerization	Neither	NO	NO	NA	NO
GO_BP	GO:0031110	regulation of microtubule polymerization or depolymerization	Neither	NO	NO	NA	NO
GO_BP	GO:0031111	negative regulation of microtubule polymerization or depolymerization	Neither	NO	NO	NA	NO
GO_BP	GO:0031112	positive regulation of microtubule polymerization or depolymerization	Neither	NO	NO	NA	NO
GO_BP	GO:0031113	regulation of microtubule polymerization	Neither	NO	NO	NA	NO
GO_BP	GO:0031114	regulation of microtubule depolymerization	Neither	NO	NO	NA	NO
GO_BP	GO:0031115	negative regulation of microtubule polymerization	Neither	NO	NO	NA	NO
GO_BP	GO:0031116	positive regulation of microtubule polymerization	Neither	NO	NO	NA	NO
GO_BP	GO:0031118	rRNA pseudouridine synthesis	Neither	NO	NO	NA	NO
GO_BP	GO:0031119	tRNA pseudouridine synthesis	Neither	NO	NO	NA	NO
GO_BP	GO:0031122	cytoplasmic microtubule organization	Neither	NO	NO	NA	NO
GO_BP	GO:0031123	RNA 3'-end processing	Neither	NO	NO	NA	NO
GO_BP	GO:0031124	mRNA 3'-end processing	Neither	NO	NO	NA	NO
GO_BP	GO:0031125	rRNA 3'-end processing	Neither	NO	NO	NA	NO
GO_BP	GO:0031126	sno(s)RNA 3'-end processing	Neither	NO	NO	NA	NO
GO_BP	GO:0031128	developmental induction	Neither	NO	NO	NA	NO
GO_BP	GO:0031145	anaphase-promoting complex-dependent catabolic process	Neither	NO	NO	NA	NO
GO_BP	GO:0031146	SCF-dependent proteasomal ubiquitin-dependent protein catabolic process	Neither	NO	NO	NA	NO
GO_BP	GO:0031163	metallo-sulfur cluster assembly	Neither	NO	NO	NA	NO
GO_BP	GO:0031167	rRNA methylation	Neither	NO	NO	NA	NO
GO_BP	GO:0031204	post-translational protein targeting to membrane, translocation	Neither	NO	NO	NA	NO
GO_BP	GO:0031214	biomineral tissue development	Neither	NO	NO	NA	NO
GO_BP	GO:0031223	auditory behavior	Neither	NO	NO	NA	NO
GO_BP	GO:0031272	regulation of pseudopodium assembly	Neither	NO	NO	NA	NO
GO_BP	GO:0031274	positive regulation of pseudopodium assembly	Neither	NO	NO	NA	NO
GO_BP	GO:0031281	positive regulation of cyclase activity	Neither	NO	NO	NA	NO
GO_BP	GO:0031293	membrane protein intracellular domain proteolysis	Neither	NO	NO	NA	NO
GO_BP	GO:0031294	lymphocyte costimulation	Neither	NO	NO	NA	NO
GO_BP	GO:0031295	T cell costimulation	Neither	NO	NO	NA	NO
GO_BP	GO:0031297	replication fork processing	Neither	NO	NO	NA	NO
GO_BP	GO:0031333	negative regulation of protein-containing complex assembly	Neither	NO	NO	NA	NO
GO_BP	GO:0031334	positive regulation of protein-containing complex assembly	Neither	NO	NO	NA	NO
GO_BP	GO:0031338	regulation of vesicle fusion	Neither	NO	NO	NA	NO
GO_BP	GO:0031340	positive regulation of vesicle fusion	Neither	NO	NO	NA	NO
GO_BP	GO:0031341	regulation of cell killing	Neither	NO	NO	NA	NO
GO_BP	GO:0031342	negative regulation of cell killing	Neither	NO	NO	NA	NO
GO_BP	GO:0031343	positive regulation of cell killing	Neither	NO	NO	NA	NO
GO_BP	GO:0031345	negative regulation of cell projection organization	Neither	NO	NO	NA	NO
GO_BP	GO:0031346	positive regulation of cell projection organization	Neither	NO	NO	NA	NO
GO_BP	GO:0031348	negative regulation of defense response	Neither	NO	NO	NA	NO
GO_BP	GO:0031349	positive regulation of defense response	Neither	NO	NO	NA	NO
GO_BP	GO:0031365	N-terminal protein amino acid modification	Neither	NO	NO	NA	NO
GO_BP	GO:0031392	regulation of prostaglandin biosynthetic process	Neither	NO	NO	NA	NO
GO_BP	GO:0031396	regulation of protein ubiquitination	Neither	NO	NO	NA	NO
GO_BP	GO:0031397	negative regulation of protein ubiquitination	Neither	NO	NO	NA	NO
GO_BP	GO:0031398	positive regulation of protein ubiquitination	Neither	NO	NO	NA	NO
GO_BP	GO:0031400	negative regulation of protein modification process	Neither	NO	NO	NA	NO
GO_BP	GO:0031401	positive regulation of protein modification process	Neither	NO	NO	NA	NO
GO_BP	GO:0031424	keratinization	Neither	NO	NO	NA	NO
GO_BP	GO:0031440	regulation of mRNA 3'-end processing	Neither	NO	NO	NA	NO
GO_BP	GO:0031445	regulation of heterochromatin formation	Firth_only	NO	NO	NA	NO
GO_BP	GO:0031452	negative regulation of heterochromatin formation	Firth_only	NO	NO	NA	NO
GO_BP	GO:0031468	nuclear membrane reassembly	Neither	NO	NO	NA	NO
GO_BP	GO:0031503	protein-containing complex localization	Neither	NO	NO	NA	NO
GO_BP	GO:0031507	heterochromatin formation	Neither	NO	NO	NA	NO
GO_BP	GO:0031509	subtelomeric heterochromatin formation	Neither	NO	NO	NA	NO
GO_BP	GO:0031529	ruffle organization	Neither	NO	NO	NA	NO
GO_BP	GO:0031570	DNA integrity checkpoint signaling	Neither	NO	NO	NA	NO
GO_BP	GO:0031571	mitotic G1 DNA damage checkpoint signaling	Firth_only	NO	NO	NA	NO
GO_BP	GO:0031573	mitotic intra-S DNA damage checkpoint signaling	Neither	NO	NO	NA	NO
GO_BP	GO:0031577	spindle checkpoint signaling	Neither	NO	NO	NA	NO
GO_BP	GO:0031579	membrane raft organization	Neither	NO	NO	NA	NO
GO_BP	GO:0031589	cell-substrate adhesion	Neither	NO	NO	NA	NO
GO_BP	GO:0031623	receptor internalization	Neither	NO	NO	NA	NO
GO_BP	GO:0031629	synaptic vesicle fusion to presynaptic active zone membrane	Neither	NO	NO	NA	NO
GO_BP	GO:0031630	regulation of synaptic vesicle fusion to presynaptic active zone membrane	Neither	NO	NO	NA	NO
GO_BP	GO:0031632	positive regulation of synaptic vesicle fusion to presynaptic active zone membrane	Neither	NO	NO	NA	NO
GO_BP	GO:0031638	zymogen activation	Neither	NO	NO	NA	NO
GO_BP	GO:0031639	plasminogen activation	Neither	NO	NO	NA	NO
GO_BP	GO:0031640	killing of cells of another organism	Neither	NO	NO	NA	NO
GO_BP	GO:0031641	regulation of myelination	Neither	NO	NO	NA	NO
GO_BP	GO:0031643	positive regulation of myelination	Neither	NO	NO	NA	NO
GO_BP	GO:0031644	regulation of nervous system process	Neither	NO	NO	NA	NO
GO_BP	GO:0031645	negative regulation of nervous system process	Neither	NO	NO	NA	NO
GO_BP	GO:0031646	positive regulation of nervous system process	Neither	NO	NO	NA	NO
GO_BP	GO:0031647	regulation of protein stability	Neither	NO	NO	NA	NO
GO_BP	GO:0031648	protein destabilization	Neither	NO	NO	NA	NO
GO_BP	GO:0031650	regulation of heat generation	Neither	NO	NO	NA	NO
GO_BP	GO:0031663	lipopolysaccharide-mediated signaling pathway	Neither	NO	NO	NA	NO
GO_BP	GO:0031664	regulation of lipopolysaccharide-mediated signaling pathway	Neither	NO	NO	NA	NO
GO_BP	GO:0031665	negative regulation of lipopolysaccharide-mediated signaling pathway	Neither	NO	NO	NA	NO
GO_BP	GO:0031666	positive regulation of lipopolysaccharide-mediated signaling pathway	Neither	NO	NO	NA	NO
GO_BP	GO:0031667	response to nutrient levels	Neither	NO	NO	NA	NO
GO_BP	GO:0031669	cellular response to nutrient levels	Neither	NO	NO	NA	NO
GO_BP	GO:0031670	cellular response to nutrient	Neither	NO	NO	NA	NO
GO_BP	GO:0031915	positive regulation of synaptic plasticity	Neither	NO	NO	NA	NO
GO_BP	GO:0031929	TOR signaling	Neither	NO	NO	NA	NO
GO_BP	GO:0031943	regulation of glucocorticoid metabolic process	Neither	NO	NO	NA	NO
GO_BP	GO:0031946	regulation of glucocorticoid biosynthetic process	Neither	NO	NO	NA	NO
GO_BP	GO:0031960	response to corticosteroid	Neither	NO	NO	NA	NO
GO_BP	GO:0031998	regulation of fatty acid beta-oxidation	Neither	NO	NO	NA	NO
GO_BP	GO:0032006	regulation of TOR signaling	Neither	NO	NO	NA	NO
GO_BP	GO:0032007	negative regulation of TOR signaling	Neither	NO	NO	NA	NO
GO_BP	GO:0032008	positive regulation of TOR signaling	Neither	NO	NO	NA	NO
GO_BP	GO:0032012	regulation of ARF protein signal transduction	Neither	NO	NO	NA	NO
GO_BP	GO:0032024	positive regulation of insulin secretion	Neither	NO	NO	NA	NO
GO_BP	GO:0032025	response to cobalt ion	Neither	NO	NO	NA	NO
GO_BP	GO:0032026	response to magnesium ion	Neither	NO	NO	NA	NO
GO_BP	GO:0032042	mitochondrial DNA metabolic process	Neither	NO	NO	NA	NO
GO_BP	GO:0032091	negative regulation of protein binding	Neither	NO	NO	NA	NO
GO_BP	GO:0032094	response to food	Neither	NO	NO	NA	NO
GO_BP	GO:0032095	regulation of response to food	Neither	NO	NO	NA	NO
GO_BP	GO:0032096	negative regulation of response to food	Neither	NO	NO	NA	NO
GO_BP	GO:0032098	regulation of appetite	Neither	NO	NO	NA	NO
GO_BP	GO:0032099	negative regulation of appetite	Neither	NO	NO	NA	NO
GO_BP	GO:0032102	negative regulation of response to external stimulus	Neither	NO	NO	NA	NO
GO_BP	GO:0032107	regulation of response to nutrient levels	Neither	NO	NO	NA	NO
GO_BP	GO:0032108	negative regulation of response to nutrient levels	Neither	NO	NO	NA	NO
GO_BP	GO:0032147	activation of protein kinase activity	Neither	NO	NO	NA	NO
GO_BP	GO:0032200	telomere organization	Neither	NO	NO	NA	NO
GO_BP	GO:0032204	regulation of telomere maintenance	Neither	NO	NO	NA	NO
GO_BP	GO:0032205	negative regulation of telomere maintenance	Neither	NO	NO	NA	NO
GO_BP	GO:0032206	positive regulation of telomere maintenance	Neither	NO	NO	NA	NO
GO_BP	GO:0032210	regulation of telomere maintenance via telomerase	Neither	NO	NO	NA	NO
GO_BP	GO:0032211	negative regulation of telomere maintenance via telomerase	Neither	NO	NO	NA	NO
GO_BP	GO:0032212	positive regulation of telomere maintenance via telomerase	Neither	NO	NO	NA	NO
GO_BP	GO:0032222	regulation of synaptic transmission, cholinergic	Neither	NO	NO	NA	NO
GO_BP	GO:0032228	regulation of synaptic transmission, GABAergic	Neither	NO	NO	NA	NO
GO_BP	GO:0032229	negative regulation of synaptic transmission, GABAergic	Neither	NO	NO	NA	NO
GO_BP	GO:0032230	positive regulation of synaptic transmission, GABAergic	Neither	NO	NO	NA	NO
GO_BP	GO:0032231	regulation of actin filament bundle assembly	Neither	NO	NO	NA	NO
GO_BP	GO:0032232	negative regulation of actin filament bundle assembly	Neither	NO	NO	NA	NO
GO_BP	GO:0032233	positive regulation of actin filament bundle assembly	Neither	NO	NO	NA	NO
GO_BP	GO:0032239	regulation of nucleobase-containing compound transport	Neither	NO	NO	NA	NO
GO_BP	GO:0032252	secretory granule localization	Neither	NO	NO	NA	NO
GO_BP	GO:0032253	dense core granule localization	Neither	NO	NO	NA	NO
GO_BP	GO:0032259	methylation	Neither	NO	NO	NA	NO
GO_BP	GO:0032261	purine nucleotide salvage	Tier1	YES	NO	NO	YES
GO_BP	GO:0032271	regulation of protein polymerization	Neither	NO	NO	NA	NO
GO_BP	GO:0032272	negative regulation of protein polymerization	Neither	NO	NO	NA	NO
GO_BP	GO:0032273	positive regulation of protein polymerization	Neither	NO	NO	NA	NO
GO_BP	GO:0032276	regulation of gonadotropin secretion	Neither	NO	NO	NA	NO
GO_BP	GO:0032288	myelin assembly	Neither	NO	NO	NA	NO
GO_BP	GO:0032291	axon ensheathment in central nervous system	Firth_only	NO	NO	NA	NO
GO_BP	GO:0032292	peripheral nervous system axon ensheathment	Neither	NO	NO	NA	NO
GO_BP	GO:0032303	regulation of icosanoid secretion	Neither	NO	NO	NA	NO
GO_BP	GO:0032305	positive regulation of icosanoid secretion	Neither	NO	NO	NA	NO
GO_BP	GO:0032309	icosanoid secretion	Neither	NO	NO	NA	NO
GO_BP	GO:0032328	alanine transport	Neither	NO	NO	NA	NO
GO_BP	GO:0032330	regulation of chondrocyte differentiation	Neither	NO	NO	NA	NO
GO_BP	GO:0032331	negative regulation of chondrocyte differentiation	Neither	NO	NO	NA	NO
GO_BP	GO:0032332	positive regulation of chondrocyte differentiation	Neither	NO	NO	NA	NO
GO_BP	GO:0032350	regulation of hormone metabolic process	Neither	NO	NO	NA	NO
GO_BP	GO:0032352	positive regulation of hormone metabolic process	Neither	NO	NO	NA	NO
GO_BP	GO:0032354	response to follicle-stimulating hormone	Neither	NO	NO	NA	NO
GO_BP	GO:0032355	response to estradiol	Neither	NO	NO	NA	NO
GO_BP	GO:0032365	intracellular lipid transport	Neither	NO	NO	NA	NO
GO_BP	GO:0032366	intracellular sterol transport	Neither	NO	NO	NA	NO
GO_BP	GO:0032367	intracellular cholesterol transport	Neither	NO	NO	NA	NO
GO_BP	GO:0032368	regulation of lipid transport	Neither	NO	NO	NA	NO
GO_BP	GO:0032369	negative regulation of lipid transport	Neither	NO	NO	NA	NO
GO_BP	GO:0032370	positive regulation of lipid transport	Neither	NO	NO	NA	NO
GO_BP	GO:0032371	regulation of sterol transport	Neither	NO	NO	NA	NO
GO_BP	GO:0032372	negative regulation of sterol transport	Neither	NO	NO	NA	NO
GO_BP	GO:0032373	positive regulation of sterol transport	Neither	NO	NO	NA	NO
GO_BP	GO:0032374	regulation of cholesterol transport	Neither	NO	NO	NA	NO
GO_BP	GO:0032375	negative regulation of cholesterol transport	Neither	NO	NO	NA	NO
GO_BP	GO:0032376	positive regulation of cholesterol transport	Neither	NO	NO	NA	NO
GO_BP	GO:0032386	regulation of intracellular transport	Neither	NO	NO	NA	NO
GO_BP	GO:0032387	negative regulation of intracellular transport	Neither	NO	NO	NA	NO
GO_BP	GO:0032388	positive regulation of intracellular transport	Neither	NO	NO	NA	NO
GO_BP	GO:0032400	melanosome localization	Neither	NO	NO	NA	NO
GO_BP	GO:0032401	establishment of melanosome localization	Neither	NO	NO	NA	NO
GO_BP	GO:0032402	melanosome transport	Neither	NO	NO	NA	NO
GO_BP	GO:0032410	negative regulation of transporter activity	Neither	NO	NO	NA	NO
GO_BP	GO:0032411	positive regulation of transporter activity	Neither	NO	NO	NA	NO
GO_BP	GO:0032413	negative regulation of ion transmembrane transporter activity	Neither	NO	NO	NA	NO
GO_BP	GO:0032414	positive regulation of ion transmembrane transporter activity	Neither	NO	NO	NA	NO
GO_BP	GO:0032418	lysosome localization	Neither	NO	NO	NA	NO
GO_BP	GO:0032434	regulation of proteasomal ubiquitin-dependent protein catabolic process	Neither	NO	NO	NA	NO
GO_BP	GO:0032435	negative regulation of proteasomal ubiquitin-dependent protein catabolic process	Neither	NO	NO	NA	NO
GO_BP	GO:0032436	positive regulation of proteasomal ubiquitin-dependent protein catabolic process	Neither	NO	NO	NA	NO
GO_BP	GO:0032438	melanosome organization	Neither	NO	NO	NA	NO
GO_BP	GO:0032456	endocytic recycling	Neither	NO	NO	NA	NO
GO_BP	GO:0032465	regulation of cytokinesis	Neither	NO	NO	NA	NO
GO_BP	GO:0032467	positive regulation of cytokinesis	Neither	NO	NO	NA	NO
GO_BP	GO:0032469	endoplasmic reticulum calcium ion homeostasis	Neither	NO	NO	NA	NO
GO_BP	GO:0032479	regulation of type I interferon production	Neither	NO	NO	NA	NO
GO_BP	GO:0032480	negative regulation of type I interferon production	Neither	NO	NO	NA	NO
GO_BP	GO:0032481	positive regulation of type I interferon production	Neither	NO	NO	NA	NO
GO_BP	GO:0032482	Rab protein signal transduction	Neither	NO	NO	NA	NO
GO_BP	GO:0032486	Rap protein signal transduction	Neither	NO	NO	NA	NO
GO_BP	GO:0032489	regulation of Cdc42 protein signal transduction	Neither	NO	NO	NA	NO
GO_BP	GO:0032490	detection of molecule of bacterial origin	Tier1	YES	NO	NO	YES
GO_BP	GO:0032495	response to muramyl dipeptide	Firth_only	NO	NO	NA	NO
GO_BP	GO:0032496	response to lipopolysaccharide	Neither	NO	NO	NA	NO
GO_BP	GO:0032506	cytokinetic process	Neither	NO	NO	NA	NO
GO_BP	GO:0032507	maintenance of protein location in cell	Neither	NO	NO	NA	NO
GO_BP	GO:0032509	endosome transport via multivesicular body sorting pathway	Neither	NO	NO	NA	NO
GO_BP	GO:0032510	endosome to lysosome transport via multivesicular body sorting pathway	Neither	NO	NO	NA	NO
GO_BP	GO:0032511	late endosome to vacuole transport via multivesicular body sorting pathway	Neither	NO	NO	NA	NO
GO_BP	GO:0032526	response to retinoic acid	Neither	NO	NO	NA	NO
GO_BP	GO:0032530	regulation of microvillus organization	Neither	NO	NO	NA	NO
GO_BP	GO:0032535	regulation of cellular component size	Neither	NO	NO	NA	NO
GO_BP	GO:0032543	mitochondrial translation	Neither	NO	NO	NA	NO
GO_BP	GO:0032570	response to progesterone	Neither	NO	NO	NA	NO
GO_BP	GO:0032642	regulation of chemokine production	Neither	NO	NO	NA	NO
GO_BP	GO:0032645	regulation of granulocyte macrophage colony-stimulating factor production	Neither	NO	NO	NA	NO
GO_BP	GO:0032647	regulation of interferon-alpha production	Neither	NO	NO	NA	NO
GO_BP	GO:0032648	regulation of interferon-beta production	Neither	NO	NO	NA	NO
GO_BP	GO:0032649	regulation of type II interferon production	Neither	NO	NO	NA	NO
GO_BP	GO:0032651	regulation of interleukin-1 beta production	Neither	NO	NO	NA	NO
GO_BP	GO:0032652	regulation of interleukin-1 production	Neither	NO	NO	NA	NO
GO_BP	GO:0032653	regulation of interleukin-10 production	Neither	NO	NO	NA	NO
GO_BP	GO:0032655	regulation of interleukin-12 production	Neither	NO	NO	NA	NO
GO_BP	GO:0032656	regulation of interleukin-13 production	Neither	NO	NO	NA	NO
GO_BP	GO:0032660	regulation of interleukin-17 production	Neither	NO	NO	NA	NO
GO_BP	GO:0032661	regulation of interleukin-18 production	Neither	NO	NO	NA	NO
GO_BP	GO:0032663	regulation of interleukin-2 production	Neither	NO	NO	NA	NO
GO_BP	GO:0032667	regulation of interleukin-23 production	Neither	NO	NO	NA	NO
GO_BP	GO:0032673	regulation of interleukin-4 production	Neither	NO	NO	NA	NO
GO_BP	GO:0032674	regulation of interleukin-5 production	Neither	NO	NO	NA	NO
GO_BP	GO:0032675	regulation of interleukin-6 production	Neither	NO	NO	NA	NO
GO_BP	GO:0032677	regulation of interleukin-8 production	Neither	NO	NO	NA	NO
GO_BP	GO:0032680	regulation of tumor necrosis factor production	Neither	NO	NO	NA	NO
GO_BP	GO:0032682	negative regulation of chemokine production	Neither	NO	NO	NA	NO
GO_BP	GO:0032688	negative regulation of interferon-beta production	Neither	NO	NO	NA	NO
GO_BP	GO:0032689	negative regulation of type II interferon production	Neither	NO	NO	NA	NO
GO_BP	GO:0032691	negative regulation of interleukin-1 beta production	Neither	NO	NO	NA	NO
GO_BP	GO:0032692	negative regulation of interleukin-1 production	Neither	NO	NO	NA	NO
GO_BP	GO:0032693	negative regulation of interleukin-10 production	Neither	NO	NO	NA	NO
GO_BP	GO:0032695	negative regulation of interleukin-12 production	Neither	NO	NO	NA	NO
GO_BP	GO:0032700	negative regulation of interleukin-17 production	Neither	NO	NO	NA	NO
GO_BP	GO:0032703	negative regulation of interleukin-2 production	Neither	NO	NO	NA	NO
GO_BP	GO:0032715	negative regulation of interleukin-6 production	Neither	NO	NO	NA	NO
GO_BP	GO:0032717	negative regulation of interleukin-8 production	Neither	NO	NO	NA	NO
GO_BP	GO:0032720	negative regulation of tumor necrosis factor production	Neither	NO	NO	NA	NO
GO_BP	GO:0032722	positive regulation of chemokine production	Neither	NO	NO	NA	NO
GO_BP	GO:0032725	positive regulation of granulocyte macrophage colony-stimulating factor production	Neither	NO	NO	NA	NO
GO_BP	GO:0032727	positive regulation of interferon-alpha production	Neither	NO	NO	NA	NO
GO_BP	GO:0032728	positive regulation of interferon-beta production	Neither	NO	NO	NA	NO
GO_BP	GO:0032729	positive regulation of type II interferon production	Neither	NO	NO	NA	NO
GO_BP	GO:0032731	positive regulation of interleukin-1 beta production	Neither	NO	NO	NA	NO
GO_BP	GO:0032732	positive regulation of interleukin-1 production	Neither	NO	NO	NA	NO
GO_BP	GO:0032733	positive regulation of interleukin-10 production	Neither	NO	NO	NA	NO
GO_BP	GO:0032735	positive regulation of interleukin-12 production	Neither	NO	NO	NA	NO
GO_BP	GO:0032736	positive regulation of interleukin-13 production	Neither	NO	NO	NA	NO
GO_BP	GO:0032740	positive regulation of interleukin-17 production	Neither	NO	NO	NA	NO
GO_BP	GO:0032743	positive regulation of interleukin-2 production	Neither	NO	NO	NA	NO
GO_BP	GO:0032753	positive regulation of interleukin-4 production	Neither	NO	NO	NA	NO
GO_BP	GO:0032754	positive regulation of interleukin-5 production	Neither	NO	NO	NA	NO
GO_BP	GO:0032755	positive regulation of interleukin-6 production	Neither	NO	NO	NA	NO
GO_BP	GO:0032757	positive regulation of interleukin-8 production	Neither	NO	NO	NA	NO
GO_BP	GO:0032760	positive regulation of tumor necrosis factor production	Neither	NO	NO	NA	NO
GO_BP	GO:0032780	negative regulation of ATP-dependent activity	Neither	NO	NO	NA	NO
GO_BP	GO:0032781	positive regulation of ATP-dependent activity	Neither	NO	NO	NA	NO
GO_BP	GO:0032784	regulation of DNA-templated transcription elongation	Neither	NO	NO	NA	NO
GO_BP	GO:0032785	negative regulation of DNA-templated transcription, elongation	Neither	NO	NO	NA	NO
GO_BP	GO:0032786	positive regulation of DNA-templated transcription, elongation	Neither	NO	NO	NA	NO
GO_BP	GO:0032787	monocarboxylic acid metabolic process	Neither	NO	NO	NA	NO
GO_BP	GO:0032790	ribosome disassembly	Neither	NO	NO	NA	NO
GO_BP	GO:0032801	receptor catabolic process	Neither	NO	NO	NA	NO
GO_BP	GO:0032814	regulation of natural killer cell activation	Neither	NO	NO	NA	NO
GO_BP	GO:0032816	positive regulation of natural killer cell activation	Neither	NO	NO	NA	NO
GO_BP	GO:0032817	regulation of natural killer cell proliferation	Neither	NO	NO	NA	NO
GO_BP	GO:0032819	positive regulation of natural killer cell proliferation	Neither	NO	NO	NA	NO
GO_BP	GO:0032835	glomerulus development	Neither	NO	NO	NA	NO
GO_BP	GO:0032868	response to insulin	Neither	NO	NO	NA	NO
GO_BP	GO:0032869	cellular response to insulin stimulus	Neither	NO	NO	NA	NO
GO_BP	GO:0032872	regulation of stress-activated MAPK cascade	Neither	NO	NO	NA	NO
GO_BP	GO:0032874	positive regulation of stress-activated MAPK cascade	Neither	NO	NO	NA	NO
GO_BP	GO:0032878	regulation of establishment or maintenance of cell polarity	Neither	NO	NO	NA	NO
GO_BP	GO:0032881	regulation of polysaccharide metabolic process	Neither	NO	NO	NA	NO
GO_BP	GO:0032885	regulation of polysaccharide biosynthetic process	Neither	NO	NO	NA	NO
GO_BP	GO:0032886	regulation of microtubule-based process	Neither	NO	NO	NA	NO
GO_BP	GO:0032890	regulation of organic acid transport	Neither	NO	NO	NA	NO
GO_BP	GO:0032891	negative regulation of organic acid transport	Neither	NO	NO	NA	NO
GO_BP	GO:0032892	positive regulation of organic acid transport	Neither	NO	NO	NA	NO
GO_BP	GO:0032908	regulation of transforming growth factor beta1 production	Neither	NO	NO	NA	NO
GO_BP	GO:0032922	circadian regulation of gene expression	Neither	NO	NO	NA	NO
GO_BP	GO:0032924	activin receptor signaling pathway	Neither	NO	NO	NA	NO
GO_BP	GO:0032925	regulation of activin receptor signaling pathway	Neither	NO	NO	NA	NO
GO_BP	GO:0032926	negative regulation of activin receptor signaling pathway	Neither	NO	NO	NA	NO
GO_BP	GO:0032928	regulation of superoxide anion generation	Neither	NO	NO	NA	NO
GO_BP	GO:0032930	positive regulation of superoxide anion generation	Neither	NO	NO	NA	NO
GO_BP	GO:0032940	secretion by cell	Neither	NO	NO	NA	NO
GO_BP	GO:0032941	secretion by tissue	Neither	NO	NO	NA	NO
GO_BP	GO:0032943	mononuclear cell proliferation	Tier1	YES	NO	NO	YES
GO_BP	GO:0032944	regulation of mononuclear cell proliferation	Neither	NO	NO	NA	NO
GO_BP	GO:0032945	negative regulation of mononuclear cell proliferation	Neither	NO	NO	NA	NO
GO_BP	GO:0032946	positive regulation of mononuclear cell proliferation	Neither	NO	NO	NA	NO
GO_BP	GO:0032956	regulation of actin cytoskeleton organization	Neither	NO	NO	NA	NO
GO_BP	GO:0032958	inositol phosphate biosynthetic process	Neither	NO	NO	NA	NO
GO_BP	GO:0032963	collagen metabolic process	Neither	NO	NO	NA	NO
GO_BP	GO:0032964	collagen biosynthetic process	Neither	NO	NO	NA	NO
GO_BP	GO:0032965	regulation of collagen biosynthetic process	Neither	NO	NO	NA	NO
GO_BP	GO:0032966	negative regulation of collagen biosynthetic process	Neither	NO	NO	NA	NO
GO_BP	GO:0032967	positive regulation of collagen biosynthetic process	Neither	NO	NO	NA	NO
GO_BP	GO:0032968	positive regulation of transcription elongation by RNA polymerase II	Neither	NO	NO	NA	NO
GO_BP	GO:0032970	regulation of actin filament-based process	Neither	NO	NO	NA	NO
GO_BP	GO:0032981	mitochondrial respiratory chain complex I assembly	Neither	NO	NO	NA	NO
GO_BP	GO:0032984	protein-containing complex disassembly	Neither	NO	NO	NA	NO
GO_BP	GO:0032986	protein-DNA complex disassembly	Neither	NO	NO	NA	NO
GO_BP	GO:0032989	cellular anatomical entity morphogenesis	Neither	NO	NO	NA	NO
GO_BP	GO:0033002	muscle cell proliferation	Neither	NO	NO	NA	NO
GO_BP	GO:0033003	regulation of mast cell activation	Neither	NO	NO	NA	NO
GO_BP	GO:0033013	tetrapyrrole metabolic process	Neither	NO	NO	NA	NO
GO_BP	GO:0033014	tetrapyrrole biosynthetic process	Neither	NO	NO	NA	NO
GO_BP	GO:0033015	tetrapyrrole catabolic process	Neither	NO	NO	NA	NO
GO_BP	GO:0033032	regulation of myeloid cell apoptotic process	Neither	NO	NO	NA	NO
GO_BP	GO:0033033	negative regulation of myeloid cell apoptotic process	Neither	NO	NO	NA	NO
GO_BP	GO:0033044	regulation of chromosome organization	Neither	NO	NO	NA	NO
GO_BP	GO:0033045	regulation of sister chromatid segregation	Neither	NO	NO	NA	NO
GO_BP	GO:0033046	negative regulation of sister chromatid segregation	Neither	NO	NO	NA	NO
GO_BP	GO:0033047	regulation of mitotic sister chromatid segregation	Neither	NO	NO	NA	NO
GO_BP	GO:0033048	negative regulation of mitotic sister chromatid segregation	Neither	NO	NO	NA	NO
GO_BP	GO:0033059	cellular pigmentation	Neither	NO	NO	NA	NO
GO_BP	GO:0033077	T cell differentiation in thymus	Neither	NO	NO	NA	NO
GO_BP	GO:0033081	regulation of T cell differentiation in thymus	Neither	NO	NO	NA	NO
GO_BP	GO:0033108	mitochondrial respiratory chain complex assembly	Neither	NO	NO	NA	NO
GO_BP	GO:0033119	negative regulation of RNA splicing	Neither	NO	NO	NA	NO
GO_BP	GO:0033120	positive regulation of RNA splicing	Neither	NO	NO	NA	NO
GO_BP	GO:0033121	regulation of purine nucleotide catabolic process	Neither	NO	NO	NA	NO
GO_BP	GO:0033122	negative regulation of purine nucleotide catabolic process	Neither	NO	NO	NA	NO
GO_BP	GO:0033123	positive regulation of purine nucleotide catabolic process	Neither	NO	NO	NA	NO
GO_BP	GO:0033135	regulation of peptidyl-serine phosphorylation	Neither	NO	NO	NA	NO
GO_BP	GO:0033138	positive regulation of peptidyl-serine phosphorylation	Neither	NO	NO	NA	NO
GO_BP	GO:0033143	regulation of intracellular steroid hormone receptor signaling pathway	Neither	NO	NO	NA	NO
GO_BP	GO:0033144	negative regulation of intracellular steroid hormone receptor signaling pathway	Neither	NO	NO	NA	NO
GO_BP	GO:0033145	positive regulation of intracellular steroid hormone receptor signaling pathway	Neither	NO	NO	NA	NO
GO_BP	GO:0033146	regulation of intracellular estrogen receptor signaling pathway	Neither	NO	NO	NA	NO
GO_BP	GO:0033147	negative regulation of intracellular estrogen receptor signaling pathway	Neither	NO	NO	NA	NO
GO_BP	GO:0033151	V(D)J recombination	Neither	NO	NO	NA	NO
GO_BP	GO:0033152	immunoglobulin V(D)J recombination	Firth_only	NO	NO	NA	NO
GO_BP	GO:0033157	regulation of intracellular protein transport	Neither	NO	NO	NA	NO
GO_BP	GO:0033173	calcineurin-NFAT signaling cascade	Neither	NO	NO	NA	NO
GO_BP	GO:0033189	response to vitamin A	Neither	NO	NO	NA	NO
GO_BP	GO:0033194	response to hydroperoxide	Neither	NO	NO	NA	NO
GO_BP	GO:0033198	response to ATP	Neither	NO	NO	NA	NO
GO_BP	GO:0033209	tumor necrosis factor-mediated signaling pathway	Neither	NO	NO	NA	NO
GO_BP	GO:0033233	regulation of protein sumoylation	Neither	NO	NO	NA	NO
GO_BP	GO:0033235	positive regulation of protein sumoylation	Neither	NO	NO	NA	NO
GO_BP	GO:0033238	regulation of amine metabolic process	Neither	NO	NO	NA	NO
GO_BP	GO:0033260	nuclear DNA replication	Firth_only	NO	NO	NA	NO
GO_BP	GO:0033262	regulation of nuclear cell cycle DNA replication	Neither	NO	NO	NA	NO
GO_BP	GO:0033273	response to vitamin	Neither	NO	NO	NA	NO
GO_BP	GO:0033275	actin-myosin filament sliding	Neither	NO	NO	NA	NO
GO_BP	GO:0033280	response to vitamin D	Neither	NO	NO	NA	NO
GO_BP	GO:0033314	mitotic DNA replication checkpoint signaling	Neither	NO	NO	NA	NO
GO_BP	GO:0033344	cholesterol efflux	Neither	NO	NO	NA	NO
GO_BP	GO:0033353	L-methionine cycle	Neither	NO	NO	NA	NO
GO_BP	GO:0033363	secretory granule organization	Neither	NO	NO	NA	NO
GO_BP	GO:0033500	carbohydrate homeostasis	Neither	NO	NO	NA	NO
GO_BP	GO:0033539	fatty acid beta-oxidation using acyl-CoA dehydrogenase	Neither	NO	NO	NA	NO
GO_BP	GO:0033540	fatty acid beta-oxidation using acyl-CoA oxidase	Neither	NO	NO	NA	NO
GO_BP	GO:0033555	multicellular organismal response to stress	Neither	NO	NO	NA	NO
GO_BP	GO:0033559	unsaturated fatty acid metabolic process	Neither	NO	NO	NA	NO
GO_BP	GO:0033572	transferrin transport	Neither	NO	NO	NA	NO
GO_BP	GO:0033574	response to testosterone	Neither	NO	NO	NA	NO
GO_BP	GO:0033604	negative regulation of catecholamine secretion	Neither	NO	NO	NA	NO
GO_BP	GO:0033605	positive regulation of catecholamine secretion	Neither	NO	NO	NA	NO
GO_BP	GO:0033617	mitochondrial respiratory chain complex IV assembly	Neither	NO	NO	NA	NO
GO_BP	GO:0033619	membrane protein proteolysis	Neither	NO	NO	NA	NO
GO_BP	GO:0033622	integrin activation	Neither	NO	NO	NA	NO
GO_BP	GO:0033623	regulation of integrin activation	Neither	NO	NO	NA	NO
GO_BP	GO:0033625	positive regulation of integrin activation	Neither	NO	NO	NA	NO
GO_BP	GO:0033627	cell adhesion mediated by integrin	Neither	NO	NO	NA	NO
GO_BP	GO:0033628	regulation of cell adhesion mediated by integrin	Firth_only	NO	NO	NA	NO
GO_BP	GO:0033629	negative regulation of cell adhesion mediated by integrin	Neither	NO	NO	NA	NO
GO_BP	GO:0033630	positive regulation of cell adhesion mediated by integrin	Neither	NO	NO	NA	NO
GO_BP	GO:0033631	cell-cell adhesion mediated by integrin	Neither	NO	NO	NA	NO
GO_BP	GO:0033632	regulation of cell-cell adhesion mediated by integrin	Neither	NO	NO	NA	NO
GO_BP	GO:0033673	negative regulation of kinase activity	Neither	NO	NO	NA	NO
GO_BP	GO:0033674	positive regulation of kinase activity	Neither	NO	NO	NA	NO
GO_BP	GO:0033688	regulation of osteoblast proliferation	Neither	NO	NO	NA	NO
GO_BP	GO:0033700	phospholipid efflux	Neither	NO	NO	NA	NO
GO_BP	GO:0033750	ribosome localization	Neither	NO	NO	NA	NO
GO_BP	GO:0033762	response to glucagon	Neither	NO	NO	NA	NO
GO_BP	GO:0033865	nucleoside bisphosphate metabolic process	Neither	NO	NO	NA	NO
GO_BP	GO:0033875	ribonucleoside bisphosphate metabolic process	Neither	NO	NO	NA	NO
GO_BP	GO:0033962	P-body assembly	Neither	NO	NO	NA	NO
GO_BP	GO:0034032	purine nucleoside bisphosphate metabolic process	Neither	NO	NO	NA	NO
GO_BP	GO:0034035	purine ribonucleoside bisphosphate metabolic process	Neither	NO	NO	NA	NO
GO_BP	GO:0034058	endosomal vesicle fusion	Neither	NO	NO	NA	NO
GO_BP	GO:0034063	cytoplasmic stress granule assembly	Neither	NO	NO	NA	NO
GO_BP	GO:0034067	protein localization to Golgi apparatus	Neither	NO	NO	NA	NO
GO_BP	GO:0034080	CENP-A containing chromatin assembly	Neither	NO	NO	NA	NO
GO_BP	GO:0034085	establishment of sister chromatid cohesion	Neither	NO	NO	NA	NO
GO_BP	GO:0034091	regulation of maintenance of sister chromatid cohesion	Neither	NO	NO	NA	NO
GO_BP	GO:0034101	erythrocyte homeostasis	Neither	NO	NO	NA	NO
GO_BP	GO:0034103	regulation of tissue remodeling	Neither	NO	NO	NA	NO
GO_BP	GO:0034104	negative regulation of tissue remodeling	Neither	NO	NO	NA	NO
GO_BP	GO:0034105	positive regulation of tissue remodeling	Neither	NO	NO	NA	NO
GO_BP	GO:0034109	homotypic cell-cell adhesion	Firth_only	NO	NO	NA	NO
GO_BP	GO:0034110	regulation of homotypic cell-cell adhesion	Neither	NO	NO	NA	NO
GO_BP	GO:0034111	negative regulation of homotypic cell-cell adhesion	Neither	NO	NO	NA	NO
GO_BP	GO:0034112	positive regulation of homotypic cell-cell adhesion	Neither	NO	NO	NA	NO
GO_BP	GO:0034113	heterotypic cell-cell adhesion	Neither	NO	NO	NA	NO
GO_BP	GO:0034114	regulation of heterotypic cell-cell adhesion	Neither	NO	NO	NA	NO
GO_BP	GO:0034116	positive regulation of heterotypic cell-cell adhesion	Neither	NO	NO	NA	NO
GO_BP	GO:0034121	regulation of toll-like receptor signaling pathway	Neither	NO	NO	NA	NO
GO_BP	GO:0034122	negative regulation of toll-like receptor signaling pathway	Neither	NO	NO	NA	NO
GO_BP	GO:0034135	regulation of toll-like receptor 2 signaling pathway	Neither	NO	NO	NA	NO
GO_BP	GO:0034138	toll-like receptor 3 signaling pathway	Neither	NO	NO	NA	NO
GO_BP	GO:0034142	toll-like receptor 4 signaling pathway	Neither	NO	NO	NA	NO
GO_BP	GO:0034143	regulation of toll-like receptor 4 signaling pathway	Neither	NO	NO	NA	NO
GO_BP	GO:0034144	negative regulation of toll-like receptor 4 signaling pathway	Neither	NO	NO	NA	NO
GO_BP	GO:0034145	positive regulation of toll-like receptor 4 signaling pathway	Neither	NO	NO	NA	NO
GO_BP	GO:0034162	toll-like receptor 9 signaling pathway	Neither	NO	NO	NA	NO
GO_BP	GO:0034163	regulation of toll-like receptor 9 signaling pathway	Neither	NO	NO	NA	NO
GO_BP	GO:0034165	positive regulation of toll-like receptor 9 signaling pathway	Neither	NO	NO	NA	NO
GO_BP	GO:0034182	regulation of maintenance of mitotic sister chromatid cohesion	Neither	NO	NO	NA	NO
GO_BP	GO:0034198	cellular response to amino acid starvation	Neither	NO	NO	NA	NO
GO_BP	GO:0034204	lipid translocation	Neither	NO	NO	NA	NO
GO_BP	GO:0034214	protein hexamerization	Neither	NO	NO	NA	NO
GO_BP	GO:0034219	carbohydrate transmembrane transport	Neither	NO	NO	NA	NO
GO_BP	GO:0034242	negative regulation of syncytium formation by plasma membrane fusion	Neither	NO	NO	NA	NO
GO_BP	GO:0034243	regulation of transcription elongation by RNA polymerase II	Neither	NO	NO	NA	NO
GO_BP	GO:0034244	negative regulation of transcription elongation by RNA polymerase II	Neither	NO	NO	NA	NO
GO_BP	GO:0034260	negative regulation of GTPase activity	Neither	NO	NO	NA	NO
GO_BP	GO:0034284	response to monosaccharide	Neither	NO	NO	NA	NO
GO_BP	GO:0034308	primary alcohol metabolic process	Neither	NO	NO	NA	NO
GO_BP	GO:0034310	primary alcohol catabolic process	Neither	NO	NO	NA	NO
GO_BP	GO:0034311	diol metabolic process	Neither	NO	NO	NA	NO
GO_BP	GO:0034312	diol biosynthetic process	Neither	NO	NO	NA	NO
GO_BP	GO:0034314	Arp2/3 complex-mediated actin nucleation	Neither	NO	NO	NA	NO
GO_BP	GO:0034315	regulation of Arp2/3 complex-mediated actin nucleation	Neither	NO	NO	NA	NO
GO_BP	GO:0034329	cell junction assembly	Neither	NO	NO	NA	NO
GO_BP	GO:0034331	cell junction maintenance	Neither	NO	NO	NA	NO
GO_BP	GO:0034332	adherens junction organization	Neither	NO	NO	NA	NO
GO_BP	GO:0034333	adherens junction assembly	Neither	NO	NO	NA	NO
GO_BP	GO:0034340	response to type I interferon	Neither	NO	NO	NA	NO
GO_BP	GO:0034341	response to type II interferon	Neither	NO	NO	NA	NO
GO_BP	GO:0034350	regulation of glial cell apoptotic process	Neither	NO	NO	NA	NO
GO_BP	GO:0034351	negative regulation of glial cell apoptotic process	Neither	NO	NO	NA	NO
GO_BP	GO:0034367	protein-containing complex remodeling	Neither	NO	NO	NA	NO
GO_BP	GO:0034368	protein-lipid complex remodeling	Neither	NO	NO	NA	NO
GO_BP	GO:0034369	plasma lipoprotein particle remodeling	Neither	NO	NO	NA	NO
GO_BP	GO:0034374	low-density lipoprotein particle remodeling	Neither	NO	NO	NA	NO
GO_BP	GO:0034375	high-density lipoprotein particle remodeling	Neither	NO	NO	NA	NO
GO_BP	GO:0034377	plasma lipoprotein particle assembly	Neither	NO	NO	NA	NO
GO_BP	GO:0034379	very-low-density lipoprotein particle assembly	Neither	NO	NO	NA	NO
GO_BP	GO:0034380	high-density lipoprotein particle assembly	Neither	NO	NO	NA	NO
GO_BP	GO:0034381	plasma lipoprotein particle clearance	Neither	NO	NO	NA	NO
GO_BP	GO:0034383	low-density lipoprotein particle clearance	Neither	NO	NO	NA	NO
GO_BP	GO:0034389	lipid droplet organization	Neither	NO	NO	NA	NO
GO_BP	GO:0034391	regulation of smooth muscle cell apoptotic process	Neither	NO	NO	NA	NO
GO_BP	GO:0034392	negative regulation of smooth muscle cell apoptotic process	Neither	NO	NO	NA	NO
GO_BP	GO:0034393	positive regulation of smooth muscle cell apoptotic process	Neither	NO	NO	NA	NO
GO_BP	GO:0034394	protein localization to cell surface	Neither	NO	NO	NA	NO
GO_BP	GO:0034404	nucleobase-containing small molecule biosynthetic process	Firth_only	NO	NO	NA	NO
GO_BP	GO:0034405	response to fluid shear stress	Neither	NO	NO	NA	NO
GO_BP	GO:0034440	lipid oxidation	Neither	NO	NO	NA	NO
GO_BP	GO:0034446	substrate adhesion-dependent cell spreading	Neither	NO	NO	NA	NO
GO_BP	GO:0034453	microtubule anchoring	Neither	NO	NO	NA	NO
GO_BP	GO:0034454	microtubule anchoring at centrosome	Neither	NO	NO	NA	NO
GO_BP	GO:0034472	snRNA 3'-end processing	Neither	NO	NO	NA	NO
GO_BP	GO:0034486	vacuolar transmembrane transport	Neither	NO	NO	NA	NO
GO_BP	GO:0034497	protein localization to phagophore assembly site	Tier1	YES	NO	NO	YES
GO_BP	GO:0034498	early endosome to Golgi transport	Neither	NO	NO	NA	NO
GO_BP	GO:0034501	protein localization to kinetochore	Neither	NO	NO	NA	NO
GO_BP	GO:0034502	protein localization to chromosome	Neither	NO	NO	NA	NO
GO_BP	GO:0034504	protein localization to nucleus	Neither	NO	NO	NA	NO
GO_BP	GO:0034505	tooth mineralization	Neither	NO	NO	NA	NO
GO_BP	GO:0034551	mitochondrial respiratory chain complex III assembly	Neither	NO	NO	NA	NO
GO_BP	GO:0034587	piRNA processing	Neither	NO	NO	NA	NO
GO_BP	GO:0034599	cellular response to oxidative stress	Neither	NO	NO	NA	NO
GO_BP	GO:0034605	cellular response to heat	Neither	NO	NO	NA	NO
GO_BP	GO:0034612	response to tumor necrosis factor	Neither	NO	NO	NA	NO
GO_BP	GO:0034614	cellular response to reactive oxygen species	Neither	NO	NO	NA	NO
GO_BP	GO:0034616	response to laminar fluid shear stress	Neither	NO	NO	NA	NO
GO_BP	GO:0034620	cellular response to unfolded protein	Neither	NO	NO	NA	NO
GO_BP	GO:0034638	phosphatidylcholine catabolic process	Neither	NO	NO	NA	NO
GO_BP	GO:0034643	establishment of mitochondrion localization, microtubule-mediated	Neither	NO	NO	NA	NO
GO_BP	GO:0034644	cellular response to UV	Neither	NO	NO	NA	NO
GO_BP	GO:0034655	nucleobase-containing compound catabolic process	Neither	NO	NO	NA	NO
GO_BP	GO:0034656	nucleobase-containing small molecule catabolic process	Firth_only	NO	NO	NA	NO
GO_BP	GO:0034694	response to prostaglandin	Neither	NO	NO	NA	NO
GO_BP	GO:0034695	response to prostaglandin E	Neither	NO	NO	NA	NO
GO_BP	GO:0034698	response to gonadotropin	Neither	NO	NO	NA	NO
GO_BP	GO:0034727	piecemeal microautophagy of the nucleus	Neither	NO	NO	NA	NO
GO_BP	GO:0034728	nucleosome organization	Neither	NO	NO	NA	NO
GO_BP	GO:0034755	iron ion transmembrane transport	Neither	NO	NO	NA	NO
GO_BP	GO:0034762	regulation of transmembrane transport	Neither	NO	NO	NA	NO
GO_BP	GO:0034763	negative regulation of transmembrane transport	Neither	NO	NO	NA	NO
GO_BP	GO:0034764	positive regulation of transmembrane transport	Neither	NO	NO	NA	NO
GO_BP	GO:0034765	regulation of monoatomic ion transmembrane transport	Neither	NO	NO	NA	NO
GO_BP	GO:0034766	negative regulation of monoatomic ion transmembrane transport	Neither	NO	NO	NA	NO
GO_BP	GO:0034767	positive regulation of monoatomic ion transmembrane transport	Neither	NO	NO	NA	NO
GO_BP	GO:0034776	response to histamine	Neither	NO	NO	NA	NO
GO_BP	GO:0034975	protein folding in endoplasmic reticulum	Neither	NO	NO	NA	NO
GO_BP	GO:0034976	response to endoplasmic reticulum stress	Neither	NO	NO	NA	NO
GO_BP	GO:0035019	somatic stem cell population maintenance	Neither	NO	NO	NA	NO
GO_BP	GO:0035020	regulation of Rac protein signal transduction	Neither	NO	NO	NA	NO
GO_BP	GO:0035022	positive regulation of Rac protein signal transduction	Neither	NO	NO	NA	NO
GO_BP	GO:0035023	regulation of Rho protein signal transduction	Neither	NO	NO	NA	NO
GO_BP	GO:0035024	negative regulation of Rho protein signal transduction	Neither	NO	NO	NA	NO
GO_BP	GO:0035025	positive regulation of Rho protein signal transduction	Neither	NO	NO	NA	NO
GO_BP	GO:0035036	sperm-egg recognition	Neither	NO	NO	NA	NO
GO_BP	GO:0035050	embryonic heart tube development	Neither	NO	NO	NA	NO
GO_BP	GO:0035051	cardiocyte differentiation	Neither	NO	NO	NA	NO
GO_BP	GO:0035082	axoneme assembly	Neither	NO	NO	NA	NO
GO_BP	GO:0035088	establishment or maintenance of apical/basal cell polarity	Neither	NO	NO	NA	NO
GO_BP	GO:0035089	establishment of apical/basal cell polarity	Neither	NO	NO	NA	NO
GO_BP	GO:0035092	sperm DNA condensation	Neither	NO	NO	NA	NO
GO_BP	GO:0035094	response to nicotine	Neither	NO	NO	NA	NO
GO_BP	GO:0035107	appendage morphogenesis	Neither	NO	NO	NA	NO
GO_BP	GO:0035108	limb morphogenesis	Neither	NO	NO	NA	NO
GO_BP	GO:0035113	embryonic appendage morphogenesis	Neither	NO	NO	NA	NO
GO_BP	GO:0035115	embryonic forelimb morphogenesis	Neither	NO	NO	NA	NO
GO_BP	GO:0035136	forelimb morphogenesis	Neither	NO	NO	NA	NO
GO_BP	GO:0035137	hindlimb morphogenesis	Neither	NO	NO	NA	NO
GO_BP	GO:0035148	tube formation	Neither	NO	NO	NA	NO
GO_BP	GO:0035150	regulation of tube size	Neither	NO	NO	NA	NO
GO_BP	GO:0035162	embryonic hemopoiesis	Firth_only	NO	NO	NA	NO
GO_BP	GO:0035176	social behavior	Neither	NO	NO	NA	NO
GO_BP	GO:0035194	regulatory ncRNA-mediated post-transcriptional gene silencing	Neither	NO	NO	NA	NO
GO_BP	GO:0035195	miRNA-mediated post-transcriptional gene silencing	Neither	NO	NO	NA	NO
GO_BP	GO:0035196	miRNA processing	Neither	NO	NO	NA	NO
GO_BP	GO:0035235	ionotropic glutamate receptor signaling pathway	Neither	NO	NO	NA	NO
GO_BP	GO:0035239	tube morphogenesis	Neither	NO	NO	NA	NO
GO_BP	GO:0035249	synaptic transmission, glutamatergic	Neither	NO	NO	NA	NO
GO_BP	GO:0035264	multicellular organism growth	Neither	NO	NO	NA	NO
GO_BP	GO:0035265	organ growth	Neither	NO	NO	NA	NO
GO_BP	GO:0035269	protein O-linked glycosylation via mannose	Neither	NO	NO	NA	NO
GO_BP	GO:0035270	endocrine system development	Neither	NO	NO	NA	NO
GO_BP	GO:0035272	exocrine system development	Neither	NO	NO	NA	NO
GO_BP	GO:0035278	miRNA-mediated gene silencing by inhibition of translation	Neither	NO	NO	NA	NO
GO_BP	GO:0035282	segmentation	Neither	NO	NO	NA	NO
GO_BP	GO:0035296	regulation of tube diameter	Neither	NO	NO	NA	NO
GO_BP	GO:0035303	regulation of dephosphorylation	Neither	NO	NO	NA	NO
GO_BP	GO:0035313	wound healing, spreading of epidermal cells	Neither	NO	NO	NA	NO
GO_BP	GO:0035315	hair cell differentiation	Neither	NO	NO	NA	NO
GO_BP	GO:0035329	hippo signaling	Neither	NO	NO	NA	NO
GO_BP	GO:0035330	regulation of hippo signaling	Neither	NO	NO	NA	NO
GO_BP	GO:0035331	negative regulation of hippo signaling	Neither	NO	NO	NA	NO
GO_BP	GO:0035332	positive regulation of hippo signaling	Neither	NO	NO	NA	NO
GO_BP	GO:0035335	peptidyl-tyrosine dephosphorylation	Neither	NO	NO	NA	NO
GO_BP	GO:0035336	long-chain fatty-acyl-CoA metabolic process	Neither	NO	NO	NA	NO
GO_BP	GO:0035337	fatty-acyl-CoA metabolic process	Neither	NO	NO	NA	NO
GO_BP	GO:0035338	long-chain fatty-acyl-CoA biosynthetic process	Neither	NO	NO	NA	NO
GO_BP	GO:0035356	intracellular triglyceride homeostasis	Neither	NO	NO	NA	NO
GO_BP	GO:0035358	regulation of peroxisome proliferator activated receptor signaling pathway	Neither	NO	NO	NA	NO
GO_BP	GO:0035360	positive regulation of peroxisome proliferator activated receptor signaling pathway	Neither	NO	NO	NA	NO
GO_BP	GO:0035372	protein localization to microtubule	Neither	NO	NO	NA	NO
GO_BP	GO:0035418	protein localization to synapse	Neither	NO	NO	NA	NO
GO_BP	GO:0035425	autocrine signaling	Neither	NO	NO	NA	NO
GO_BP	GO:0035435	phosphate ion transmembrane transport	Neither	NO	NO	NA	NO
GO_BP	GO:0035437	maintenance of protein localization in endoplasmic reticulum	Neither	NO	NO	NA	NO
GO_BP	GO:0035455	response to interferon-alpha	Neither	NO	NO	NA	NO
GO_BP	GO:0035456	response to interferon-beta	Neither	NO	NO	NA	NO
GO_BP	GO:0035457	cellular response to interferon-alpha	Neither	NO	NO	NA	NO
GO_BP	GO:0035458	cellular response to interferon-beta	Neither	NO	NO	NA	NO
GO_BP	GO:0035459	vesicle cargo loading	Neither	NO	NO	NA	NO
GO_BP	GO:0035461	vitamin transmembrane transport	Neither	NO	NO	NA	NO
GO_BP	GO:0035493	SNARE complex assembly	Neither	NO	NO	NA	NO
GO_BP	GO:0035519	protein K29-linked ubiquitination	Neither	NO	NO	NA	NO
GO_BP	GO:0035542	regulation of SNARE complex assembly	Neither	NO	NO	NA	NO
GO_BP	GO:0035567	non-canonical Wnt signaling pathway	Neither	NO	NO	NA	NO
GO_BP	GO:0035589	G protein-coupled purinergic nucleotide receptor signaling pathway	Neither	NO	NO	NA	NO
GO_BP	GO:0035590	purinergic nucleotide receptor signaling pathway	Neither	NO	NO	NA	NO
GO_BP	GO:0035592	establishment of protein localization to extracellular region	Neither	NO	NO	NA	NO
GO_BP	GO:0035601	protein deacylation	Neither	NO	NO	NA	NO
GO_BP	GO:0035627	ceramide transport	Neither	NO	NO	NA	NO
GO_BP	GO:0035633	maintenance of blood-brain barrier	Neither	NO	NO	NA	NO
GO_BP	GO:0035640	exploration behavior	Neither	NO	NO	NA	NO
GO_BP	GO:0035641	locomotory exploration behavior	Neither	NO	NO	NA	NO
GO_BP	GO:0035646	endosome to melanosome transport	Neither	NO	NO	NA	NO
GO_BP	GO:0035666	TRIF-dependent toll-like receptor signaling pathway	Neither	NO	NO	NA	NO
GO_BP	GO:0035672	oligopeptide transmembrane transport	Neither	NO	NO	NA	NO
GO_BP	GO:0035694	mitochondrial protein catabolic process	Neither	NO	NO	NA	NO
GO_BP	GO:0035710	CD4-positive, alpha-beta T cell activation	Neither	NO	NO	NA	NO
GO_BP	GO:0035720	intraciliary anterograde transport	Neither	NO	NO	NA	NO
GO_BP	GO:0035721	intraciliary retrograde transport	Neither	NO	NO	NA	NO
GO_BP	GO:0035723	interleukin-15-mediated signaling pathway	Neither	NO	NO	NA	NO
GO_BP	GO:0035725	sodium ion transmembrane transport	Neither	NO	NO	NA	NO
GO_BP	GO:0035728	response to hepatocyte growth factor	Neither	NO	NO	NA	NO
GO_BP	GO:0035729	cellular response to hepatocyte growth factor stimulus	Neither	NO	NO	NA	NO
GO_BP	GO:0035767	endothelial cell chemotaxis	Neither	NO	NO	NA	NO
GO_BP	GO:0035773	insulin secretion involved in cellular response to glucose stimulus	Neither	NO	NO	NA	NO
GO_BP	GO:0035774	positive regulation of insulin secretion involved in cellular response to glucose stimulus	Neither	NO	NO	NA	NO
GO_BP	GO:0035794	positive regulation of mitochondrial membrane permeability	Neither	NO	NO	NA	NO
GO_BP	GO:0035795	negative regulation of mitochondrial membrane permeability	Neither	NO	NO	NA	NO
GO_BP	GO:0035809	regulation of urine volume	Neither	NO	NO	NA	NO
GO_BP	GO:0035810	positive regulation of urine volume	Neither	NO	NO	NA	NO
GO_BP	GO:0035821	modulation of process of another organism	Neither	NO	NO	NA	NO
GO_BP	GO:0035825	homologous recombination	Firth_only	NO	NO	NA	NO
GO_BP	GO:0035850	epithelial cell differentiation involved in kidney development	Neither	NO	NO	NA	NO
GO_BP	GO:0035855	megakaryocyte development	Neither	NO	NO	NA	NO
GO_BP	GO:0035860	glial cell-derived neurotrophic factor receptor signaling pathway	Neither	NO	NO	NA	NO
GO_BP	GO:0035864	response to potassium ion	Neither	NO	NO	NA	NO
GO_BP	GO:0035865	cellular response to potassium ion	Neither	NO	NO	NA	NO
GO_BP	GO:0035871	protein K11-linked deubiquitination	Neither	NO	NO	NA	NO
GO_BP	GO:0035872	nucleotide-binding domain, leucine rich repeat containing receptor signaling pathway	Neither	NO	NO	NA	NO
GO_BP	GO:0035883	enteroendocrine cell differentiation	Neither	NO	NO	NA	NO
GO_BP	GO:0035886	vascular associated smooth muscle cell differentiation	Neither	NO	NO	NA	NO
GO_BP	GO:0035891	exit from host cell	Neither	NO	NO	NA	NO
GO_BP	GO:0035902	response to immobilization stress	Neither	NO	NO	NA	NO
GO_BP	GO:0035904	aorta development	Neither	NO	NO	NA	NO
GO_BP	GO:0035909	aorta morphogenesis	Neither	NO	NO	NA	NO
GO_BP	GO:0035914	skeletal muscle cell differentiation	Neither	NO	NO	NA	NO
GO_BP	GO:0035924	cellular response to vascular endothelial growth factor stimulus	Neither	NO	NO	NA	NO
GO_BP	GO:0035962	response to interleukin-13	Neither	NO	NO	NA	NO
GO_BP	GO:0035966	response to topologically incorrect protein	Neither	NO	NO	NA	NO
GO_BP	GO:0035967	cellular response to topologically incorrect protein	Neither	NO	NO	NA	NO
GO_BP	GO:0035973	aggrephagy	Neither	NO	NO	NA	NO
GO_BP	GO:0035987	endodermal cell differentiation	Neither	NO	NO	NA	NO
GO_BP	GO:0035994	response to muscle stretch	Neither	NO	NO	NA	NO
GO_BP	GO:0035999	tetrahydrofolate interconversion	Neither	NO	NO	NA	NO
GO_BP	GO:0036005	response to macrophage colony-stimulating factor	Neither	NO	NO	NA	NO
GO_BP	GO:0036010	protein localization to endosome	Neither	NO	NO	NA	NO
GO_BP	GO:0036037	CD8-positive, alpha-beta T cell activation	Neither	NO	NO	NA	NO
GO_BP	GO:0036075	replacement ossification	Neither	NO	NO	NA	NO
GO_BP	GO:0036092	phosphatidylinositol-3-phosphate biosynthetic process	Neither	NO	NO	NA	NO
GO_BP	GO:0036109	alpha-linolenic acid metabolic process	Neither	NO	NO	NA	NO
GO_BP	GO:0036119	response to platelet-derived growth factor	Neither	NO	NO	NA	NO
GO_BP	GO:0036120	cellular response to platelet-derived growth factor stimulus	Neither	NO	NO	NA	NO
GO_BP	GO:0036151	phosphatidylcholine acyl-chain remodeling	Neither	NO	NO	NA	NO
GO_BP	GO:0036152	phosphatidylethanolamine acyl-chain remodeling	Neither	NO	NO	NA	NO
GO_BP	GO:0036158	outer dynein arm assembly	Neither	NO	NO	NA	NO
GO_BP	GO:0036159	inner dynein arm assembly	Neither	NO	NO	NA	NO
GO_BP	GO:0036196	zymosterol metabolic process	Neither	NO	NO	NA	NO
GO_BP	GO:0036197	zymosterol biosynthetic process	Neither	NO	NO	NA	NO
GO_BP	GO:0036230	granulocyte activation	Neither	NO	NO	NA	NO
GO_BP	GO:0036257	multivesicular body organization	Neither	NO	NO	NA	NO
GO_BP	GO:0036258	multivesicular body assembly	Neither	NO	NO	NA	NO
GO_BP	GO:0036260	RNA capping	Neither	NO	NO	NA	NO
GO_BP	GO:0036261	7-methylguanosine cap hypermethylation	Neither	NO	NO	NA	NO
GO_BP	GO:0036293	response to decreased oxygen levels	Neither	NO	NO	NA	NO
GO_BP	GO:0036294	cellular response to decreased oxygen levels	Neither	NO	NO	NA	NO
GO_BP	GO:0036295	cellular response to increased oxygen levels	Neither	NO	NO	NA	NO
GO_BP	GO:0036296	response to increased oxygen levels	Neither	NO	NO	NA	NO
GO_BP	GO:0036297	interstrand cross-link repair	Neither	NO	NO	NA	NO
GO_BP	GO:0036302	atrioventricular canal development	Neither	NO	NO	NA	NO
GO_BP	GO:0036303	lymph vessel morphogenesis	Neither	NO	NO	NA	NO
GO_BP	GO:0036314	response to sterol	Neither	NO	NO	NA	NO
GO_BP	GO:0036315	cellular response to sterol	Neither	NO	NO	NA	NO
GO_BP	GO:0036336	dendritic cell migration	Empirical_only	NO	NO	NA	NO
GO_BP	GO:0036344	platelet morphogenesis	Neither	NO	NO	NA	NO
GO_BP	GO:0036368	photoresponse recovery	Neither	NO	NO	NA	NO
GO_BP	GO:0036376	sodium ion export across plasma membrane	Neither	NO	NO	NA	NO
GO_BP	GO:0036444	calcium import into the mitochondrion	Neither	NO	NO	NA	NO
GO_BP	GO:0036465	synaptic vesicle recycling	Neither	NO	NO	NA	NO
GO_BP	GO:0036490	regulation of translation in response to endoplasmic reticulum stress	Neither	NO	NO	NA	NO
GO_BP	GO:0036498	IRE1-mediated unfolded protein response	Neither	NO	NO	NA	NO
GO_BP	GO:0036503	ERAD pathway	Neither	NO	NO	NA	NO
GO_BP	GO:0036507	protein demannosylation	Neither	NO	NO	NA	NO
GO_BP	GO:0036508	protein alpha-1,2-demannosylation	Neither	NO	NO	NA	NO
GO_BP	GO:0038003	G protein-coupled opioid receptor signaling pathway	Neither	NO	NO	NA	NO
GO_BP	GO:0038034	signal transduction in absence of ligand	Neither	NO	NO	NA	NO
GO_BP	GO:0038060	nitric oxide-cGMP-mediated signaling	Neither	NO	NO	NA	NO
GO_BP	GO:0038061	non-canonical NF-kappaB signal transduction	Neither	NO	NO	NA	NO
GO_BP	GO:0038065	collagen-activated signaling pathway	Neither	NO	NO	NA	NO
GO_BP	GO:0038066	p38MAPK cascade	Neither	NO	NO	NA	NO
GO_BP	GO:0038083	peptidyl-tyrosine autophosphorylation	Neither	NO	NO	NA	NO
GO_BP	GO:0038084	vascular endothelial growth factor signaling pathway	Neither	NO	NO	NA	NO
GO_BP	GO:0038092	nodal signaling pathway	Neither	NO	NO	NA	NO
GO_BP	GO:0038093	Fc receptor signaling pathway	Neither	NO	NO	NA	NO
GO_BP	GO:0038094	Fc-gamma receptor signaling pathway	Neither	NO	NO	NA	NO
GO_BP	GO:0038095	Fc-epsilon receptor signaling pathway	Neither	NO	NO	NA	NO
GO_BP	GO:0038096	Fc-gamma receptor signaling pathway involved in phagocytosis	Neither	NO	NO	NA	NO
GO_BP	GO:0038127	ERBB signaling pathway	Neither	NO	NO	NA	NO
GO_BP	GO:0038128	ERBB2 signaling pathway	Neither	NO	NO	NA	NO
GO_BP	GO:0038166	angiotensin-activated signaling pathway	Neither	NO	NO	NA	NO
GO_BP	GO:0038179	neurotrophin signaling pathway	Neither	NO	NO	NA	NO
GO_BP	GO:0038180	nerve growth factor signaling pathway	Neither	NO	NO	NA	NO
GO_BP	GO:0038202	TORC1 signaling	Neither	NO	NO	NA	NO
GO_BP	GO:0038203	TORC2 signaling	Neither	NO	NO	NA	NO
GO_BP	GO:0039531	regulation of cytoplasmic pattern recognition receptor signaling pathway	Neither	NO	NO	NA	NO
GO_BP	GO:0039532	negative regulation of cytoplasmic pattern recognition receptor signaling pathway	Firth_only	NO	NO	NA	NO
GO_BP	GO:0039535	regulation of RIG-I signaling pathway	Neither	NO	NO	NA	NO
GO_BP	GO:0039702	viral budding via host ESCRT complex	Neither	NO	NO	NA	NO
GO_BP	GO:0040001	establishment of mitotic spindle localization	Neither	NO	NO	NA	NO
GO_BP	GO:0040007	growth	Neither	NO	NO	NA	NO
GO_BP	GO:0040008	regulation of growth	Neither	NO	NO	NA	NO
GO_BP	GO:0040011	locomotion	Neither	NO	NO	NA	NO
GO_BP	GO:0040013	negative regulation of locomotion	Neither	NO	NO	NA	NO
GO_BP	GO:0040014	regulation of multicellular organism growth	Neither	NO	NO	NA	NO
GO_BP	GO:0040018	positive regulation of multicellular organism growth	Neither	NO	NO	NA	NO
GO_BP	GO:0040019	positive regulation of embryonic development	Neither	NO	NO	NA	NO
GO_BP	GO:0040020	regulation of meiotic nuclear division	Neither	NO	NO	NA	NO
GO_BP	GO:0040029	epigenetic regulation of gene expression	Neither	NO	NO	NA	NO
GO_BP	GO:0040036	regulation of fibroblast growth factor receptor signaling pathway	Neither	NO	NO	NA	NO
GO_BP	GO:0040037	negative regulation of fibroblast growth factor receptor signaling pathway	Neither	NO	NO	NA	NO
GO_BP	GO:0042026	protein refolding	Neither	NO	NO	NA	NO
GO_BP	GO:0042044	fluid transport	Neither	NO	NO	NA	NO
GO_BP	GO:0042045	epithelial fluid transport	Neither	NO	NO	NA	NO
GO_BP	GO:0042053	regulation of dopamine metabolic process	Neither	NO	NO	NA	NO
GO_BP	GO:0042058	regulation of epidermal growth factor receptor signaling pathway	Neither	NO	NO	NA	NO
GO_BP	GO:0042059	negative regulation of epidermal growth factor receptor signaling pathway	Neither	NO	NO	NA	NO
GO_BP	GO:0042060	wound healing	Neither	NO	NO	NA	NO
GO_BP	GO:0042063	gliogenesis	Neither	NO	NO	NA	NO
GO_BP	GO:0042069	regulation of catecholamine metabolic process	Neither	NO	NO	NA	NO
GO_BP	GO:0042073	intraciliary transport	Neither	NO	NO	NA	NO
GO_BP	GO:0042088	T-helper 1 type immune response	Neither	NO	NO	NA	NO
GO_BP	GO:0042092	type 2 immune response	Firth_only	NO	NO	NA	NO
GO_BP	GO:0042093	T-helper cell differentiation	Neither	NO	NO	NA	NO
GO_BP	GO:0042098	T cell proliferation	Tier1	YES	NO	NO	YES
GO_BP	GO:0042100	B cell proliferation	Neither	NO	NO	NA	NO
GO_BP	GO:0042102	positive regulation of T cell proliferation	Neither	NO	NO	NA	NO
GO_BP	GO:0042104	positive regulation of activated T cell proliferation	Neither	NO	NO	NA	NO
GO_BP	GO:0042110	T cell activation	Tier1	YES	NO	NO	YES
GO_BP	GO:0042113	B cell activation	Neither	NO	NO	NA	NO
GO_BP	GO:0042116	macrophage activation	Neither	NO	NO	NA	NO
GO_BP	GO:0042117	monocyte activation	Neither	NO	NO	NA	NO
GO_BP	GO:0042118	endothelial cell activation	Neither	NO	NO	NA	NO
GO_BP	GO:0042119	neutrophil activation	Neither	NO	NO	NA	NO
GO_BP	GO:0042129	regulation of T cell proliferation	Neither	NO	NO	NA	NO
GO_BP	GO:0042130	negative regulation of T cell proliferation	Neither	NO	NO	NA	NO
GO_BP	GO:0042138	meiotic DNA double-strand break formation	Neither	NO	NO	NA	NO
GO_BP	GO:0042147	retrograde transport, endosome to Golgi	Neither	NO	NO	NA	NO
GO_BP	GO:0042149	cellular response to glucose starvation	Neither	NO	NO	NA	NO
GO_BP	GO:0042157	lipoprotein metabolic process	Neither	NO	NO	NA	NO
GO_BP	GO:0042158	lipoprotein biosynthetic process	Neither	NO	NO	NA	NO
GO_BP	GO:0042167	heme catabolic process	Neither	NO	NO	NA	NO
GO_BP	GO:0042168	heme metabolic process	Neither	NO	NO	NA	NO
GO_BP	GO:0042176	regulation of protein catabolic process	Neither	NO	NO	NA	NO
GO_BP	GO:0042177	negative regulation of protein catabolic process	Neither	NO	NO	NA	NO
GO_BP	GO:0042178	xenobiotic catabolic process	Neither	NO	NO	NA	NO
GO_BP	GO:0042180	ketone metabolic process	Neither	NO	NO	NA	NO
GO_BP	GO:0042181	ketone biosynthetic process	Neither	NO	NO	NA	NO
GO_BP	GO:0042182	ketone catabolic process	Neither	NO	NO	NA	NO
GO_BP	GO:0042219	modified amino acid catabolic process	Neither	NO	NO	NA	NO
GO_BP	GO:0042220	response to cocaine	Neither	NO	NO	NA	NO
GO_BP	GO:0042246	tissue regeneration	Neither	NO	NO	NA	NO
GO_BP	GO:0042254	ribosome biogenesis	Neither	NO	NO	NA	NO
GO_BP	GO:0042255	ribosome assembly	Firth_only	NO	NO	NA	NO
GO_BP	GO:0042267	natural killer cell mediated cytotoxicity	Neither	NO	NO	NA	NO
GO_BP	GO:0042269	regulation of natural killer cell mediated cytotoxicity	Neither	NO	NO	NA	NO
GO_BP	GO:0042273	ribosomal large subunit biogenesis	Neither	NO	NO	NA	NO
GO_BP	GO:0042274	ribosomal small subunit biogenesis	Neither	NO	NO	NA	NO
GO_BP	GO:0042276	error-prone translesion synthesis	Neither	NO	NO	NA	NO
GO_BP	GO:0042278	purine nucleoside metabolic process	Tier1	YES	NO	NO	YES
GO_BP	GO:0042303	molting cycle	Neither	NO	NO	NA	NO
GO_BP	GO:0042304	regulation of fatty acid biosynthetic process	Neither	NO	NO	NA	NO
GO_BP	GO:0042306	regulation of protein import into nucleus	Neither	NO	NO	NA	NO
GO_BP	GO:0042307	positive regulation of protein import into nucleus	Neither	NO	NO	NA	NO
GO_BP	GO:0042308	negative regulation of protein import into nucleus	Neither	NO	NO	NA	NO
GO_BP	GO:0042310	vasoconstriction	Neither	NO	NO	NA	NO
GO_BP	GO:0042311	vasodilation	Neither	NO	NO	NA	NO
GO_BP	GO:0042325	regulation of phosphorylation	Neither	NO	NO	NA	NO
GO_BP	GO:0042326	negative regulation of phosphorylation	Neither	NO	NO	NA	NO
GO_BP	GO:0042327	positive regulation of phosphorylation	Neither	NO	NO	NA	NO
GO_BP	GO:0042330	taxis	Neither	NO	NO	NA	NO
GO_BP	GO:0042339	keratan sulfate proteoglycan metabolic process	Neither	NO	NO	NA	NO
GO_BP	GO:0042354	L-fucose metabolic process	Neither	NO	NO	NA	NO
GO_BP	GO:0042355	L-fucose catabolic process	Neither	NO	NO	NA	NO
GO_BP	GO:0042359	vitamin D metabolic process	Neither	NO	NO	NA	NO
GO_BP	GO:0042363	fat-soluble vitamin catabolic process	Neither	NO	NO	NA	NO
GO_BP	GO:0042373	vitamin K metabolic process	Neither	NO	NO	NA	NO
GO_BP	GO:0042391	regulation of membrane potential	Neither	NO	NO	NA	NO
GO_BP	GO:0042398	modified amino acid biosynthetic process	Neither	NO	NO	NA	NO
GO_BP	GO:0042401	biogenic amine biosynthetic process	Neither	NO	NO	NA	NO
GO_BP	GO:0042402	biogenic amine catabolic process	Neither	NO	NO	NA	NO
GO_BP	GO:0042403	thyroid hormone metabolic process	Neither	NO	NO	NA	NO
GO_BP	GO:0042407	cristae formation	Neither	NO	NO	NA	NO
GO_BP	GO:0042415	norepinephrine metabolic process	Neither	NO	NO	NA	NO
GO_BP	GO:0042417	dopamine metabolic process	Neither	NO	NO	NA	NO
GO_BP	GO:0042423	catecholamine biosynthetic process	Neither	NO	NO	NA	NO
GO_BP	GO:0042428	serotonin metabolic process	Neither	NO	NO	NA	NO
GO_BP	GO:0042430	indole-containing compound metabolic process	Neither	NO	NO	NA	NO
GO_BP	GO:0042436	indole-containing compound catabolic process	Neither	NO	NO	NA	NO
GO_BP	GO:0042440	pigment metabolic process	Neither	NO	NO	NA	NO
GO_BP	GO:0042445	hormone metabolic process	Neither	NO	NO	NA	NO
GO_BP	GO:0042446	hormone biosynthetic process	Neither	NO	NO	NA	NO
GO_BP	GO:0042447	hormone catabolic process	Neither	NO	NO	NA	NO
GO_BP	GO:0042448	progesterone metabolic process	Neither	NO	NO	NA	NO
GO_BP	GO:0042461	photoreceptor cell development	Neither	NO	NO	NA	NO
GO_BP	GO:0042462	eye photoreceptor cell development	Neither	NO	NO	NA	NO
GO_BP	GO:0042471	ear morphogenesis	Neither	NO	NO	NA	NO
GO_BP	GO:0042472	inner ear morphogenesis	Neither	NO	NO	NA	NO
GO_BP	GO:0042475	odontogenesis of dentin-containing tooth	Neither	NO	NO	NA	NO
GO_BP	GO:0042476	odontogenesis	Neither	NO	NO	NA	NO
GO_BP	GO:0042490	mechanoreceptor differentiation	Neither	NO	NO	NA	NO
GO_BP	GO:0042491	inner ear auditory receptor cell differentiation	Neither	NO	NO	NA	NO
GO_BP	GO:0042509	regulation of tyrosine phosphorylation of STAT protein	Neither	NO	NO	NA	NO
GO_BP	GO:0042531	positive regulation of tyrosine phosphorylation of STAT protein	Neither	NO	NO	NA	NO
GO_BP	GO:0042542	response to hydrogen peroxide	Neither	NO	NO	NA	NO
GO_BP	GO:0042551	neuron maturation	Neither	NO	NO	NA	NO
GO_BP	GO:0042552	myelination	Neither	NO	NO	NA	NO
GO_BP	GO:0042554	superoxide anion generation	Neither	NO	NO	NA	NO
GO_BP	GO:0042558	pteridine-containing compound metabolic process	Neither	NO	NO	NA	NO
GO_BP	GO:0042559	pteridine-containing compound biosynthetic process	Neither	NO	NO	NA	NO
GO_BP	GO:0042572	retinol metabolic process	Neither	NO	NO	NA	NO
GO_BP	GO:0042573	retinoic acid metabolic process	Neither	NO	NO	NA	NO
GO_BP	GO:0042574	retinal metabolic process	Neither	NO	NO	NA	NO
GO_BP	GO:0042593	glucose homeostasis	Neither	NO	NO	NA	NO
GO_BP	GO:0042594	response to starvation	Neither	NO	NO	NA	NO
GO_BP	GO:0042632	cholesterol homeostasis	Neither	NO	NO	NA	NO
GO_BP	GO:0042633	hair cycle	Neither	NO	NO	NA	NO
GO_BP	GO:0042634	regulation of hair cycle	Neither	NO	NO	NA	NO
GO_BP	GO:0042659	regulation of cell fate specification	Neither	NO	NO	NA	NO
GO_BP	GO:0042692	muscle cell differentiation	Neither	NO	NO	NA	NO
GO_BP	GO:0042693	muscle cell fate commitment	Neither	NO	NO	NA	NO
GO_BP	GO:0042698	ovulation cycle	Neither	NO	NO	NA	NO
GO_BP	GO:0042730	fibrinolysis	Neither	NO	NO	NA	NO
GO_BP	GO:0042733	embryonic digit morphogenesis	Neither	NO	NO	NA	NO
GO_BP	GO:0042742	defense response to bacterium	Neither	NO	NO	NA	NO
GO_BP	GO:0042743	hydrogen peroxide metabolic process	Neither	NO	NO	NA	NO
GO_BP	GO:0042744	hydrogen peroxide catabolic process	Neither	NO	NO	NA	NO
GO_BP	GO:0042749	regulation of circadian sleep/wake cycle	Neither	NO	NO	NA	NO
GO_BP	GO:0042752	regulation of circadian rhythm	Neither	NO	NO	NA	NO
GO_BP	GO:0042753	positive regulation of circadian rhythm	Neither	NO	NO	NA	NO
GO_BP	GO:0042754	negative regulation of circadian rhythm	Neither	NO	NO	NA	NO
GO_BP	GO:0042755	eating behavior	Neither	NO	NO	NA	NO
GO_BP	GO:0042756	drinking behavior	Neither	NO	NO	NA	NO
GO_BP	GO:0042759	long-chain fatty acid biosynthetic process	Neither	NO	NO	NA	NO
GO_BP	GO:0042761	very long-chain fatty acid biosynthetic process	Neither	NO	NO	NA	NO
GO_BP	GO:0042762	regulation of sulfur metabolic process	Neither	NO	NO	NA	NO
GO_BP	GO:0042770	signal transduction in response to DNA damage	Neither	NO	NO	NA	NO
GO_BP	GO:0042771	intrinsic apoptotic signaling pathway in response to DNA damage by p53 class mediator	Neither	NO	NO	NA	NO
GO_BP	GO:0042773	ATP synthesis coupled electron transport	Neither	NO	NO	NA	NO
GO_BP	GO:0042775	mitochondrial ATP synthesis coupled electron transport	Neither	NO	NO	NA	NO
GO_BP	GO:0042776	proton motive force-driven mitochondrial ATP synthesis	Neither	NO	NO	NA	NO
GO_BP	GO:0042789	mRNA transcription by RNA polymerase II	Neither	NO	NO	NA	NO
GO_BP	GO:0042790	nucleolar large rRNA transcription by RNA polymerase I	Neither	NO	NO	NA	NO
GO_BP	GO:0042795	snRNA transcription by RNA polymerase II	Neither	NO	NO	NA	NO
GO_BP	GO:0042796	snRNA transcription by RNA polymerase III	Neither	NO	NO	NA	NO
GO_BP	GO:0042797	tRNA transcription by RNA polymerase III	Neither	NO	NO	NA	NO
GO_BP	GO:0042832	defense response to protozoan	Neither	NO	NO	NA	NO
GO_BP	GO:0042908	xenobiotic transport	Neither	NO	NO	NA	NO
GO_BP	GO:0042939	tripeptide transport	Neither	NO	NO	NA	NO
GO_BP	GO:0042953	lipoprotein transport	Neither	NO	NO	NA	NO
GO_BP	GO:0042982	amyloid precursor protein metabolic process	Neither	NO	NO	NA	NO
GO_BP	GO:0042984	regulation of amyloid precursor protein biosynthetic process	Neither	NO	NO	NA	NO
GO_BP	GO:0042987	amyloid precursor protein catabolic process	Neither	NO	NO	NA	NO
GO_BP	GO:0042996	regulation of Golgi to plasma membrane protein transport	Neither	NO	NO	NA	NO
GO_BP	GO:0043001	Golgi to plasma membrane protein transport	Neither	NO	NO	NA	NO
GO_BP	GO:0043009	chordate embryonic development	Neither	NO	NO	NA	NO
GO_BP	GO:0043010	camera-type eye development	Neither	NO	NO	NA	NO
GO_BP	GO:0043011	myeloid dendritic cell differentiation	Neither	NO	NO	NA	NO
GO_BP	GO:0043029	T cell homeostasis	Neither	NO	NO	NA	NO
GO_BP	GO:0043030	regulation of macrophage activation	Neither	NO	NO	NA	NO
GO_BP	GO:0043031	negative regulation of macrophage activation	Firth_only	NO	NO	NA	NO
GO_BP	GO:0043032	positive regulation of macrophage activation	Neither	NO	NO	NA	NO
GO_BP	GO:0043038	amino acid activation	Neither	NO	NO	NA	NO
GO_BP	GO:0043039	tRNA aminoacylation	Neither	NO	NO	NA	NO
GO_BP	GO:0043043	peptide biosynthetic process	Neither	NO	NO	NA	NO
GO_BP	GO:0043045	epigenetic programming of gene expression	Neither	NO	NO	NA	NO
GO_BP	GO:0043062	extracellular structure organization	Neither	NO	NO	NA	NO
GO_BP	GO:0043065	positive regulation of apoptotic process	Neither	NO	NO	NA	NO
GO_BP	GO:0043068	positive regulation of programmed cell death	Neither	NO	NO	NA	NO
GO_BP	GO:0043085	positive regulation of catalytic activity	Neither	NO	NO	NA	NO
GO_BP	GO:0043086	negative regulation of catalytic activity	Neither	NO	NO	NA	NO
GO_BP	GO:0043087	regulation of GTPase activity	Neither	NO	NO	NA	NO
GO_BP	GO:0043094	metabolic compound salvage	Neither	NO	NO	NA	NO
GO_BP	GO:0043101	purine-containing compound salvage	Tier1	YES	NO	NO	YES
GO_BP	GO:0043112	receptor metabolic process	Neither	NO	NO	NA	NO
GO_BP	GO:0043113	receptor clustering	Neither	NO	NO	NA	NO
GO_BP	GO:0043114	regulation of vascular permeability	Neither	NO	NO	NA	NO
GO_BP	GO:0043116	negative regulation of vascular permeability	Neither	NO	NO	NA	NO
GO_BP	GO:0043117	positive regulation of vascular permeability	Neither	NO	NO	NA	NO
GO_BP	GO:0043122	regulation of canonical NF-kappaB signal transduction	Neither	NO	NO	NA	NO
GO_BP	GO:0043123	positive regulation of canonical NF-kappaB signal transduction	Neither	NO	NO	NA	NO
GO_BP	GO:0043124	negative regulation of canonical NF-kappaB signal transduction	Neither	NO	NO	NA	NO
GO_BP	GO:0043129	surfactant homeostasis	Neither	NO	NO	NA	NO
GO_BP	GO:0043144	sno(s)RNA processing	Neither	NO	NO	NA	NO
GO_BP	GO:0043149	stress fiber assembly	Neither	NO	NO	NA	NO
GO_BP	GO:0043153	entrainment of circadian clock by photoperiod	Neither	NO	NO	NA	NO
GO_BP	GO:0043161	proteasome-mediated ubiquitin-dependent protein catabolic process	Neither	NO	NO	NA	NO
GO_BP	GO:0043162	ubiquitin-dependent protein catabolic process via the multivesicular body sorting pathway	Neither	NO	NO	NA	NO
GO_BP	GO:0043171	peptide catabolic process	Neither	NO	NO	NA	NO
GO_BP	GO:0043173	nucleotide salvage	Firth_only	NO	NO	NA	NO
GO_BP	GO:0043200	response to amino acid	Neither	NO	NO	NA	NO
GO_BP	GO:0043201	response to L-leucine	Neither	NO	NO	NA	NO
GO_BP	GO:0043217	myelin maintenance	Firth_only	NO	NO	NA	NO
GO_BP	GO:0043242	negative regulation of protein-containing complex disassembly	Neither	NO	NO	NA	NO
GO_BP	GO:0043243	positive regulation of protein-containing complex disassembly	Neither	NO	NO	NA	NO
GO_BP	GO:0043244	regulation of protein-containing complex disassembly	Neither	NO	NO	NA	NO
GO_BP	GO:0043247	telomere maintenance in response to DNA damage	Neither	NO	NO	NA	NO
GO_BP	GO:0043248	proteasome assembly	Neither	NO	NO	NA	NO
GO_BP	GO:0043252	sodium-independent organic anion transport	Neither	NO	NO	NA	NO
GO_BP	GO:0043254	regulation of protein-containing complex assembly	Neither	NO	NO	NA	NO
GO_BP	GO:0043255	regulation of carbohydrate biosynthetic process	Neither	NO	NO	NA	NO
GO_BP	GO:0043266	regulation of potassium ion transport	Neither	NO	NO	NA	NO
GO_BP	GO:0043267	negative regulation of potassium ion transport	Neither	NO	NO	NA	NO
GO_BP	GO:0043268	positive regulation of potassium ion transport	Neither	NO	NO	NA	NO
GO_BP	GO:0043269	regulation of monoatomic ion transport	Neither	NO	NO	NA	NO
GO_BP	GO:0043270	positive regulation of monoatomic ion transport	Neither	NO	NO	NA	NO
GO_BP	GO:0043271	negative regulation of monoatomic ion transport	Neither	NO	NO	NA	NO
GO_BP	GO:0043276	anoikis	Neither	NO	NO	NA	NO
GO_BP	GO:0043277	apoptotic cell clearance	Neither	NO	NO	NA	NO
GO_BP	GO:0043278	response to morphine	Neither	NO	NO	NA	NO
GO_BP	GO:0043279	response to alkaloid	Neither	NO	NO	NA	NO
GO_BP	GO:0043297	apical junction assembly	Neither	NO	NO	NA	NO
GO_BP	GO:0043299	leukocyte degranulation	Firth_only	NO	NO	NA	NO
GO_BP	GO:0043300	regulation of leukocyte degranulation	Neither	NO	NO	NA	NO
GO_BP	GO:0043302	positive regulation of leukocyte degranulation	Neither	NO	NO	NA	NO
GO_BP	GO:0043303	mast cell degranulation	Neither	NO	NO	NA	NO
GO_BP	GO:0043304	regulation of mast cell degranulation	Neither	NO	NO	NA	NO
GO_BP	GO:0043306	positive regulation of mast cell degranulation	Neither	NO	NO	NA	NO
GO_BP	GO:0043328	protein transport to vacuole involved in ubiquitin-dependent protein catabolic process via the multivesicular body sorting pathway	Neither	NO	NO	NA	NO
GO_BP	GO:0043330	response to exogenous dsRNA	Neither	NO	NO	NA	NO
GO_BP	GO:0043331	response to dsRNA	Neither	NO	NO	NA	NO
GO_BP	GO:0043335	protein unfolding	Neither	NO	NO	NA	NO
GO_BP	GO:0043367	CD4-positive, alpha-beta T cell differentiation	Neither	NO	NO	NA	NO
GO_BP	GO:0043368	positive T cell selection	Neither	NO	NO	NA	NO
GO_BP	GO:0043369	CD4-positive or CD8-positive, alpha-beta T cell lineage commitment	Neither	NO	NO	NA	NO
GO_BP	GO:0043370	regulation of CD4-positive, alpha-beta T cell differentiation	Neither	NO	NO	NA	NO
GO_BP	GO:0043371	negative regulation of CD4-positive, alpha-beta T cell differentiation	Neither	NO	NO	NA	NO
GO_BP	GO:0043372	positive regulation of CD4-positive, alpha-beta T cell differentiation	Neither	NO	NO	NA	NO
GO_BP	GO:0043373	CD4-positive, alpha-beta T cell lineage commitment	Neither	NO	NO	NA	NO
GO_BP	GO:0043374	CD8-positive, alpha-beta T cell differentiation	Neither	NO	NO	NA	NO
GO_BP	GO:0043380	regulation of memory T cell differentiation	Neither	NO	NO	NA	NO
GO_BP	GO:0043388	positive regulation of DNA binding	Neither	NO	NO	NA	NO
GO_BP	GO:0043392	negative regulation of DNA binding	Neither	NO	NO	NA	NO
GO_BP	GO:0043393	regulation of protein binding	Neither	NO	NO	NA	NO
GO_BP	GO:0043401	steroid hormone receptor signaling pathway	Neither	NO	NO	NA	NO
GO_BP	GO:0043403	skeletal muscle tissue regeneration	Neither	NO	NO	NA	NO
GO_BP	GO:0043405	regulation of MAP kinase activity	Neither	NO	NO	NA	NO
GO_BP	GO:0043406	positive regulation of MAP kinase activity	Neither	NO	NO	NA	NO
GO_BP	GO:0043407	negative regulation of MAP kinase activity	Neither	NO	NO	NA	NO
GO_BP	GO:0043409	negative regulation of MAPK cascade	Neither	NO	NO	NA	NO
GO_BP	GO:0043410	positive regulation of MAPK cascade	Neither	NO	NO	NA	NO
GO_BP	GO:0043414	macromolecule methylation	Neither	NO	NO	NA	NO
GO_BP	GO:0043434	response to peptide hormone	Neither	NO	NO	NA	NO
GO_BP	GO:0043455	regulation of secondary metabolic process	Neither	NO	NO	NA	NO
GO_BP	GO:0043457	regulation of cellular respiration	Neither	NO	NO	NA	NO
GO_BP	GO:0043462	regulation of ATP-dependent activity	Neither	NO	NO	NA	NO
GO_BP	GO:0043467	regulation of generation of precursor metabolites and energy	Neither	NO	NO	NA	NO
GO_BP	GO:0043470	regulation of carbohydrate catabolic process	Neither	NO	NO	NA	NO
GO_BP	GO:0043473	pigmentation	Neither	NO	NO	NA	NO
GO_BP	GO:0043476	pigment accumulation	Neither	NO	NO	NA	NO
GO_BP	GO:0043482	cellular pigment accumulation	Neither	NO	NO	NA	NO
GO_BP	GO:0043484	regulation of RNA splicing	Neither	NO	NO	NA	NO
GO_BP	GO:0043485	endosome to pigment granule transport	Neither	NO	NO	NA	NO
GO_BP	GO:0043487	regulation of RNA stability	Neither	NO	NO	NA	NO
GO_BP	GO:0043488	regulation of mRNA stability	Neither	NO	NO	NA	NO
GO_BP	GO:0043489	RNA stabilization	Neither	NO	NO	NA	NO
GO_BP	GO:0043491	phosphatidylinositol 3-kinase/protein kinase B signal transduction	Neither	NO	NO	NA	NO
GO_BP	GO:0043500	muscle adaptation	Neither	NO	NO	NA	NO
GO_BP	GO:0043502	regulation of muscle adaptation	Neither	NO	NO	NA	NO
GO_BP	GO:0043506	regulation of JUN kinase activity	Neither	NO	NO	NA	NO
GO_BP	GO:0043516	regulation of DNA damage response, signal transduction by p53 class mediator	Neither	NO	NO	NA	NO
GO_BP	GO:0043517	positive regulation of DNA damage response, signal transduction by p53 class mediator	Neither	NO	NO	NA	NO
GO_BP	GO:0043518	negative regulation of DNA damage response, signal transduction by p53 class mediator	Neither	NO	NO	NA	NO
GO_BP	GO:0043523	regulation of neuron apoptotic process	Neither	NO	NO	NA	NO
GO_BP	GO:0043524	negative regulation of neuron apoptotic process	Neither	NO	NO	NA	NO
GO_BP	GO:0043525	positive regulation of neuron apoptotic process	Neither	NO	NO	NA	NO
GO_BP	GO:0043534	blood vessel endothelial cell migration	Neither	NO	NO	NA	NO
GO_BP	GO:0043535	regulation of blood vessel endothelial cell migration	Neither	NO	NO	NA	NO
GO_BP	GO:0043536	positive regulation of blood vessel endothelial cell migration	Neither	NO	NO	NA	NO
GO_BP	GO:0043537	negative regulation of blood vessel endothelial cell migration	Neither	NO	NO	NA	NO
GO_BP	GO:0043542	endothelial cell migration	Neither	NO	NO	NA	NO
GO_BP	GO:0043543	protein acylation	Neither	NO	NO	NA	NO
GO_BP	GO:0043547	positive regulation of GTPase activity	Neither	NO	NO	NA	NO
GO_BP	GO:0043549	regulation of kinase activity	Neither	NO	NO	NA	NO
GO_BP	GO:0043555	regulation of translation in response to stress	Neither	NO	NO	NA	NO
GO_BP	GO:0043562	cellular response to nitrogen levels	Neither	NO	NO	NA	NO
GO_BP	GO:0043567	regulation of insulin-like growth factor receptor signaling pathway	Neither	NO	NO	NA	NO
GO_BP	GO:0043574	peroxisomal transport	Neither	NO	NO	NA	NO
GO_BP	GO:0043576	regulation of respiratory gaseous exchange	Neither	NO	NO	NA	NO
GO_BP	GO:0043583	ear development	Neither	NO	NO	NA	NO
GO_BP	GO:0043584	nose development	Firth_only	NO	NO	NA	NO
GO_BP	GO:0043586	tongue development	Neither	NO	NO	NA	NO
GO_BP	GO:0043588	skin development	Neither	NO	NO	NA	NO
GO_BP	GO:0043589	skin morphogenesis	Neither	NO	NO	NA	NO
GO_BP	GO:0043616	keratinocyte proliferation	Neither	NO	NO	NA	NO
GO_BP	GO:0043627	response to estrogen	Neither	NO	NO	NA	NO
GO_BP	GO:0043647	inositol phosphate metabolic process	Neither	NO	NO	NA	NO
GO_BP	GO:0043648	dicarboxylic acid metabolic process	Neither	NO	NO	NA	NO
GO_BP	GO:0043649	dicarboxylic acid catabolic process	Neither	NO	NO	NA	NO
GO_BP	GO:0043650	dicarboxylic acid biosynthetic process	Neither	NO	NO	NA	NO
GO_BP	GO:0043651	linoleic acid metabolic process	Neither	NO	NO	NA	NO
GO_BP	GO:0043653	mitochondrial fragmentation involved in apoptotic process	Neither	NO	NO	NA	NO
GO_BP	GO:0043691	reverse cholesterol transport	Neither	NO	NO	NA	NO
GO_BP	GO:0043903	regulation of biological process involved in symbiotic interaction	Neither	NO	NO	NA	NO
GO_BP	GO:0043921	host-mediated perturbation of viral transcription	Neither	NO	NO	NA	NO
GO_BP	GO:0043922	host-mediated suppression of viral transcription	Neither	NO	NO	NA	NO
GO_BP	GO:0043923	host-mediated activation of viral transcription	Neither	NO	NO	NA	NO
GO_BP	GO:0043931	ossification involved in bone maturation	Neither	NO	NO	NA	NO
GO_BP	GO:0043954	cellular component maintenance	Neither	NO	NO	NA	NO
GO_BP	GO:0044027	negative regulation of gene expression via chromosomal CpG island methylation	Neither	NO	NO	NA	NO
GO_BP	GO:0044029	positive regulation of gene expression via chromosomal CpG island demethylation	Firth_only	NO	NO	NA	NO
GO_BP	GO:0044042	glucan metabolic process	Neither	NO	NO	NA	NO
GO_BP	GO:0044058	regulation of digestive system process	Neither	NO	NO	NA	NO
GO_BP	GO:0044060	regulation of endocrine process	Neither	NO	NO	NA	NO
GO_BP	GO:0044062	regulation of excretion	Neither	NO	NO	NA	NO
GO_BP	GO:0044070	regulation of monoatomic anion transport	Neither	NO	NO	NA	NO
GO_BP	GO:0044088	regulation of vacuole organization	Neither	NO	NO	NA	NO
GO_BP	GO:0044089	positive regulation of cellular component biogenesis	Neither	NO	NO	NA	NO
GO_BP	GO:0044090	positive regulation of vacuole organization	Neither	NO	NO	NA	NO
GO_BP	GO:0044091	membrane biogenesis	Neither	NO	NO	NA	NO
GO_BP	GO:0044092	negative regulation of molecular function	Neither	NO	NO	NA	NO
GO_BP	GO:0044093	positive regulation of molecular function	Neither	NO	NO	NA	NO
GO_BP	GO:0044241	lipid digestion	Neither	NO	NO	NA	NO
GO_BP	GO:0044272	sulfur compound biosynthetic process	Neither	NO	NO	NA	NO
GO_BP	GO:0044273	sulfur compound catabolic process	Neither	NO	NO	NA	NO
GO_BP	GO:0044282	small molecule catabolic process	Neither	NO	NO	NA	NO
GO_BP	GO:0044283	small molecule biosynthetic process	Neither	NO	NO	NA	NO
GO_BP	GO:0044314	protein K27-linked ubiquitination	Neither	NO	NO	NA	NO
GO_BP	GO:0044319	wound healing, spreading of cells	Neither	NO	NO	NA	NO
GO_BP	GO:0044320	cellular response to leptin stimulus	Neither	NO	NO	NA	NO
GO_BP	GO:0044321	response to leptin	Neither	NO	NO	NA	NO
GO_BP	GO:0044331	cell-cell adhesion mediated by cadherin	Neither	NO	NO	NA	NO
GO_BP	GO:0044344	cellular response to fibroblast growth factor stimulus	Neither	NO	NO	NA	NO
GO_BP	GO:0044380	protein localization to cytoskeleton	Neither	NO	NO	NA	NO
GO_BP	GO:0044403	biological process involved in symbiotic interaction	Neither	NO	NO	NA	NO
GO_BP	GO:0044406	adhesion of symbiont to host	Neither	NO	NO	NA	NO
GO_BP	GO:0044409	symbiont entry into host	Neither	NO	NO	NA	NO
GO_BP	GO:0044458	motile cilium assembly	Neither	NO	NO	NA	NO
GO_BP	GO:0044539	long-chain fatty acid import into cell	Neither	NO	NO	NA	NO
GO_BP	GO:0044550	secondary metabolite biosynthetic process	Neither	NO	NO	NA	NO
GO_BP	GO:0044571	[2Fe-2S] cluster assembly	Neither	NO	NO	NA	NO
GO_BP	GO:0044598	doxorubicin metabolic process	Neither	NO	NO	NA	NO
GO_BP	GO:0044650	adhesion of symbiont to host cell	Neither	NO	NO	NA	NO
GO_BP	GO:0044703	multi-organism reproductive process	Neither	NO	NO	NA	NO
GO_BP	GO:0044706	multi-multicellular organism process	Neither	NO	NO	NA	NO
GO_BP	GO:0044725	epigenetic programming in the zygotic pronuclei	Neither	NO	NO	NA	NO
GO_BP	GO:0044743	protein transmembrane import into intracellular organelle	Neither	NO	NO	NA	NO
GO_BP	GO:0044770	cell cycle phase transition	Neither	NO	NO	NA	NO
GO_BP	GO:0044772	mitotic cell cycle phase transition	Neither	NO	NO	NA	NO
GO_BP	GO:0044773	mitotic DNA damage checkpoint signaling	Neither	NO	NO	NA	NO
GO_BP	GO:0044774	mitotic DNA integrity checkpoint signaling	Neither	NO	NO	NA	NO
GO_BP	GO:0044782	cilium organization	Neither	NO	NO	NA	NO
GO_BP	GO:0044786	cell cycle DNA replication	Firth_only	NO	NO	NA	NO
GO_BP	GO:0044788	host-mediated perturbation of viral process	Neither	NO	NO	NA	NO
GO_BP	GO:0044790	suppression of viral release by host	Neither	NO	NO	NA	NO
GO_BP	GO:0044793	host-mediated suppression of viral proces	Neither	NO	NO	NA	NO
GO_BP	GO:0044794	host-mediated activation of viral process	Neither	NO	NO	NA	NO
GO_BP	GO:0044804	nucleophagy	Neither	NO	NO	NA	NO
GO_BP	GO:0044818	mitotic G2/M transition checkpoint	Neither	NO	NO	NA	NO
GO_BP	GO:0044819	mitotic G1/S transition checkpoint signaling	Firth_only	NO	NO	NA	NO
GO_BP	GO:0044827	host-mediated perturbation of viral genome replication	Neither	NO	NO	NA	NO
GO_BP	GO:0044828	host-mediated suppression of viral genome replication	Neither	NO	NO	NA	NO
GO_BP	GO:0044829	host-mediated activation of viral genome replication	Neither	NO	NO	NA	NO
GO_BP	GO:0044839	cell cycle G2/M phase transition	Neither	NO	NO	NA	NO
GO_BP	GO:0044843	cell cycle G1/S phase transition	Neither	NO	NO	NA	NO
GO_BP	GO:0044849	estrous cycle	Neither	NO	NO	NA	NO
GO_BP	GO:0044857	plasma membrane raft organization	Neither	NO	NO	NA	NO
GO_BP	GO:0044872	lipoprotein localization	Neither	NO	NO	NA	NO
GO_BP	GO:0045003	double-strand break repair via synthesis-dependent strand annealing	Tier1	YES	NO	NO	YES
GO_BP	GO:0045005	DNA-templated DNA replication maintenance of fidelity	Neither	NO	NO	NA	NO
GO_BP	GO:0045006	DNA deamination	Neither	NO	NO	NA	NO
GO_BP	GO:0045010	actin nucleation	Neither	NO	NO	NA	NO
GO_BP	GO:0045017	glycerolipid biosynthetic process	Neither	NO	NO	NA	NO
GO_BP	GO:0045019	negative regulation of nitric oxide biosynthetic process	Neither	NO	NO	NA	NO
GO_BP	GO:0045022	early endosome to late endosome transport	Neither	NO	NO	NA	NO
GO_BP	GO:0045039	protein insertion into mitochondrial inner membrane	Neither	NO	NO	NA	NO
GO_BP	GO:0045040	protein insertion into mitochondrial outer membrane	Neither	NO	NO	NA	NO
GO_BP	GO:0045047	protein targeting to ER	Firth_only	NO	NO	NA	NO
GO_BP	GO:0045048	protein insertion into ER membrane	Neither	NO	NO	NA	NO
GO_BP	GO:0045050	protein insertion into ER membrane by stop-transfer membrane-anchor sequence	Neither	NO	NO	NA	NO
GO_BP	GO:0045055	regulated exocytosis	Neither	NO	NO	NA	NO
GO_BP	GO:0045056	transcytosis	Neither	NO	NO	NA	NO
GO_BP	GO:0045058	T cell selection	Neither	NO	NO	NA	NO
GO_BP	GO:0045061	thymic T cell selection	Neither	NO	NO	NA	NO
GO_BP	GO:0045063	T-helper 1 cell differentiation	Neither	NO	NO	NA	NO
GO_BP	GO:0045069	regulation of viral genome replication	Neither	NO	NO	NA	NO
GO_BP	GO:0045070	positive regulation of viral genome replication	Neither	NO	NO	NA	NO
GO_BP	GO:0045071	negative regulation of viral genome replication	Neither	NO	NO	NA	NO
GO_BP	GO:0045088	regulation of innate immune response	Neither	NO	NO	NA	NO
GO_BP	GO:0045089	positive regulation of innate immune response	Neither	NO	NO	NA	NO
GO_BP	GO:0045091	regulation of single stranded viral RNA replication via double stranded DNA intermediate	Firth_only	NO	NO	NA	NO
GO_BP	GO:0045103	intermediate filament-based process	Neither	NO	NO	NA	NO
GO_BP	GO:0045104	intermediate filament cytoskeleton organization	Neither	NO	NO	NA	NO
GO_BP	GO:0045109	intermediate filament organization	Neither	NO	NO	NA	NO
GO_BP	GO:0045116	protein neddylation	Neither	NO	NO	NA	NO
GO_BP	GO:0045117	azole transmembrane transport	Neither	NO	NO	NA	NO
GO_BP	GO:0045123	cellular extravasation	Neither	NO	NO	NA	NO
GO_BP	GO:0045124	regulation of bone resorption	Neither	NO	NO	NA	NO
GO_BP	GO:0045132	meiotic chromosome segregation	Neither	NO	NO	NA	NO
GO_BP	GO:0045137	development of primary sexual characteristics	Neither	NO	NO	NA	NO
GO_BP	GO:0045143	homologous chromosome segregation	Neither	NO	NO	NA	NO
GO_BP	GO:0045161	neuronal ion channel clustering	Neither	NO	NO	NA	NO
GO_BP	GO:0045165	cell fate commitment	Neither	NO	NO	NA	NO
GO_BP	GO:0045176	apical protein localization	Firth_only	NO	NO	NA	NO
GO_BP	GO:0045185	maintenance of protein location	Neither	NO	NO	NA	NO
GO_BP	GO:0045187	regulation of circadian sleep/wake cycle, sleep	Neither	NO	NO	NA	NO
GO_BP	GO:0045190	isotype switching	Neither	NO	NO	NA	NO
GO_BP	GO:0045191	regulation of isotype switching	Neither	NO	NO	NA	NO
GO_BP	GO:0045197	establishment or maintenance of epithelial cell apical/basal polarity	Neither	NO	NO	NA	NO
GO_BP	GO:0045214	sarcomere organization	Neither	NO	NO	NA	NO
GO_BP	GO:0045216	cell-cell junction organization	Neither	NO	NO	NA	NO
GO_BP	GO:0045217	cell-cell junction maintenance	Neither	NO	NO	NA	NO
GO_BP	GO:0045229	external encapsulating structure organization	Neither	NO	NO	NA	NO
GO_BP	GO:0045292	mRNA cis splicing, via spliceosome	Neither	NO	NO	NA	NO
GO_BP	GO:0045321	leukocyte activation	Tier1	YES	NO	NO	YES
GO_BP	GO:0045324	late endosome to vacuole transport	Neither	NO	NO	NA	NO
GO_BP	GO:0045332	phospholipid translocation	Neither	NO	NO	NA	NO
GO_BP	GO:0045333	cellular respiration	Neither	NO	NO	NA	NO
GO_BP	GO:0045346	regulation of MHC class II biosynthetic process	Neither	NO	NO	NA	NO
GO_BP	GO:0045348	positive regulation of MHC class II biosynthetic process	Neither	NO	NO	NA	NO
GO_BP	GO:0045428	regulation of nitric oxide biosynthetic process	Neither	NO	NO	NA	NO
GO_BP	GO:0045429	positive regulation of nitric oxide biosynthetic process	Neither	NO	NO	NA	NO
GO_BP	GO:0045444	fat cell differentiation	Neither	NO	NO	NA	NO
GO_BP	GO:0045445	myoblast differentiation	Neither	NO	NO	NA	NO
GO_BP	GO:0045446	endothelial cell differentiation	Neither	NO	NO	NA	NO
GO_BP	GO:0045453	bone resorption	Neither	NO	NO	NA	NO
GO_BP	GO:0045454	cell redox homeostasis	Neither	NO	NO	NA	NO
GO_BP	GO:0045471	response to ethanol	Neither	NO	NO	NA	NO
GO_BP	GO:0045472	response to ether	Neither	NO	NO	NA	NO
GO_BP	GO:0045475	locomotor rhythm	Tier1	YES	NO	NO	YES
GO_BP	GO:0045494	photoreceptor cell maintenance	Neither	NO	NO	NA	NO
GO_BP	GO:0045540	regulation of cholesterol biosynthetic process	Neither	NO	NO	NA	NO
GO_BP	GO:0045542	positive regulation of cholesterol biosynthetic process	Neither	NO	NO	NA	NO
GO_BP	GO:0045576	mast cell activation	Neither	NO	NO	NA	NO
GO_BP	GO:0045577	regulation of B cell differentiation	Neither	NO	NO	NA	NO
GO_BP	GO:0045579	positive regulation of B cell differentiation	Neither	NO	NO	NA	NO
GO_BP	GO:0045580	regulation of T cell differentiation	Neither	NO	NO	NA	NO
GO_BP	GO:0045581	negative regulation of T cell differentiation	Neither	NO	NO	NA	NO
GO_BP	GO:0045582	positive regulation of T cell differentiation	Neither	NO	NO	NA	NO
GO_BP	GO:0045589	regulation of regulatory T cell differentiation	Neither	NO	NO	NA	NO
GO_BP	GO:0045590	negative regulation of regulatory T cell differentiation	Neither	NO	NO	NA	NO
GO_BP	GO:0045591	positive regulation of regulatory T cell differentiation	Neither	NO	NO	NA	NO
GO_BP	GO:0045598	regulation of fat cell differentiation	Neither	NO	NO	NA	NO
GO_BP	GO:0045599	negative regulation of fat cell differentiation	Neither	NO	NO	NA	NO
GO_BP	GO:0045600	positive regulation of fat cell differentiation	Neither	NO	NO	NA	NO
GO_BP	GO:0045601	regulation of endothelial cell differentiation	Neither	NO	NO	NA	NO
GO_BP	GO:0045604	regulation of epidermal cell differentiation	Neither	NO	NO	NA	NO
GO_BP	GO:0045605	negative regulation of epidermal cell differentiation	Neither	NO	NO	NA	NO
GO_BP	GO:0045606	positive regulation of epidermal cell differentiation	Neither	NO	NO	NA	NO
GO_BP	GO:0045616	regulation of keratinocyte differentiation	Neither	NO	NO	NA	NO
GO_BP	GO:0045618	positive regulation of keratinocyte differentiation	Neither	NO	NO	NA	NO
GO_BP	GO:0045619	regulation of lymphocyte differentiation	Neither	NO	NO	NA	NO
GO_BP	GO:0045620	negative regulation of lymphocyte differentiation	Neither	NO	NO	NA	NO
GO_BP	GO:0045621	positive regulation of lymphocyte differentiation	Neither	NO	NO	NA	NO
GO_BP	GO:0045622	regulation of T-helper cell differentiation	Neither	NO	NO	NA	NO
GO_BP	GO:0045623	negative regulation of T-helper cell differentiation	Neither	NO	NO	NA	NO
GO_BP	GO:0045624	positive regulation of T-helper cell differentiation	Neither	NO	NO	NA	NO
GO_BP	GO:0045637	regulation of myeloid cell differentiation	Neither	NO	NO	NA	NO
GO_BP	GO:0045638	negative regulation of myeloid cell differentiation	Neither	NO	NO	NA	NO
GO_BP	GO:0045639	positive regulation of myeloid cell differentiation	Neither	NO	NO	NA	NO
GO_BP	GO:0045646	regulation of erythrocyte differentiation	Neither	NO	NO	NA	NO
GO_BP	GO:0045648	positive regulation of erythrocyte differentiation	Neither	NO	NO	NA	NO
GO_BP	GO:0045649	regulation of macrophage differentiation	Neither	NO	NO	NA	NO
GO_BP	GO:0045651	positive regulation of macrophage differentiation	Neither	NO	NO	NA	NO
GO_BP	GO:0045652	regulation of megakaryocyte differentiation	Neither	NO	NO	NA	NO
GO_BP	GO:0045654	positive regulation of megakaryocyte differentiation	Neither	NO	NO	NA	NO
GO_BP	GO:0045655	regulation of monocyte differentiation	Neither	NO	NO	NA	NO
GO_BP	GO:0045657	positive regulation of monocyte differentiation	Neither	NO	NO	NA	NO
GO_BP	GO:0045661	regulation of myoblast differentiation	Neither	NO	NO	NA	NO
GO_BP	GO:0045662	negative regulation of myoblast differentiation	Neither	NO	NO	NA	NO
GO_BP	GO:0045663	positive regulation of myoblast differentiation	Neither	NO	NO	NA	NO
GO_BP	GO:0045664	regulation of neuron differentiation	Neither	NO	NO	NA	NO
GO_BP	GO:0045665	negative regulation of neuron differentiation	Neither	NO	NO	NA	NO
GO_BP	GO:0045666	positive regulation of neuron differentiation	Neither	NO	NO	NA	NO
GO_BP	GO:0045667	regulation of osteoblast differentiation	Neither	NO	NO	NA	NO
GO_BP	GO:0045668	negative regulation of osteoblast differentiation	Neither	NO	NO	NA	NO
GO_BP	GO:0045669	positive regulation of osteoblast differentiation	Neither	NO	NO	NA	NO
GO_BP	GO:0045670	regulation of osteoclast differentiation	Neither	NO	NO	NA	NO
GO_BP	GO:0045671	negative regulation of osteoclast differentiation	Neither	NO	NO	NA	NO
GO_BP	GO:0045672	positive regulation of osteoclast differentiation	Neither	NO	NO	NA	NO
GO_BP	GO:0045682	regulation of epidermis development	Neither	NO	NO	NA	NO
GO_BP	GO:0045683	negative regulation of epidermis development	Neither	NO	NO	NA	NO
GO_BP	GO:0045684	positive regulation of epidermis development	Neither	NO	NO	NA	NO
GO_BP	GO:0045685	regulation of glial cell differentiation	Neither	NO	NO	NA	NO
GO_BP	GO:0045686	negative regulation of glial cell differentiation	Neither	NO	NO	NA	NO
GO_BP	GO:0045687	positive regulation of glial cell differentiation	Neither	NO	NO	NA	NO
GO_BP	GO:0045717	negative regulation of fatty acid biosynthetic process	Neither	NO	NO	NA	NO
GO_BP	GO:0045721	negative regulation of gluconeogenesis	Neither	NO	NO	NA	NO
GO_BP	GO:0045722	positive regulation of gluconeogenesis	Neither	NO	NO	NA	NO
GO_BP	GO:0045723	positive regulation of fatty acid biosynthetic process	Neither	NO	NO	NA	NO
GO_BP	GO:0045724	positive regulation of cilium assembly	Neither	NO	NO	NA	NO
GO_BP	GO:0045725	positive regulation of glycogen biosynthetic process	Neither	NO	NO	NA	NO
GO_BP	GO:0045727	positive regulation of translation	Neither	NO	NO	NA	NO
GO_BP	GO:0045730	respiratory burst	Firth_only	NO	NO	NA	NO
GO_BP	GO:0045732	positive regulation of protein catabolic process	Neither	NO	NO	NA	NO
GO_BP	GO:0045738	negative regulation of DNA repair	Neither	NO	NO	NA	NO
GO_BP	GO:0045739	positive regulation of DNA repair	Firth_only	NO	NO	NA	NO
GO_BP	GO:0045740	positive regulation of DNA replication	Neither	NO	NO	NA	NO
GO_BP	GO:0045742	positive regulation of epidermal growth factor receptor signaling pathway	Neither	NO	NO	NA	NO
GO_BP	GO:0045744	negative regulation of G protein-coupled receptor signaling pathway	Neither	NO	NO	NA	NO
GO_BP	GO:0045745	positive regulation of G protein-coupled receptor signaling pathway	Neither	NO	NO	NA	NO
GO_BP	GO:0045746	negative regulation of Notch signaling pathway	Neither	NO	NO	NA	NO
GO_BP	GO:0045747	positive regulation of Notch signaling pathway	Neither	NO	NO	NA	NO
GO_BP	GO:0045761	regulation of adenylate cyclase activity	Neither	NO	NO	NA	NO
GO_BP	GO:0045762	positive regulation of adenylate cyclase activity	Neither	NO	NO	NA	NO
GO_BP	GO:0045765	regulation of angiogenesis	Neither	NO	NO	NA	NO
GO_BP	GO:0045766	positive regulation of angiogenesis	Neither	NO	NO	NA	NO
GO_BP	GO:0045773	positive regulation of axon extension	Neither	NO	NO	NA	NO
GO_BP	GO:0045776	negative regulation of blood pressure	Neither	NO	NO	NA	NO
GO_BP	GO:0045777	positive regulation of blood pressure	Neither	NO	NO	NA	NO
GO_BP	GO:0045778	positive regulation of ossification	Neither	NO	NO	NA	NO
GO_BP	GO:0045779	negative regulation of bone resorption	Neither	NO	NO	NA	NO
GO_BP	GO:0045780	positive regulation of bone resorption	Neither	NO	NO	NA	NO
GO_BP	GO:0045785	positive regulation of cell adhesion	Neither	NO	NO	NA	NO
GO_BP	GO:0045786	negative regulation of cell cycle	Neither	NO	NO	NA	NO
GO_BP	GO:0045787	positive regulation of cell cycle	Neither	NO	NO	NA	NO
GO_BP	GO:0045806	negative regulation of endocytosis	Neither	NO	NO	NA	NO
GO_BP	GO:0045807	positive regulation of endocytosis	Neither	NO	NO	NA	NO
GO_BP	GO:0045814	negative regulation of gene expression, epigenetic	Neither	NO	NO	NA	NO
GO_BP	GO:0045815	transcription initiation-coupled chromatin remodeling	Firth_only	NO	NO	NA	NO
GO_BP	GO:0045820	negative regulation of glycolytic process	Neither	NO	NO	NA	NO
GO_BP	GO:0045821	positive regulation of glycolytic process	Neither	NO	NO	NA	NO
GO_BP	GO:0045822	negative regulation of heart contraction	Neither	NO	NO	NA	NO
GO_BP	GO:0045823	positive regulation of heart contraction	Neither	NO	NO	NA	NO
GO_BP	GO:0045824	negative regulation of innate immune response	Neither	NO	NO	NA	NO
GO_BP	GO:0045830	positive regulation of isotype switching	Neither	NO	NO	NA	NO
GO_BP	GO:0045833	negative regulation of lipid metabolic process	Neither	NO	NO	NA	NO
GO_BP	GO:0045834	positive regulation of lipid metabolic process	Neither	NO	NO	NA	NO
GO_BP	GO:0045836	positive regulation of meiotic nuclear division	Neither	NO	NO	NA	NO
GO_BP	GO:0045837	negative regulation of membrane potential	Neither	NO	NO	NA	NO
GO_BP	GO:0045838	positive regulation of membrane potential	Neither	NO	NO	NA	NO
GO_BP	GO:0045839	negative regulation of mitotic nuclear division	Neither	NO	NO	NA	NO
GO_BP	GO:0045840	positive regulation of mitotic nuclear division	Neither	NO	NO	NA	NO
GO_BP	GO:0045841	negative regulation of mitotic metaphase/anaphase transition	Neither	NO	NO	NA	NO
GO_BP	GO:0045842	positive regulation of mitotic metaphase/anaphase transition	Neither	NO	NO	NA	NO
GO_BP	GO:0045844	positive regulation of striated muscle tissue development	Neither	NO	NO	NA	NO
GO_BP	GO:0045859	regulation of protein kinase activity	Neither	NO	NO	NA	NO
GO_BP	GO:0045860	positive regulation of protein kinase activity	Neither	NO	NO	NA	NO
GO_BP	GO:0045861	negative regulation of proteolysis	Neither	NO	NO	NA	NO
GO_BP	GO:0045862	positive regulation of proteolysis	Neither	NO	NO	NA	NO
GO_BP	GO:0045869	negative regulation of single stranded viral RNA replication via double stranded DNA intermediate	Neither	NO	NO	NA	NO
GO_BP	GO:0045879	negative regulation of smoothened signaling pathway	Neither	NO	NO	NA	NO
GO_BP	GO:0045880	positive regulation of smoothened signaling pathway	Neither	NO	NO	NA	NO
GO_BP	GO:0045906	negative regulation of vasoconstriction	Neither	NO	NO	NA	NO
GO_BP	GO:0045907	positive regulation of vasoconstriction	Neither	NO	NO	NA	NO
GO_BP	GO:0045910	negative regulation of DNA recombination	Neither	NO	NO	NA	NO
GO_BP	GO:0045911	positive regulation of DNA recombination	Neither	NO	NO	NA	NO
GO_BP	GO:0045912	negative regulation of carbohydrate metabolic process	Neither	NO	NO	NA	NO
GO_BP	GO:0045913	positive regulation of carbohydrate metabolic process	Neither	NO	NO	NA	NO
GO_BP	GO:0045916	negative regulation of complement activation	Neither	NO	NO	NA	NO
GO_BP	GO:0045920	negative regulation of exocytosis	Neither	NO	NO	NA	NO
GO_BP	GO:0045921	positive regulation of exocytosis	Neither	NO	NO	NA	NO
GO_BP	GO:0045922	negative regulation of fatty acid metabolic process	Neither	NO	NO	NA	NO
GO_BP	GO:0045923	positive regulation of fatty acid metabolic process	Neither	NO	NO	NA	NO
GO_BP	GO:0045926	negative regulation of growth	Neither	NO	NO	NA	NO
GO_BP	GO:0045927	positive regulation of growth	Neither	NO	NO	NA	NO
GO_BP	GO:0045930	negative regulation of mitotic cell cycle	Neither	NO	NO	NA	NO
GO_BP	GO:0045931	positive regulation of mitotic cell cycle	Neither	NO	NO	NA	NO
GO_BP	GO:0045932	negative regulation of muscle contraction	Neither	NO	NO	NA	NO
GO_BP	GO:0045933	positive regulation of muscle contraction	Neither	NO	NO	NA	NO
GO_BP	GO:0045936	negative regulation of phosphate metabolic process	Neither	NO	NO	NA	NO
GO_BP	GO:0045937	positive regulation of phosphate metabolic process	Neither	NO	NO	NA	NO
GO_BP	GO:0045939	negative regulation of steroid metabolic process	Neither	NO	NO	NA	NO
GO_BP	GO:0045940	positive regulation of steroid metabolic process	Neither	NO	NO	NA	NO
GO_BP	GO:0045943	positive regulation of transcription by RNA polymerase I	Neither	NO	NO	NA	NO
GO_BP	GO:0045945	positive regulation of transcription by RNA polymerase III	Neither	NO	NO	NA	NO
GO_BP	GO:0045947	negative regulation of translational initiation	Neither	NO	NO	NA	NO
GO_BP	GO:0045948	positive regulation of translational initiation	Neither	NO	NO	NA	NO
GO_BP	GO:0045953	negative regulation of natural killer cell mediated cytotoxicity	Neither	NO	NO	NA	NO
GO_BP	GO:0045954	positive regulation of natural killer cell mediated cytotoxicity	Neither	NO	NO	NA	NO
GO_BP	GO:0045956	positive regulation of calcium ion-dependent exocytosis	Neither	NO	NO	NA	NO
GO_BP	GO:0045980	negative regulation of nucleotide metabolic process	Neither	NO	NO	NA	NO
GO_BP	GO:0045981	positive regulation of nucleotide metabolic process	Neither	NO	NO	NA	NO
GO_BP	GO:0045986	negative regulation of smooth muscle contraction	Neither	NO	NO	NA	NO
GO_BP	GO:0045987	positive regulation of smooth muscle contraction	Neither	NO	NO	NA	NO
GO_BP	GO:0045989	positive regulation of striated muscle contraction	Neither	NO	NO	NA	NO
GO_BP	GO:0045995	regulation of embryonic development	Neither	NO	NO	NA	NO
GO_BP	GO:0046006	regulation of activated T cell proliferation	Neither	NO	NO	NA	NO
GO_BP	GO:0046007	negative regulation of activated T cell proliferation	Neither	NO	NO	NA	NO
GO_BP	GO:0046031	ADP metabolic process	Neither	NO	NO	NA	NO
GO_BP	GO:0046032	ADP catabolic process	Neither	NO	NO	NA	NO
GO_BP	GO:0046033	AMP metabolic process	Firth_only	NO	NO	NA	NO
GO_BP	GO:0046034	ATP metabolic process	Neither	NO	NO	NA	NO
GO_BP	GO:0046035	CMP metabolic process	Neither	NO	NO	NA	NO
GO_BP	GO:0046036	CTP metabolic process	Neither	NO	NO	NA	NO
GO_BP	GO:0046037	GMP metabolic process	Firth_only	NO	NO	NA	NO
GO_BP	GO:0046039	GTP metabolic process	Neither	NO	NO	NA	NO
GO_BP	GO:0046040	IMP metabolic process	Neither	NO	NO	NA	NO
GO_BP	GO:0046049	UMP metabolic process	Neither	NO	NO	NA	NO
GO_BP	GO:0046051	UTP metabolic process	Neither	NO	NO	NA	NO
GO_BP	GO:0046058	cAMP metabolic process	Neither	NO	NO	NA	NO
GO_BP	GO:0046068	cGMP metabolic process	Neither	NO	NO	NA	NO
GO_BP	GO:0046073	dTMP metabolic process	Neither	NO	NO	NA	NO
GO_BP	GO:0046078	dUMP metabolic process	Neither	NO	NO	NA	NO
GO_BP	GO:0046112	nucleobase biosynthetic process	Firth_only	NO	NO	NA	NO
GO_BP	GO:0046128	purine ribonucleoside metabolic process	Tier1	YES	NO	NO	YES
GO_BP	GO:0046148	pigment biosynthetic process	Neither	NO	NO	NA	NO
GO_BP	GO:0046149	pigment catabolic process	Neither	NO	NO	NA	NO
GO_BP	GO:0046164	alcohol catabolic process	Neither	NO	NO	NA	NO
GO_BP	GO:0046165	alcohol biosynthetic process	Neither	NO	NO	NA	NO
GO_BP	GO:0046173	polyol biosynthetic process	Neither	NO	NO	NA	NO
GO_BP	GO:0046174	polyol catabolic process	Neither	NO	NO	NA	NO
GO_BP	GO:0046184	aldehyde biosynthetic process	Neither	NO	NO	NA	NO
GO_BP	GO:0046185	aldehyde catabolic process	Neither	NO	NO	NA	NO
GO_BP	GO:0046189	phenol-containing compound biosynthetic process	Neither	NO	NO	NA	NO
GO_BP	GO:0046209	nitric oxide metabolic process	Neither	NO	NO	NA	NO
GO_BP	GO:0046320	regulation of fatty acid oxidation	Neither	NO	NO	NA	NO
GO_BP	GO:0046321	positive regulation of fatty acid oxidation	Neither	NO	NO	NA	NO
GO_BP	GO:0046322	negative regulation of fatty acid oxidation	Neither	NO	NO	NA	NO
GO_BP	GO:0046324	regulation of D-glucose import across plasma membrane	Neither	NO	NO	NA	NO
GO_BP	GO:0046325	negative regulation of D-glucose import across plasma membrane	Neither	NO	NO	NA	NO
GO_BP	GO:0046326	positive regulation of D-glucose import across plasma membrane	Neither	NO	NO	NA	NO
GO_BP	GO:0046328	regulation of JNK cascade	Neither	NO	NO	NA	NO
GO_BP	GO:0046329	negative regulation of JNK cascade	Neither	NO	NO	NA	NO
GO_BP	GO:0046330	positive regulation of JNK cascade	Neither	NO	NO	NA	NO
GO_BP	GO:0046337	phosphatidylethanolamine metabolic process	Neither	NO	NO	NA	NO
GO_BP	GO:0046339	diacylglycerol metabolic process	Neither	NO	NO	NA	NO
GO_BP	GO:0046341	CDP-diacylglycerol metabolic process	Neither	NO	NO	NA	NO
GO_BP	GO:0046348	amino sugar catabolic process	Neither	NO	NO	NA	NO
GO_BP	GO:0046349	amino sugar biosynthetic process	Neither	NO	NO	NA	NO
GO_BP	GO:0046364	monosaccharide biosynthetic process	Neither	NO	NO	NA	NO
GO_BP	GO:0046365	monosaccharide catabolic process	Neither	NO	NO	NA	NO
GO_BP	GO:0046385	deoxyribose phosphate biosynthetic process	Neither	NO	NO	NA	NO
GO_BP	GO:0046386	deoxyribose phosphate catabolic process	Firth_only	NO	NO	NA	NO
GO_BP	GO:0046390	ribose phosphate biosynthetic process	Neither	NO	NO	NA	NO
GO_BP	GO:0046394	carboxylic acid biosynthetic process	Neither	NO	NO	NA	NO
GO_BP	GO:0046395	carboxylic acid catabolic process	Neither	NO	NO	NA	NO
GO_BP	GO:0046415	urate metabolic process	Neither	NO	NO	NA	NO
GO_BP	GO:0046425	regulation of receptor signaling pathway via JAK-STAT	Neither	NO	NO	NA	NO
GO_BP	GO:0046426	negative regulation of receptor signaling pathway via JAK-STAT	Neither	NO	NO	NA	NO
GO_BP	GO:0046427	positive regulation of receptor signaling pathway via JAK-STAT	Neither	NO	NO	NA	NO
GO_BP	GO:0046434	organophosphate catabolic process	Neither	NO	NO	NA	NO
GO_BP	GO:0046456	icosanoid biosynthetic process	Neither	NO	NO	NA	NO
GO_BP	GO:0046457	prostanoid biosynthetic process	Neither	NO	NO	NA	NO
GO_BP	GO:0046459	short-chain fatty acid metabolic process	Neither	NO	NO	NA	NO
GO_BP	GO:0046460	neutral lipid biosynthetic process	Neither	NO	NO	NA	NO
GO_BP	GO:0046461	neutral lipid catabolic process	Neither	NO	NO	NA	NO
GO_BP	GO:0046462	monoacylglycerol metabolic process	Neither	NO	NO	NA	NO
GO_BP	GO:0046463	acylglycerol biosynthetic process	Neither	NO	NO	NA	NO
GO_BP	GO:0046464	acylglycerol catabolic process	Neither	NO	NO	NA	NO
GO_BP	GO:0046469	platelet activating factor metabolic process	Neither	NO	NO	NA	NO
GO_BP	GO:0046470	phosphatidylcholine metabolic process	Neither	NO	NO	NA	NO
GO_BP	GO:0046471	phosphatidylglycerol metabolic process	Neither	NO	NO	NA	NO
GO_BP	GO:0046473	phosphatidic acid metabolic process	Neither	NO	NO	NA	NO
GO_BP	GO:0046474	glycerophospholipid biosynthetic process	Neither	NO	NO	NA	NO
GO_BP	GO:0046475	glycerophospholipid catabolic process	Neither	NO	NO	NA	NO
GO_BP	GO:0046479	glycosphingolipid catabolic process	Neither	NO	NO	NA	NO
GO_BP	GO:0046485	ether lipid metabolic process	Neither	NO	NO	NA	NO
GO_BP	GO:0046486	glycerolipid metabolic process	Neither	NO	NO	NA	NO
GO_BP	GO:0046488	phosphatidylinositol metabolic process	Neither	NO	NO	NA	NO
GO_BP	GO:0046496	nicotinamide nucleotide metabolic process	Neither	NO	NO	NA	NO
GO_BP	GO:0046500	S-adenosylmethionine metabolic process	Neither	NO	NO	NA	NO
GO_BP	GO:0046503	glycerolipid catabolic process	Neither	NO	NO	NA	NO
GO_BP	GO:0046504	glycerol ether biosynthetic process	Neither	NO	NO	NA	NO
GO_BP	GO:0046512	sphingosine biosynthetic process	Neither	NO	NO	NA	NO
GO_BP	GO:0046513	ceramide biosynthetic process	Neither	NO	NO	NA	NO
GO_BP	GO:0046514	ceramide catabolic process	Neither	NO	NO	NA	NO
GO_BP	GO:0046519	sphingoid metabolic process	Neither	NO	NO	NA	NO
GO_BP	GO:0046520	sphingoid biosynthetic process	Neither	NO	NO	NA	NO
GO_BP	GO:0046530	photoreceptor cell differentiation	Neither	NO	NO	NA	NO
GO_BP	GO:0046545	development of primary female sexual characteristics	Neither	NO	NO	NA	NO
GO_BP	GO:0046546	development of primary male sexual characteristics	Neither	NO	NO	NA	NO
GO_BP	GO:0046578	regulation of Ras protein signal transduction	Neither	NO	NO	NA	NO
GO_BP	GO:0046579	positive regulation of Ras protein signal transduction	Neither	NO	NO	NA	NO
GO_BP	GO:0046580	negative regulation of Ras protein signal transduction	Neither	NO	NO	NA	NO
GO_BP	GO:0046596	regulation of viral entry into host cell	Neither	NO	NO	NA	NO
GO_BP	GO:0046597	host-mediated suppression of symbiont invasion	Neither	NO	NO	NA	NO
GO_BP	GO:0046599	regulation of centriole replication	Neither	NO	NO	NA	NO
GO_BP	GO:0046601	positive regulation of centriole replication	Neither	NO	NO	NA	NO
GO_BP	GO:0046605	regulation of centrosome cycle	Neither	NO	NO	NA	NO
GO_BP	GO:0046606	negative regulation of centrosome cycle	Neither	NO	NO	NA	NO
GO_BP	GO:0046618	xenobiotic export from cell	Neither	NO	NO	NA	NO
GO_BP	GO:0046620	regulation of organ growth	Neither	NO	NO	NA	NO
GO_BP	GO:0046621	negative regulation of organ growth	Neither	NO	NO	NA	NO
GO_BP	GO:0046622	positive regulation of organ growth	Neither	NO	NO	NA	NO
GO_BP	GO:0046626	regulation of insulin receptor signaling pathway	Neither	NO	NO	NA	NO
GO_BP	GO:0046627	negative regulation of insulin receptor signaling pathway	Neither	NO	NO	NA	NO
GO_BP	GO:0046628	positive regulation of insulin receptor signaling pathway	Neither	NO	NO	NA	NO
GO_BP	GO:0046629	gamma-delta T cell activation	Neither	NO	NO	NA	NO
GO_BP	GO:0046631	alpha-beta T cell activation	Neither	NO	NO	NA	NO
GO_BP	GO:0046632	alpha-beta T cell differentiation	Neither	NO	NO	NA	NO
GO_BP	GO:0046634	regulation of alpha-beta T cell activation	Neither	NO	NO	NA	NO
GO_BP	GO:0046635	positive regulation of alpha-beta T cell activation	Neither	NO	NO	NA	NO
GO_BP	GO:0046636	negative regulation of alpha-beta T cell activation	Neither	NO	NO	NA	NO
GO_BP	GO:0046637	regulation of alpha-beta T cell differentiation	Neither	NO	NO	NA	NO
GO_BP	GO:0046638	positive regulation of alpha-beta T cell differentiation	Neither	NO	NO	NA	NO
GO_BP	GO:0046639	negative regulation of alpha-beta T cell differentiation	Neither	NO	NO	NA	NO
GO_BP	GO:0046640	regulation of alpha-beta T cell proliferation	Neither	NO	NO	NA	NO
GO_BP	GO:0046641	positive regulation of alpha-beta T cell proliferation	Neither	NO	NO	NA	NO
GO_BP	GO:0046642	negative regulation of alpha-beta T cell proliferation	Neither	NO	NO	NA	NO
GO_BP	GO:0046649	lymphocyte activation	Tier1	YES	NO	NO	YES
GO_BP	GO:0046651	lymphocyte proliferation	Tier1	YES	NO	NO	YES
GO_BP	GO:0046653	tetrahydrofolate metabolic process	Neither	NO	NO	NA	NO
GO_BP	GO:0046654	tetrahydrofolate biosynthetic process	Neither	NO	NO	NA	NO
GO_BP	GO:0046655	folic acid metabolic process	Neither	NO	NO	NA	NO
GO_BP	GO:0046660	female sex differentiation	Neither	NO	NO	NA	NO
GO_BP	GO:0046661	male sex differentiation	Neither	NO	NO	NA	NO
GO_BP	GO:0046676	negative regulation of insulin secretion	Neither	NO	NO	NA	NO
GO_BP	GO:0046677	response to antibiotic	Neither	NO	NO	NA	NO
GO_BP	GO:0046683	response to organophosphorus	Neither	NO	NO	NA	NO
GO_BP	GO:0046685	response to arsenic-containing substance	Neither	NO	NO	NA	NO
GO_BP	GO:0046686	response to cadmium ion	Neither	NO	NO	NA	NO
GO_BP	GO:0046688	response to copper ion	Neither	NO	NO	NA	NO
GO_BP	GO:0046689	response to mercury ion	Neither	NO	NO	NA	NO
GO_BP	GO:0046697	decidualization	Neither	NO	NO	NA	NO
GO_BP	GO:0046710	GDP metabolic process	Neither	NO	NO	NA	NO
GO_BP	GO:0046716	muscle cell cellular homeostasis	Neither	NO	NO	NA	NO
GO_BP	GO:0046717	acid secretion	Neither	NO	NO	NA	NO
GO_BP	GO:0046718	symbiont entry into host cell	Neither	NO	NO	NA	NO
GO_BP	GO:0046753	non-lytic viral release	Neither	NO	NO	NA	NO
GO_BP	GO:0046755	viral budding	Neither	NO	NO	NA	NO
GO_BP	GO:0046761	viral budding from plasma membrane	Neither	NO	NO	NA	NO
GO_BP	GO:0046777	protein autophosphorylation	Neither	NO	NO	NA	NO
GO_BP	GO:0046782	regulation of viral transcription	Neither	NO	NO	NA	NO
GO_BP	GO:0046785	microtubule polymerization	Neither	NO	NO	NA	NO
GO_BP	GO:0046822	regulation of nucleocytoplasmic transport	Neither	NO	NO	NA	NO
GO_BP	GO:0046823	negative regulation of nucleocytoplasmic transport	Neither	NO	NO	NA	NO
GO_BP	GO:0046824	positive regulation of nucleocytoplasmic transport	Neither	NO	NO	NA	NO
GO_BP	GO:0046825	regulation of protein export from nucleus	Neither	NO	NO	NA	NO
GO_BP	GO:0046827	positive regulation of protein export from nucleus	Neither	NO	NO	NA	NO
GO_BP	GO:0046831	regulation of RNA export from nucleus	Neither	NO	NO	NA	NO
GO_BP	GO:0046835	carbohydrate phosphorylation	Neither	NO	NO	NA	NO
GO_BP	GO:0046839	phospholipid dephosphorylation	Neither	NO	NO	NA	NO
GO_BP	GO:0046847	filopodium assembly	Neither	NO	NO	NA	NO
GO_BP	GO:0046849	bone remodeling	Neither	NO	NO	NA	NO
GO_BP	GO:0046850	regulation of bone remodeling	Neither	NO	NO	NA	NO
GO_BP	GO:0046851	negative regulation of bone remodeling	Neither	NO	NO	NA	NO
GO_BP	GO:0046854	phosphatidylinositol phosphate biosynthetic process	Neither	NO	NO	NA	NO
GO_BP	GO:0046856	phosphatidylinositol dephosphorylation	Neither	NO	NO	NA	NO
GO_BP	GO:0046879	hormone secretion	Neither	NO	NO	NA	NO
GO_BP	GO:0046883	regulation of hormone secretion	Neither	NO	NO	NA	NO
GO_BP	GO:0046885	regulation of hormone biosynthetic process	Neither	NO	NO	NA	NO
GO_BP	GO:0046886	positive regulation of hormone biosynthetic process	Neither	NO	NO	NA	NO
GO_BP	GO:0046887	positive regulation of hormone secretion	Neither	NO	NO	NA	NO
GO_BP	GO:0046888	negative regulation of hormone secretion	Neither	NO	NO	NA	NO
GO_BP	GO:0046889	positive regulation of lipid biosynthetic process	Neither	NO	NO	NA	NO
GO_BP	GO:0046890	regulation of lipid biosynthetic process	Neither	NO	NO	NA	NO
GO_BP	GO:0046902	regulation of mitochondrial membrane permeability	Neither	NO	NO	NA	NO
GO_BP	GO:0046903	secretion	Neither	NO	NO	NA	NO
GO_BP	GO:0046928	regulation of neurotransmitter secretion	Neither	NO	NO	NA	NO
GO_BP	GO:0046931	pore complex assembly	Neither	NO	NO	NA	NO
GO_BP	GO:0046942	carboxylic acid transport	Neither	NO	NO	NA	NO
GO_BP	GO:0046949	fatty-acyl-CoA biosynthetic process	Neither	NO	NO	NA	NO
GO_BP	GO:0047484	regulation of response to osmotic stress	Neither	NO	NO	NA	NO
GO_BP	GO:0047496	vesicle transport along microtubule	Neither	NO	NO	NA	NO
GO_BP	GO:0047497	mitochondrion transport along microtubule	Neither	NO	NO	NA	NO
GO_BP	GO:0048002	antigen processing and presentation of peptide antigen	Neither	NO	NO	NA	NO
GO_BP	GO:0048008	platelet-derived growth factor receptor signaling pathway	Neither	NO	NO	NA	NO
GO_BP	GO:0048009	insulin-like growth factor receptor signaling pathway	Neither	NO	NO	NA	NO
GO_BP	GO:0048010	vascular endothelial growth factor receptor signaling pathway	Neither	NO	NO	NA	NO
GO_BP	GO:0048011	neurotrophin TRK receptor signaling pathway	Neither	NO	NO	NA	NO
GO_BP	GO:0048013	ephrin receptor signaling pathway	Neither	NO	NO	NA	NO
GO_BP	GO:0048015	phosphatidylinositol-mediated signaling	Neither	NO	NO	NA	NO
GO_BP	GO:0048021	regulation of melanin biosynthetic process	Neither	NO	NO	NA	NO
GO_BP	GO:0048023	positive regulation of melanin biosynthetic process	Neither	NO	NO	NA	NO
GO_BP	GO:0048024	regulation of mRNA splicing, via spliceosome	Neither	NO	NO	NA	NO
GO_BP	GO:0048025	negative regulation of mRNA splicing, via spliceosome	Neither	NO	NO	NA	NO
GO_BP	GO:0048026	positive regulation of mRNA splicing, via spliceosome	Neither	NO	NO	NA	NO
GO_BP	GO:0048041	focal adhesion assembly	Neither	NO	NO	NA	NO
GO_BP	GO:0048048	embryonic eye morphogenesis	Neither	NO	NO	NA	NO
GO_BP	GO:0048066	developmental pigmentation	Neither	NO	NO	NA	NO
GO_BP	GO:0048143	astrocyte activation	Neither	NO	NO	NA	NO
GO_BP	GO:0048145	regulation of fibroblast proliferation	Neither	NO	NO	NA	NO
GO_BP	GO:0048146	positive regulation of fibroblast proliferation	Neither	NO	NO	NA	NO
GO_BP	GO:0048147	negative regulation of fibroblast proliferation	Neither	NO	NO	NA	NO
GO_BP	GO:0048148	behavioral response to cocaine	Neither	NO	NO	NA	NO
GO_BP	GO:0048149	behavioral response to ethanol	Neither	NO	NO	NA	NO
GO_BP	GO:0048167	regulation of synaptic plasticity	Neither	NO	NO	NA	NO
GO_BP	GO:0048168	regulation of neuronal synaptic plasticity	Neither	NO	NO	NA	NO
GO_BP	GO:0048169	regulation of long-term neuronal synaptic plasticity	Neither	NO	NO	NA	NO
GO_BP	GO:0048172	regulation of short-term neuronal synaptic plasticity	Neither	NO	NO	NA	NO
GO_BP	GO:0048193	Golgi vesicle transport	Neither	NO	NO	NA	NO
GO_BP	GO:0048194	Golgi vesicle budding	Neither	NO	NO	NA	NO
GO_BP	GO:0048208	COPII vesicle coat assembly	Neither	NO	NO	NA	NO
GO_BP	GO:0048227	plasma membrane to endosome transport	Neither	NO	NO	NA	NO
GO_BP	GO:0048240	sperm capacitation	Neither	NO	NO	NA	NO
GO_BP	GO:0048245	eosinophil chemotaxis	Neither	NO	NO	NA	NO
GO_BP	GO:0048246	macrophage chemotaxis	Neither	NO	NO	NA	NO
GO_BP	GO:0048247	lymphocyte chemotaxis	Neither	NO	NO	NA	NO
GO_BP	GO:0048251	elastic fiber assembly	Neither	NO	NO	NA	NO
GO_BP	GO:0048255	mRNA stabilization	Neither	NO	NO	NA	NO
GO_BP	GO:0048259	regulation of receptor-mediated endocytosis	Neither	NO	NO	NA	NO
GO_BP	GO:0048260	positive regulation of receptor-mediated endocytosis	Neither	NO	NO	NA	NO
GO_BP	GO:0048261	negative regulation of receptor-mediated endocytosis	Neither	NO	NO	NA	NO
GO_BP	GO:0048265	response to pain	Neither	NO	NO	NA	NO
GO_BP	GO:0048266	behavioral response to pain	Neither	NO	NO	NA	NO
GO_BP	GO:0048268	clathrin coat assembly	Neither	NO	NO	NA	NO
GO_BP	GO:0048284	organelle fusion	Neither	NO	NO	NA	NO
GO_BP	GO:0048285	organelle fission	Neither	NO	NO	NA	NO
GO_BP	GO:0048286	lung alveolus development	Neither	NO	NO	NA	NO
GO_BP	GO:0048308	organelle inheritance	Firth_only	NO	NO	NA	NO
GO_BP	GO:0048311	mitochondrion distribution	Neither	NO	NO	NA	NO
GO_BP	GO:0048313	Golgi inheritance	Firth_only	NO	NO	NA	NO
GO_BP	GO:0048332	mesoderm morphogenesis	Neither	NO	NO	NA	NO
GO_BP	GO:0048333	mesodermal cell differentiation	Neither	NO	NO	NA	NO
GO_BP	GO:0048368	lateral mesoderm development	Neither	NO	NO	NA	NO
GO_BP	GO:0048384	retinoic acid receptor signaling pathway	Neither	NO	NO	NA	NO
GO_BP	GO:0048385	regulation of retinoic acid receptor signaling pathway	Neither	NO	NO	NA	NO
GO_BP	GO:0048388	endosomal lumen acidification	Neither	NO	NO	NA	NO
GO_BP	GO:0048469	cell maturation	Neither	NO	NO	NA	NO
GO_BP	GO:0048477	oogenesis	Neither	NO	NO	NA	NO
GO_BP	GO:0048483	autonomic nervous system development	Neither	NO	NO	NA	NO
GO_BP	GO:0048484	enteric nervous system development	Neither	NO	NO	NA	NO
GO_BP	GO:0048485	sympathetic nervous system development	Neither	NO	NO	NA	NO
GO_BP	GO:0048486	parasympathetic nervous system development	Neither	NO	NO	NA	NO
GO_BP	GO:0048488	synaptic vesicle endocytosis	Neither	NO	NO	NA	NO
GO_BP	GO:0048489	synaptic vesicle transport	Neither	NO	NO	NA	NO
GO_BP	GO:0048490	anterograde synaptic vesicle transport	Neither	NO	NO	NA	NO
GO_BP	GO:0048499	synaptic vesicle membrane organization	Neither	NO	NO	NA	NO
GO_BP	GO:0048511	rhythmic process	Neither	NO	NO	NA	NO
GO_BP	GO:0048512	circadian behavior	Neither	NO	NO	NA	NO
GO_BP	GO:0048514	blood vessel morphogenesis	Neither	NO	NO	NA	NO
GO_BP	GO:0048515	spermatid differentiation	Neither	NO	NO	NA	NO
GO_BP	GO:0048520	positive regulation of behavior	Neither	NO	NO	NA	NO
GO_BP	GO:0048521	negative regulation of behavior	Neither	NO	NO	NA	NO
GO_BP	GO:0048524	positive regulation of viral process	Neither	NO	NO	NA	NO
GO_BP	GO:0048525	negative regulation of viral process	Neither	NO	NO	NA	NO
GO_BP	GO:0048532	anatomical structure arrangement	Neither	NO	NO	NA	NO
GO_BP	GO:0048534	hematopoietic or lymphoid organ development	Neither	NO	NO	NA	NO
GO_BP	GO:0048536	spleen development	Neither	NO	NO	NA	NO
GO_BP	GO:0048538	thymus development	Neither	NO	NO	NA	NO
GO_BP	GO:0048545	response to steroid hormone	Neither	NO	NO	NA	NO
GO_BP	GO:0048546	digestive tract morphogenesis	Neither	NO	NO	NA	NO
GO_BP	GO:0048548	regulation of pinocytosis	Neither	NO	NO	NA	NO
GO_BP	GO:0048562	embryonic organ morphogenesis	Neither	NO	NO	NA	NO
GO_BP	GO:0048565	digestive tract development	Neither	NO	NO	NA	NO
GO_BP	GO:0048566	embryonic digestive tract development	Neither	NO	NO	NA	NO
GO_BP	GO:0048568	embryonic organ development	Neither	NO	NO	NA	NO
GO_BP	GO:0048588	developmental cell growth	Neither	NO	NO	NA	NO
GO_BP	GO:0048589	developmental growth	Neither	NO	NO	NA	NO
GO_BP	GO:0048592	eye morphogenesis	Neither	NO	NO	NA	NO
GO_BP	GO:0048593	camera-type eye morphogenesis	Neither	NO	NO	NA	NO
GO_BP	GO:0048596	embryonic camera-type eye morphogenesis	Neither	NO	NO	NA	NO
GO_BP	GO:0048598	embryonic morphogenesis	Neither	NO	NO	NA	NO
GO_BP	GO:0048599	oocyte development	Neither	NO	NO	NA	NO
GO_BP	GO:0048608	reproductive structure development	Neither	NO	NO	NA	NO
GO_BP	GO:0048634	regulation of muscle organ development	Neither	NO	NO	NA	NO
GO_BP	GO:0048636	positive regulation of muscle organ development	Neither	NO	NO	NA	NO
GO_BP	GO:0048638	regulation of developmental growth	Neither	NO	NO	NA	NO
GO_BP	GO:0048639	positive regulation of developmental growth	Neither	NO	NO	NA	NO
GO_BP	GO:0048640	negative regulation of developmental growth	Neither	NO	NO	NA	NO
GO_BP	GO:0048641	regulation of skeletal muscle tissue development	Neither	NO	NO	NA	NO
GO_BP	GO:0048643	positive regulation of skeletal muscle tissue development	Neither	NO	NO	NA	NO
GO_BP	GO:0048644	muscle organ morphogenesis	Neither	NO	NO	NA	NO
GO_BP	GO:0048645	animal organ formation	Neither	NO	NO	NA	NO
GO_BP	GO:0048660	regulation of smooth muscle cell proliferation	Neither	NO	NO	NA	NO
GO_BP	GO:0048661	positive regulation of smooth muscle cell proliferation	Neither	NO	NO	NA	NO
GO_BP	GO:0048662	negative regulation of smooth muscle cell proliferation	Neither	NO	NO	NA	NO
GO_BP	GO:0048663	neuron fate commitment	Neither	NO	NO	NA	NO
GO_BP	GO:0048665	neuron fate specification	Neither	NO	NO	NA	NO
GO_BP	GO:0048667	cell morphogenesis involved in neuron differentiation	Neither	NO	NO	NA	NO
GO_BP	GO:0048670	regulation of collateral sprouting	Neither	NO	NO	NA	NO
GO_BP	GO:0048675	axon extension	Neither	NO	NO	NA	NO
GO_BP	GO:0048678	response to axon injury	Neither	NO	NO	NA	NO
GO_BP	GO:0048679	regulation of axon regeneration	Neither	NO	NO	NA	NO
GO_BP	GO:0048681	negative regulation of axon regeneration	Neither	NO	NO	NA	NO
GO_BP	GO:0048701	embryonic cranial skeleton morphogenesis	Neither	NO	NO	NA	NO
GO_BP	GO:0048704	embryonic skeletal system morphogenesis	Neither	NO	NO	NA	NO
GO_BP	GO:0048705	skeletal system morphogenesis	Neither	NO	NO	NA	NO
GO_BP	GO:0048706	embryonic skeletal system development	Neither	NO	NO	NA	NO
GO_BP	GO:0048708	astrocyte differentiation	Neither	NO	NO	NA	NO
GO_BP	GO:0048709	oligodendrocyte differentiation	Neither	NO	NO	NA	NO
GO_BP	GO:0048710	regulation of astrocyte differentiation	Neither	NO	NO	NA	NO
GO_BP	GO:0048713	regulation of oligodendrocyte differentiation	Neither	NO	NO	NA	NO
GO_BP	GO:0048714	positive regulation of oligodendrocyte differentiation	Neither	NO	NO	NA	NO
GO_BP	GO:0048729	tissue morphogenesis	Neither	NO	NO	NA	NO
GO_BP	GO:0048730	epidermis morphogenesis	Neither	NO	NO	NA	NO
GO_BP	GO:0048732	gland development	Neither	NO	NO	NA	NO
GO_BP	GO:0048736	appendage development	Neither	NO	NO	NA	NO
GO_BP	GO:0048738	cardiac muscle tissue development	Neither	NO	NO	NA	NO
GO_BP	GO:0048741	skeletal muscle fiber development	Neither	NO	NO	NA	NO
GO_BP	GO:0048745	smooth muscle tissue development	Neither	NO	NO	NA	NO
GO_BP	GO:0048753	pigment granule organization	Neither	NO	NO	NA	NO
GO_BP	GO:0048754	branching morphogenesis of an epithelial tube	Neither	NO	NO	NA	NO
GO_BP	GO:0048757	pigment granule maturation	Neither	NO	NO	NA	NO
GO_BP	GO:0048762	mesenchymal cell differentiation	Neither	NO	NO	NA	NO
GO_BP	GO:0048771	tissue remodeling	Neither	NO	NO	NA	NO
GO_BP	GO:0048799	animal organ maturation	Neither	NO	NO	NA	NO
GO_BP	GO:0048806	genitalia development	Neither	NO	NO	NA	NO
GO_BP	GO:0048812	neuron projection morphogenesis	Neither	NO	NO	NA	NO
GO_BP	GO:0048813	dendrite morphogenesis	Neither	NO	NO	NA	NO
GO_BP	GO:0048814	regulation of dendrite morphogenesis	Neither	NO	NO	NA	NO
GO_BP	GO:0048821	erythrocyte development	Neither	NO	NO	NA	NO
GO_BP	GO:0048839	inner ear development	Neither	NO	NO	NA	NO
GO_BP	GO:0048840	otolith development	Neither	NO	NO	NA	NO
GO_BP	GO:0048841	regulation of axon extension involved in axon guidance	Neither	NO	NO	NA	NO
GO_BP	GO:0048844	artery morphogenesis	Neither	NO	NO	NA	NO
GO_BP	GO:0048854	brain morphogenesis	Neither	NO	NO	NA	NO
GO_BP	GO:0048857	neural nucleus development	Neither	NO	NO	NA	NO
GO_BP	GO:0048858	cell projection morphogenesis	Neither	NO	NO	NA	NO
GO_BP	GO:0048863	stem cell differentiation	Neither	NO	NO	NA	NO
GO_BP	GO:0048864	stem cell development	Neither	NO	NO	NA	NO
GO_BP	GO:0048871	multicellular organismal-level homeostasis	Neither	NO	NO	NA	NO
GO_BP	GO:0048872	homeostasis of number of cells	Neither	NO	NO	NA	NO
GO_BP	GO:0048880	sensory system development	Neither	NO	NO	NA	NO
GO_BP	GO:0050000	chromosome localization	Neither	NO	NO	NA	NO
GO_BP	GO:0050427	3'-phosphoadenosine 5'-phosphosulfate metabolic process	Neither	NO	NO	NA	NO
GO_BP	GO:0050433	regulation of catecholamine secretion	Neither	NO	NO	NA	NO
GO_BP	GO:0050435	amyloid-beta metabolic process	Neither	NO	NO	NA	NO
GO_BP	GO:0050482	arachidonate secretion	Neither	NO	NO	NA	NO
GO_BP	GO:0050650	chondroitin sulfate proteoglycan biosynthetic process	Neither	NO	NO	NA	NO
GO_BP	GO:0050651	dermatan sulfate proteoglycan biosynthetic process	Neither	NO	NO	NA	NO
GO_BP	GO:0050654	chondroitin sulfate proteoglycan metabolic process	Neither	NO	NO	NA	NO
GO_BP	GO:0050655	dermatan sulfate proteoglycan metabolic process	Neither	NO	NO	NA	NO
GO_BP	GO:0050657	nucleic acid transport	Neither	NO	NO	NA	NO
GO_BP	GO:0050658	RNA transport	Neither	NO	NO	NA	NO
GO_BP	GO:0050667	homocysteine metabolic process	Neither	NO	NO	NA	NO
GO_BP	GO:0050670	regulation of lymphocyte proliferation	Neither	NO	NO	NA	NO
GO_BP	GO:0050671	positive regulation of lymphocyte proliferation	Neither	NO	NO	NA	NO
GO_BP	GO:0050672	negative regulation of lymphocyte proliferation	Neither	NO	NO	NA	NO
GO_BP	GO:0050673	epithelial cell proliferation	Neither	NO	NO	NA	NO
GO_BP	GO:0050678	regulation of epithelial cell proliferation	Neither	NO	NO	NA	NO
GO_BP	GO:0050679	positive regulation of epithelial cell proliferation	Neither	NO	NO	NA	NO
GO_BP	GO:0050680	negative regulation of epithelial cell proliferation	Neither	NO	NO	NA	NO
GO_BP	GO:0050684	regulation of mRNA processing	Neither	NO	NO	NA	NO
GO_BP	GO:0050685	positive regulation of mRNA processing	Neither	NO	NO	NA	NO
GO_BP	GO:0050686	negative regulation of mRNA processing	Neither	NO	NO	NA	NO
GO_BP	GO:0050687	negative regulation of defense response to virus	Neither	NO	NO	NA	NO
GO_BP	GO:0050688	regulation of defense response to virus	Neither	NO	NO	NA	NO
GO_BP	GO:0050691	regulation of defense response to virus by host	Neither	NO	NO	NA	NO
GO_BP	GO:0050708	regulation of protein secretion	Neither	NO	NO	NA	NO
GO_BP	GO:0050709	negative regulation of protein secretion	Neither	NO	NO	NA	NO
GO_BP	GO:0050714	positive regulation of protein secretion	Neither	NO	NO	NA	NO
GO_BP	GO:0050727	regulation of inflammatory response	Neither	NO	NO	NA	NO
GO_BP	GO:0050728	negative regulation of inflammatory response	Neither	NO	NO	NA	NO
GO_BP	GO:0050729	positive regulation of inflammatory response	Neither	NO	NO	NA	NO
GO_BP	GO:0050730	regulation of peptidyl-tyrosine phosphorylation	Neither	NO	NO	NA	NO
GO_BP	GO:0050731	positive regulation of peptidyl-tyrosine phosphorylation	Neither	NO	NO	NA	NO
GO_BP	GO:0050732	negative regulation of peptidyl-tyrosine phosphorylation	Neither	NO	NO	NA	NO
GO_BP	GO:0050746	regulation of lipoprotein metabolic process	Neither	NO	NO	NA	NO
GO_BP	GO:0050764	regulation of phagocytosis	Neither	NO	NO	NA	NO
GO_BP	GO:0050765	negative regulation of phagocytosis	Neither	NO	NO	NA	NO
GO_BP	GO:0050766	positive regulation of phagocytosis	Neither	NO	NO	NA	NO
GO_BP	GO:0050767	regulation of neurogenesis	Neither	NO	NO	NA	NO
GO_BP	GO:0050768	negative regulation of neurogenesis	Neither	NO	NO	NA	NO
GO_BP	GO:0050769	positive regulation of neurogenesis	Neither	NO	NO	NA	NO
GO_BP	GO:0050770	regulation of axonogenesis	Neither	NO	NO	NA	NO
GO_BP	GO:0050771	negative regulation of axonogenesis	Neither	NO	NO	NA	NO
GO_BP	GO:0050772	positive regulation of axonogenesis	Neither	NO	NO	NA	NO
GO_BP	GO:0050773	regulation of dendrite development	Neither	NO	NO	NA	NO
GO_BP	GO:0050775	positive regulation of dendrite morphogenesis	Neither	NO	NO	NA	NO
GO_BP	GO:0050777	negative regulation of immune response	Neither	NO	NO	NA	NO
GO_BP	GO:0050779	RNA destabilization	Neither	NO	NO	NA	NO
GO_BP	GO:0050790	regulation of catalytic activity	Neither	NO	NO	NA	NO
GO_BP	GO:0050792	regulation of viral process	Neither	NO	NO	NA	NO
GO_BP	GO:0050795	regulation of behavior	Neither	NO	NO	NA	NO
GO_BP	GO:0050796	regulation of insulin secretion	Neither	NO	NO	NA	NO
GO_BP	GO:0050801	monoatomic ion homeostasis	Neither	NO	NO	NA	NO
GO_BP	GO:0050803	regulation of synapse structure or activity	Neither	NO	NO	NA	NO
GO_BP	GO:0050804	modulation of chemical synaptic transmission	Neither	NO	NO	NA	NO
GO_BP	GO:0050805	negative regulation of synaptic transmission	Neither	NO	NO	NA	NO
GO_BP	GO:0050806	positive regulation of synaptic transmission	Neither	NO	NO	NA	NO
GO_BP	GO:0050807	regulation of synapse organization	Neither	NO	NO	NA	NO
GO_BP	GO:0050808	synapse organization	Neither	NO	NO	NA	NO
GO_BP	GO:0050810	regulation of steroid biosynthetic process	Neither	NO	NO	NA	NO
GO_BP	GO:0050812	regulation of acyl-CoA biosynthetic process	Neither	NO	NO	NA	NO
GO_BP	GO:0050817	coagulation	Neither	NO	NO	NA	NO
GO_BP	GO:0050818	regulation of coagulation	Neither	NO	NO	NA	NO
GO_BP	GO:0050819	negative regulation of coagulation	Neither	NO	NO	NA	NO
GO_BP	GO:0050820	positive regulation of coagulation	Neither	NO	NO	NA	NO
GO_BP	GO:0050821	protein stabilization	Neither	NO	NO	NA	NO
GO_BP	GO:0050829	defense response to Gram-negative bacterium	Neither	NO	NO	NA	NO
GO_BP	GO:0050830	defense response to Gram-positive bacterium	Neither	NO	NO	NA	NO
GO_BP	GO:0050832	defense response to fungus	Neither	NO	NO	NA	NO
GO_BP	GO:0050847	progesterone receptor signaling pathway	Neither	NO	NO	NA	NO
GO_BP	GO:0050848	regulation of calcium-mediated signaling	Neither	NO	NO	NA	NO
GO_BP	GO:0050849	negative regulation of calcium-mediated signaling	Neither	NO	NO	NA	NO
GO_BP	GO:0050850	positive regulation of calcium-mediated signaling	Neither	NO	NO	NA	NO
GO_BP	GO:0050851	antigen receptor-mediated signaling pathway	Neither	NO	NO	NA	NO
GO_BP	GO:0050852	T cell receptor signaling pathway	Neither	NO	NO	NA	NO
GO_BP	GO:0050853	B cell receptor signaling pathway	Neither	NO	NO	NA	NO
GO_BP	GO:0050854	regulation of antigen receptor-mediated signaling pathway	Firth_only	NO	NO	NA	NO
GO_BP	GO:0050855	regulation of B cell receptor signaling pathway	Neither	NO	NO	NA	NO
GO_BP	GO:0050856	regulation of T cell receptor signaling pathway	Firth_only	NO	NO	NA	NO
GO_BP	GO:0050857	positive regulation of antigen receptor-mediated signaling pathway	Firth_only	NO	NO	NA	NO
GO_BP	GO:0050858	negative regulation of antigen receptor-mediated signaling pathway	Neither	NO	NO	NA	NO
GO_BP	GO:0050859	negative regulation of B cell receptor signaling pathway	Neither	NO	NO	NA	NO
GO_BP	GO:0050860	negative regulation of T cell receptor signaling pathway	Neither	NO	NO	NA	NO
GO_BP	GO:0050862	positive regulation of T cell receptor signaling pathway	Firth_only	NO	NO	NA	NO
GO_BP	GO:0050863	regulation of T cell activation	Neither	NO	NO	NA	NO
GO_BP	GO:0050864	regulation of B cell activation	Neither	NO	NO	NA	NO
GO_BP	GO:0050866	negative regulation of cell activation	Neither	NO	NO	NA	NO
GO_BP	GO:0050867	positive regulation of cell activation	Neither	NO	NO	NA	NO
GO_BP	GO:0050868	negative regulation of T cell activation	Neither	NO	NO	NA	NO
GO_BP	GO:0050869	negative regulation of B cell activation	Neither	NO	NO	NA	NO
GO_BP	GO:0050870	positive regulation of T cell activation	Neither	NO	NO	NA	NO
GO_BP	GO:0050871	positive regulation of B cell activation	Neither	NO	NO	NA	NO
GO_BP	GO:0050872	white fat cell differentiation	Neither	NO	NO	NA	NO
GO_BP	GO:0050873	brown fat cell differentiation	Neither	NO	NO	NA	NO
GO_BP	GO:0050878	regulation of body fluid levels	Neither	NO	NO	NA	NO
GO_BP	GO:0050879	multicellular organismal movement	Neither	NO	NO	NA	NO
GO_BP	GO:0050881	musculoskeletal movement	Neither	NO	NO	NA	NO
GO_BP	GO:0050885	neuromuscular process controlling balance	Neither	NO	NO	NA	NO
GO_BP	GO:0050886	endocrine process	Neither	NO	NO	NA	NO
GO_BP	GO:0050890	cognition	Neither	NO	NO	NA	NO
GO_BP	GO:0050891	multicellular organismal-level water homeostasis	Neither	NO	NO	NA	NO
GO_BP	GO:0050892	intestinal absorption	Neither	NO	NO	NA	NO
GO_BP	GO:0050900	leukocyte migration	Neither	NO	NO	NA	NO
GO_BP	GO:0050901	leukocyte tethering or rolling	Neither	NO	NO	NA	NO
GO_BP	GO:0050905	neuromuscular process	Neither	NO	NO	NA	NO
GO_BP	GO:0050906	detection of stimulus involved in sensory perception	Neither	NO	NO	NA	NO
GO_BP	GO:0050907	detection of chemical stimulus involved in sensory perception	Neither	NO	NO	NA	NO
GO_BP	GO:0050908	detection of light stimulus involved in visual perception	Neither	NO	NO	NA	NO
GO_BP	GO:0050909	sensory perception of taste	Neither	NO	NO	NA	NO
GO_BP	GO:0050910	detection of mechanical stimulus involved in sensory perception of sound	Neither	NO	NO	NA	NO
GO_BP	GO:0050911	detection of chemical stimulus involved in sensory perception of smell	Neither	NO	NO	NA	NO
GO_BP	GO:0050912	detection of chemical stimulus involved in sensory perception of taste	Neither	NO	NO	NA	NO
GO_BP	GO:0050913	sensory perception of bitter taste	Neither	NO	NO	NA	NO
GO_BP	GO:0050918	positive chemotaxis	Neither	NO	NO	NA	NO
GO_BP	GO:0050919	negative chemotaxis	Neither	NO	NO	NA	NO
GO_BP	GO:0050920	regulation of chemotaxis	Neither	NO	NO	NA	NO
GO_BP	GO:0050921	positive regulation of chemotaxis	Neither	NO	NO	NA	NO
GO_BP	GO:0050922	negative regulation of chemotaxis	Neither	NO	NO	NA	NO
GO_BP	GO:0050926	regulation of positive chemotaxis	Neither	NO	NO	NA	NO
GO_BP	GO:0050927	positive regulation of positive chemotaxis	Neither	NO	NO	NA	NO
GO_BP	GO:0050930	induction of positive chemotaxis	Neither	NO	NO	NA	NO
GO_BP	GO:0050931	pigment cell differentiation	Neither	NO	NO	NA	NO
GO_BP	GO:0050951	sensory perception of temperature stimulus	Neither	NO	NO	NA	NO
GO_BP	GO:0050953	sensory perception of light stimulus	Neither	NO	NO	NA	NO
GO_BP	GO:0050954	sensory perception of mechanical stimulus	Neither	NO	NO	NA	NO
GO_BP	GO:0050961	detection of temperature stimulus involved in sensory perception	Neither	NO	NO	NA	NO
GO_BP	GO:0050962	detection of light stimulus involved in sensory perception	Neither	NO	NO	NA	NO
GO_BP	GO:0050965	detection of temperature stimulus involved in sensory perception of pain	Neither	NO	NO	NA	NO
GO_BP	GO:0050974	detection of mechanical stimulus involved in sensory perception	Neither	NO	NO	NA	NO
GO_BP	GO:0050982	detection of mechanical stimulus	Neither	NO	NO	NA	NO
GO_BP	GO:0050994	regulation of lipid catabolic process	Neither	NO	NO	NA	NO
GO_BP	GO:0050995	negative regulation of lipid catabolic process	Neither	NO	NO	NA	NO
GO_BP	GO:0050996	positive regulation of lipid catabolic process	Neither	NO	NO	NA	NO
GO_BP	GO:0051014	actin filament severing	Neither	NO	NO	NA	NO
GO_BP	GO:0051016	barbed-end actin filament capping	Neither	NO	NO	NA	NO
GO_BP	GO:0051017	actin filament bundle assembly	Neither	NO	NO	NA	NO
GO_BP	GO:0051028	mRNA transport	Neither	NO	NO	NA	NO
GO_BP	GO:0051036	regulation of endosome size	Neither	NO	NO	NA	NO
GO_BP	GO:0051043	regulation of membrane protein ectodomain proteolysis	Neither	NO	NO	NA	NO
GO_BP	GO:0051044	positive regulation of membrane protein ectodomain proteolysis	Neither	NO	NO	NA	NO
GO_BP	GO:0051047	positive regulation of secretion	Neither	NO	NO	NA	NO
GO_BP	GO:0051048	negative regulation of secretion	Neither	NO	NO	NA	NO
GO_BP	GO:0051051	negative regulation of transport	Neither	NO	NO	NA	NO
GO_BP	GO:0051052	regulation of DNA metabolic process	Neither	NO	NO	NA	NO
GO_BP	GO:0051053	negative regulation of DNA metabolic process	Neither	NO	NO	NA	NO
GO_BP	GO:0051054	positive regulation of DNA metabolic process	Neither	NO	NO	NA	NO
GO_BP	GO:0051055	negative regulation of lipid biosynthetic process	Neither	NO	NO	NA	NO
GO_BP	GO:0051056	regulation of small GTPase mediated signal transduction	Neither	NO	NO	NA	NO
GO_BP	GO:0051057	positive regulation of small GTPase mediated signal transduction	Neither	NO	NO	NA	NO
GO_BP	GO:0051058	negative regulation of small GTPase mediated signal transduction	Neither	NO	NO	NA	NO
GO_BP	GO:0051081	nuclear membrane disassembly	Neither	NO	NO	NA	NO
GO_BP	GO:0051098	regulation of binding	Neither	NO	NO	NA	NO
GO_BP	GO:0051099	positive regulation of binding	Neither	NO	NO	NA	NO
GO_BP	GO:0051100	negative regulation of binding	Neither	NO	NO	NA	NO
GO_BP	GO:0051101	regulation of DNA binding	Neither	NO	NO	NA	NO
GO_BP	GO:0051123	RNA polymerase II preinitiation complex assembly	Neither	NO	NO	NA	NO
GO_BP	GO:0051125	regulation of actin nucleation	Neither	NO	NO	NA	NO
GO_BP	GO:0051127	positive regulation of actin nucleation	Neither	NO	NO	NA	NO
GO_BP	GO:0051131	chaperone-mediated protein complex assembly	Neither	NO	NO	NA	NO
GO_BP	GO:0051132	NK T cell activation	Neither	NO	NO	NA	NO
GO_BP	GO:0051133	regulation of NK T cell activation	Neither	NO	NO	NA	NO
GO_BP	GO:0051145	smooth muscle cell differentiation	Neither	NO	NO	NA	NO
GO_BP	GO:0051146	striated muscle cell differentiation	Neither	NO	NO	NA	NO
GO_BP	GO:0051147	regulation of muscle cell differentiation	Neither	NO	NO	NA	NO
GO_BP	GO:0051148	negative regulation of muscle cell differentiation	Neither	NO	NO	NA	NO
GO_BP	GO:0051149	positive regulation of muscle cell differentiation	Neither	NO	NO	NA	NO
GO_BP	GO:0051150	regulation of smooth muscle cell differentiation	Neither	NO	NO	NA	NO
GO_BP	GO:0051151	negative regulation of smooth muscle cell differentiation	Neither	NO	NO	NA	NO
GO_BP	GO:0051152	positive regulation of smooth muscle cell differentiation	Neither	NO	NO	NA	NO
GO_BP	GO:0051153	regulation of striated muscle cell differentiation	Neither	NO	NO	NA	NO
GO_BP	GO:0051154	negative regulation of striated muscle cell differentiation	Neither	NO	NO	NA	NO
GO_BP	GO:0051155	positive regulation of striated muscle cell differentiation	Neither	NO	NO	NA	NO
GO_BP	GO:0051156	glucose 6-phosphate metabolic process	Neither	NO	NO	NA	NO
GO_BP	GO:0051168	nuclear export	Neither	NO	NO	NA	NO
GO_BP	GO:0051169	nuclear transport	Neither	NO	NO	NA	NO
GO_BP	GO:0051170	import into nucleus	Neither	NO	NO	NA	NO
GO_BP	GO:0051174	regulation of phosphorus metabolic process	Neither	NO	NO	NA	NO
GO_BP	GO:0051177	meiotic sister chromatid cohesion	Neither	NO	NO	NA	NO
GO_BP	GO:0051180	vitamin transport	Neither	NO	NO	NA	NO
GO_BP	GO:0051204	protein insertion into mitochondrial membrane	Neither	NO	NO	NA	NO
GO_BP	GO:0051205	protein insertion into membrane	Neither	NO	NO	NA	NO
GO_BP	GO:0051209	release of sequestered calcium ion into cytosol	Neither	NO	NO	NA	NO
GO_BP	GO:0051216	cartilage development	Neither	NO	NO	NA	NO
GO_BP	GO:0051222	positive regulation of protein transport	Neither	NO	NO	NA	NO
GO_BP	GO:0051223	regulation of protein transport	Neither	NO	NO	NA	NO
GO_BP	GO:0051224	negative regulation of protein transport	Neither	NO	NO	NA	NO
GO_BP	GO:0051225	spindle assembly	Neither	NO	NO	NA	NO
GO_BP	GO:0051231	spindle elongation	Neither	NO	NO	NA	NO
GO_BP	GO:0051235	maintenance of location	Neither	NO	NO	NA	NO
GO_BP	GO:0051236	establishment of RNA localization	Neither	NO	NO	NA	NO
GO_BP	GO:0051249	regulation of lymphocyte activation	Neither	NO	NO	NA	NO
GO_BP	GO:0051250	negative regulation of lymphocyte activation	Neither	NO	NO	NA	NO
GO_BP	GO:0051251	positive regulation of lymphocyte activation	Neither	NO	NO	NA	NO
GO_BP	GO:0051255	spindle midzone assembly	Neither	NO	NO	NA	NO
GO_BP	GO:0051256	mitotic spindle midzone assembly	Neither	NO	NO	NA	NO
GO_BP	GO:0051258	protein polymerization	Neither	NO	NO	NA	NO
GO_BP	GO:0051259	protein complex oligomerization	Neither	NO	NO	NA	NO
GO_BP	GO:0051260	protein homooligomerization	Neither	NO	NO	NA	NO
GO_BP	GO:0051261	protein depolymerization	Neither	NO	NO	NA	NO
GO_BP	GO:0051262	protein tetramerization	Neither	NO	NO	NA	NO
GO_BP	GO:0051276	chromosome organization	Neither	NO	NO	NA	NO
GO_BP	GO:0051279	regulation of release of sequestered calcium ion into cytosol	Neither	NO	NO	NA	NO
GO_BP	GO:0051281	positive regulation of release of sequestered calcium ion into cytosol	Neither	NO	NO	NA	NO
GO_BP	GO:0051289	protein homotetramerization	Neither	NO	NO	NA	NO
GO_BP	GO:0051290	protein heterotetramerization	Neither	NO	NO	NA	NO
GO_BP	GO:0051291	protein heterooligomerization	Neither	NO	NO	NA	NO
GO_BP	GO:0051292	nuclear pore complex assembly	Neither	NO	NO	NA	NO
GO_BP	GO:0051293	establishment of spindle localization	Neither	NO	NO	NA	NO
GO_BP	GO:0051294	establishment of spindle orientation	Neither	NO	NO	NA	NO
GO_BP	GO:0051298	centrosome duplication	Neither	NO	NO	NA	NO
GO_BP	GO:0051301	cell division	Neither	NO	NO	NA	NO
GO_BP	GO:0051302	regulation of cell division	Neither	NO	NO	NA	NO
GO_BP	GO:0051304	chromosome separation	Neither	NO	NO	NA	NO
GO_BP	GO:0051310	metaphase chromosome alignment	Neither	NO	NO	NA	NO
GO_BP	GO:0051315	attachment of mitotic spindle microtubules to kinetochore	Neither	NO	NO	NA	NO
GO_BP	GO:0051321	meiotic cell cycle	Firth_only	NO	NO	NA	NO
GO_BP	GO:0051336	regulation of hydrolase activity	Neither	NO	NO	NA	NO
GO_BP	GO:0051338	regulation of transferase activity	Neither	NO	NO	NA	NO
GO_BP	GO:0051341	regulation of oxidoreductase activity	Neither	NO	NO	NA	NO
GO_BP	GO:0051345	positive regulation of hydrolase activity	Neither	NO	NO	NA	NO
GO_BP	GO:0051346	negative regulation of hydrolase activity	Neither	NO	NO	NA	NO
GO_BP	GO:0051349	positive regulation of lyase activity	Neither	NO	NO	NA	NO
GO_BP	GO:0051382	kinetochore assembly	Neither	NO	NO	NA	NO
GO_BP	GO:0051383	kinetochore organization	Neither	NO	NO	NA	NO
GO_BP	GO:0051384	response to glucocorticoid	Neither	NO	NO	NA	NO
GO_BP	GO:0051385	response to mineralocorticoid	Neither	NO	NO	NA	NO
GO_BP	GO:0051402	neuron apoptotic process	Neither	NO	NO	NA	NO
GO_BP	GO:0051403	stress-activated MAPK cascade	Neither	NO	NO	NA	NO
GO_BP	GO:0051412	response to corticosterone	Neither	NO	NO	NA	NO
GO_BP	GO:0051438	regulation of ubiquitin-protein transferase activity	Neither	NO	NO	NA	NO
GO_BP	GO:0051443	positive regulation of ubiquitin-protein transferase activity	Neither	NO	NO	NA	NO
GO_BP	GO:0051445	regulation of meiotic cell cycle	Neither	NO	NO	NA	NO
GO_BP	GO:0051446	positive regulation of meiotic cell cycle	Neither	NO	NO	NA	NO
GO_BP	GO:0051447	negative regulation of meiotic cell cycle	Neither	NO	NO	NA	NO
GO_BP	GO:0051452	intracellular pH reduction	Neither	NO	NO	NA	NO
GO_BP	GO:0051453	regulation of intracellular pH	Neither	NO	NO	NA	NO
GO_BP	GO:0051457	maintenance of protein location in nucleus	Neither	NO	NO	NA	NO
GO_BP	GO:0051469	vesicle fusion with vacuole	Neither	NO	NO	NA	NO
GO_BP	GO:0051480	regulation of cytosolic calcium ion concentration	Neither	NO	NO	NA	NO
GO_BP	GO:0051481	negative regulation of cytosolic calcium ion concentration	Neither	NO	NO	NA	NO
GO_BP	GO:0051489	regulation of filopodium assembly	Neither	NO	NO	NA	NO
GO_BP	GO:0051491	positive regulation of filopodium assembly	Neither	NO	NO	NA	NO
GO_BP	GO:0051492	regulation of stress fiber assembly	Neither	NO	NO	NA	NO
GO_BP	GO:0051494	negative regulation of cytoskeleton organization	Neither	NO	NO	NA	NO
GO_BP	GO:0051495	positive regulation of cytoskeleton organization	Neither	NO	NO	NA	NO
GO_BP	GO:0051496	positive regulation of stress fiber assembly	Neither	NO	NO	NA	NO
GO_BP	GO:0051497	negative regulation of stress fiber assembly	Neither	NO	NO	NA	NO
GO_BP	GO:0051503	adenine nucleotide transport	Neither	NO	NO	NA	NO
GO_BP	GO:0051547	regulation of keratinocyte migration	Neither	NO	NO	NA	NO
GO_BP	GO:0051549	positive regulation of keratinocyte migration	Neither	NO	NO	NA	NO
GO_BP	GO:0051552	flavone metabolic process	Neither	NO	NO	NA	NO
GO_BP	GO:0051560	mitochondrial calcium ion homeostasis	Neither	NO	NO	NA	NO
GO_BP	GO:0051580	regulation of neurotransmitter uptake	Neither	NO	NO	NA	NO
GO_BP	GO:0051588	regulation of neurotransmitter transport	Neither	NO	NO	NA	NO
GO_BP	GO:0051589	negative regulation of neurotransmitter transport	Neither	NO	NO	NA	NO
GO_BP	GO:0051590	positive regulation of neurotransmitter transport	Neither	NO	NO	NA	NO
GO_BP	GO:0051591	response to cAMP	Neither	NO	NO	NA	NO
GO_BP	GO:0051592	response to calcium ion	Neither	NO	NO	NA	NO
GO_BP	GO:0051593	response to folic acid	Neither	NO	NO	NA	NO
GO_BP	GO:0051602	response to electrical stimulus	Neither	NO	NO	NA	NO
GO_BP	GO:0051607	defense response to virus	Neither	NO	NO	NA	NO
GO_BP	GO:0051639	actin filament network formation	Neither	NO	NO	NA	NO
GO_BP	GO:0051640	organelle localization	Neither	NO	NO	NA	NO
GO_BP	GO:0051642	centrosome localization	Neither	NO	NO	NA	NO
GO_BP	GO:0051645	Golgi localization	Neither	NO	NO	NA	NO
GO_BP	GO:0051646	mitochondrion localization	Neither	NO	NO	NA	NO
GO_BP	GO:0051647	nucleus localization	Neither	NO	NO	NA	NO
GO_BP	GO:0051648	vesicle localization	Neither	NO	NO	NA	NO
GO_BP	GO:0051650	establishment of vesicle localization	Neither	NO	NO	NA	NO
GO_BP	GO:0051651	maintenance of location in cell	Neither	NO	NO	NA	NO
GO_BP	GO:0051653	spindle localization	Neither	NO	NO	NA	NO
GO_BP	GO:0051654	establishment of mitochondrion localization	Neither	NO	NO	NA	NO
GO_BP	GO:0051656	establishment of organelle localization	Neither	NO	NO	NA	NO
GO_BP	GO:0051693	actin filament capping	Neither	NO	NO	NA	NO
GO_BP	GO:0051701	biological process involved in interaction with host	Neither	NO	NO	NA	NO
GO_BP	GO:0051703	biological process involved in intraspecies interaction between organisms	Neither	NO	NO	NA	NO
GO_BP	GO:0051764	actin crosslink formation	Neither	NO	NO	NA	NO
GO_BP	GO:0051775	response to redox state	Neither	NO	NO	NA	NO
GO_BP	GO:0051781	positive regulation of cell division	Neither	NO	NO	NA	NO
GO_BP	GO:0051782	negative regulation of cell division	Neither	NO	NO	NA	NO
GO_BP	GO:0051783	regulation of nuclear division	Neither	NO	NO	NA	NO
GO_BP	GO:0051784	negative regulation of nuclear division	Neither	NO	NO	NA	NO
GO_BP	GO:0051785	positive regulation of nuclear division	Neither	NO	NO	NA	NO
GO_BP	GO:0051788	response to misfolded protein	Neither	NO	NO	NA	NO
GO_BP	GO:0051791	medium-chain fatty acid metabolic process	Neither	NO	NO	NA	NO
GO_BP	GO:0051797	regulation of hair follicle development	Neither	NO	NO	NA	NO
GO_BP	GO:0051798	positive regulation of hair follicle development	Neither	NO	NO	NA	NO
GO_BP	GO:0051851	host-mediated perturbation of symbiont process	Neither	NO	NO	NA	NO
GO_BP	GO:0051865	protein autoubiquitination	Neither	NO	NO	NA	NO
GO_BP	GO:0051875	pigment granule localization	Neither	NO	NO	NA	NO
GO_BP	GO:0051881	regulation of mitochondrial membrane potential	Neither	NO	NO	NA	NO
GO_BP	GO:0051893	regulation of focal adhesion assembly	Neither	NO	NO	NA	NO
GO_BP	GO:0051894	positive regulation of focal adhesion assembly	Neither	NO	NO	NA	NO
GO_BP	GO:0051895	negative regulation of focal adhesion assembly	Neither	NO	NO	NA	NO
GO_BP	GO:0051896	regulation of phosphatidylinositol 3-kinase/protein kinase B signal transduction	Neither	NO	NO	NA	NO
GO_BP	GO:0051897	positive regulation of phosphatidylinositol 3-kinase/protein kinase B signal transduction	Neither	NO	NO	NA	NO
GO_BP	GO:0051898	negative regulation of phosphatidylinositol 3-kinase/protein kinase B signal transduction	Neither	NO	NO	NA	NO
GO_BP	GO:0051899	membrane depolarization	Neither	NO	NO	NA	NO
GO_BP	GO:0051900	regulation of mitochondrial depolarization	Neither	NO	NO	NA	NO
GO_BP	GO:0051904	pigment granule transport	Neither	NO	NO	NA	NO
GO_BP	GO:0051905	establishment of pigment granule localization	Neither	NO	NO	NA	NO
GO_BP	GO:0051917	regulation of fibrinolysis	Neither	NO	NO	NA	NO
GO_BP	GO:0051918	negative regulation of fibrinolysis	Neither	NO	NO	NA	NO
GO_BP	GO:0051923	sulfation	Neither	NO	NO	NA	NO
GO_BP	GO:0051924	regulation of calcium ion transport	Neither	NO	NO	NA	NO
GO_BP	GO:0051926	negative regulation of calcium ion transport	Neither	NO	NO	NA	NO
GO_BP	GO:0051928	positive regulation of calcium ion transport	Neither	NO	NO	NA	NO
GO_BP	GO:0051930	regulation of sensory perception of pain	Neither	NO	NO	NA	NO
GO_BP	GO:0051931	regulation of sensory perception	Neither	NO	NO	NA	NO
GO_BP	GO:0051932	synaptic transmission, GABAergic	Neither	NO	NO	NA	NO
GO_BP	GO:0051938	L-glutamate import	Neither	NO	NO	NA	NO
GO_BP	GO:0051952	regulation of amine transport	Neither	NO	NO	NA	NO
GO_BP	GO:0051953	negative regulation of amine transport	Neither	NO	NO	NA	NO
GO_BP	GO:0051954	positive regulation of amine transport	Neither	NO	NO	NA	NO
GO_BP	GO:0051955	regulation of amino acid transport	Neither	NO	NO	NA	NO
GO_BP	GO:0051956	negative regulation of amino acid transport	Neither	NO	NO	NA	NO
GO_BP	GO:0051957	positive regulation of amino acid transport	Neither	NO	NO	NA	NO
GO_BP	GO:0051960	regulation of nervous system development	Neither	NO	NO	NA	NO
GO_BP	GO:0051961	negative regulation of nervous system development	Neither	NO	NO	NA	NO
GO_BP	GO:0051962	positive regulation of nervous system development	Neither	NO	NO	NA	NO
GO_BP	GO:0051963	regulation of synapse assembly	Neither	NO	NO	NA	NO
GO_BP	GO:0051964	negative regulation of synapse assembly	Neither	NO	NO	NA	NO
GO_BP	GO:0051965	positive regulation of synapse assembly	Neither	NO	NO	NA	NO
GO_BP	GO:0051966	regulation of synaptic transmission, glutamatergic	Neither	NO	NO	NA	NO
GO_BP	GO:0051968	positive regulation of synaptic transmission, glutamatergic	Neither	NO	NO	NA	NO
GO_BP	GO:0051969	regulation of transmission of nerve impulse	Neither	NO	NO	NA	NO
GO_BP	GO:0051983	regulation of chromosome segregation	Neither	NO	NO	NA	NO
GO_BP	GO:0051984	positive regulation of chromosome segregation	Neither	NO	NO	NA	NO
GO_BP	GO:0051985	negative regulation of chromosome segregation	Neither	NO	NO	NA	NO
GO_BP	GO:0051987	positive regulation of attachment of spindle microtubules to kinetochore	Neither	NO	NO	NA	NO
GO_BP	GO:0051988	regulation of attachment of spindle microtubules to kinetochore	Neither	NO	NO	NA	NO
GO_BP	GO:0052372	modulation by symbiont of entry into host	Neither	NO	NO	NA	NO
GO_BP	GO:0052547	regulation of peptidase activity	Neither	NO	NO	NA	NO
GO_BP	GO:0052548	regulation of endopeptidase activity	Neither	NO	NO	NA	NO
GO_BP	GO:0052646	alditol phosphate metabolic process	Neither	NO	NO	NA	NO
GO_BP	GO:0052652	cyclic purine nucleotide metabolic process	Neither	NO	NO	NA	NO
GO_BP	GO:0055001	muscle cell development	Neither	NO	NO	NA	NO
GO_BP	GO:0055002	striated muscle cell development	Neither	NO	NO	NA	NO
GO_BP	GO:0055003	cardiac myofibril assembly	Neither	NO	NO	NA	NO
GO_BP	GO:0055006	cardiac cell development	Neither	NO	NO	NA	NO
GO_BP	GO:0055007	cardiac muscle cell differentiation	Neither	NO	NO	NA	NO
GO_BP	GO:0055008	cardiac muscle tissue morphogenesis	Neither	NO	NO	NA	NO
GO_BP	GO:0055010	ventricular cardiac muscle tissue morphogenesis	Neither	NO	NO	NA	NO
GO_BP	GO:0055012	ventricular cardiac muscle cell differentiation	Neither	NO	NO	NA	NO
GO_BP	GO:0055013	cardiac muscle cell development	Neither	NO	NO	NA	NO
GO_BP	GO:0055017	cardiac muscle tissue growth	Neither	NO	NO	NA	NO
GO_BP	GO:0055021	regulation of cardiac muscle tissue growth	Neither	NO	NO	NA	NO
GO_BP	GO:0055022	negative regulation of cardiac muscle tissue growth	Neither	NO	NO	NA	NO
GO_BP	GO:0055023	positive regulation of cardiac muscle tissue growth	Neither	NO	NO	NA	NO
GO_BP	GO:0055057	neuroblast division	Neither	NO	NO	NA	NO
GO_BP	GO:0055062	phosphate ion homeostasis	Neither	NO	NO	NA	NO
GO_BP	GO:0055064	chloride ion homeostasis	Neither	NO	NO	NA	NO
GO_BP	GO:0055070	copper ion homeostasis	Neither	NO	NO	NA	NO
GO_BP	GO:0055074	calcium ion homeostasis	Neither	NO	NO	NA	NO
GO_BP	GO:0055075	potassium ion homeostasis	Neither	NO	NO	NA	NO
GO_BP	GO:0055078	sodium ion homeostasis	Neither	NO	NO	NA	NO
GO_BP	GO:0055080	monoatomic cation homeostasis	Neither	NO	NO	NA	NO
GO_BP	GO:0055081	monoatomic anion homeostasis	Neither	NO	NO	NA	NO
GO_BP	GO:0055088	lipid homeostasis	Neither	NO	NO	NA	NO
GO_BP	GO:0055089	fatty acid homeostasis	Neither	NO	NO	NA	NO
GO_BP	GO:0055090	acylglycerol homeostasis	Neither	NO	NO	NA	NO
GO_BP	GO:0055091	phospholipid homeostasis	Neither	NO	NO	NA	NO
GO_BP	GO:0055092	sterol homeostasis	Neither	NO	NO	NA	NO
GO_BP	GO:0055093	response to hyperoxia	Neither	NO	NO	NA	NO
GO_BP	GO:0055094	response to lipoprotein particle	Neither	NO	NO	NA	NO
GO_BP	GO:0055117	regulation of cardiac muscle contraction	Neither	NO	NO	NA	NO
GO_BP	GO:0055119	relaxation of cardiac muscle	Neither	NO	NO	NA	NO
GO_BP	GO:0055123	digestive system development	Neither	NO	NO	NA	NO
GO_BP	GO:0060004	reflex	Neither	NO	NO	NA	NO
GO_BP	GO:0060008	Sertoli cell differentiation	Neither	NO	NO	NA	NO
GO_BP	GO:0060021	roof of mouth development	Neither	NO	NO	NA	NO
GO_BP	GO:0060033	anatomical structure regression	Neither	NO	NO	NA	NO
GO_BP	GO:0060037	pharyngeal system development	Neither	NO	NO	NA	NO
GO_BP	GO:0060038	cardiac muscle cell proliferation	Neither	NO	NO	NA	NO
GO_BP	GO:0060039	pericardium development	Neither	NO	NO	NA	NO
GO_BP	GO:0060041	retina development in camera-type eye	Neither	NO	NO	NA	NO
GO_BP	GO:0060042	retina morphogenesis in camera-type eye	Neither	NO	NO	NA	NO
GO_BP	GO:0060043	regulation of cardiac muscle cell proliferation	Neither	NO	NO	NA	NO
GO_BP	GO:0060045	positive regulation of cardiac muscle cell proliferation	Neither	NO	NO	NA	NO
GO_BP	GO:0060046	regulation of acrosome reaction	Neither	NO	NO	NA	NO
GO_BP	GO:0060047	heart contraction	Neither	NO	NO	NA	NO
GO_BP	GO:0060048	cardiac muscle contraction	Neither	NO	NO	NA	NO
GO_BP	GO:0060055	angiogenesis involved in wound healing	Neither	NO	NO	NA	NO
GO_BP	GO:0060070	canonical Wnt signaling pathway	Neither	NO	NO	NA	NO
GO_BP	GO:0060071	Wnt signaling pathway, planar cell polarity pathway	Neither	NO	NO	NA	NO
GO_BP	GO:0060074	synapse maturation	Neither	NO	NO	NA	NO
GO_BP	GO:0060075	regulation of resting membrane potential	Neither	NO	NO	NA	NO
GO_BP	GO:0060078	regulation of postsynaptic membrane potential	Neither	NO	NO	NA	NO
GO_BP	GO:0060079	excitatory postsynaptic potential	Neither	NO	NO	NA	NO
GO_BP	GO:0060088	auditory receptor cell stereocilium organization	Neither	NO	NO	NA	NO
GO_BP	GO:0060099	regulation of phagocytosis, engulfment	Neither	NO	NO	NA	NO
GO_BP	GO:0060100	positive regulation of phagocytosis, engulfment	Neither	NO	NO	NA	NO
GO_BP	GO:0060113	inner ear receptor cell differentiation	Neither	NO	NO	NA	NO
GO_BP	GO:0060117	auditory receptor cell development	Neither	NO	NO	NA	NO
GO_BP	GO:0060119	inner ear receptor cell development	Neither	NO	NO	NA	NO
GO_BP	GO:0060122	inner ear receptor cell stereocilium organization	Neither	NO	NO	NA	NO
GO_BP	GO:0060123	regulation of growth hormone secretion	Firth_only	NO	NO	NA	NO
GO_BP	GO:0060135	maternal process involved in female pregnancy	Neither	NO	NO	NA	NO
GO_BP	GO:0060142	regulation of syncytium formation by plasma membrane fusion	Neither	NO	NO	NA	NO
GO_BP	GO:0060143	positive regulation of syncytium formation by plasma membrane fusion	Neither	NO	NO	NA	NO
GO_BP	GO:0060147	regulation of post-transcriptional gene silencing	Neither	NO	NO	NA	NO
GO_BP	GO:0060148	positive regulation of post-transcriptional gene silencing	Neither	NO	NO	NA	NO
GO_BP	GO:0060149	negative regulation of post-transcriptional gene silencing	Neither	NO	NO	NA	NO
GO_BP	GO:0060155	platelet dense granule organization	Neither	NO	NO	NA	NO
GO_BP	GO:0060159	regulation of dopamine receptor signaling pathway	Neither	NO	NO	NA	NO
GO_BP	GO:0060173	limb development	Neither	NO	NO	NA	NO
GO_BP	GO:0060211	regulation of nuclear-transcribed mRNA poly(A) tail shortening	Neither	NO	NO	NA	NO
GO_BP	GO:0060213	positive regulation of nuclear-transcribed mRNA poly(A) tail shortening	Neither	NO	NO	NA	NO
GO_BP	GO:0060218	hematopoietic stem cell differentiation	Neither	NO	NO	NA	NO
GO_BP	GO:0060219	camera-type eye photoreceptor cell differentiation	Neither	NO	NO	NA	NO
GO_BP	GO:0060231	mesenchymal to epithelial transition	Neither	NO	NO	NA	NO
GO_BP	GO:0060236	regulation of mitotic spindle organization	Neither	NO	NO	NA	NO
GO_BP	GO:0060249	anatomical structure homeostasis	Neither	NO	NO	NA	NO
GO_BP	GO:0060251	regulation of glial cell proliferation	Neither	NO	NO	NA	NO
GO_BP	GO:0060252	positive regulation of glial cell proliferation	Neither	NO	NO	NA	NO
GO_BP	GO:0060253	negative regulation of glial cell proliferation	Neither	NO	NO	NA	NO
GO_BP	GO:0060259	regulation of feeding behavior	Neither	NO	NO	NA	NO
GO_BP	GO:0060260	regulation of transcription initiation by RNA polymerase II	Neither	NO	NO	NA	NO
GO_BP	GO:0060261	positive regulation of transcription initiation by RNA polymerase II	Neither	NO	NO	NA	NO
GO_BP	GO:0060263	regulation of respiratory burst	Neither	NO	NO	NA	NO
GO_BP	GO:0060271	cilium assembly	Neither	NO	NO	NA	NO
GO_BP	GO:0060285	cilium-dependent cell motility	Neither	NO	NO	NA	NO
GO_BP	GO:0060291	long-term synaptic potentiation	Neither	NO	NO	NA	NO
GO_BP	GO:0060292	long-term synaptic depression	Firth_only	NO	NO	NA	NO
GO_BP	GO:0060294	cilium movement involved in cell motility	Neither	NO	NO	NA	NO
GO_BP	GO:0060295	regulation of cilium movement involved in cell motility	Neither	NO	NO	NA	NO
GO_BP	GO:0060306	regulation of membrane repolarization	Neither	NO	NO	NA	NO
GO_BP	GO:0060307	regulation of ventricular cardiac muscle cell membrane repolarization	Neither	NO	NO	NA	NO
GO_BP	GO:0060317	cardiac epithelial to mesenchymal transition	Neither	NO	NO	NA	NO
GO_BP	GO:0060323	head morphogenesis	Neither	NO	NO	NA	NO
GO_BP	GO:0060324	face development	Neither	NO	NO	NA	NO
GO_BP	GO:0060325	face morphogenesis	Neither	NO	NO	NA	NO
GO_BP	GO:0060326	cell chemotaxis	Neither	NO	NO	NA	NO
GO_BP	GO:0060330	regulation of response to type II interferon	Neither	NO	NO	NA	NO
GO_BP	GO:0060333	type II interferon-mediated signaling pathway	Neither	NO	NO	NA	NO
GO_BP	GO:0060334	regulation of type II interferon-mediated signaling pathway	Neither	NO	NO	NA	NO
GO_BP	GO:0060337	type I interferon-mediated signaling pathway	Neither	NO	NO	NA	NO
GO_BP	GO:0060338	regulation of type I interferon-mediated signaling pathway	Neither	NO	NO	NA	NO
GO_BP	GO:0060339	negative regulation of type I interferon-mediated signaling pathway	Neither	NO	NO	NA	NO
GO_BP	GO:0060340	positive regulation of type I interferon-mediated signaling pathway	Neither	NO	NO	NA	NO
GO_BP	GO:0060341	regulation of cellular localization	Neither	NO	NO	NA	NO
GO_BP	GO:0060343	trabecula formation	Neither	NO	NO	NA	NO
GO_BP	GO:0060348	bone development	Neither	NO	NO	NA	NO
GO_BP	GO:0060349	bone morphogenesis	Neither	NO	NO	NA	NO
GO_BP	GO:0060350	endochondral bone morphogenesis	Neither	NO	NO	NA	NO
GO_BP	GO:0060351	cartilage development involved in endochondral bone morphogenesis	Neither	NO	NO	NA	NO
GO_BP	GO:0060368	regulation of Fc receptor mediated stimulatory signaling pathway	Neither	NO	NO	NA	NO
GO_BP	GO:0060382	regulation of DNA strand elongation	Neither	NO	NO	NA	NO
GO_BP	GO:0060384	innervation	Neither	NO	NO	NA	NO
GO_BP	GO:0060390	regulation of SMAD protein signal transduction	Neither	NO	NO	NA	NO
GO_BP	GO:0060391	positive regulation of SMAD protein signal transduction	Neither	NO	NO	NA	NO
GO_BP	GO:0060392	negative regulation of SMAD protein signal transduction	Neither	NO	NO	NA	NO
GO_BP	GO:0060395	SMAD protein signal transduction	Neither	NO	NO	NA	NO
GO_BP	GO:0060396	growth hormone receptor signaling pathway	Neither	NO	NO	NA	NO
GO_BP	GO:0060397	growth hormone receptor signaling pathway via JAK-STAT	Neither	NO	NO	NA	NO
GO_BP	GO:0060402	calcium ion transport into cytosol	Neither	NO	NO	NA	NO
GO_BP	GO:0060411	cardiac septum morphogenesis	Neither	NO	NO	NA	NO
GO_BP	GO:0060412	ventricular septum morphogenesis	Neither	NO	NO	NA	NO
GO_BP	GO:0060413	atrial septum morphogenesis	Neither	NO	NO	NA	NO
GO_BP	GO:0060415	muscle tissue morphogenesis	Neither	NO	NO	NA	NO
GO_BP	GO:0060416	response to growth hormone	Neither	NO	NO	NA	NO
GO_BP	GO:0060419	heart growth	Neither	NO	NO	NA	NO
GO_BP	GO:0060420	regulation of heart growth	Neither	NO	NO	NA	NO
GO_BP	GO:0060421	positive regulation of heart growth	Neither	NO	NO	NA	NO
GO_BP	GO:0060425	lung morphogenesis	Neither	NO	NO	NA	NO
GO_BP	GO:0060428	lung epithelium development	Neither	NO	NO	NA	NO
GO_BP	GO:0060456	positive regulation of digestive system process	Neither	NO	NO	NA	NO
GO_BP	GO:0060457	negative regulation of digestive system process	Neither	NO	NO	NA	NO
GO_BP	GO:0060485	mesenchyme development	Neither	NO	NO	NA	NO
GO_BP	GO:0060491	regulation of cell projection assembly	Neither	NO	NO	NA	NO
GO_BP	GO:0060537	muscle tissue development	Neither	NO	NO	NA	NO
GO_BP	GO:0060538	skeletal muscle organ development	Neither	NO	NO	NA	NO
GO_BP	GO:0060541	respiratory system development	Neither	NO	NO	NA	NO
GO_BP	GO:0060544	regulation of necroptotic process	Neither	NO	NO	NA	NO
GO_BP	GO:0060546	negative regulation of necroptotic process	Neither	NO	NO	NA	NO
GO_BP	GO:0060560	developmental growth involved in morphogenesis	Neither	NO	NO	NA	NO
GO_BP	GO:0060562	epithelial tube morphogenesis	Neither	NO	NO	NA	NO
GO_BP	GO:0060563	neuroepithelial cell differentiation	Neither	NO	NO	NA	NO
GO_BP	GO:0060575	intestinal epithelial cell differentiation	Neither	NO	NO	NA	NO
GO_BP	GO:0060586	multicellular organismal-level iron ion homeostasis	Neither	NO	NO	NA	NO
GO_BP	GO:0060606	tube closure	Neither	NO	NO	NA	NO
GO_BP	GO:0060612	adipose tissue development	Firth_only	NO	NO	NA	NO
GO_BP	GO:0060623	regulation of chromosome condensation	Neither	NO	NO	NA	NO
GO_BP	GO:0060627	regulation of vesicle-mediated transport	Neither	NO	NO	NA	NO
GO_BP	GO:0060628	regulation of ER to Golgi vesicle-mediated transport	Neither	NO	NO	NA	NO
GO_BP	GO:0060632	regulation of microtubule-based movement	Neither	NO	NO	NA	NO
GO_BP	GO:0060633	negative regulation of transcription initiation by RNA polymerase II	Neither	NO	NO	NA	NO
GO_BP	GO:0060675	ureteric bud morphogenesis	Neither	NO	NO	NA	NO
GO_BP	GO:0060688	regulation of morphogenesis of a branching structure	Neither	NO	NO	NA	NO
GO_BP	GO:0060711	labyrinthine layer development	Neither	NO	NO	NA	NO
GO_BP	GO:0060732	positive regulation of inositol phosphate biosynthetic process	Neither	NO	NO	NA	NO
GO_BP	GO:0060759	regulation of response to cytokine stimulus	Neither	NO	NO	NA	NO
GO_BP	GO:0060760	positive regulation of response to cytokine stimulus	Neither	NO	NO	NA	NO
GO_BP	GO:0060761	negative regulation of response to cytokine stimulus	Neither	NO	NO	NA	NO
GO_BP	GO:0060765	regulation of androgen receptor signaling pathway	Neither	NO	NO	NA	NO
GO_BP	GO:0060766	negative regulation of androgen receptor signaling pathway	Neither	NO	NO	NA	NO
GO_BP	GO:0060795	cell fate commitment involved in formation of primary germ layer	Neither	NO	NO	NA	NO
GO_BP	GO:0060828	regulation of canonical Wnt signaling pathway	Neither	NO	NO	NA	NO
GO_BP	GO:0060840	artery development	Neither	NO	NO	NA	NO
GO_BP	GO:0060841	venous blood vessel development	Neither	NO	NO	NA	NO
GO_BP	GO:0060914	heart formation	Neither	NO	NO	NA	NO
GO_BP	GO:0060964	regulation of miRNA-mediated gene silencing	Neither	NO	NO	NA	NO
GO_BP	GO:0060965	negative regulation of miRNA-mediated gene silencing	Neither	NO	NO	NA	NO
GO_BP	GO:0060966	regulation of gene silencing by regulatory ncRNA	Neither	NO	NO	NA	NO
GO_BP	GO:0060967	negative regulation of gene silencing by regulatory ncRNA	Neither	NO	NO	NA	NO
GO_BP	GO:0060972	left/right pattern formation	Neither	NO	NO	NA	NO
GO_BP	GO:0060973	cell migration involved in heart development	Neither	NO	NO	NA	NO
GO_BP	GO:0060976	coronary vasculature development	Neither	NO	NO	NA	NO
GO_BP	GO:0060977	coronary vasculature morphogenesis	Neither	NO	NO	NA	NO
GO_BP	GO:0060993	kidney morphogenesis	Neither	NO	NO	NA	NO
GO_BP	GO:0060996	dendritic spine development	Neither	NO	NO	NA	NO
GO_BP	GO:0060997	dendritic spine morphogenesis	Neither	NO	NO	NA	NO
GO_BP	GO:0060998	regulation of dendritic spine development	Neither	NO	NO	NA	NO
GO_BP	GO:0060999	positive regulation of dendritic spine development	Neither	NO	NO	NA	NO
GO_BP	GO:0061001	regulation of dendritic spine morphogenesis	Neither	NO	NO	NA	NO
GO_BP	GO:0061003	positive regulation of dendritic spine morphogenesis	Neither	NO	NO	NA	NO
GO_BP	GO:0061005	cell differentiation involved in kidney development	Neither	NO	NO	NA	NO
GO_BP	GO:0061008	hepaticobiliary system development	Neither	NO	NO	NA	NO
GO_BP	GO:0061013	regulation of mRNA catabolic process	Neither	NO	NO	NA	NO
GO_BP	GO:0061014	positive regulation of mRNA catabolic process	Neither	NO	NO	NA	NO
GO_BP	GO:0061025	membrane fusion	Neither	NO	NO	NA	NO
GO_BP	GO:0061028	establishment of endothelial barrier	Neither	NO	NO	NA	NO
GO_BP	GO:0061035	regulation of cartilage development	Neither	NO	NO	NA	NO
GO_BP	GO:0061036	positive regulation of cartilage development	Neither	NO	NO	NA	NO
GO_BP	GO:0061037	negative regulation of cartilage development	Neither	NO	NO	NA	NO
GO_BP	GO:0061041	regulation of wound healing	Neither	NO	NO	NA	NO
GO_BP	GO:0061043	regulation of vascular wound healing	Neither	NO	NO	NA	NO
GO_BP	GO:0061045	negative regulation of wound healing	Neither	NO	NO	NA	NO
GO_BP	GO:0061050	regulation of cell growth involved in cardiac muscle cell development	Neither	NO	NO	NA	NO
GO_BP	GO:0061052	negative regulation of cell growth involved in cardiac muscle cell development	Neither	NO	NO	NA	NO
GO_BP	GO:0061053	somite development	Neither	NO	NO	NA	NO
GO_BP	GO:0061061	muscle structure development	Neither	NO	NO	NA	NO
GO_BP	GO:0061081	positive regulation of myeloid leukocyte cytokine production involved in immune response	Neither	NO	NO	NA	NO
GO_BP	GO:0061097	regulation of protein tyrosine kinase activity	Neither	NO	NO	NA	NO
GO_BP	GO:0061099	negative regulation of protein tyrosine kinase activity	Neither	NO	NO	NA	NO
GO_BP	GO:0061117	negative regulation of heart growth	Neither	NO	NO	NA	NO
GO_BP	GO:0061136	regulation of proteasomal protein catabolic process	Neither	NO	NO	NA	NO
GO_BP	GO:0061138	morphogenesis of a branching epithelium	Neither	NO	NO	NA	NO
GO_BP	GO:0061154	endothelial tube morphogenesis	Neither	NO	NO	NA	NO
GO_BP	GO:0061157	mRNA destabilization	Neither	NO	NO	NA	NO
GO_BP	GO:0061158	3'-UTR-mediated mRNA destabilization	Neither	NO	NO	NA	NO
GO_BP	GO:0061162	establishment of monopolar cell polarity	Neither	NO	NO	NA	NO
GO_BP	GO:0061178	regulation of insulin secretion involved in cellular response to glucose stimulus	Neither	NO	NO	NA	NO
GO_BP	GO:0061180	mammary gland epithelium development	Neither	NO	NO	NA	NO
GO_BP	GO:0061245	establishment or maintenance of bipolar cell polarity	Neither	NO	NO	NA	NO
GO_BP	GO:0061298	retina vasculature development in camera-type eye	Neither	NO	NO	NA	NO
GO_BP	GO:0061303	cornea development in camera-type eye	Neither	NO	NO	NA	NO
GO_BP	GO:0061318	renal filtration cell differentiation	Neither	NO	NO	NA	NO
GO_BP	GO:0061326	renal tubule development	Neither	NO	NO	NA	NO
GO_BP	GO:0061333	renal tubule morphogenesis	Neither	NO	NO	NA	NO
GO_BP	GO:0061337	cardiac conduction	Neither	NO	NO	NA	NO
GO_BP	GO:0061339	establishment or maintenance of monopolar cell polarity	Neither	NO	NO	NA	NO
GO_BP	GO:0061351	neural precursor cell proliferation	Neither	NO	NO	NA	NO
GO_BP	GO:0061371	determination of heart left/right asymmetry	Neither	NO	NO	NA	NO
GO_BP	GO:0061383	trabecula morphogenesis	Neither	NO	NO	NA	NO
GO_BP	GO:0061384	heart trabecula morphogenesis	Neither	NO	NO	NA	NO
GO_BP	GO:0061387	regulation of extent of cell growth	Neither	NO	NO	NA	NO
GO_BP	GO:0061436	establishment of skin barrier	Neither	NO	NO	NA	NO
GO_BP	GO:0061437	renal system vasculature development	Neither	NO	NO	NA	NO
GO_BP	GO:0061440	kidney vasculature development	Neither	NO	NO	NA	NO
GO_BP	GO:0061448	connective tissue development	Neither	NO	NO	NA	NO
GO_BP	GO:0061458	reproductive system development	Neither	NO	NO	NA	NO
GO_BP	GO:0061462	protein localization to lysosome	Neither	NO	NO	NA	NO
GO_BP	GO:0061512	protein localization to cilium	Neither	NO	NO	NA	NO
GO_BP	GO:0061515	myeloid cell development	Neither	NO	NO	NA	NO
GO_BP	GO:0061548	ganglion development	Neither	NO	NO	NA	NO
GO_BP	GO:0061564	axon development	Neither	NO	NO	NA	NO
GO_BP	GO:0061572	actin filament bundle organization	Neither	NO	NO	NA	NO
GO_BP	GO:0061615	glycolytic process through fructose-6-phosphate	Neither	NO	NO	NA	NO
GO_BP	GO:0061620	glycolytic process through glucose-6-phosphate	Neither	NO	NO	NA	NO
GO_BP	GO:0061621	canonical glycolysis	Neither	NO	NO	NA	NO
GO_BP	GO:0061635	regulation of protein complex stability	Neither	NO	NO	NA	NO
GO_BP	GO:0061640	cytoskeleton-dependent cytokinesis	Neither	NO	NO	NA	NO
GO_BP	GO:0061668	mitochondrial ribosome assembly	Neither	NO	NO	NA	NO
GO_BP	GO:0061687	detoxification of inorganic compound	Neither	NO	NO	NA	NO
GO_BP	GO:0061709	reticulophagy	Neither	NO	NO	NA	NO
GO_BP	GO:0061723	glycophagy	Neither	NO	NO	NA	NO
GO_BP	GO:0061744	motor behavior	Neither	NO	NO	NA	NO
GO_BP	GO:0061756	leukocyte adhesion to vascular endothelial cell	Neither	NO	NO	NA	NO
GO_BP	GO:0061760	antifungal innate immune response	Neither	NO	NO	NA	NO
GO_BP	GO:0061763	multivesicular body-lysosome fusion	Neither	NO	NO	NA	NO
GO_BP	GO:0061795	Golgi lumen acidification	Neither	NO	NO	NA	NO
GO_BP	GO:0061842	microtubule organizing center localization	Neither	NO	NO	NA	NO
GO_BP	GO:0061844	antimicrobial humoral immune response mediated by antimicrobial peptide	Neither	NO	NO	NA	NO
GO_BP	GO:0061900	glial cell activation	Neither	NO	NO	NA	NO
GO_BP	GO:0061909	autophagosome-lysosome fusion	Neither	NO	NO	NA	NO
GO_BP	GO:0061919	process utilizing autophagic mechanism	Neither	NO	NO	NA	NO
GO_BP	GO:0061951	establishment of protein localization to plasma membrane	Neither	NO	NO	NA	NO
GO_BP	GO:0061952	midbody abscission	Neither	NO	NO	NA	NO
GO_BP	GO:0061982	meiosis I cell cycle process	Neither	NO	NO	NA	NO
GO_BP	GO:0062009	secondary palate development	Neither	NO	NO	NA	NO
GO_BP	GO:0062012	regulation of small molecule metabolic process	Neither	NO	NO	NA	NO
GO_BP	GO:0062013	positive regulation of small molecule metabolic process	Neither	NO	NO	NA	NO
GO_BP	GO:0062014	negative regulation of small molecule metabolic process	Neither	NO	NO	NA	NO
GO_BP	GO:0062028	regulation of cytoplasmic stress granule assembly	Neither	NO	NO	NA	NO
GO_BP	GO:0062042	regulation of cardiac epithelial to mesenchymal transition	Neither	NO	NO	NA	NO
GO_BP	GO:0062098	regulation of programmed necrotic cell death	Neither	NO	NO	NA	NO
GO_BP	GO:0062099	negative regulation of programmed necrotic cell death	Neither	NO	NO	NA	NO
GO_BP	GO:0062111	zinc ion import into organelle	Neither	NO	NO	NA	NO
GO_BP	GO:0062125	regulation of mitochondrial gene expression	Neither	NO	NO	NA	NO
GO_BP	GO:0062176	R-loop processing	Neither	NO	NO	NA	NO
GO_BP	GO:0062197	cellular response to chemical stress	Neither	NO	NO	NA	NO
GO_BP	GO:0062207	regulation of pattern recognition receptor signaling pathway	Neither	NO	NO	NA	NO
GO_BP	GO:0062208	positive regulation of pattern recognition receptor signaling pathway	Neither	NO	NO	NA	NO
GO_BP	GO:0062237	protein localization to postsynapse	Neither	NO	NO	NA	NO
GO_BP	GO:0065002	intracellular protein transmembrane transport	Neither	NO	NO	NA	NO
GO_BP	GO:0065004	protein-DNA complex assembly	Neither	NO	NO	NA	NO
GO_BP	GO:0065005	protein-lipid complex assembly	Neither	NO	NO	NA	NO
GO_BP	GO:0070050	neuron cellular homeostasis	Neither	NO	NO	NA	NO
GO_BP	GO:0070059	intrinsic apoptotic signaling pathway in response to endoplasmic reticulum stress	Neither	NO	NO	NA	NO
GO_BP	GO:0070070	proton-transporting V-type ATPase complex assembly	Neither	NO	NO	NA	NO
GO_BP	GO:0070071	proton-transporting two-sector ATPase complex assembly	Neither	NO	NO	NA	NO
GO_BP	GO:0070098	chemokine-mediated signaling pathway	Neither	NO	NO	NA	NO
GO_BP	GO:0070099	regulation of chemokine-mediated signaling pathway	Neither	NO	NO	NA	NO
GO_BP	GO:0070102	interleukin-6-mediated signaling pathway	Neither	NO	NO	NA	NO
GO_BP	GO:0070106	interleukin-27-mediated signaling pathway	Neither	NO	NO	NA	NO
GO_BP	GO:0070129	regulation of mitochondrial translation	Neither	NO	NO	NA	NO
GO_BP	GO:0070131	positive regulation of mitochondrial translation	Neither	NO	NO	NA	NO
GO_BP	GO:0070141	response to UV-A	Neither	NO	NO	NA	NO
GO_BP	GO:0070142	synaptic vesicle budding	Neither	NO	NO	NA	NO
GO_BP	GO:0070167	regulation of biomineral tissue development	Neither	NO	NO	NA	NO
GO_BP	GO:0070168	negative regulation of biomineral tissue development	Neither	NO	NO	NA	NO
GO_BP	GO:0070169	positive regulation of biomineral tissue development	Neither	NO	NO	NA	NO
GO_BP	GO:0070170	regulation of tooth mineralization	Neither	NO	NO	NA	NO
GO_BP	GO:0070192	chromosome organization involved in meiotic cell cycle	Neither	NO	NO	NA	NO
GO_BP	GO:0070193	synaptonemal complex organization	Neither	NO	NO	NA	NO
GO_BP	GO:0070198	protein localization to chromosome, telomeric region	Neither	NO	NO	NA	NO
GO_BP	GO:0070199	establishment of protein localization to chromosome	Firth_only	NO	NO	NA	NO
GO_BP	GO:0070201	regulation of establishment of protein localization	Neither	NO	NO	NA	NO
GO_BP	GO:0070206	protein trimerization	Neither	NO	NO	NA	NO
GO_BP	GO:0070207	protein homotrimerization	Neither	NO	NO	NA	NO
GO_BP	GO:0070213	protein auto-ADP-ribosylation	Neither	NO	NO	NA	NO
GO_BP	GO:0070227	lymphocyte apoptotic process	Neither	NO	NO	NA	NO
GO_BP	GO:0070228	regulation of lymphocyte apoptotic process	Neither	NO	NO	NA	NO
GO_BP	GO:0070229	negative regulation of lymphocyte apoptotic process	Neither	NO	NO	NA	NO
GO_BP	GO:0070230	positive regulation of lymphocyte apoptotic process	Neither	NO	NO	NA	NO
GO_BP	GO:0070232	regulation of T cell apoptotic process	Neither	NO	NO	NA	NO
GO_BP	GO:0070233	negative regulation of T cell apoptotic process	Neither	NO	NO	NA	NO
GO_BP	GO:0070234	positive regulation of T cell apoptotic process	Neither	NO	NO	NA	NO
GO_BP	GO:0070252	actin-mediated cell contraction	Neither	NO	NO	NA	NO
GO_BP	GO:0070266	necroptotic process	Neither	NO	NO	NA	NO
GO_BP	GO:0070268	cornification	Neither	NO	NO	NA	NO
GO_BP	GO:0070269	pyroptotic inflammatory response	Neither	NO	NO	NA	NO
GO_BP	GO:0070286	axonemal dynein complex assembly	Neither	NO	NO	NA	NO
GO_BP	GO:0070293	renal absorption	Neither	NO	NO	NA	NO
GO_BP	GO:0070294	renal sodium ion absorption	Neither	NO	NO	NA	NO
GO_BP	GO:0070296	sarcoplasmic reticulum calcium ion transport	Neither	NO	NO	NA	NO
GO_BP	GO:0070301	cellular response to hydrogen peroxide	Neither	NO	NO	NA	NO
GO_BP	GO:0070302	regulation of stress-activated protein kinase signaling cascade	Neither	NO	NO	NA	NO
GO_BP	GO:0070304	positive regulation of stress-activated protein kinase signaling cascade	Neither	NO	NO	NA	NO
GO_BP	GO:0070306	lens fiber cell differentiation	Neither	NO	NO	NA	NO
GO_BP	GO:0070307	lens fiber cell development	Neither	NO	NO	NA	NO
GO_BP	GO:0070314	G1 to G0 transition	Neither	NO	NO	NA	NO
GO_BP	GO:0070316	regulation of G0 to G1 transition	Neither	NO	NO	NA	NO
GO_BP	GO:0070327	thyroid hormone transport	Neither	NO	NO	NA	NO
GO_BP	GO:0070328	triglyceride homeostasis	Neither	NO	NO	NA	NO
GO_BP	GO:0070344	regulation of fat cell proliferation	Neither	NO	NO	NA	NO
GO_BP	GO:0070365	hepatocyte differentiation	Neither	NO	NO	NA	NO
GO_BP	GO:0070371	ERK1 and ERK2 cascade	Neither	NO	NO	NA	NO
GO_BP	GO:0070372	regulation of ERK1 and ERK2 cascade	Neither	NO	NO	NA	NO
GO_BP	GO:0070373	negative regulation of ERK1 and ERK2 cascade	Neither	NO	NO	NA	NO
GO_BP	GO:0070374	positive regulation of ERK1 and ERK2 cascade	Neither	NO	NO	NA	NO
GO_BP	GO:0070417	cellular response to cold	Neither	NO	NO	NA	NO
GO_BP	GO:0070424	regulation of nucleotide-binding domain, leucine rich repeat containing receptor signaling pathway	Firth_only	NO	NO	NA	NO
GO_BP	GO:0070472	regulation of uterine smooth muscle contraction	Neither	NO	NO	NA	NO
GO_BP	GO:0070482	response to oxygen levels	Neither	NO	NO	NA	NO
GO_BP	GO:0070486	leukocyte aggregation	Neither	NO	NO	NA	NO
GO_BP	GO:0070493	thrombin-activated receptor signaling pathway	Neither	NO	NO	NA	NO
GO_BP	GO:0070498	interleukin-1-mediated signaling pathway	Neither	NO	NO	NA	NO
GO_BP	GO:0070507	regulation of microtubule cytoskeleton organization	Neither	NO	NO	NA	NO
GO_BP	GO:0070509	calcium ion import	Neither	NO	NO	NA	NO
GO_BP	GO:0070527	platelet aggregation	Firth_only	NO	NO	NA	NO
GO_BP	GO:0070534	protein K63-linked ubiquitination	Neither	NO	NO	NA	NO
GO_BP	GO:0070536	protein K63-linked deubiquitination	Neither	NO	NO	NA	NO
GO_BP	GO:0070542	response to fatty acid	Neither	NO	NO	NA	NO
GO_BP	GO:0070555	response to interleukin-1	Neither	NO	NO	NA	NO
GO_BP	GO:0070570	regulation of neuron projection regeneration	Neither	NO	NO	NA	NO
GO_BP	GO:0070571	negative regulation of neuron projection regeneration	Neither	NO	NO	NA	NO
GO_BP	GO:0070585	protein localization to mitochondrion	Neither	NO	NO	NA	NO
GO_BP	GO:0070588	calcium ion transmembrane transport	Neither	NO	NO	NA	NO
GO_BP	GO:0070593	dendrite self-avoidance	Neither	NO	NO	NA	NO
GO_BP	GO:0070613	regulation of protein processing	Neither	NO	NO	NA	NO
GO_BP	GO:0070633	transepithelial transport	Neither	NO	NO	NA	NO
GO_BP	GO:0070646	protein modification by small protein removal	Neither	NO	NO	NA	NO
GO_BP	GO:0070661	leukocyte proliferation	Firth_only	NO	NO	NA	NO
GO_BP	GO:0070663	regulation of leukocyte proliferation	Neither	NO	NO	NA	NO
GO_BP	GO:0070664	negative regulation of leukocyte proliferation	Neither	NO	NO	NA	NO
GO_BP	GO:0070665	positive regulation of leukocyte proliferation	Neither	NO	NO	NA	NO
GO_BP	GO:0070670	response to interleukin-4	Neither	NO	NO	NA	NO
GO_BP	GO:0070671	response to interleukin-12	Neither	NO	NO	NA	NO
GO_BP	GO:0070672	response to interleukin-15	Neither	NO	NO	NA	NO
GO_BP	GO:0070723	response to cholesterol	Neither	NO	NO	NA	NO
GO_BP	GO:0070729	cyclic nucleotide transport	Neither	NO	NO	NA	NO
GO_BP	GO:0070741	response to interleukin-6	Neither	NO	NO	NA	NO
GO_BP	GO:0070778	L-aspartate transmembrane transport	Neither	NO	NO	NA	NO
GO_BP	GO:0070828	heterochromatin organization	Neither	NO	NO	NA	NO
GO_BP	GO:0070830	bicellular tight junction assembly	Neither	NO	NO	NA	NO
GO_BP	GO:0070837	dehydroascorbic acid transport	Neither	NO	NO	NA	NO
GO_BP	GO:0070848	response to growth factor	Neither	NO	NO	NA	NO
GO_BP	GO:0070849	response to epidermal growth factor	Neither	NO	NO	NA	NO
GO_BP	GO:0070857	regulation of bile acid biosynthetic process	Neither	NO	NO	NA	NO
GO_BP	GO:0070873	regulation of glycogen metabolic process	Neither	NO	NO	NA	NO
GO_BP	GO:0070875	positive regulation of glycogen metabolic process	Neither	NO	NO	NA	NO
GO_BP	GO:0070884	regulation of calcineurin-NFAT signaling cascade	Neither	NO	NO	NA	NO
GO_BP	GO:0070885	negative regulation of calcineurin-NFAT signaling cascade	Neither	NO	NO	NA	NO
GO_BP	GO:0070886	positive regulation of calcineurin-NFAT signaling cascade	Neither	NO	NO	NA	NO
GO_BP	GO:0070897	transcription preinitiation complex assembly	Neither	NO	NO	NA	NO
GO_BP	GO:0070900	mitochondrial tRNA modification	Neither	NO	NO	NA	NO
GO_BP	GO:0070914	UV-damage excision repair	Neither	NO	NO	NA	NO
GO_BP	GO:0070918	regulatory ncRNA processing	Neither	NO	NO	NA	NO
GO_BP	GO:0070920	regulation of regulatory ncRNA processing	Neither	NO	NO	NA	NO
GO_BP	GO:0070922	RISC complex assembly	Neither	NO	NO	NA	NO
GO_BP	GO:0070934	CRD-mediated mRNA stabilization	Neither	NO	NO	NA	NO
GO_BP	GO:0070935	3'-UTR-mediated mRNA stabilization	Neither	NO	NO	NA	NO
GO_BP	GO:0070936	protein K48-linked ubiquitination	Neither	NO	NO	NA	NO
GO_BP	GO:0070972	protein localization to endoplasmic reticulum	Neither	NO	NO	NA	NO
GO_BP	GO:0070977	bone maturation	Neither	NO	NO	NA	NO
GO_BP	GO:0070979	protein K11-linked ubiquitination	Neither	NO	NO	NA	NO
GO_BP	GO:0070988	demethylation	Neither	NO	NO	NA	NO
GO_BP	GO:0070989	oxidative demethylation	Neither	NO	NO	NA	NO
GO_BP	GO:0071025	RNA surveillance	Neither	NO	NO	NA	NO
GO_BP	GO:0071027	nuclear RNA surveillance	Neither	NO	NO	NA	NO
GO_BP	GO:0071028	nuclear mRNA surveillance	Neither	NO	NO	NA	NO
GO_BP	GO:0071044	histone mRNA catabolic process	Neither	NO	NO	NA	NO
GO_BP	GO:0071045	nuclear histone mRNA catabolic process	Neither	NO	NO	NA	NO
GO_BP	GO:0071071	regulation of phospholipid biosynthetic process	Neither	NO	NO	NA	NO
GO_BP	GO:0071073	positive regulation of phospholipid biosynthetic process	Neither	NO	NO	NA	NO
GO_BP	GO:0071103	DNA conformation change	Neither	NO	NO	NA	NO
GO_BP	GO:0071107	response to parathyroid hormone	Neither	NO	NO	NA	NO
GO_BP	GO:0071108	protein K48-linked deubiquitination	Neither	NO	NO	NA	NO
GO_BP	GO:0071168	protein localization to chromatin	Neither	NO	NO	NA	NO
GO_BP	GO:0071169	establishment of protein localization to chromatin	Neither	NO	NO	NA	NO
GO_BP	GO:0071173	spindle assembly checkpoint signaling	Neither	NO	NO	NA	NO
GO_BP	GO:0071174	mitotic spindle checkpoint signaling	Neither	NO	NO	NA	NO
GO_BP	GO:0071214	cellular response to abiotic stimulus	Neither	NO	NO	NA	NO
GO_BP	GO:0071216	cellular response to biotic stimulus	Neither	NO	NO	NA	NO
GO_BP	GO:0071218	cellular response to misfolded protein	Neither	NO	NO	NA	NO
GO_BP	GO:0071219	cellular response to molecule of bacterial origin	Neither	NO	NO	NA	NO
GO_BP	GO:0071222	cellular response to lipopolysaccharide	Neither	NO	NO	NA	NO
GO_BP	GO:0071225	cellular response to muramyl dipeptide	Neither	NO	NO	NA	NO
GO_BP	GO:0071229	cellular response to acid chemical	Neither	NO	NO	NA	NO
GO_BP	GO:0071230	cellular response to amino acid stimulus	Neither	NO	NO	NA	NO
GO_BP	GO:0071233	cellular response to L-leucine	Neither	NO	NO	NA	NO
GO_BP	GO:0071243	cellular response to arsenic-containing substance	Neither	NO	NO	NA	NO
GO_BP	GO:0071248	cellular response to metal ion	Neither	NO	NO	NA	NO
GO_BP	GO:0071260	cellular response to mechanical stimulus	Neither	NO	NO	NA	NO
GO_BP	GO:0071276	cellular response to cadmium ion	Neither	NO	NO	NA	NO
GO_BP	GO:0071277	cellular response to calcium ion	Neither	NO	NO	NA	NO
GO_BP	GO:0071280	cellular response to copper ion	Neither	NO	NO	NA	NO
GO_BP	GO:0071287	cellular response to manganese ion	Neither	NO	NO	NA	NO
GO_BP	GO:0071294	cellular response to zinc ion	Neither	NO	NO	NA	NO
GO_BP	GO:0071295	cellular response to vitamin	Neither	NO	NO	NA	NO
GO_BP	GO:0071300	cellular response to retinoic acid	Neither	NO	NO	NA	NO
GO_BP	GO:0071305	cellular response to vitamin D	Neither	NO	NO	NA	NO
GO_BP	GO:0071312	cellular response to alkaloid	Neither	NO	NO	NA	NO
GO_BP	GO:0071318	cellular response to ATP	Firth_only	NO	NO	NA	NO
GO_BP	GO:0071320	cellular response to cAMP	Neither	NO	NO	NA	NO
GO_BP	GO:0071322	cellular response to carbohydrate stimulus	Neither	NO	NO	NA	NO
GO_BP	GO:0071326	cellular response to monosaccharide stimulus	Neither	NO	NO	NA	NO
GO_BP	GO:0071331	cellular response to hexose stimulus	Neither	NO	NO	NA	NO
GO_BP	GO:0071333	cellular response to glucose stimulus	Neither	NO	NO	NA	NO
GO_BP	GO:0071346	cellular response to type II interferon	Neither	NO	NO	NA	NO
GO_BP	GO:0071347	cellular response to interleukin-1	Neither	NO	NO	NA	NO
GO_BP	GO:0071349	cellular response to interleukin-12	Neither	NO	NO	NA	NO
GO_BP	GO:0071350	cellular response to interleukin-15	Neither	NO	NO	NA	NO
GO_BP	GO:0071353	cellular response to interleukin-4	Neither	NO	NO	NA	NO
GO_BP	GO:0071354	cellular response to interleukin-6	Neither	NO	NO	NA	NO
GO_BP	GO:0071356	cellular response to tumor necrosis factor	Neither	NO	NO	NA	NO
GO_BP	GO:0071357	cellular response to type I interferon	Neither	NO	NO	NA	NO
GO_BP	GO:0071359	cellular response to dsRNA	Neither	NO	NO	NA	NO
GO_BP	GO:0071360	cellular response to exogenous dsRNA	Neither	NO	NO	NA	NO
GO_BP	GO:0071361	cellular response to ethanol	Neither	NO	NO	NA	NO
GO_BP	GO:0071362	cellular response to ether	Neither	NO	NO	NA	NO
GO_BP	GO:0071363	cellular response to growth factor stimulus	Neither	NO	NO	NA	NO
GO_BP	GO:0071364	cellular response to epidermal growth factor stimulus	Neither	NO	NO	NA	NO
GO_BP	GO:0071371	cellular response to gonadotropin stimulus	Neither	NO	NO	NA	NO
GO_BP	GO:0071375	cellular response to peptide hormone stimulus	Neither	NO	NO	NA	NO
GO_BP	GO:0071377	cellular response to glucagon stimulus	Neither	NO	NO	NA	NO
GO_BP	GO:0071378	cellular response to growth hormone stimulus	Neither	NO	NO	NA	NO
GO_BP	GO:0071379	cellular response to prostaglandin stimulus	Neither	NO	NO	NA	NO
GO_BP	GO:0071380	cellular response to prostaglandin E stimulus	Neither	NO	NO	NA	NO
GO_BP	GO:0071383	cellular response to steroid hormone stimulus	Neither	NO	NO	NA	NO
GO_BP	GO:0071384	cellular response to corticosteroid stimulus	Neither	NO	NO	NA	NO
GO_BP	GO:0071385	cellular response to glucocorticoid stimulus	Neither	NO	NO	NA	NO
GO_BP	GO:0071391	cellular response to estrogen stimulus	Neither	NO	NO	NA	NO
GO_BP	GO:0071392	cellular response to estradiol stimulus	Neither	NO	NO	NA	NO
GO_BP	GO:0071397	cellular response to cholesterol	Neither	NO	NO	NA	NO
GO_BP	GO:0071398	cellular response to fatty acid	Neither	NO	NO	NA	NO
GO_BP	GO:0071402	cellular response to lipoprotein particle stimulus	Neither	NO	NO	NA	NO
GO_BP	GO:0071404	cellular response to low-density lipoprotein particle stimulus	Neither	NO	NO	NA	NO
GO_BP	GO:0071415	cellular response to purine-containing compound	Neither	NO	NO	NA	NO
GO_BP	GO:0071421	manganese ion transmembrane transport	Neither	NO	NO	NA	NO
GO_BP	GO:0071425	hematopoietic stem cell proliferation	Neither	NO	NO	NA	NO
GO_BP	GO:0071450	cellular response to oxygen radical	Neither	NO	NO	NA	NO
GO_BP	GO:0071451	cellular response to superoxide	Neither	NO	NO	NA	NO
GO_BP	GO:0071453	cellular response to oxygen levels	Neither	NO	NO	NA	NO
GO_BP	GO:0071456	cellular response to hypoxia	Neither	NO	NO	NA	NO
GO_BP	GO:0071459	protein localization to chromosome, centromeric region	Neither	NO	NO	NA	NO
GO_BP	GO:0071466	cellular response to xenobiotic stimulus	Neither	NO	NO	NA	NO
GO_BP	GO:0071467	cellular response to pH	Neither	NO	NO	NA	NO
GO_BP	GO:0071468	cellular response to acidic pH	Neither	NO	NO	NA	NO
GO_BP	GO:0071470	cellular response to osmotic stress	Neither	NO	NO	NA	NO
GO_BP	GO:0071474	cellular hyperosmotic response	Neither	NO	NO	NA	NO
GO_BP	GO:0071476	cellular hypotonic response	Neither	NO	NO	NA	NO
GO_BP	GO:0071478	cellular response to radiation	Neither	NO	NO	NA	NO
GO_BP	GO:0071479	cellular response to ionizing radiation	Neither	NO	NO	NA	NO
GO_BP	GO:0071480	cellular response to gamma radiation	Neither	NO	NO	NA	NO
GO_BP	GO:0071482	cellular response to light stimulus	Neither	NO	NO	NA	NO
GO_BP	GO:0071492	cellular response to UV-A	Neither	NO	NO	NA	NO
GO_BP	GO:0071493	cellular response to UV-B	Neither	NO	NO	NA	NO
GO_BP	GO:0071496	cellular response to external stimulus	Neither	NO	NO	NA	NO
GO_BP	GO:0071498	cellular response to fluid shear stress	Neither	NO	NO	NA	NO
GO_BP	GO:0071499	cellular response to laminar fluid shear stress	Neither	NO	NO	NA	NO
GO_BP	GO:0071514	genomic imprinting	Neither	NO	NO	NA	NO
GO_BP	GO:0071526	semaphorin-plexin signaling pathway	Neither	NO	NO	NA	NO
GO_BP	GO:0071539	protein localization to centrosome	Neither	NO	NO	NA	NO
GO_BP	GO:0071542	dopaminergic neuron differentiation	Neither	NO	NO	NA	NO
GO_BP	GO:0071548	response to dexamethasone	Neither	NO	NO	NA	NO
GO_BP	GO:0071549	cellular response to dexamethasone stimulus	Neither	NO	NO	NA	NO
GO_BP	GO:0071559	response to transforming growth factor beta	Neither	NO	NO	NA	NO
GO_BP	GO:0071560	cellular response to transforming growth factor beta stimulus	Neither	NO	NO	NA	NO
GO_BP	GO:0071577	zinc ion transmembrane transport	Neither	NO	NO	NA	NO
GO_BP	GO:0071578	zinc ion import across plasma membrane	Neither	NO	NO	NA	NO
GO_BP	GO:0071604	transforming growth factor beta production	Neither	NO	NO	NA	NO
GO_BP	GO:0071616	acyl-CoA biosynthetic process	Neither	NO	NO	NA	NO
GO_BP	GO:0071621	granulocyte chemotaxis	Neither	NO	NO	NA	NO
GO_BP	GO:0071622	regulation of granulocyte chemotaxis	Neither	NO	NO	NA	NO
GO_BP	GO:0071624	positive regulation of granulocyte chemotaxis	Neither	NO	NO	NA	NO
GO_BP	GO:0071625	vocalization behavior	Neither	NO	NO	NA	NO
GO_BP	GO:0071634	regulation of transforming growth factor beta production	Neither	NO	NO	NA	NO
GO_BP	GO:0071635	negative regulation of transforming growth factor beta production	Neither	NO	NO	NA	NO
GO_BP	GO:0071636	positive regulation of transforming growth factor beta production	Neither	NO	NO	NA	NO
GO_BP	GO:0071637	regulation of monocyte chemotactic protein-1 production	Neither	NO	NO	NA	NO
GO_BP	GO:0071639	positive regulation of monocyte chemotactic protein-1 production	Neither	NO	NO	NA	NO
GO_BP	GO:0071649	regulation of chemokine (C-C motif) ligand 5 production	Neither	NO	NO	NA	NO
GO_BP	GO:0071674	mononuclear cell migration	Neither	NO	NO	NA	NO
GO_BP	GO:0071675	regulation of mononuclear cell migration	Neither	NO	NO	NA	NO
GO_BP	GO:0071676	negative regulation of mononuclear cell migration	Neither	NO	NO	NA	NO
GO_BP	GO:0071677	positive regulation of mononuclear cell migration	Neither	NO	NO	NA	NO
GO_BP	GO:0071679	commissural neuron axon guidance	Neither	NO	NO	NA	NO
GO_BP	GO:0071692	protein localization to extracellular region	Neither	NO	NO	NA	NO
GO_BP	GO:0071695	anatomical structure maturation	Neither	NO	NO	NA	NO
GO_BP	GO:0071705	nitrogen compound transport	Neither	NO	NO	NA	NO
GO_BP	GO:0071709	membrane assembly	Neither	NO	NO	NA	NO
GO_BP	GO:0071711	basement membrane organization	Neither	NO	NO	NA	NO
GO_BP	GO:0071715	icosanoid transport	Neither	NO	NO	NA	NO
GO_BP	GO:0071731	response to nitric oxide	Neither	NO	NO	NA	NO
GO_BP	GO:0071732	cellular response to nitric oxide	Neither	NO	NO	NA	NO
GO_BP	GO:0071763	nuclear membrane organization	Neither	NO	NO	NA	NO
GO_BP	GO:0071772	response to BMP	Neither	NO	NO	NA	NO
GO_BP	GO:0071773	cellular response to BMP stimulus	Neither	NO	NO	NA	NO
GO_BP	GO:0071774	response to fibroblast growth factor	Neither	NO	NO	NA	NO
GO_BP	GO:0071786	endoplasmic reticulum tubular network organization	Neither	NO	NO	NA	NO
GO_BP	GO:0071805	potassium ion transmembrane transport	Neither	NO	NO	NA	NO
GO_BP	GO:0071806	protein transmembrane transport	Neither	NO	NO	NA	NO
GO_BP	GO:0071816	tail-anchored membrane protein insertion into ER membrane	Neither	NO	NO	NA	NO
GO_BP	GO:0071824	protein-DNA complex organization	Neither	NO	NO	NA	NO
GO_BP	GO:0071825	protein-lipid complex organization	Neither	NO	NO	NA	NO
GO_BP	GO:0071826	protein-RNA complex organization	Neither	NO	NO	NA	NO
GO_BP	GO:0071827	plasma lipoprotein particle organization	Neither	NO	NO	NA	NO
GO_BP	GO:0071867	response to monoamine	Neither	NO	NO	NA	NO
GO_BP	GO:0071868	cellular response to monoamine stimulus	Neither	NO	NO	NA	NO
GO_BP	GO:0071869	response to catecholamine	Neither	NO	NO	NA	NO
GO_BP	GO:0071870	cellular response to catecholamine stimulus	Neither	NO	NO	NA	NO
GO_BP	GO:0071871	response to epinephrine	Neither	NO	NO	NA	NO
GO_BP	GO:0071872	cellular response to epinephrine stimulus	Neither	NO	NO	NA	NO
GO_BP	GO:0071875	adrenergic receptor signaling pathway	Neither	NO	NO	NA	NO
GO_BP	GO:0071880	adenylate cyclase-activating adrenergic receptor signaling pathway	Neither	NO	NO	NA	NO
GO_BP	GO:0071887	leukocyte apoptotic process	Neither	NO	NO	NA	NO
GO_BP	GO:0071897	DNA biosynthetic process	Neither	NO	NO	NA	NO
GO_BP	GO:0071900	regulation of protein serine/threonine kinase activity	Neither	NO	NO	NA	NO
GO_BP	GO:0071901	negative regulation of protein serine/threonine kinase activity	Neither	NO	NO	NA	NO
GO_BP	GO:0071902	positive regulation of protein serine/threonine kinase activity	Neither	NO	NO	NA	NO
GO_BP	GO:0071941	nitrogen cycle metabolic process	Neither	NO	NO	NA	NO
GO_BP	GO:0071985	multivesicular body sorting pathway	Neither	NO	NO	NA	NO
GO_BP	GO:0072001	renal system development	Neither	NO	NO	NA	NO
GO_BP	GO:0072006	nephron development	Neither	NO	NO	NA	NO
GO_BP	GO:0072009	nephron epithelium development	Neither	NO	NO	NA	NO
GO_BP	GO:0072010	glomerular epithelium development	Neither	NO	NO	NA	NO
GO_BP	GO:0072012	glomerulus vasculature development	Neither	NO	NO	NA	NO
GO_BP	GO:0072017	distal tubule development	Neither	NO	NO	NA	NO
GO_BP	GO:0072028	nephron morphogenesis	Neither	NO	NO	NA	NO
GO_BP	GO:0072044	collecting duct development	Neither	NO	NO	NA	NO
GO_BP	GO:0072070	loop of Henle development	Neither	NO	NO	NA	NO
GO_BP	GO:0072073	kidney epithelium development	Neither	NO	NO	NA	NO
GO_BP	GO:0072074	kidney mesenchyme development	Neither	NO	NO	NA	NO
GO_BP	GO:0072075	metanephric mesenchyme development	Neither	NO	NO	NA	NO
GO_BP	GO:0072078	nephron tubule morphogenesis	Neither	NO	NO	NA	NO
GO_BP	GO:0072079	nephron tubule formation	Neither	NO	NO	NA	NO
GO_BP	GO:0072080	nephron tubule development	Neither	NO	NO	NA	NO
GO_BP	GO:0072087	renal vesicle development	Neither	NO	NO	NA	NO
GO_BP	GO:0072088	nephron epithelium morphogenesis	Neither	NO	NO	NA	NO
GO_BP	GO:0072089	stem cell proliferation	Neither	NO	NO	NA	NO
GO_BP	GO:0072091	regulation of stem cell proliferation	Neither	NO	NO	NA	NO
GO_BP	GO:0072112	podocyte differentiation	Neither	NO	NO	NA	NO
GO_BP	GO:0072124	regulation of glomerular mesangial cell proliferation	Neither	NO	NO	NA	NO
GO_BP	GO:0072132	mesenchyme morphogenesis	Neither	NO	NO	NA	NO
GO_BP	GO:0072148	epithelial cell fate commitment	Neither	NO	NO	NA	NO
GO_BP	GO:0072163	mesonephric epithelium development	Neither	NO	NO	NA	NO
GO_BP	GO:0072164	mesonephric tubule development	Neither	NO	NO	NA	NO
GO_BP	GO:0072170	metanephric tubule development	Neither	NO	NO	NA	NO
GO_BP	GO:0072171	mesonephric tubule morphogenesis	Neither	NO	NO	NA	NO
GO_BP	GO:0072175	epithelial tube formation	Neither	NO	NO	NA	NO
GO_BP	GO:0072207	metanephric epithelium development	Neither	NO	NO	NA	NO
GO_BP	GO:0072210	metanephric nephron development	Neither	NO	NO	NA	NO
GO_BP	GO:0072224	metanephric glomerulus development	Neither	NO	NO	NA	NO
GO_BP	GO:0072234	metanephric nephron tubule development	Neither	NO	NO	NA	NO
GO_BP	GO:0072243	metanephric nephron epithelium development	Neither	NO	NO	NA	NO
GO_BP	GO:0072273	metanephric nephron morphogenesis	Neither	NO	NO	NA	NO
GO_BP	GO:0072311	glomerular epithelial cell differentiation	Neither	NO	NO	NA	NO
GO_BP	GO:0072329	monocarboxylic acid catabolic process	Neither	NO	NO	NA	NO
GO_BP	GO:0072330	monocarboxylic acid biosynthetic process	Neither	NO	NO	NA	NO
GO_BP	GO:0072331	signal transduction by p53 class mediator	Neither	NO	NO	NA	NO
GO_BP	GO:0072332	intrinsic apoptotic signaling pathway by p53 class mediator	Neither	NO	NO	NA	NO
GO_BP	GO:0072337	modified amino acid transport	Neither	NO	NO	NA	NO
GO_BP	GO:0072344	rescue of stalled cytosolic ribosome	Neither	NO	NO	NA	NO
GO_BP	GO:0072348	sulfur compound transport	Neither	NO	NO	NA	NO
GO_BP	GO:0072350	tricarboxylic acid metabolic process	Neither	NO	NO	NA	NO
GO_BP	GO:0072376	protein activation cascade	Neither	NO	NO	NA	NO
GO_BP	GO:0072378	blood coagulation, fibrin clot formation	Neither	NO	NO	NA	NO
GO_BP	GO:0072384	organelle transport along microtubule	Neither	NO	NO	NA	NO
GO_BP	GO:0072393	microtubule anchoring at microtubule organizing center	Neither	NO	NO	NA	NO
GO_BP	GO:0072488	ammonium transmembrane transport	Neither	NO	NO	NA	NO
GO_BP	GO:0072498	embryonic skeletal joint development	Neither	NO	NO	NA	NO
GO_BP	GO:0072521	purine-containing compound metabolic process	Neither	NO	NO	NA	NO
GO_BP	GO:0072522	purine-containing compound biosynthetic process	Neither	NO	NO	NA	NO
GO_BP	GO:0072523	purine-containing compound catabolic process	Neither	NO	NO	NA	NO
GO_BP	GO:0072524	pyridine-containing compound metabolic process	Neither	NO	NO	NA	NO
GO_BP	GO:0072525	pyridine-containing compound biosynthetic process	Neither	NO	NO	NA	NO
GO_BP	GO:0072526	pyridine-containing compound catabolic process	Neither	NO	NO	NA	NO
GO_BP	GO:0072527	pyrimidine-containing compound metabolic process	Neither	NO	NO	NA	NO
GO_BP	GO:0072528	pyrimidine-containing compound biosynthetic process	Neither	NO	NO	NA	NO
GO_BP	GO:0072529	pyrimidine-containing compound catabolic process	Neither	NO	NO	NA	NO
GO_BP	GO:0072530	purine-containing compound transmembrane transport	Neither	NO	NO	NA	NO
GO_BP	GO:0072531	pyrimidine-containing compound transmembrane transport	Neither	NO	NO	NA	NO
GO_BP	GO:0072538	T-helper 17 type immune response	Neither	NO	NO	NA	NO
GO_BP	GO:0072539	T-helper 17 cell differentiation	Neither	NO	NO	NA	NO
GO_BP	GO:0072540	T-helper 17 cell lineage commitment	Neither	NO	NO	NA	NO
GO_BP	GO:0072583	clathrin-dependent endocytosis	Neither	NO	NO	NA	NO
GO_BP	GO:0072593	reactive oxygen species metabolic process	Neither	NO	NO	NA	NO
GO_BP	GO:0072594	establishment of protein localization to organelle	Neither	NO	NO	NA	NO
GO_BP	GO:0072595	maintenance of protein localization in organelle	Neither	NO	NO	NA	NO
GO_BP	GO:0072599	establishment of protein localization to endoplasmic reticulum	Firth_only	NO	NO	NA	NO
GO_BP	GO:0072657	protein localization to membrane	Neither	NO	NO	NA	NO
GO_BP	GO:0072659	protein localization to plasma membrane	Neither	NO	NO	NA	NO
GO_BP	GO:0072662	protein localization to peroxisome	Neither	NO	NO	NA	NO
GO_BP	GO:0072663	establishment of protein localization to peroxisome	Neither	NO	NO	NA	NO
GO_BP	GO:0072665	protein localization to vacuole	Neither	NO	NO	NA	NO
GO_BP	GO:0072666	establishment of protein localization to vacuole	Neither	NO	NO	NA	NO
GO_BP	GO:0072676	lymphocyte migration	Neither	NO	NO	NA	NO
GO_BP	GO:0072677	eosinophil migration	Neither	NO	NO	NA	NO
GO_BP	GO:0072678	T cell migration	Neither	NO	NO	NA	NO
GO_BP	GO:0072698	protein localization to microtubule cytoskeleton	Neither	NO	NO	NA	NO
GO_BP	GO:0072710	response to hydroxyurea	Tier1	YES	NO	NO	YES
GO_BP	GO:0075509	endocytosis involved in viral entry into host cell	Neither	NO	NO	NA	NO
GO_BP	GO:0075522	IRES-dependent viral translational initiation	Neither	NO	NO	NA	NO
GO_BP	GO:0080135	regulation of cellular response to stress	Neither	NO	NO	NA	NO
GO_BP	GO:0080144	intracellular amino acid homeostasis	Neither	NO	NO	NA	NO
GO_BP	GO:0080154	regulation of fertilization	Neither	NO	NO	NA	NO
GO_BP	GO:0080164	regulation of nitric oxide metabolic process	Neither	NO	NO	NA	NO
GO_BP	GO:0080171	lytic vacuole organization	Neither	NO	NO	NA	NO
GO_BP	GO:0085020	protein K6-linked ubiquitination	Neither	NO	NO	NA	NO
GO_BP	GO:0085029	extracellular matrix assembly	Neither	NO	NO	NA	NO
GO_BP	GO:0086001	cardiac muscle cell action potential	Neither	NO	NO	NA	NO
GO_BP	GO:0086002	cardiac muscle cell action potential involved in contraction	Neither	NO	NO	NA	NO
GO_BP	GO:0086003	cardiac muscle cell contraction	Neither	NO	NO	NA	NO
GO_BP	GO:0086004	regulation of cardiac muscle cell contraction	Neither	NO	NO	NA	NO
GO_BP	GO:0086005	ventricular cardiac muscle cell action potential	Neither	NO	NO	NA	NO
GO_BP	GO:0086009	membrane repolarization	Neither	NO	NO	NA	NO
GO_BP	GO:0086010	membrane depolarization during action potential	Neither	NO	NO	NA	NO
GO_BP	GO:0086011	membrane repolarization during action potential	Neither	NO	NO	NA	NO
GO_BP	GO:0086012	membrane depolarization during cardiac muscle cell action potential	Neither	NO	NO	NA	NO
GO_BP	GO:0086013	membrane repolarization during cardiac muscle cell action potential	Neither	NO	NO	NA	NO
GO_BP	GO:0086014	atrial cardiac muscle cell action potential	Neither	NO	NO	NA	NO
GO_BP	GO:0086026	atrial cardiac muscle cell to AV node cell signaling	Neither	NO	NO	NA	NO
GO_BP	GO:0086064	cell communication by electrical coupling involved in cardiac conduction	Neither	NO	NO	NA	NO
GO_BP	GO:0086065	cell communication involved in cardiac conduction	Neither	NO	NO	NA	NO
GO_BP	GO:0086066	atrial cardiac muscle cell to AV node cell communication	Neither	NO	NO	NA	NO
GO_BP	GO:0086067	AV node cell to bundle of His cell communication	Neither	NO	NO	NA	NO
GO_BP	GO:0086069	bundle of His cell to Purkinje myocyte communication	Neither	NO	NO	NA	NO
GO_BP	GO:0086091	regulation of heart rate by cardiac conduction	Neither	NO	NO	NA	NO
GO_BP	GO:0086100	endothelin receptor signaling pathway	Neither	NO	NO	NA	NO
GO_BP	GO:0089718	amino acid import across plasma membrane	Neither	NO	NO	NA	NO
GO_BP	GO:0090022	regulation of neutrophil chemotaxis	Neither	NO	NO	NA	NO
GO_BP	GO:0090023	positive regulation of neutrophil chemotaxis	Neither	NO	NO	NA	NO
GO_BP	GO:0090025	regulation of monocyte chemotaxis	Neither	NO	NO	NA	NO
GO_BP	GO:0090026	positive regulation of monocyte chemotaxis	Neither	NO	NO	NA	NO
GO_BP	GO:0090030	regulation of steroid hormone biosynthetic process	Neither	NO	NO	NA	NO
GO_BP	GO:0090043	regulation of tubulin deacetylation	Neither	NO	NO	NA	NO
GO_BP	GO:0090049	regulation of cell migration involved in sprouting angiogenesis	Neither	NO	NO	NA	NO
GO_BP	GO:0090050	positive regulation of cell migration involved in sprouting angiogenesis	Neither	NO	NO	NA	NO
GO_BP	GO:0090051	negative regulation of cell migration involved in sprouting angiogenesis	Neither	NO	NO	NA	NO
GO_BP	GO:0090066	regulation of anatomical structure size	Neither	NO	NO	NA	NO
GO_BP	GO:0090068	positive regulation of cell cycle process	Neither	NO	NO	NA	NO
GO_BP	GO:0090069	regulation of ribosome biogenesis	Neither	NO	NO	NA	NO
GO_BP	GO:0090075	relaxation of muscle	Neither	NO	NO	NA	NO
GO_BP	GO:0090083	regulation of inclusion body assembly	Neither	NO	NO	NA	NO
GO_BP	GO:0090084	negative regulation of inclusion body assembly	Neither	NO	NO	NA	NO
GO_BP	GO:0090085	regulation of protein deubiquitination	Neither	NO	NO	NA	NO
GO_BP	GO:0090087	regulation of peptide transport	Neither	NO	NO	NA	NO
GO_BP	GO:0090090	negative regulation of canonical Wnt signaling pathway	Neither	NO	NO	NA	NO
GO_BP	GO:0090091	positive regulation of extracellular matrix disassembly	Neither	NO	NO	NA	NO
GO_BP	GO:0090092	regulation of transmembrane receptor protein serine/threonine kinase signaling pathway	Neither	NO	NO	NA	NO
GO_BP	GO:0090100	positive regulation of transmembrane receptor protein serine/threonine kinase signaling pathway	Neither	NO	NO	NA	NO
GO_BP	GO:0090101	negative regulation of transmembrane receptor protein serine/threonine kinase signaling pathway	Neither	NO	NO	NA	NO
GO_BP	GO:0090102	cochlea development	Neither	NO	NO	NA	NO
GO_BP	GO:0090103	cochlea morphogenesis	Neither	NO	NO	NA	NO
GO_BP	GO:0090109	regulation of cell-substrate junction assembly	Neither	NO	NO	NA	NO
GO_BP	GO:0090110	COPII-coated vesicle cargo loading	Neither	NO	NO	NA	NO
GO_BP	GO:0090114	COPII-coated vesicle budding	Neither	NO	NO	NA	NO
GO_BP	GO:0090128	regulation of synapse maturation	Neither	NO	NO	NA	NO
GO_BP	GO:0090130	tissue migration	Neither	NO	NO	NA	NO
GO_BP	GO:0090132	epithelium migration	Neither	NO	NO	NA	NO
GO_BP	GO:0090136	epithelial cell-cell adhesion	Neither	NO	NO	NA	NO
GO_BP	GO:0090140	regulation of mitochondrial fission	Neither	NO	NO	NA	NO
GO_BP	GO:0090141	positive regulation of mitochondrial fission	Neither	NO	NO	NA	NO
GO_BP	GO:0090148	membrane fission	Neither	NO	NO	NA	NO
GO_BP	GO:0090150	establishment of protein localization to membrane	Neither	NO	NO	NA	NO
GO_BP	GO:0090153	regulation of sphingolipid biosynthetic process	Neither	NO	NO	NA	NO
GO_BP	GO:0090158	endoplasmic reticulum membrane organization	Neither	NO	NO	NA	NO
GO_BP	GO:0090160	Golgi to lysosome transport	Neither	NO	NO	NA	NO
GO_BP	GO:0090161	Golgi ribbon formation	Neither	NO	NO	NA	NO
GO_BP	GO:0090162	establishment of epithelial cell polarity	Neither	NO	NO	NA	NO
GO_BP	GO:0090169	regulation of spindle assembly	Neither	NO	NO	NA	NO
GO_BP	GO:0090174	organelle membrane fusion	Neither	NO	NO	NA	NO
GO_BP	GO:0090181	regulation of cholesterol metabolic process	Neither	NO	NO	NA	NO
GO_BP	GO:0090183	regulation of kidney development	Neither	NO	NO	NA	NO
GO_BP	GO:0090189	regulation of branching involved in ureteric bud morphogenesis	Neither	NO	NO	NA	NO
GO_BP	GO:0090190	positive regulation of branching involved in ureteric bud morphogenesis	Neither	NO	NO	NA	NO
GO_BP	GO:0090199	regulation of release of cytochrome c from mitochondria	Neither	NO	NO	NA	NO
GO_BP	GO:0090200	positive regulation of release of cytochrome c from mitochondria	Neither	NO	NO	NA	NO
GO_BP	GO:0090201	negative regulation of release of cytochrome c from mitochondria	Neither	NO	NO	NA	NO
GO_BP	GO:0090205	positive regulation of cholesterol metabolic process	Neither	NO	NO	NA	NO
GO_BP	GO:0090207	regulation of triglyceride metabolic process	Neither	NO	NO	NA	NO
GO_BP	GO:0090208	positive regulation of triglyceride metabolic process	Neither	NO	NO	NA	NO
GO_BP	GO:0090209	negative regulation of triglyceride metabolic process	Neither	NO	NO	NA	NO
GO_BP	GO:0090224	regulation of spindle organization	Neither	NO	NO	NA	NO
GO_BP	GO:0090231	regulation of spindle checkpoint	Neither	NO	NO	NA	NO
GO_BP	GO:0090232	positive regulation of spindle checkpoint	Neither	NO	NO	NA	NO
GO_BP	GO:0090235	regulation of metaphase plate congression	Neither	NO	NO	NA	NO
GO_BP	GO:0090257	regulation of muscle system process	Neither	NO	NO	NA	NO
GO_BP	GO:0090263	positive regulation of canonical Wnt signaling pathway	Neither	NO	NO	NA	NO
GO_BP	GO:0090266	regulation of mitotic cell cycle spindle assembly checkpoint	Neither	NO	NO	NA	NO
GO_BP	GO:0090267	positive regulation of mitotic cell cycle spindle assembly checkpoint	Neither	NO	NO	NA	NO
GO_BP	GO:0090276	regulation of peptide hormone secretion	Neither	NO	NO	NA	NO
GO_BP	GO:0090277	positive regulation of peptide hormone secretion	Neither	NO	NO	NA	NO
GO_BP	GO:0090278	negative regulation of peptide hormone secretion	Neither	NO	NO	NA	NO
GO_BP	GO:0090279	regulation of calcium ion import	Neither	NO	NO	NA	NO
GO_BP	GO:0090280	positive regulation of calcium ion import	Neither	NO	NO	NA	NO
GO_BP	GO:0090281	negative regulation of calcium ion import	Neither	NO	NO	NA	NO
GO_BP	GO:0090287	regulation of cellular response to growth factor stimulus	Neither	NO	NO	NA	NO
GO_BP	GO:0090288	negative regulation of cellular response to growth factor stimulus	Neither	NO	NO	NA	NO
GO_BP	GO:0090303	positive regulation of wound healing	Neither	NO	NO	NA	NO
GO_BP	GO:0090306	meiotic spindle assembly	Firth_only	NO	NO	NA	NO
GO_BP	GO:0090307	mitotic spindle assembly	Neither	NO	NO	NA	NO
GO_BP	GO:0090311	regulation of protein deacetylation	Neither	NO	NO	NA	NO
GO_BP	GO:0090313	regulation of protein targeting to membrane	Neither	NO	NO	NA	NO
GO_BP	GO:0090314	positive regulation of protein targeting to membrane	Neither	NO	NO	NA	NO
GO_BP	GO:0090316	positive regulation of intracellular protein transport	Neither	NO	NO	NA	NO
GO_BP	GO:0090317	negative regulation of intracellular protein transport	Neither	NO	NO	NA	NO
GO_BP	GO:0090322	regulation of superoxide metabolic process	Neither	NO	NO	NA	NO
GO_BP	GO:0090329	regulation of DNA-templated DNA replication	Neither	NO	NO	NA	NO
GO_BP	GO:0090330	regulation of platelet aggregation	Neither	NO	NO	NA	NO
GO_BP	GO:0090331	negative regulation of platelet aggregation	Neither	NO	NO	NA	NO
GO_BP	GO:0090335	regulation of brown fat cell differentiation	Neither	NO	NO	NA	NO
GO_BP	GO:0090336	positive regulation of brown fat cell differentiation	Neither	NO	NO	NA	NO
GO_BP	GO:0090382	phagosome maturation	Firth_only	NO	NO	NA	NO
GO_BP	GO:0090385	phagosome-lysosome fusion	Neither	NO	NO	NA	NO
GO_BP	GO:0090394	negative regulation of excitatory postsynaptic potential	Neither	NO	NO	NA	NO
GO_BP	GO:0090398	cellular senescence	Neither	NO	NO	NA	NO
GO_BP	GO:0090399	replicative senescence	Neither	NO	NO	NA	NO
GO_BP	GO:0090435	protein localization to nuclear envelope	Neither	NO	NO	NA	NO
GO_BP	GO:0090481	pyrimidine nucleotide-sugar transmembrane transport	Neither	NO	NO	NA	NO
GO_BP	GO:0090497	mesenchymal cell migration	Neither	NO	NO	NA	NO
GO_BP	GO:0090504	epiboly	Neither	NO	NO	NA	NO
GO_BP	GO:0090505	epiboly involved in wound healing	Neither	NO	NO	NA	NO
GO_BP	GO:0090520	sphingolipid mediated signaling pathway	Firth_only	NO	NO	NA	NO
GO_BP	GO:0090559	regulation of membrane permeability	Neither	NO	NO	NA	NO
GO_BP	GO:0090592	DNA synthesis involved in DNA replication	Neither	NO	NO	NA	NO
GO_BP	GO:0090594	inflammatory response to wounding	Neither	NO	NO	NA	NO
GO_BP	GO:0090596	sensory organ morphogenesis	Neither	NO	NO	NA	NO
GO_BP	GO:0090630	activation of GTPase activity	Neither	NO	NO	NA	NO
GO_BP	GO:0090646	mitochondrial tRNA processing	Neither	NO	NO	NA	NO
GO_BP	GO:0090656	t-circle formation	Neither	NO	NO	NA	NO
GO_BP	GO:0090657	telomeric loop disassembly	Neither	NO	NO	NA	NO
GO_BP	GO:0090670	RNA localization to Cajal body	Neither	NO	NO	NA	NO
GO_BP	GO:0090685	RNA localization to nucleus	Neither	NO	NO	NA	NO
GO_BP	GO:0090735	DNA repair complex assembly	Tier1	YES	NO	NO	YES
GO_BP	GO:0090737	telomere maintenance via telomere trimming	Neither	NO	NO	NA	NO
GO_BP	GO:0095500	acetylcholine receptor signaling pathway	Neither	NO	NO	NA	NO
GO_BP	GO:0097006	regulation of plasma lipoprotein particle levels	Neither	NO	NO	NA	NO
GO_BP	GO:0097009	energy homeostasis	Neither	NO	NO	NA	NO
GO_BP	GO:0097011	cellular response to granulocyte macrophage colony-stimulating factor stimulus	Neither	NO	NO	NA	NO
GO_BP	GO:0097012	response to granulocyte macrophage colony-stimulating factor	Neither	NO	NO	NA	NO
GO_BP	GO:0097021	lymphocyte migration into lymphoid organs	Neither	NO	NO	NA	NO
GO_BP	GO:0097028	dendritic cell differentiation	Neither	NO	NO	NA	NO
GO_BP	GO:0097035	regulation of membrane lipid distribution	Neither	NO	NO	NA	NO
GO_BP	GO:0097061	dendritic spine organization	Neither	NO	NO	NA	NO
GO_BP	GO:0097066	response to thyroid hormone	Neither	NO	NO	NA	NO
GO_BP	GO:0097067	cellular response to thyroid hormone stimulus	Neither	NO	NO	NA	NO
GO_BP	GO:0097090	presynaptic membrane organization	Neither	NO	NO	NA	NO
GO_BP	GO:0097091	synaptic vesicle clustering	Neither	NO	NO	NA	NO
GO_BP	GO:0097106	postsynaptic density organization	Neither	NO	NO	NA	NO
GO_BP	GO:0097107	postsynaptic density assembly	Neither	NO	NO	NA	NO
GO_BP	GO:0097120	receptor localization to synapse	Neither	NO	NO	NA	NO
GO_BP	GO:0097150	neuronal stem cell population maintenance	Neither	NO	NO	NA	NO
GO_BP	GO:0097154	GABAergic neuron differentiation	Neither	NO	NO	NA	NO
GO_BP	GO:0097186	amelogenesis	Neither	NO	NO	NA	NO
GO_BP	GO:0097190	apoptotic signaling pathway	Neither	NO	NO	NA	NO
GO_BP	GO:0097191	extrinsic apoptotic signaling pathway	Neither	NO	NO	NA	NO
GO_BP	GO:0097192	extrinsic apoptotic signaling pathway in absence of ligand	Neither	NO	NO	NA	NO
GO_BP	GO:0097193	intrinsic apoptotic signaling pathway	Neither	NO	NO	NA	NO
GO_BP	GO:0097194	execution phase of apoptosis	Neither	NO	NO	NA	NO
GO_BP	GO:0097205	renal filtration	Neither	NO	NO	NA	NO
GO_BP	GO:0097212	lysosomal membrane organization	Neither	NO	NO	NA	NO
GO_BP	GO:0097237	cellular response to toxic substance	Neither	NO	NO	NA	NO
GO_BP	GO:0097242	amyloid-beta clearance	Neither	NO	NO	NA	NO
GO_BP	GO:0097254	renal tubular secretion	Neither	NO	NO	NA	NO
GO_BP	GO:0097267	omega-hydroxylase P450 pathway	Neither	NO	NO	NA	NO
GO_BP	GO:0097300	programmed necrotic cell death	Neither	NO	NO	NA	NO
GO_BP	GO:0097305	response to alcohol	Neither	NO	NO	NA	NO
GO_BP	GO:0097306	cellular response to alcohol	Neither	NO	NO	NA	NO
GO_BP	GO:0097320	plasma membrane tubulation	Neither	NO	NO	NA	NO
GO_BP	GO:0097352	autophagosome maturation	Neither	NO	NO	NA	NO
GO_BP	GO:0097354	prenylation	Neither	NO	NO	NA	NO
GO_BP	GO:0097396	response to interleukin-17	Neither	NO	NO	NA	NO
GO_BP	GO:0097398	cellular response to interleukin-17	Neither	NO	NO	NA	NO
GO_BP	GO:0097400	interleukin-17-mediated signaling pathway	Neither	NO	NO	NA	NO
GO_BP	GO:0097401	synaptic vesicle lumen acidification	Neither	NO	NO	NA	NO
GO_BP	GO:0097421	liver regeneration	Neither	NO	NO	NA	NO
GO_BP	GO:0097479	synaptic vesicle localization	Neither	NO	NO	NA	NO
GO_BP	GO:0097485	neuron projection guidance	Neither	NO	NO	NA	NO
GO_BP	GO:0097494	regulation of vesicle size	Neither	NO	NO	NA	NO
GO_BP	GO:0097499	protein localization to non-motile cilium	Neither	NO	NO	NA	NO
GO_BP	GO:0097501	stress response to metal ion	Neither	NO	NO	NA	NO
GO_BP	GO:0097503	sialylation	Neither	NO	NO	NA	NO
GO_BP	GO:0097529	myeloid leukocyte migration	Neither	NO	NO	NA	NO
GO_BP	GO:0097530	granulocyte migration	Neither	NO	NO	NA	NO
GO_BP	GO:0097553	calcium ion transmembrane import into cytosol	Neither	NO	NO	NA	NO
GO_BP	GO:0097576	vacuole fusion	Neither	NO	NO	NA	NO
GO_BP	GO:0097581	lamellipodium organization	Neither	NO	NO	NA	NO
GO_BP	GO:0097623	potassium ion export across plasma membrane	Neither	NO	NO	NA	NO
GO_BP	GO:0097646	calcitonin family receptor signaling pathway	Neither	NO	NO	NA	NO
GO_BP	GO:0097680	double-strand break repair via classical nonhomologous end joining	Neither	NO	NO	NA	NO
GO_BP	GO:0097696	cell surface receptor signaling pathway via STAT	Neither	NO	NO	NA	NO
GO_BP	GO:0097699	vascular endothelial cell response to fluid shear stress	Neither	NO	NO	NA	NO
GO_BP	GO:0097700	vascular endothelial cell response to laminar fluid shear stress	Neither	NO	NO	NA	NO
GO_BP	GO:0097720	calcineurin-mediated signaling	Neither	NO	NO	NA	NO
GO_BP	GO:0097722	sperm motility	Neither	NO	NO	NA	NO
GO_BP	GO:0097746	blood vessel diameter maintenance	Neither	NO	NO	NA	NO
GO_BP	GO:0098534	centriole assembly	Neither	NO	NO	NA	NO
GO_BP	GO:0098543	detection of other organism	Neither	NO	NO	NA	NO
GO_BP	GO:0098581	detection of external biotic stimulus	Empirical_only	NO	NO	NA	NO
GO_BP	GO:0098586	cellular response to virus	Neither	NO	NO	NA	NO
GO_BP	GO:0098656	monoatomic anion transmembrane transport	Neither	NO	NO	NA	NO
GO_BP	GO:0098659	inorganic cation import across plasma membrane	Neither	NO	NO	NA	NO
GO_BP	GO:0098664	G protein-coupled serotonin receptor signaling pathway	Neither	NO	NO	NA	NO
GO_BP	GO:0098693	regulation of synaptic vesicle cycle	Neither	NO	NO	NA	NO
GO_BP	GO:0098696	regulation of neurotransmitter receptor localization to postsynaptic specialization membrane	Neither	NO	NO	NA	NO
GO_BP	GO:0098698	postsynaptic specialization assembly	Neither	NO	NO	NA	NO
GO_BP	GO:0098703	calcium ion import across plasma membrane	Neither	NO	NO	NA	NO
GO_BP	GO:0098704	carbohydrate import across plasma membrane	Neither	NO	NO	NA	NO
GO_BP	GO:0098708	D-glucose import across plasma membrane	Neither	NO	NO	NA	NO
GO_BP	GO:0098719	sodium ion import across plasma membrane	Neither	NO	NO	NA	NO
GO_BP	GO:0098727	maintenance of cell number	Neither	NO	NO	NA	NO
GO_BP	GO:0098732	macromolecule deacylation	Neither	NO	NO	NA	NO
GO_BP	GO:0098734	macromolecule depalmitoylation	Neither	NO	NO	NA	NO
GO_BP	GO:0098739	import across plasma membrane	Neither	NO	NO	NA	NO
GO_BP	GO:0098754	detoxification	Neither	NO	NO	NA	NO
GO_BP	GO:0098771	inorganic ion homeostasis	Neither	NO	NO	NA	NO
GO_BP	GO:0098773	skin epidermis development	Neither	NO	NO	NA	NO
GO_BP	GO:0098801	regulation of renal system process	Neither	NO	NO	NA	NO
GO_BP	GO:0098810	neurotransmitter reuptake	Neither	NO	NO	NA	NO
GO_BP	GO:0098813	nuclear chromosome segregation	Neither	NO	NO	NA	NO
GO_BP	GO:0098815	modulation of excitatory postsynaptic potential	Neither	NO	NO	NA	NO
GO_BP	GO:0098840	protein transport along microtubule	Neither	NO	NO	NA	NO
GO_BP	GO:0098856	intestinal lipid absorption	Neither	NO	NO	NA	NO
GO_BP	GO:0098868	bone growth	Neither	NO	NO	NA	NO
GO_BP	GO:0098869	cellular oxidant detoxification	Neither	NO	NO	NA	NO
GO_BP	GO:0098876	vesicle-mediated transport to the plasma membrane	Neither	NO	NO	NA	NO
GO_BP	GO:0098877	neurotransmitter receptor transport to plasma membrane	Neither	NO	NO	NA	NO
GO_BP	GO:0098880	maintenance of postsynaptic specialization structure	Neither	NO	NO	NA	NO
GO_BP	GO:0098883	synapse pruning	Neither	NO	NO	NA	NO
GO_BP	GO:0098885	modification of postsynaptic actin cytoskeleton	Neither	NO	NO	NA	NO
GO_BP	GO:0098900	regulation of action potential	Neither	NO	NO	NA	NO
GO_BP	GO:0098901	regulation of cardiac muscle cell action potential	Neither	NO	NO	NA	NO
GO_BP	GO:0098903	regulation of membrane repolarization during action potential	Neither	NO	NO	NA	NO
GO_BP	GO:0098908	regulation of neuronal action potential	Neither	NO	NO	NA	NO
GO_BP	GO:0098911	regulation of ventricular cardiac muscle cell action potential	Neither	NO	NO	NA	NO
GO_BP	GO:0098915	membrane repolarization during ventricular cardiac muscle cell action potential	Neither	NO	NO	NA	NO
GO_BP	GO:0098916	anterograde trans-synaptic signaling	Neither	NO	NO	NA	NO
GO_BP	GO:0098926	postsynaptic signal transduction	Neither	NO	NO	NA	NO
GO_BP	GO:0098927	vesicle-mediated transport between endosomal compartments	Neither	NO	NO	NA	NO
GO_BP	GO:0098930	axonal transport	Neither	NO	NO	NA	NO
GO_BP	GO:0098935	dendritic transport	Neither	NO	NO	NA	NO
GO_BP	GO:0098937	anterograde dendritic transport	Neither	NO	NO	NA	NO
GO_BP	GO:0098969	neurotransmitter receptor transport to postsynaptic membrane	Neither	NO	NO	NA	NO
GO_BP	GO:0098974	postsynaptic actin cytoskeleton organization	Firth_only	NO	NO	NA	NO
GO_BP	GO:0099003	vesicle-mediated transport in synapse	Neither	NO	NO	NA	NO
GO_BP	GO:0099010	modification of postsynaptic structure	Neither	NO	NO	NA	NO
GO_BP	GO:0099024	plasma membrane invagination	Neither	NO	NO	NA	NO
GO_BP	GO:0099054	presynapse assembly	Neither	NO	NO	NA	NO
GO_BP	GO:0099068	postsynapse assembly	Neither	NO	NO	NA	NO
GO_BP	GO:0099072	regulation of postsynaptic membrane neurotransmitter receptor levels	Neither	NO	NO	NA	NO
GO_BP	GO:0099084	postsynaptic specialization organization	Neither	NO	NO	NA	NO
GO_BP	GO:0099111	microtubule-based transport	Neither	NO	NO	NA	NO
GO_BP	GO:0099116	tRNA 5'-end processing	Neither	NO	NO	NA	NO
GO_BP	GO:0099118	microtubule-based protein transport	Neither	NO	NO	NA	NO
GO_BP	GO:0099149	regulation of postsynaptic neurotransmitter receptor internalization	Neither	NO	NO	NA	NO
GO_BP	GO:0099150	regulation of postsynaptic specialization assembly	Neither	NO	NO	NA	NO
GO_BP	GO:0099151	regulation of postsynaptic density assembly	Neither	NO	NO	NA	NO
GO_BP	GO:0099159	regulation of modification of postsynaptic structure	Neither	NO	NO	NA	NO
GO_BP	GO:0099170	postsynaptic modulation of chemical synaptic transmission	Neither	NO	NO	NA	NO
GO_BP	GO:0099171	presynaptic modulation of chemical synaptic transmission	Neither	NO	NO	NA	NO
GO_BP	GO:0099172	presynapse organization	Neither	NO	NO	NA	NO
GO_BP	GO:0099173	postsynapse organization	Neither	NO	NO	NA	NO
GO_BP	GO:0099174	regulation of presynapse organization	Neither	NO	NO	NA	NO
GO_BP	GO:0099175	regulation of postsynapse organization	Neither	NO	NO	NA	NO
GO_BP	GO:0099177	regulation of trans-synaptic signaling	Neither	NO	NO	NA	NO
GO_BP	GO:0099188	postsynaptic cytoskeleton organization	Firth_only	NO	NO	NA	NO
GO_BP	GO:0099500	vesicle fusion to plasma membrane	Neither	NO	NO	NA	NO
GO_BP	GO:0099502	calcium-dependent activation of synaptic vesicle fusion	Neither	NO	NO	NA	NO
GO_BP	GO:0099504	synaptic vesicle cycle	Neither	NO	NO	NA	NO
GO_BP	GO:0099505	regulation of presynaptic membrane potential	Neither	NO	NO	NA	NO
GO_BP	GO:0099509	regulation of presynaptic cytosolic calcium ion concentration	Neither	NO	NO	NA	NO
GO_BP	GO:0099514	synaptic vesicle cytoskeletal transport	Neither	NO	NO	NA	NO
GO_BP	GO:0099517	synaptic vesicle transport along microtubule	Neither	NO	NO	NA	NO
GO_BP	GO:0099518	vesicle cytoskeletal trafficking	Neither	NO	NO	NA	NO
GO_BP	GO:0099536	synaptic signaling	Neither	NO	NO	NA	NO
GO_BP	GO:0099537	trans-synaptic signaling	Neither	NO	NO	NA	NO
GO_BP	GO:0099545	trans-synaptic signaling by trans-synaptic complex	Neither	NO	NO	NA	NO
GO_BP	GO:0099550	trans-synaptic signaling, modulating synaptic transmission	Neither	NO	NO	NA	NO
GO_BP	GO:0099558	maintenance of synapse structure	Neither	NO	NO	NA	NO
GO_BP	GO:0099560	synaptic membrane adhesion	Neither	NO	NO	NA	NO
GO_BP	GO:0099562	maintenance of postsynaptic density structure	Neither	NO	NO	NA	NO
GO_BP	GO:0099563	modification of synaptic structure	Neither	NO	NO	NA	NO
GO_BP	GO:0099565	chemical synaptic transmission, postsynaptic	Neither	NO	NO	NA	NO
GO_BP	GO:0099587	inorganic ion import across plasma membrane	Neither	NO	NO	NA	NO
GO_BP	GO:0099601	regulation of neurotransmitter receptor activity	Neither	NO	NO	NA	NO
GO_BP	GO:0099622	cardiac muscle cell membrane repolarization	Neither	NO	NO	NA	NO
GO_BP	GO:0099623	regulation of cardiac muscle cell membrane repolarization	Neither	NO	NO	NA	NO
GO_BP	GO:0099625	ventricular cardiac muscle cell membrane repolarization	Neither	NO	NO	NA	NO
GO_BP	GO:0099633	protein localization to postsynaptic specialization membrane	Neither	NO	NO	NA	NO
GO_BP	GO:0099637	neurotransmitter receptor transport	Neither	NO	NO	NA	NO
GO_BP	GO:0099638	endosome to plasma membrane protein transport	Neither	NO	NO	NA	NO
GO_BP	GO:0099640	axo-dendritic protein transport	Neither	NO	NO	NA	NO
GO_BP	GO:0099643	signal release from synapse	Neither	NO	NO	NA	NO
GO_BP	GO:0099645	neurotransmitter receptor localization to postsynaptic specialization membrane	Neither	NO	NO	NA	NO
GO_BP	GO:0101024	mitotic nuclear membrane organization	Neither	NO	NO	NA	NO
GO_BP	GO:0104004	cellular response to environmental stimulus	Neither	NO	NO	NA	NO
GO_BP	GO:0106014	regulation of inflammatory response to wounding	Neither	NO	NO	NA	NO
GO_BP	GO:0106015	negative regulation of inflammatory response to wounding	Neither	NO	NO	NA	NO
GO_BP	GO:0106027	neuron projection organization	Neither	NO	NO	NA	NO
GO_BP	GO:0106030	neuron projection fasciculation	Neither	NO	NO	NA	NO
GO_BP	GO:0106056	regulation of calcineurin-mediated signaling	Neither	NO	NO	NA	NO
GO_BP	GO:0106057	negative regulation of calcineurin-mediated signaling	Neither	NO	NO	NA	NO
GO_BP	GO:0106058	positive regulation of calcineurin-mediated signaling	Neither	NO	NO	NA	NO
GO_BP	GO:0106070	regulation of adenylate cyclase-activating G protein-coupled receptor signaling pathway	Neither	NO	NO	NA	NO
GO_BP	GO:0106072	negative regulation of adenylate cyclase-activating G protein-coupled receptor signaling pathway	Neither	NO	NO	NA	NO
GO_BP	GO:0106074	aminoacyl-tRNA metabolism involved in translational fidelity	Neither	NO	NO	NA	NO
GO_BP	GO:0106118	regulation of sterol biosynthetic process	Neither	NO	NO	NA	NO
GO_BP	GO:0106120	positive regulation of sterol biosynthetic process	Neither	NO	NO	NA	NO
GO_BP	GO:0106300	protein-DNA covalent cross-linking repair	Neither	NO	NO	NA	NO
GO_BP	GO:0110020	regulation of actomyosin structure organization	Neither	NO	NO	NA	NO
GO_BP	GO:0110053	regulation of actin filament organization	Neither	NO	NO	NA	NO
GO_BP	GO:0110075	regulation of ferroptosis	Neither	NO	NO	NA	NO
GO_BP	GO:0110076	negative regulation of ferroptosis	Neither	NO	NO	NA	NO
GO_BP	GO:0110095	cellular detoxification of aldehyde	Neither	NO	NO	NA	NO
GO_BP	GO:0110096	cellular response to aldehyde	Neither	NO	NO	NA	NO
GO_BP	GO:0110110	positive regulation of animal organ morphogenesis	Neither	NO	NO	NA	NO
GO_BP	GO:0110154	RNA decapping	Neither	NO	NO	NA	NO
GO_BP	GO:0110156	mRNA methylguanosine-cap decapping	Neither	NO	NO	NA	NO
GO_BP	GO:0120009	intermembrane lipid transfer	Neither	NO	NO	NA	NO
GO_BP	GO:0120031	plasma membrane bounded cell projection assembly	Neither	NO	NO	NA	NO
GO_BP	GO:0120032	regulation of plasma membrane bounded cell projection assembly	Neither	NO	NO	NA	NO
GO_BP	GO:0120033	negative regulation of plasma membrane bounded cell projection assembly	Neither	NO	NO	NA	NO
GO_BP	GO:0120034	positive regulation of plasma membrane bounded cell projection assembly	Neither	NO	NO	NA	NO
GO_BP	GO:0120039	plasma membrane bounded cell projection morphogenesis	Neither	NO	NO	NA	NO
GO_BP	GO:0120161	regulation of cold-induced thermogenesis	Neither	NO	NO	NA	NO
GO_BP	GO:0120162	positive regulation of cold-induced thermogenesis	Neither	NO	NO	NA	NO
GO_BP	GO:0120163	negative regulation of cold-induced thermogenesis	Neither	NO	NO	NA	NO
GO_BP	GO:0120178	steroid hormone biosynthetic process	Neither	NO	NO	NA	NO
GO_BP	GO:0120182	regulation of focal adhesion disassembly	Neither	NO	NO	NA	NO
GO_BP	GO:0120186	negative regulation of protein localization to chromatin	Neither	NO	NO	NA	NO
GO_BP	GO:0120192	tight junction assembly	Neither	NO	NO	NA	NO
GO_BP	GO:0120193	tight junction organization	Neither	NO	NO	NA	NO
GO_BP	GO:0120254	olefinic compound metabolic process	Neither	NO	NO	NA	NO
GO_BP	GO:0120255	olefinic compound biosynthetic process	Neither	NO	NO	NA	NO
GO_BP	GO:0120261	regulation of heterochromatin organization	Firth_only	NO	NO	NA	NO
GO_BP	GO:0120262	negative regulation of heterochromatin organization	Firth_only	NO	NO	NA	NO
GO_BP	GO:0120316	sperm flagellum assembly	Neither	NO	NO	NA	NO
GO_BP	GO:0140013	meiotic nuclear division	Firth_only	NO	NO	NA	NO
GO_BP	GO:0140014	mitotic nuclear division	Neither	NO	NO	NA	NO
GO_BP	GO:0140029	exocytic process	Neither	NO	NO	NA	NO
GO_BP	GO:0140042	lipid droplet formation	Neither	NO	NO	NA	NO
GO_BP	GO:0140052	cellular response to oxidised low-density lipoprotein particle stimulus	Neither	NO	NO	NA	NO
GO_BP	GO:0140053	mitochondrial gene expression	Neither	NO	NO	NA	NO
GO_BP	GO:0140058	neuron projection arborization	Neither	NO	NO	NA	NO
GO_BP	GO:0140105	interleukin-10-mediated signaling pathway	Neither	NO	NO	NA	NO
GO_BP	GO:0140115	export across plasma membrane	Neither	NO	NO	NA	NO
GO_BP	GO:0140131	positive regulation of lymphocyte chemotaxis	Neither	NO	NO	NA	NO
GO_BP	GO:0140238	presynaptic endocytosis	Neither	NO	NO	NA	NO
GO_BP	GO:0140253	cell-cell fusion	Neither	NO	NO	NA	NO
GO_BP	GO:0140271	hexose import across plasma membrane	Neither	NO	NO	NA	NO
GO_BP	GO:0140352	export from cell	Neither	NO	NO	NA	NO
GO_BP	GO:0140354	lipid import into cell	Neither	NO	NO	NA	NO
GO_BP	GO:0140367	antibacterial innate immune response	Neither	NO	NO	NA	NO
GO_BP	GO:0140374	antiviral innate immune response	Neither	NO	NO	NA	NO
GO_BP	GO:0140448	signaling receptor ligand precursor processing	Neither	NO	NO	NA	NO
GO_BP	GO:0140467	integrated stress response signaling	Neither	NO	NO	NA	NO
GO_BP	GO:0140507	granzyme-mediated programmed cell death signaling pathway	Neither	NO	NO	NA	NO
GO_BP	GO:0140527	reciprocal homologous recombination	Firth_only	NO	NO	NA	NO
GO_BP	GO:0140588	chromatin looping	Firth_only	NO	NO	NA	NO
GO_BP	GO:0140627	ubiquitin-dependent protein catabolic process via the C-end degron rule pathway	Neither	NO	NO	NA	NO
GO_BP	GO:0140632	canonical inflammasome complex assembly	Neither	NO	NO	NA	NO
GO_BP	GO:0140639	positive regulation of pyroptotic inflammatory response	Neither	NO	NO	NA	NO
GO_BP	GO:0140673	transcription elongation-coupled chromatin remodeling	Neither	NO	NO	NA	NO
GO_BP	GO:0140694	membraneless organelle assembly	Neither	NO	NO	NA	NO
GO_BP	GO:0140718	facultative heterochromatin formation	Neither	NO	NO	NA	NO
GO_BP	GO:0140719	constitutive heterochromatin formation	Neither	NO	NO	NA	NO
GO_BP	GO:0140861	DNA repair-dependent chromatin remodeling	Neither	NO	NO	NA	NO
GO_BP	GO:0140888	interferon-mediated signaling pathway	Neither	NO	NO	NA	NO
GO_BP	GO:0140894	endolysosomal toll-like receptor signaling pathway	Neither	NO	NO	NA	NO
GO_BP	GO:0140895	cell surface toll-like receptor signaling pathway	Neither	NO	NO	NA	NO
GO_BP	GO:0140962	multicellular organismal-level chemical homeostasis	Neither	NO	NO	NA	NO
GO_BP	GO:0140966	piRNA-mediated heterochromatin formation	Neither	NO	NO	NA	NO
GO_BP	GO:0141005	transposable element silencing by heterochromatin formation	Neither	NO	NO	NA	NO
GO_BP	GO:0141060	disruption of anatomical structure in another organism	Neither	NO	NO	NA	NO
GO_BP	GO:0141061	disruption of cell in another organism	Neither	NO	NO	NA	NO
GO_BP	GO:0141084	inflammasome-mediated signaling pathway	Neither	NO	NO	NA	NO
GO_BP	GO:0141085	regulation of inflammasome-mediated signaling pathway	Neither	NO	NO	NA	NO
GO_BP	GO:0141086	negative regulation of inflammasome-mediated signaling pathway	Neither	NO	NO	NA	NO
GO_BP	GO:0141087	positive regulation of inflammasome-mediated signaling pathway	Neither	NO	NO	NA	NO
GO_BP	GO:0141091	transforming growth factor beta receptor superfamily signaling pathway	Neither	NO	NO	NA	NO
GO_BP	GO:0141111	positive regulation of cGAS/STING signaling pathway	Neither	NO	NO	NA	NO
GO_BP	GO:0141137	positive regulation of gene expression, epigenetic	Firth_only	NO	NO	NA	NO
GO_BP	GO:0141156	cAMP/PKA signal transduction	Neither	NO	NO	NA	NO
GO_BP	GO:0141161	regulation of cAMP/PKA signal transduction	Neither	NO	NO	NA	NO
GO_BP	GO:0141162	negative regulation of cAMP/PKA signal transduction	Neither	NO	NO	NA	NO
GO_BP	GO:0141163	positive regulation of cAMP/PKA signal transduction	Neither	NO	NO	NA	NO
GO_BP	GO:0141176	gene silencing by piRNA-directed DNA methylation	Neither	NO	NO	NA	NO
GO_BP	GO:0141188	nucleic acid catabolic process	Neither	NO	NO	NA	NO
GO_BP	GO:0141190	transducin-mediated opsin signaling pathway	Neither	NO	NO	NA	NO
GO_BP	GO:0141193	nuclear receptor-mediated signaling pathway	Neither	NO	NO	NA	NO
GO_BP	GO:0141196	transposable element silencing by piRNA-mediated DNA methylation	Neither	NO	NO	NA	NO
GO_BP	GO:0141198	protein branched polyubiquitination	Neither	NO	NO	NA	NO
GO_BP	GO:0150011	regulation of neuron projection arborization	Neither	NO	NO	NA	NO
GO_BP	GO:0150052	regulation of postsynapse assembly	Neither	NO	NO	NA	NO
GO_BP	GO:0150063	visual system development	Neither	NO	NO	NA	NO
GO_BP	GO:0150076	neuroinflammatory response	Neither	NO	NO	NA	NO
GO_BP	GO:0150077	regulation of neuroinflammatory response	Neither	NO	NO	NA	NO
GO_BP	GO:0150078	positive regulation of neuroinflammatory response	Neither	NO	NO	NA	NO
GO_BP	GO:0150079	negative regulation of neuroinflammatory response	Neither	NO	NO	NA	NO
GO_BP	GO:0150104	transport across blood-brain barrier	Neither	NO	NO	NA	NO
GO_BP	GO:0150105	protein localization to cell-cell junction	Neither	NO	NO	NA	NO
GO_BP	GO:0150115	cell-substrate junction organization	Neither	NO	NO	NA	NO
GO_BP	GO:0150116	regulation of cell-substrate junction organization	Neither	NO	NO	NA	NO
GO_BP	GO:0150117	positive regulation of cell-substrate junction organization	Neither	NO	NO	NA	NO
GO_BP	GO:0150118	negative regulation of cell-substrate junction organization	Neither	NO	NO	NA	NO
GO_BP	GO:0150146	cell junction disassembly	Neither	NO	NO	NA	NO
GO_BP	GO:0160020	positive regulation of ferroptosis	Neither	NO	NO	NA	NO
GO_BP	GO:0160049	negative regulation of cGAS/STING signaling pathway	Firth_only	NO	NO	NA	NO
GO_BP	GO:0160165	CD8-positive, alpha-beta T cell homeostasis	Neither	NO	NO	NA	NO
GO_BP	GO:0160240	RNA polymerase II transcription initiation surveillance	Neither	NO	NO	NA	NO
GO_BP	GO:0160257	complement activation, GZMK pathway	Firth_only	NO	NO	NA	NO
GO_BP	GO:0160307	protein biosynthetic process	Neither	NO	NO	NA	NO
GO_BP	GO:0170036	import into the mitochondrion	Neither	NO	NO	NA	NO
GO_BP	GO:0170038	proteinogenic amino acid biosynthetic process	Neither	NO	NO	NA	NO
GO_BP	GO:0170039	proteinogenic amino acid metabolic process	Neither	NO	NO	NA	NO
GO_BP	GO:0170040	proteinogenic amino acid catabolic process	Neither	NO	NO	NA	NO
GO_BP	GO:0170041	non-proteinogenic amino acid metabolic process	Neither	NO	NO	NA	NO
GO_BP	GO:0170043	non-proteinogenic amino acid biosynthetic process	Neither	NO	NO	NA	NO
GO_BP	GO:0170044	non-proteinogenic amino acid catabolic process	Neither	NO	NO	NA	NO
GO_BP	GO:0170062	nutrient storage	Neither	NO	NO	NA	NO
GO_BP	GO:0180010	co-transcriptional mRNA 3'-end processing, cleavage and polyadenylation pathway	Neither	NO	NO	NA	NO
GO_BP	GO:0180012	co-transcriptional RNA 3'-end processing, cleavage and polyadenylation pathway	Neither	NO	NO	NA	NO
GO_BP	GO:0180046	GPI anchored protein biosynthesis	Neither	NO	NO	NA	NO
GO_BP	GO:0180064	protein O-linked glycosylation via xylose	Neither	NO	NO	NA	NO
GO_BP	GO:1900006	positive regulation of dendrite development	Neither	NO	NO	NA	NO
GO_BP	GO:1900015	regulation of cytokine production involved in inflammatory response	Neither	NO	NO	NA	NO
GO_BP	GO:1900016	negative regulation of cytokine production involved in inflammatory response	Neither	NO	NO	NA	NO
GO_BP	GO:1900017	positive regulation of cytokine production involved in inflammatory response	Neither	NO	NO	NA	NO
GO_BP	GO:1900024	regulation of substrate adhesion-dependent cell spreading	Neither	NO	NO	NA	NO
GO_BP	GO:1900025	negative regulation of substrate adhesion-dependent cell spreading	Neither	NO	NO	NA	NO
GO_BP	GO:1900026	positive regulation of substrate adhesion-dependent cell spreading	Neither	NO	NO	NA	NO
GO_BP	GO:1900027	regulation of ruffle assembly	Neither	NO	NO	NA	NO
GO_BP	GO:1900029	positive regulation of ruffle assembly	Neither	NO	NO	NA	NO
GO_BP	GO:1900034	regulation of cellular response to heat	Neither	NO	NO	NA	NO
GO_BP	GO:1900037	regulation of cellular response to hypoxia	Neither	NO	NO	NA	NO
GO_BP	GO:1900038	negative regulation of cellular response to hypoxia	Neither	NO	NO	NA	NO
GO_BP	GO:1900044	regulation of protein K63-linked ubiquitination	Neither	NO	NO	NA	NO
GO_BP	GO:1900046	regulation of hemostasis	Neither	NO	NO	NA	NO
GO_BP	GO:1900047	negative regulation of hemostasis	Neither	NO	NO	NA	NO
GO_BP	GO:1900048	positive regulation of hemostasis	Neither	NO	NO	NA	NO
GO_BP	GO:1900076	regulation of cellular response to insulin stimulus	Neither	NO	NO	NA	NO
GO_BP	GO:1900077	negative regulation of cellular response to insulin stimulus	Neither	NO	NO	NA	NO
GO_BP	GO:1900078	positive regulation of cellular response to insulin stimulus	Neither	NO	NO	NA	NO
GO_BP	GO:1900087	positive regulation of G1/S transition of mitotic cell cycle	Neither	NO	NO	NA	NO
GO_BP	GO:1900101	regulation of endoplasmic reticulum unfolded protein response	Neither	NO	NO	NA	NO
GO_BP	GO:1900102	negative regulation of endoplasmic reticulum unfolded protein response	Neither	NO	NO	NA	NO
GO_BP	GO:1900103	positive regulation of endoplasmic reticulum unfolded protein response	Neither	NO	NO	NA	NO
GO_BP	GO:1900117	regulation of execution phase of apoptosis	Neither	NO	NO	NA	NO
GO_BP	GO:1900118	negative regulation of execution phase of apoptosis	Neither	NO	NO	NA	NO
GO_BP	GO:1900119	positive regulation of execution phase of apoptosis	Neither	NO	NO	NA	NO
GO_BP	GO:1900151	regulation of nuclear-transcribed mRNA catabolic process, deadenylation-dependent decay	Neither	NO	NO	NA	NO
GO_BP	GO:1900152	negative regulation of nuclear-transcribed mRNA catabolic process, deadenylation-dependent decay	Neither	NO	NO	NA	NO
GO_BP	GO:1900153	positive regulation of nuclear-transcribed mRNA catabolic process, deadenylation-dependent decay	Neither	NO	NO	NA	NO
GO_BP	GO:1900180	regulation of protein localization to nucleus	Neither	NO	NO	NA	NO
GO_BP	GO:1900181	negative regulation of protein localization to nucleus	Neither	NO	NO	NA	NO
GO_BP	GO:1900182	positive regulation of protein localization to nucleus	Neither	NO	NO	NA	NO
GO_BP	GO:1900221	regulation of amyloid-beta clearance	Neither	NO	NO	NA	NO
GO_BP	GO:1900225	regulation of NLRP3 inflammasome complex assembly	Neither	NO	NO	NA	NO
GO_BP	GO:1900226	negative regulation of NLRP3 inflammasome complex assembly	Neither	NO	NO	NA	NO
GO_BP	GO:1900227	positive regulation of NLRP3 inflammasome complex assembly	Neither	NO	NO	NA	NO
GO_BP	GO:1900242	regulation of synaptic vesicle endocytosis	Neither	NO	NO	NA	NO
GO_BP	GO:1900246	positive regulation of RIG-I signaling pathway	Neither	NO	NO	NA	NO
GO_BP	GO:1900271	regulation of long-term synaptic potentiation	Neither	NO	NO	NA	NO
GO_BP	GO:1900272	negative regulation of long-term synaptic potentiation	Neither	NO	NO	NA	NO
GO_BP	GO:1900273	positive regulation of long-term synaptic potentiation	Neither	NO	NO	NA	NO
GO_BP	GO:1900368	regulation of post-transcriptional gene silencing by regulatory ncRNA	Neither	NO	NO	NA	NO
GO_BP	GO:1900369	negative regulation of post-transcriptional gene silencing by regulatory ncRNA	Neither	NO	NO	NA	NO
GO_BP	GO:1900370	positive regulation of post-transcriptional gene silencing by RNA	Neither	NO	NO	NA	NO
GO_BP	GO:1900371	regulation of purine nucleotide biosynthetic process	Neither	NO	NO	NA	NO
GO_BP	GO:1900373	positive regulation of purine nucleotide biosynthetic process	Neither	NO	NO	NA	NO
GO_BP	GO:1900376	regulation of secondary metabolite biosynthetic process	Neither	NO	NO	NA	NO
GO_BP	GO:1900378	positive regulation of secondary metabolite biosynthetic process	Neither	NO	NO	NA	NO
GO_BP	GO:1900407	regulation of cellular response to oxidative stress	Neither	NO	NO	NA	NO
GO_BP	GO:1900424	regulation of defense response to bacterium	Neither	NO	NO	NA	NO
GO_BP	GO:1900426	positive regulation of defense response to bacterium	Neither	NO	NO	NA	NO
GO_BP	GO:1900449	regulation of glutamate receptor signaling pathway	Neither	NO	NO	NA	NO
GO_BP	GO:1900451	positive regulation of glutamate receptor signaling pathway	Neither	NO	NO	NA	NO
GO_BP	GO:1900452	regulation of long-term synaptic depression	Neither	NO	NO	NA	NO
GO_BP	GO:1900542	regulation of purine nucleotide metabolic process	Neither	NO	NO	NA	NO
GO_BP	GO:1900543	negative regulation of purine nucleotide metabolic process	Neither	NO	NO	NA	NO
GO_BP	GO:1900544	positive regulation of purine nucleotide metabolic process	Neither	NO	NO	NA	NO
GO_BP	GO:1900744	regulation of p38MAPK cascade	Neither	NO	NO	NA	NO
GO_BP	GO:1900745	positive regulation of p38MAPK cascade	Neither	NO	NO	NA	NO
GO_BP	GO:1900746	regulation of vascular endothelial growth factor signaling pathway	Neither	NO	NO	NA	NO
GO_BP	GO:1900747	negative regulation of vascular endothelial growth factor signaling pathway	Neither	NO	NO	NA	NO
GO_BP	GO:1900748	positive regulation of vascular endothelial growth factor signaling pathway	Neither	NO	NO	NA	NO
GO_BP	GO:1900864	mitochondrial RNA modification	Neither	NO	NO	NA	NO
GO_BP	GO:1901020	negative regulation of calcium ion transmembrane transporter activity	Neither	NO	NO	NA	NO
GO_BP	GO:1901028	regulation of mitochondrial outer membrane permeabilization involved in apoptotic signaling pathway	Neither	NO	NO	NA	NO
GO_BP	GO:1901029	negative regulation of mitochondrial outer membrane permeabilization involved in apoptotic signaling pathway	Neither	NO	NO	NA	NO
GO_BP	GO:1901031	regulation of response to reactive oxygen species	Neither	NO	NO	NA	NO
GO_BP	GO:1901072	glucosamine-containing compound catabolic process	Neither	NO	NO	NA	NO
GO_BP	GO:1901077	regulation of relaxation of muscle	Neither	NO	NO	NA	NO
GO_BP	GO:1901096	regulation of autophagosome maturation	Neither	NO	NO	NA	NO
GO_BP	GO:1901099	negative regulation of signal transduction in absence of ligand	Neither	NO	NO	NA	NO
GO_BP	GO:1901136	carbohydrate derivative catabolic process	Neither	NO	NO	NA	NO
GO_BP	GO:1901142	insulin metabolic process	Neither	NO	NO	NA	NO
GO_BP	GO:1901163	regulation of trophoblast cell migration	Neither	NO	NO	NA	NO
GO_BP	GO:1901184	regulation of ERBB signaling pathway	Neither	NO	NO	NA	NO
GO_BP	GO:1901185	negative regulation of ERBB signaling pathway	Neither	NO	NO	NA	NO
GO_BP	GO:1901186	positive regulation of ERBB signaling pathway	Neither	NO	NO	NA	NO
GO_BP	GO:1901201	regulation of extracellular matrix assembly	Neither	NO	NO	NA	NO
GO_BP	GO:1901222	regulation of non-canonical NF-kappaB signal transduction	Neither	NO	NO	NA	NO
GO_BP	GO:1901223	negative regulation of non-canonical NF-kappaB signal transduction	Neither	NO	NO	NA	NO
GO_BP	GO:1901224	positive regulation of non-canonical NF-kappaB signal transduction	Neither	NO	NO	NA	NO
GO_BP	GO:1901264	carbohydrate derivative transport	Neither	NO	NO	NA	NO
GO_BP	GO:1901292	nucleoside phosphate catabolic process	Neither	NO	NO	NA	NO
GO_BP	GO:1901293	nucleoside phosphate biosynthetic process	Neither	NO	NO	NA	NO
GO_BP	GO:1901298	regulation of hydrogen peroxide-mediated programmed cell death	Neither	NO	NO	NA	NO
GO_BP	GO:1901317	regulation of flagellated sperm motility	Neither	NO	NO	NA	NO
GO_BP	GO:1901329	regulation of odontoblast differentiation	Neither	NO	NO	NA	NO
GO_BP	GO:1901334	lactone metabolic process	Neither	NO	NO	NA	NO
GO_BP	GO:1901342	regulation of vasculature development	Neither	NO	NO	NA	NO
GO_BP	GO:1901343	negative regulation of vasculature development	Neither	NO	NO	NA	NO
GO_BP	GO:1901379	regulation of potassium ion transmembrane transport	Neither	NO	NO	NA	NO
GO_BP	GO:1901380	negative regulation of potassium ion transmembrane transport	Neither	NO	NO	NA	NO
GO_BP	GO:1901381	positive regulation of potassium ion transmembrane transport	Neither	NO	NO	NA	NO
GO_BP	GO:1901385	regulation of voltage-gated calcium channel activity	Neither	NO	NO	NA	NO
GO_BP	GO:1901503	ether biosynthetic process	Neither	NO	NO	NA	NO
GO_BP	GO:1901523	icosanoid catabolic process	Neither	NO	NO	NA	NO
GO_BP	GO:1901524	regulation of mitophagy	Neither	NO	NO	NA	NO
GO_BP	GO:1901526	positive regulation of mitophagy	Neither	NO	NO	NA	NO
GO_BP	GO:1901532	regulation of hematopoietic progenitor cell differentiation	Neither	NO	NO	NA	NO
GO_BP	GO:1901533	negative regulation of hematopoietic progenitor cell differentiation	Neither	NO	NO	NA	NO
GO_BP	GO:1901550	regulation of endothelial cell development	Neither	NO	NO	NA	NO
GO_BP	GO:1901568	fatty acid derivative metabolic process	Neither	NO	NO	NA	NO
GO_BP	GO:1901569	fatty acid derivative catabolic process	Neither	NO	NO	NA	NO
GO_BP	GO:1901570	fatty acid derivative biosynthetic process	Neither	NO	NO	NA	NO
GO_BP	GO:1901623	regulation of lymphocyte chemotaxis	Neither	NO	NO	NA	NO
GO_BP	GO:1901632	regulation of synaptic vesicle membrane organization	Neither	NO	NO	NA	NO
GO_BP	GO:1901634	positive regulation of synaptic vesicle membrane organization	Neither	NO	NO	NA	NO
GO_BP	GO:1901654	response to ketone	Neither	NO	NO	NA	NO
GO_BP	GO:1901655	cellular response to ketone	Neither	NO	NO	NA	NO
GO_BP	GO:1901658	glycosyl compound catabolic process	Firth_only	NO	NO	NA	NO
GO_BP	GO:1901659	glycosyl compound biosynthetic process	Firth_only	NO	NO	NA	NO
GO_BP	GO:1901661	quinone metabolic process	Neither	NO	NO	NA	NO
GO_BP	GO:1901663	quinone biosynthetic process	Neither	NO	NO	NA	NO
GO_BP	GO:1901673	regulation of mitotic spindle assembly	Neither	NO	NO	NA	NO
GO_BP	GO:1901678	iron coordination entity transport	Neither	NO	NO	NA	NO
GO_BP	GO:1901679	nucleotide transmembrane transport	Neither	NO	NO	NA	NO
GO_BP	GO:1901731	positive regulation of platelet aggregation	Neither	NO	NO	NA	NO
GO_BP	GO:1901739	regulation of myoblast fusion	Neither	NO	NO	NA	NO
GO_BP	GO:1901740	negative regulation of myoblast fusion	Neither	NO	NO	NA	NO
GO_BP	GO:1901796	regulation of signal transduction by p53 class mediator	Neither	NO	NO	NA	NO
GO_BP	GO:1901797	negative regulation of signal transduction by p53 class mediator	Neither	NO	NO	NA	NO
GO_BP	GO:1901798	positive regulation of signal transduction by p53 class mediator	Neither	NO	NO	NA	NO
GO_BP	GO:1901799	negative regulation of proteasomal protein catabolic process	Neither	NO	NO	NA	NO
GO_BP	GO:1901800	positive regulation of proteasomal protein catabolic process	Neither	NO	NO	NA	NO
GO_BP	GO:1901836	regulation of transcription of nucleolar large rRNA by RNA polymerase I	Neither	NO	NO	NA	NO
GO_BP	GO:1901838	positive regulation of transcription of nucleolar large rRNA by RNA polymerase I	Neither	NO	NO	NA	NO
GO_BP	GO:1901844	regulation of cell communication by electrical coupling involved in cardiac conduction	Neither	NO	NO	NA	NO
GO_BP	GO:1901847	nicotinate metabolic process	Neither	NO	NO	NA	NO
GO_BP	GO:1901857	positive regulation of cellular respiration	Neither	NO	NO	NA	NO
GO_BP	GO:1901861	regulation of muscle tissue development	Neither	NO	NO	NA	NO
GO_BP	GO:1901863	positive regulation of muscle tissue development	Neither	NO	NO	NA	NO
GO_BP	GO:1901873	regulation of post-translational protein modification	Neither	NO	NO	NA	NO
GO_BP	GO:1901874	negative regulation of post-translational protein modification	Neither	NO	NO	NA	NO
GO_BP	GO:1901875	positive regulation of post-translational protein modification	Neither	NO	NO	NA	NO
GO_BP	GO:1901879	regulation of protein depolymerization	Neither	NO	NO	NA	NO
GO_BP	GO:1901880	negative regulation of protein depolymerization	Neither	NO	NO	NA	NO
GO_BP	GO:1901881	positive regulation of protein depolymerization	Neither	NO	NO	NA	NO
GO_BP	GO:1901888	regulation of cell junction assembly	Neither	NO	NO	NA	NO
GO_BP	GO:1901889	negative regulation of cell junction assembly	Neither	NO	NO	NA	NO
GO_BP	GO:1901890	positive regulation of cell junction assembly	Neither	NO	NO	NA	NO
GO_BP	GO:1901970	positive regulation of mitotic sister chromatid separation	Neither	NO	NO	NA	NO
GO_BP	GO:1901976	regulation of cell cycle checkpoint	Neither	NO	NO	NA	NO
GO_BP	GO:1901978	positive regulation of cell cycle checkpoint	Neither	NO	NO	NA	NO
GO_BP	GO:1901987	regulation of cell cycle phase transition	Neither	NO	NO	NA	NO
GO_BP	GO:1901988	negative regulation of cell cycle phase transition	Neither	NO	NO	NA	NO
GO_BP	GO:1901989	positive regulation of cell cycle phase transition	Neither	NO	NO	NA	NO
GO_BP	GO:1901990	regulation of mitotic cell cycle phase transition	Neither	NO	NO	NA	NO
GO_BP	GO:1901991	negative regulation of mitotic cell cycle phase transition	Neither	NO	NO	NA	NO
GO_BP	GO:1901992	positive regulation of mitotic cell cycle phase transition	Neither	NO	NO	NA	NO
GO_BP	GO:1901993	regulation of meiotic cell cycle phase transition	Neither	NO	NO	NA	NO
GO_BP	GO:1902001	fatty acid transmembrane transport	Neither	NO	NO	NA	NO
GO_BP	GO:1902003	regulation of amyloid-beta formation	Neither	NO	NO	NA	NO
GO_BP	GO:1902004	positive regulation of amyloid-beta formation	Neither	NO	NO	NA	NO
GO_BP	GO:1902017	regulation of cilium assembly	Neither	NO	NO	NA	NO
GO_BP	GO:1902018	negative regulation of cilium assembly	Neither	NO	NO	NA	NO
GO_BP	GO:1902019	regulation of cilium-dependent cell motility	Neither	NO	NO	NA	NO
GO_BP	GO:1902022	L-lysine transport	Neither	NO	NO	NA	NO
GO_BP	GO:1902036	regulation of hematopoietic stem cell differentiation	Neither	NO	NO	NA	NO
GO_BP	GO:1902041	regulation of extrinsic apoptotic signaling pathway via death domain receptors	Neither	NO	NO	NA	NO
GO_BP	GO:1902042	negative regulation of extrinsic apoptotic signaling pathway via death domain receptors	Neither	NO	NO	NA	NO
GO_BP	GO:1902047	polyamine transmembrane transport	Neither	NO	NO	NA	NO
GO_BP	GO:1902065	response to L-glutamate	Neither	NO	NO	NA	NO
GO_BP	GO:1902074	response to salt	Neither	NO	NO	NA	NO
GO_BP	GO:1902093	positive regulation of flagellated sperm motility	Neither	NO	NO	NA	NO
GO_BP	GO:1902099	regulation of metaphase/anaphase transition of cell cycle	Neither	NO	NO	NA	NO
GO_BP	GO:1902100	negative regulation of metaphase/anaphase transition of cell cycle	Neither	NO	NO	NA	NO
GO_BP	GO:1902101	positive regulation of metaphase/anaphase transition of cell cycle	Neither	NO	NO	NA	NO
GO_BP	GO:1902105	regulation of leukocyte differentiation	Neither	NO	NO	NA	NO
GO_BP	GO:1902106	negative regulation of leukocyte differentiation	Neither	NO	NO	NA	NO
GO_BP	GO:1902107	positive regulation of leukocyte differentiation	Neither	NO	NO	NA	NO
GO_BP	GO:1902108	regulation of mitochondrial membrane permeability involved in apoptotic process	Neither	NO	NO	NA	NO
GO_BP	GO:1902115	regulation of organelle assembly	Neither	NO	NO	NA	NO
GO_BP	GO:1902116	negative regulation of organelle assembly	Neither	NO	NO	NA	NO
GO_BP	GO:1902117	positive regulation of organelle assembly	Neither	NO	NO	NA	NO
GO_BP	GO:1902165	regulation of intrinsic apoptotic signaling pathway in response to DNA damage by p53 class mediator	Neither	NO	NO	NA	NO
GO_BP	GO:1902166	negative regulation of intrinsic apoptotic signaling pathway in response to DNA damage by p53 class mediator	Neither	NO	NO	NA	NO
GO_BP	GO:1902170	cellular response to reactive nitrogen species	Neither	NO	NO	NA	NO
GO_BP	GO:1902175	regulation of oxidative stress-induced intrinsic apoptotic signaling pathway	Neither	NO	NO	NA	NO
GO_BP	GO:1902176	negative regulation of oxidative stress-induced intrinsic apoptotic signaling pathway	Neither	NO	NO	NA	NO
GO_BP	GO:1902229	regulation of intrinsic apoptotic signaling pathway in response to DNA damage	Neither	NO	NO	NA	NO
GO_BP	GO:1902230	negative regulation of intrinsic apoptotic signaling pathway in response to DNA damage	Neither	NO	NO	NA	NO
GO_BP	GO:1902235	regulation of endoplasmic reticulum stress-induced intrinsic apoptotic signaling pathway	Neither	NO	NO	NA	NO
GO_BP	GO:1902236	negative regulation of endoplasmic reticulum stress-induced intrinsic apoptotic signaling pathway	Neither	NO	NO	NA	NO
GO_BP	GO:1902253	regulation of intrinsic apoptotic signaling pathway by p53 class mediator	Neither	NO	NO	NA	NO
GO_BP	GO:1902254	negative regulation of intrinsic apoptotic signaling pathway by p53 class mediator	Neither	NO	NO	NA	NO
GO_BP	GO:1902275	regulation of chromatin organization	Firth_only	NO	NO	NA	NO
GO_BP	GO:1902305	regulation of sodium ion transmembrane transport	Neither	NO	NO	NA	NO
GO_BP	GO:1902307	positive regulation of sodium ion transmembrane transport	Neither	NO	NO	NA	NO
GO_BP	GO:1902358	sulfate transmembrane transport	Neither	NO	NO	NA	NO
GO_BP	GO:1902369	negative regulation of RNA catabolic process	Neither	NO	NO	NA	NO
GO_BP	GO:1902373	negative regulation of mRNA catabolic process	Neither	NO	NO	NA	NO
GO_BP	GO:1902410	mitotic cytokinetic process	Neither	NO	NO	NA	NO
GO_BP	GO:1902412	regulation of mitotic cytokinesis	Neither	NO	NO	NA	NO
GO_BP	GO:1902414	protein localization to cell junction	Neither	NO	NO	NA	NO
GO_BP	GO:1902423	regulation of attachment of mitotic spindle microtubules to kinetochore	Neither	NO	NO	NA	NO
GO_BP	GO:1902430	negative regulation of amyloid-beta formation	Neither	NO	NO	NA	NO
GO_BP	GO:1902455	negative regulation of stem cell population maintenance	Neither	NO	NO	NA	NO
GO_BP	GO:1902459	positive regulation of stem cell population maintenance	Neither	NO	NO	NA	NO
GO_BP	GO:1902473	regulation of protein localization to synapse	Neither	NO	NO	NA	NO
GO_BP	GO:1902475	L-alpha-amino acid transmembrane transport	Neither	NO	NO	NA	NO
GO_BP	GO:1902476	chloride transmembrane transport	Neither	NO	NO	NA	NO
GO_BP	GO:1902514	regulation of calcium ion transmembrane transport via high voltage-gated calcium channel	Neither	NO	NO	NA	NO
GO_BP	GO:1902523	positive regulation of protein K63-linked ubiquitination	Neither	NO	NO	NA	NO
GO_BP	GO:1902547	regulation of cellular response to vascular endothelial growth factor stimulus	Neither	NO	NO	NA	NO
GO_BP	GO:1902548	negative regulation of cellular response to vascular endothelial growth factor stimulus	Neither	NO	NO	NA	NO
GO_BP	GO:1902563	regulation of neutrophil activation	Neither	NO	NO	NA	NO
GO_BP	GO:1902570	protein localization to nucleolus	Neither	NO	NO	NA	NO
GO_BP	GO:1902600	proton transmembrane transport	Neither	NO	NO	NA	NO
GO_BP	GO:1902622	regulation of neutrophil migration	Neither	NO	NO	NA	NO
GO_BP	GO:1902624	positive regulation of neutrophil migration	Neither	NO	NO	NA	NO
GO_BP	GO:1902644	tertiary alcohol metabolic process	Neither	NO	NO	NA	NO
GO_BP	GO:1902652	secondary alcohol metabolic process	Neither	NO	NO	NA	NO
GO_BP	GO:1902653	secondary alcohol biosynthetic process	Neither	NO	NO	NA	NO
GO_BP	GO:1902656	calcium ion import into cytosol	Neither	NO	NO	NA	NO
GO_BP	GO:1902667	regulation of axon guidance	Neither	NO	NO	NA	NO
GO_BP	GO:1902683	regulation of receptor localization to synapse	Neither	NO	NO	NA	NO
GO_BP	GO:1902686	mitochondrial outer membrane permeabilization involved in programmed cell death	Neither	NO	NO	NA	NO
GO_BP	GO:1902692	regulation of neuroblast proliferation	Neither	NO	NO	NA	NO
GO_BP	GO:1902742	apoptotic process involved in development	Neither	NO	NO	NA	NO
GO_BP	GO:1902743	regulation of lamellipodium organization	Neither	NO	NO	NA	NO
GO_BP	GO:1902745	positive regulation of lamellipodium organization	Neither	NO	NO	NA	NO
GO_BP	GO:1902749	regulation of cell cycle G2/M phase transition	Neither	NO	NO	NA	NO
GO_BP	GO:1902750	negative regulation of cell cycle G2/M phase transition	Neither	NO	NO	NA	NO
GO_BP	GO:1902751	positive regulation of cell cycle G2/M phase transition	Neither	NO	NO	NA	NO
GO_BP	GO:1902774	late endosome to lysosome transport	Neither	NO	NO	NA	NO
GO_BP	GO:1902775	mitochondrial large ribosomal subunit assembly	Neither	NO	NO	NA	NO
GO_BP	GO:1902806	regulation of cell cycle G1/S phase transition	Neither	NO	NO	NA	NO
GO_BP	GO:1902807	negative regulation of cell cycle G1/S phase transition	Firth_only	NO	NO	NA	NO
GO_BP	GO:1902808	positive regulation of cell cycle G1/S phase transition	Neither	NO	NO	NA	NO
GO_BP	GO:1902850	microtubule cytoskeleton organization involved in mitosis	Neither	NO	NO	NA	NO
GO_BP	GO:1902882	regulation of response to oxidative stress	Neither	NO	NO	NA	NO
GO_BP	GO:1902893	regulation of miRNA transcription	Neither	NO	NO	NA	NO
GO_BP	GO:1902894	negative regulation of miRNA transcription	Neither	NO	NO	NA	NO
GO_BP	GO:1902895	positive regulation of miRNA transcription	Neither	NO	NO	NA	NO
GO_BP	GO:1902902	negative regulation of autophagosome assembly	Neither	NO	NO	NA	NO
GO_BP	GO:1902903	regulation of supramolecular fiber organization	Neither	NO	NO	NA	NO
GO_BP	GO:1902904	negative regulation of supramolecular fiber organization	Neither	NO	NO	NA	NO
GO_BP	GO:1902905	positive regulation of supramolecular fiber organization	Neither	NO	NO	NA	NO
GO_BP	GO:1902914	regulation of protein polyubiquitination	Neither	NO	NO	NA	NO
GO_BP	GO:1902916	positive regulation of protein polyubiquitination	Neither	NO	NO	NA	NO
GO_BP	GO:1902930	regulation of alcohol biosynthetic process	Neither	NO	NO	NA	NO
GO_BP	GO:1902931	negative regulation of alcohol biosynthetic process	Neither	NO	NO	NA	NO
GO_BP	GO:1902932	positive regulation of alcohol biosynthetic process	Neither	NO	NO	NA	NO
GO_BP	GO:1902950	regulation of dendritic spine maintenance	Neither	NO	NO	NA	NO
GO_BP	GO:1902953	positive regulation of ER to Golgi vesicle-mediated transport	Neither	NO	NO	NA	NO
GO_BP	GO:1902965	regulation of protein localization to early endosome	Neither	NO	NO	NA	NO
GO_BP	GO:1902966	positive regulation of protein localization to early endosome	Neither	NO	NO	NA	NO
GO_BP	GO:1902969	mitotic DNA replication	Tier1	YES	NO	NO	YES
GO_BP	GO:1902991	regulation of amyloid precursor protein catabolic process	Neither	NO	NO	NA	NO
GO_BP	GO:1902992	negative regulation of amyloid precursor protein catabolic process	Neither	NO	NO	NA	NO
GO_BP	GO:1902993	positive regulation of amyloid precursor protein catabolic process	Neither	NO	NO	NA	NO
GO_BP	GO:1903008	organelle disassembly	Neither	NO	NO	NA	NO
GO_BP	GO:1903018	regulation of glycoprotein metabolic process	Neither	NO	NO	NA	NO
GO_BP	GO:1903019	negative regulation of glycoprotein metabolic process	Neither	NO	NO	NA	NO
GO_BP	GO:1903020	positive regulation of glycoprotein metabolic process	Neither	NO	NO	NA	NO
GO_BP	GO:1903027	regulation of opsonization	Firth_only	NO	NO	NA	NO
GO_BP	GO:1903028	positive regulation of opsonization	Firth_only	NO	NO	NA	NO
GO_BP	GO:1903034	regulation of response to wounding	Neither	NO	NO	NA	NO
GO_BP	GO:1903035	negative regulation of response to wounding	Neither	NO	NO	NA	NO
GO_BP	GO:1903036	positive regulation of response to wounding	Neither	NO	NO	NA	NO
GO_BP	GO:1903037	regulation of leukocyte cell-cell adhesion	Neither	NO	NO	NA	NO
GO_BP	GO:1903038	negative regulation of leukocyte cell-cell adhesion	Neither	NO	NO	NA	NO
GO_BP	GO:1903039	positive regulation of leukocyte cell-cell adhesion	Neither	NO	NO	NA	NO
GO_BP	GO:1903046	meiotic cell cycle process	Firth_only	NO	NO	NA	NO
GO_BP	GO:1903047	mitotic cell cycle process	Neither	NO	NO	NA	NO
GO_BP	GO:1903053	regulation of extracellular matrix organization	Neither	NO	NO	NA	NO
GO_BP	GO:1903054	negative regulation of extracellular matrix organization	Neither	NO	NO	NA	NO
GO_BP	GO:1903055	positive regulation of extracellular matrix organization	Neither	NO	NO	NA	NO
GO_BP	GO:1903059	regulation of protein lipidation	Neither	NO	NO	NA	NO
GO_BP	GO:1903076	regulation of protein localization to plasma membrane	Neither	NO	NO	NA	NO
GO_BP	GO:1903077	negative regulation of protein localization to plasma membrane	Neither	NO	NO	NA	NO
GO_BP	GO:1903078	positive regulation of protein localization to plasma membrane	Neither	NO	NO	NA	NO
GO_BP	GO:1903083	protein localization to condensed chromosome	Neither	NO	NO	NA	NO
GO_BP	GO:1903115	regulation of actin filament-based movement	Neither	NO	NO	NA	NO
GO_BP	GO:1903131	mononuclear cell differentiation	Neither	NO	NO	NA	NO
GO_BP	GO:1903140	regulation of establishment of endothelial barrier	Neither	NO	NO	NA	NO
GO_BP	GO:1903146	regulation of autophagy of mitochondrion	Neither	NO	NO	NA	NO
GO_BP	GO:1903169	regulation of calcium ion transmembrane transport	Neither	NO	NO	NA	NO
GO_BP	GO:1903170	negative regulation of calcium ion transmembrane transport	Neither	NO	NO	NA	NO
GO_BP	GO:1903232	melanosome assembly	Neither	NO	NO	NA	NO
GO_BP	GO:1903236	regulation of leukocyte tethering or rolling	Neither	NO	NO	NA	NO
GO_BP	GO:1903238	positive regulation of leukocyte tethering or rolling	Neither	NO	NO	NA	NO
GO_BP	GO:1903241	U2-type prespliceosome assembly	Neither	NO	NO	NA	NO
GO_BP	GO:1903242	regulation of cardiac muscle hypertrophy in response to stress	Neither	NO	NO	NA	NO
GO_BP	GO:1903265	positive regulation of tumor necrosis factor-mediated signaling pathway	Neither	NO	NO	NA	NO
GO_BP	GO:1903276	regulation of sodium ion export across plasma membrane	Neither	NO	NO	NA	NO
GO_BP	GO:1903278	positive regulation of sodium ion export across plasma membrane	Neither	NO	NO	NA	NO
GO_BP	GO:1903305	regulation of regulated secretory pathway	Neither	NO	NO	NA	NO
GO_BP	GO:1903306	negative regulation of regulated secretory pathway	Neither	NO	NO	NA	NO
GO_BP	GO:1903307	positive regulation of regulated secretory pathway	Neither	NO	NO	NA	NO
GO_BP	GO:1903311	regulation of mRNA metabolic process	Neither	NO	NO	NA	NO
GO_BP	GO:1903312	negative regulation of mRNA metabolic process	Neither	NO	NO	NA	NO
GO_BP	GO:1903313	positive regulation of mRNA metabolic process	Neither	NO	NO	NA	NO
GO_BP	GO:1903317	regulation of protein maturation	Neither	NO	NO	NA	NO
GO_BP	GO:1903318	negative regulation of protein maturation	Neither	NO	NO	NA	NO
GO_BP	GO:1903319	positive regulation of protein maturation	Neither	NO	NO	NA	NO
GO_BP	GO:1903320	regulation of protein modification by small protein conjugation or removal	Neither	NO	NO	NA	NO
GO_BP	GO:1903321	negative regulation of protein modification by small protein conjugation or removal	Neither	NO	NO	NA	NO
GO_BP	GO:1903322	positive regulation of protein modification by small protein conjugation or removal	Neither	NO	NO	NA	NO
GO_BP	GO:1903332	regulation of protein folding	Neither	NO	NO	NA	NO
GO_BP	GO:1903348	positive regulation of bicellular tight junction assembly	Neither	NO	NO	NA	NO
GO_BP	GO:1903350	response to dopamine	Neither	NO	NO	NA	NO
GO_BP	GO:1903351	cellular response to dopamine	Neither	NO	NO	NA	NO
GO_BP	GO:1903358	regulation of Golgi organization	Neither	NO	NO	NA	NO
GO_BP	GO:1903365	regulation of fear response	Neither	NO	NO	NA	NO
GO_BP	GO:1903376	regulation of oxidative stress-induced neuron intrinsic apoptotic signaling pathway	Neither	NO	NO	NA	NO
GO_BP	GO:1903377	negative regulation of oxidative stress-induced neuron intrinsic apoptotic signaling pathway	Neither	NO	NO	NA	NO
GO_BP	GO:1903401	L-lysine transmembrane transport	Neither	NO	NO	NA	NO
GO_BP	GO:1903409	reactive oxygen species biosynthetic process	Neither	NO	NO	NA	NO
GO_BP	GO:1903421	regulation of synaptic vesicle recycling	Neither	NO	NO	NA	NO
GO_BP	GO:1903426	regulation of reactive oxygen species biosynthetic process	Neither	NO	NO	NA	NO
GO_BP	GO:1903427	negative regulation of reactive oxygen species biosynthetic process	Neither	NO	NO	NA	NO
GO_BP	GO:1903428	positive regulation of reactive oxygen species biosynthetic process	Neither	NO	NO	NA	NO
GO_BP	GO:1903429	regulation of cell maturation	Neither	NO	NO	NA	NO
GO_BP	GO:1903432	regulation of TORC1 signaling	Neither	NO	NO	NA	NO
GO_BP	GO:1903441	protein localization to ciliary membrane	Neither	NO	NO	NA	NO
GO_BP	GO:1903490	positive regulation of mitotic cytokinesis	Neither	NO	NO	NA	NO
GO_BP	GO:1903504	regulation of mitotic spindle checkpoint	Neither	NO	NO	NA	NO
GO_BP	GO:1903509	liposaccharide metabolic process	Neither	NO	NO	NA	NO
GO_BP	GO:1903514	release of sequestered calcium ion into cytosol by endoplasmic reticulum	Neither	NO	NO	NA	NO
GO_BP	GO:1903522	regulation of blood circulation	Neither	NO	NO	NA	NO
GO_BP	GO:1903523	negative regulation of blood circulation	Neither	NO	NO	NA	NO
GO_BP	GO:1903524	positive regulation of blood circulation	Neither	NO	NO	NA	NO
GO_BP	GO:1903531	negative regulation of secretion by cell	Neither	NO	NO	NA	NO
GO_BP	GO:1903532	positive regulation of secretion by cell	Neither	NO	NO	NA	NO
GO_BP	GO:1903533	regulation of protein targeting	Neither	NO	NO	NA	NO
GO_BP	GO:1903539	protein localization to postsynaptic membrane	Neither	NO	NO	NA	NO
GO_BP	GO:1903540	establishment of protein localization to postsynaptic membrane	Neither	NO	NO	NA	NO
GO_BP	GO:1903541	regulation of exosomal secretion	Neither	NO	NO	NA	NO
GO_BP	GO:1903543	positive regulation of exosomal secretion	Neither	NO	NO	NA	NO
GO_BP	GO:1903555	regulation of tumor necrosis factor superfamily cytokine production	Neither	NO	NO	NA	NO
GO_BP	GO:1903556	negative regulation of tumor necrosis factor superfamily cytokine production	Neither	NO	NO	NA	NO
GO_BP	GO:1903557	positive regulation of tumor necrosis factor superfamily cytokine production	Neither	NO	NO	NA	NO
GO_BP	GO:1903564	regulation of protein localization to cilium	Neither	NO	NO	NA	NO
GO_BP	GO:1903573	negative regulation of response to endoplasmic reticulum stress	Neither	NO	NO	NA	NO
GO_BP	GO:1903578	regulation of ATP metabolic process	Neither	NO	NO	NA	NO
GO_BP	GO:1903579	negative regulation of ATP metabolic process	Neither	NO	NO	NA	NO
GO_BP	GO:1903580	positive regulation of ATP metabolic process	Neither	NO	NO	NA	NO
GO_BP	GO:1903587	regulation of blood vessel endothelial cell proliferation involved in sprouting angiogenesis	Neither	NO	NO	NA	NO
GO_BP	GO:1903599	positive regulation of autophagy of mitochondrion	Neither	NO	NO	NA	NO
GO_BP	GO:1903670	regulation of sprouting angiogenesis	Neither	NO	NO	NA	NO
GO_BP	GO:1903671	negative regulation of sprouting angiogenesis	Neither	NO	NO	NA	NO
GO_BP	GO:1903672	positive regulation of sprouting angiogenesis	Neither	NO	NO	NA	NO
GO_BP	GO:1903706	regulation of hemopoiesis	Neither	NO	NO	NA	NO
GO_BP	GO:1903707	negative regulation of hemopoiesis	Neither	NO	NO	NA	NO
GO_BP	GO:1903708	positive regulation of hemopoiesis	Neither	NO	NO	NA	NO
GO_BP	GO:1903715	regulation of aerobic respiration	Neither	NO	NO	NA	NO
GO_BP	GO:1903725	regulation of phospholipid metabolic process	Neither	NO	NO	NA	NO
GO_BP	GO:1903727	positive regulation of phospholipid metabolic process	Neither	NO	NO	NA	NO
GO_BP	GO:1903729	regulation of plasma membrane organization	Neither	NO	NO	NA	NO
GO_BP	GO:1903747	regulation of protein localization to mitochondrion	Neither	NO	NO	NA	NO
GO_BP	GO:1903749	positive regulation of protein localization to mitochondrion	Neither	NO	NO	NA	NO
GO_BP	GO:1903764	regulation of potassium ion export across plasma membrane	Neither	NO	NO	NA	NO
GO_BP	GO:1903779	regulation of cardiac conduction	Neither	NO	NO	NA	NO
GO_BP	GO:1903789	regulation of amino acid transmembrane transport	Neither	NO	NO	NA	NO
GO_BP	GO:1903790	guanine nucleotide transmembrane transport	Neither	NO	NO	NA	NO
GO_BP	GO:1903798	regulation of miRNA processing	Neither	NO	NO	NA	NO
GO_BP	GO:1903826	L-arginine transmembrane transport	Firth_only	NO	NO	NA	NO
GO_BP	GO:1903828	negative regulation of protein localization	Neither	NO	NO	NA	NO
GO_BP	GO:1903829	positive regulation of protein localization	Neither	NO	NO	NA	NO
GO_BP	GO:1903830	magnesium ion transmembrane transport	Neither	NO	NO	NA	NO
GO_BP	GO:1903844	regulation of cellular response to transforming growth factor beta stimulus	Neither	NO	NO	NA	NO
GO_BP	GO:1903846	positive regulation of cellular response to transforming growth factor beta stimulus	Neither	NO	NO	NA	NO
GO_BP	GO:1903859	regulation of dendrite extension	Neither	NO	NO	NA	NO
GO_BP	GO:1903861	positive regulation of dendrite extension	Neither	NO	NO	NA	NO
GO_BP	GO:1903894	regulation of IRE1-mediated unfolded protein response	Neither	NO	NO	NA	NO
GO_BP	GO:1903897	regulation of PERK-mediated unfolded protein response	Neither	NO	NO	NA	NO
GO_BP	GO:1903898	negative regulation of PERK-mediated unfolded protein response	Neither	NO	NO	NA	NO
GO_BP	GO:1903900	regulation of viral life cycle	Neither	NO	NO	NA	NO
GO_BP	GO:1903902	positive regulation of viral life cycle	Neither	NO	NO	NA	NO
GO_BP	GO:1903909	regulation of receptor clustering	Neither	NO	NO	NA	NO
GO_BP	GO:1903911	positive regulation of receptor clustering	Neither	NO	NO	NA	NO
GO_BP	GO:1903939	regulation of TORC2 signaling	Neither	NO	NO	NA	NO
GO_BP	GO:1903963	arachidonate transport	Neither	NO	NO	NA	NO
GO_BP	GO:1903975	regulation of glial cell migration	Neither	NO	NO	NA	NO
GO_BP	GO:1903978	regulation of microglial cell activation	Neither	NO	NO	NA	NO
GO_BP	GO:1903998	regulation of eating behavior	Neither	NO	NO	NA	NO
GO_BP	GO:1904018	positive regulation of vasculature development	Neither	NO	NO	NA	NO
GO_BP	GO:1904019	epithelial cell apoptotic process	Neither	NO	NO	NA	NO
GO_BP	GO:1904035	regulation of epithelial cell apoptotic process	Neither	NO	NO	NA	NO
GO_BP	GO:1904036	negative regulation of epithelial cell apoptotic process	Neither	NO	NO	NA	NO
GO_BP	GO:1904037	positive regulation of epithelial cell apoptotic process	Neither	NO	NO	NA	NO
GO_BP	GO:1904044	response to aldosterone	Neither	NO	NO	NA	NO
GO_BP	GO:1904062	regulation of monoatomic cation transmembrane transport	Neither	NO	NO	NA	NO
GO_BP	GO:1904063	negative regulation of cation transmembrane transport	Neither	NO	NO	NA	NO
GO_BP	GO:1904064	positive regulation of cation transmembrane transport	Neither	NO	NO	NA	NO
GO_BP	GO:1904152	regulation of retrograde protein transport, ER to cytosol	Neither	NO	NO	NA	NO
GO_BP	GO:1904177	regulation of adipose tissue development	Neither	NO	NO	NA	NO
GO_BP	GO:1904178	negative regulation of adipose tissue development	Neither	NO	NO	NA	NO
GO_BP	GO:1904179	positive regulation of adipose tissue development	Neither	NO	NO	NA	NO
GO_BP	GO:1904181	positive regulation of membrane depolarization	Neither	NO	NO	NA	NO
GO_BP	GO:1904262	negative regulation of TORC1 signaling	Neither	NO	NO	NA	NO
GO_BP	GO:1904263	positive regulation of TORC1 signaling	Neither	NO	NO	NA	NO
GO_BP	GO:1904292	regulation of ERAD pathway	Neither	NO	NO	NA	NO
GO_BP	GO:1904294	positive regulation of ERAD pathway	Neither	NO	NO	NA	NO
GO_BP	GO:1904321	response to forskolin	Neither	NO	NO	NA	NO
GO_BP	GO:1904322	cellular response to forskolin	Neither	NO	NO	NA	NO
GO_BP	GO:1904350	regulation of protein catabolic process in the vacuole	Neither	NO	NO	NA	NO
GO_BP	GO:1904353	regulation of telomere capping	Neither	NO	NO	NA	NO
GO_BP	GO:1904356	regulation of telomere maintenance via telomere lengthening	Neither	NO	NO	NA	NO
GO_BP	GO:1904357	negative regulation of telomere maintenance via telomere lengthening	Neither	NO	NO	NA	NO
GO_BP	GO:1904358	positive regulation of telomere maintenance via telomere lengthening	Neither	NO	NO	NA	NO
GO_BP	GO:1904375	regulation of protein localization to cell periphery	Neither	NO	NO	NA	NO
GO_BP	GO:1904376	negative regulation of protein localization to cell periphery	Neither	NO	NO	NA	NO
GO_BP	GO:1904377	positive regulation of protein localization to cell periphery	Neither	NO	NO	NA	NO
GO_BP	GO:1904380	endoplasmic reticulum mannose trimming	Neither	NO	NO	NA	NO
GO_BP	GO:1904385	cellular response to angiotensin	Neither	NO	NO	NA	NO
GO_BP	GO:1904427	positive regulation of calcium ion transmembrane transport	Neither	NO	NO	NA	NO
GO_BP	GO:1904478	regulation of intestinal absorption	Neither	NO	NO	NA	NO
GO_BP	GO:1904491	protein localization to ciliary transition zone	Neither	NO	NO	NA	NO
GO_BP	GO:1904505	regulation of telomere maintenance in response to DNA damage	Neither	NO	NO	NA	NO
GO_BP	GO:1904507	positive regulation of telomere maintenance in response to DNA damage	Neither	NO	NO	NA	NO
GO_BP	GO:1904580	regulation of intracellular mRNA localization	Neither	NO	NO	NA	NO
GO_BP	GO:1904627	response to phorbol 13-acetate 12-myristate	Neither	NO	NO	NA	NO
GO_BP	GO:1904628	cellular response to phorbol 13-acetate 12-myristate	Neither	NO	NO	NA	NO
GO_BP	GO:1904645	response to amyloid-beta	Neither	NO	NO	NA	NO
GO_BP	GO:1904646	cellular response to amyloid-beta	Neither	NO	NO	NA	NO
GO_BP	GO:1904659	D-glucose transmembrane transport	Neither	NO	NO	NA	NO
GO_BP	GO:1904666	regulation of ubiquitin protein ligase activity	Neither	NO	NO	NA	NO
GO_BP	GO:1904688	regulation of cytoplasmic translational initiation	Neither	NO	NO	NA	NO
GO_BP	GO:1904705	regulation of vascular associated smooth muscle cell proliferation	Neither	NO	NO	NA	NO
GO_BP	GO:1904706	negative regulation of vascular associated smooth muscle cell proliferation	Neither	NO	NO	NA	NO
GO_BP	GO:1904707	positive regulation of vascular associated smooth muscle cell proliferation	Neither	NO	NO	NA	NO
GO_BP	GO:1904749	regulation of protein localization to nucleolus	Neither	NO	NO	NA	NO
GO_BP	GO:1904752	regulation of vascular associated smooth muscle cell migration	Neither	NO	NO	NA	NO
GO_BP	GO:1904754	positive regulation of vascular associated smooth muscle cell migration	Neither	NO	NO	NA	NO
GO_BP	GO:1904779	regulation of protein localization to centrosome	Neither	NO	NO	NA	NO
GO_BP	GO:1904861	excitatory synapse assembly	Neither	NO	NO	NA	NO
GO_BP	GO:1904862	inhibitory synapse assembly	Neither	NO	NO	NA	NO
GO_BP	GO:1904869	regulation of protein localization to Cajal body	Neither	NO	NO	NA	NO
GO_BP	GO:1904871	positive regulation of protein localization to Cajal body	Neither	NO	NO	NA	NO
GO_BP	GO:1904872	regulation of telomerase RNA localization to Cajal body	Neither	NO	NO	NA	NO
GO_BP	GO:1904888	cranial skeletal system development	Neither	NO	NO	NA	NO
GO_BP	GO:1904889	regulation of excitatory synapse assembly	Neither	NO	NO	NA	NO
GO_BP	GO:1904892	regulation of receptor signaling pathway via STAT	Neither	NO	NO	NA	NO
GO_BP	GO:1904893	negative regulation of receptor signaling pathway via STAT	Neither	NO	NO	NA	NO
GO_BP	GO:1904894	positive regulation of receptor signaling pathway via STAT	Neither	NO	NO	NA	NO
GO_BP	GO:1904896	ESCRT complex disassembly	Neither	NO	NO	NA	NO
GO_BP	GO:1904903	ESCRT III complex disassembly	Neither	NO	NO	NA	NO
GO_BP	GO:1904948	midbrain dopaminergic neuron differentiation	Neither	NO	NO	NA	NO
GO_BP	GO:1904950	negative regulation of establishment of protein localization	Neither	NO	NO	NA	NO
GO_BP	GO:1904951	positive regulation of establishment of protein localization	Neither	NO	NO	NA	NO
GO_BP	GO:1904994	regulation of leukocyte adhesion to vascular endothelial cell	Neither	NO	NO	NA	NO
GO_BP	GO:1904996	positive regulation of leukocyte adhesion to vascular endothelial cell	Neither	NO	NO	NA	NO
GO_BP	GO:1905037	autophagosome organization	Neither	NO	NO	NA	NO
GO_BP	GO:1905039	carboxylic acid transmembrane transport	Neither	NO	NO	NA	NO
GO_BP	GO:1905063	regulation of vascular associated smooth muscle cell differentiation	Neither	NO	NO	NA	NO
GO_BP	GO:1905089	regulation of type 2 mitophagy	Neither	NO	NO	NA	NO
GO_BP	GO:1905091	positive regulation of type 2 mitophagy	Neither	NO	NO	NA	NO
GO_BP	GO:1905144	response to acetylcholine	Neither	NO	NO	NA	NO
GO_BP	GO:1905145	cellular response to acetylcholine	Neither	NO	NO	NA	NO
GO_BP	GO:1905146	lysosomal protein catabolic process	Neither	NO	NO	NA	NO
GO_BP	GO:1905153	regulation of membrane invagination	Neither	NO	NO	NA	NO
GO_BP	GO:1905155	positive regulation of membrane invagination	Neither	NO	NO	NA	NO
GO_BP	GO:1905165	regulation of lysosomal protein catabolic process	Neither	NO	NO	NA	NO
GO_BP	GO:1905168	positive regulation of double-strand break repair via homologous recombination	Neither	NO	NO	NA	NO
GO_BP	GO:1905207	regulation of cardiocyte differentiation	Neither	NO	NO	NA	NO
GO_BP	GO:1905208	negative regulation of cardiocyte differentiation	Neither	NO	NO	NA	NO
GO_BP	GO:1905209	positive regulation of cardiocyte differentiation	Neither	NO	NO	NA	NO
GO_BP	GO:1905244	regulation of modification of synaptic structure	Neither	NO	NO	NA	NO
GO_BP	GO:1905268	negative regulation of chromatin organization	Firth_only	NO	NO	NA	NO
GO_BP	GO:1905314	semi-lunar valve development	Neither	NO	NO	NA	NO
GO_BP	GO:1905330	regulation of morphogenesis of an epithelium	Neither	NO	NO	NA	NO
GO_BP	GO:1905332	positive regulation of morphogenesis of an epithelium	Neither	NO	NO	NA	NO
GO_BP	GO:1905380	regulation of snRNA transcription by RNA polymerase II	Neither	NO	NO	NA	NO
GO_BP	GO:1905383	protein localization to presynapse	Neither	NO	NO	NA	NO
GO_BP	GO:1905456	regulation of lymphoid progenitor cell differentiation	Neither	NO	NO	NA	NO
GO_BP	GO:1905475	regulation of protein localization to membrane	Neither	NO	NO	NA	NO
GO_BP	GO:1905476	negative regulation of protein localization to membrane	Neither	NO	NO	NA	NO
GO_BP	GO:1905477	positive regulation of protein localization to membrane	Neither	NO	NO	NA	NO
GO_BP	GO:1905508	protein localization to microtubule organizing center	Neither	NO	NO	NA	NO
GO_BP	GO:1905515	non-motile cilium assembly	Neither	NO	NO	NA	NO
GO_BP	GO:1905517	macrophage migration	Neither	NO	NO	NA	NO
GO_BP	GO:1905521	regulation of macrophage migration	Neither	NO	NO	NA	NO
GO_BP	GO:1905523	positive regulation of macrophage migration	Neither	NO	NO	NA	NO
GO_BP	GO:1905562	regulation of vascular endothelial cell proliferation	Neither	NO	NO	NA	NO
GO_BP	GO:1905564	positive regulation of vascular endothelial cell proliferation	Neither	NO	NO	NA	NO
GO_BP	GO:1905606	regulation of presynapse assembly	Neither	NO	NO	NA	NO
GO_BP	GO:1905634	regulation of protein localization to chromatin	Neither	NO	NO	NA	NO
GO_BP	GO:1905664	regulation of calcium ion import across plasma membrane	Neither	NO	NO	NA	NO
GO_BP	GO:1905665	positive regulation of calcium ion import across plasma membrane	Neither	NO	NO	NA	NO
GO_BP	GO:1905666	regulation of protein localization to endosome	Neither	NO	NO	NA	NO
GO_BP	GO:1905668	positive regulation of protein localization to endosome	Neither	NO	NO	NA	NO
GO_BP	GO:1905671	regulation of lysosome organization	Neither	NO	NO	NA	NO
GO_BP	GO:1905709	negative regulation of membrane permeability	Neither	NO	NO	NA	NO
GO_BP	GO:1905710	positive regulation of membrane permeability	Neither	NO	NO	NA	NO
GO_BP	GO:1905806	regulation of synapse pruning	Neither	NO	NO	NA	NO
GO_BP	GO:1905809	negative regulation of synapse organization	Neither	NO	NO	NA	NO
GO_BP	GO:1905818	regulation of chromosome separation	Neither	NO	NO	NA	NO
GO_BP	GO:1905819	negative regulation of chromosome separation	Neither	NO	NO	NA	NO
GO_BP	GO:1905820	positive regulation of chromosome separation	Neither	NO	NO	NA	NO
GO_BP	GO:1905874	regulation of postsynaptic density organization	Neither	NO	NO	NA	NO
GO_BP	GO:1905897	regulation of response to endoplasmic reticulum stress	Neither	NO	NO	NA	NO
GO_BP	GO:1905898	positive regulation of response to endoplasmic reticulum stress	Neither	NO	NO	NA	NO
GO_BP	GO:1905906	regulation of amyloid fibril formation	Neither	NO	NO	NA	NO
GO_BP	GO:1905907	negative regulation of amyloid fibril formation	Neither	NO	NO	NA	NO
GO_BP	GO:1905939	regulation of gonad development	Neither	NO	NO	NA	NO
GO_BP	GO:1905952	regulation of lipid localization	Neither	NO	NO	NA	NO
GO_BP	GO:1905953	negative regulation of lipid localization	Neither	NO	NO	NA	NO
GO_BP	GO:1905954	positive regulation of lipid localization	Neither	NO	NO	NA	NO
GO_BP	GO:1990000	amyloid fibril formation	Neither	NO	NO	NA	NO
GO_BP	GO:1990089	response to nerve growth factor	Neither	NO	NO	NA	NO
GO_BP	GO:1990090	cellular response to nerve growth factor stimulus	Neither	NO	NO	NA	NO
GO_BP	GO:1990116	ribosome-associated ubiquitin-dependent protein catabolic process	Neither	NO	NO	NA	NO
GO_BP	GO:1990138	neuron projection extension	Neither	NO	NO	NA	NO
GO_BP	GO:1990166	protein localization to site of double-strand break	Neither	NO	NO	NA	NO
GO_BP	GO:1990169	stress response to copper ion	Neither	NO	NO	NA	NO
GO_BP	GO:1990253	cellular response to leucine starvation	Neither	NO	NO	NA	NO
GO_BP	GO:1990266	neutrophil migration	Neither	NO	NO	NA	NO
GO_BP	GO:1990314	cellular response to insulin-like growth factor stimulus	Neither	NO	NO	NA	NO
GO_BP	GO:1990403	embryonic brain development	Neither	NO	NO	NA	NO
GO_BP	GO:1990481	mRNA pseudouridine synthesis	Neither	NO	NO	NA	NO
GO_BP	GO:1990535	neuron projection maintenance	Neither	NO	NO	NA	NO
GO_BP	GO:1990542	mitochondrial transmembrane transport	Neither	NO	NO	NA	NO
GO_BP	GO:1990573	potassium ion import across plasma membrane	Neither	NO	NO	NA	NO
GO_BP	GO:1990748	cellular detoxification	Neither	NO	NO	NA	NO
GO_BP	GO:1990776	response to angiotensin	Neither	NO	NO	NA	NO
GO_BP	GO:1990778	protein localization to cell periphery	Neither	NO	NO	NA	NO
GO_BP	GO:1990806	ligand-gated ion channel signaling pathway	Neither	NO	NO	NA	NO
GO_BP	GO:1990822	basic amino acid transmembrane transport	Firth_only	NO	NO	NA	NO
GO_BP	GO:1990839	response to endothelin	Neither	NO	NO	NA	NO
GO_BP	GO:1990840	response to lectin	Neither	NO	NO	NA	NO
GO_BP	GO:1990845	adaptive thermogenesis	Neither	NO	NO	NA	NO
GO_BP	GO:1990849	vacuolar localization	Neither	NO	NO	NA	NO
GO_BP	GO:1990858	cellular response to lectin	Neither	NO	NO	NA	NO
GO_BP	GO:1990859	cellular response to endothelin	Neither	NO	NO	NA	NO
GO_BP	GO:1990868	response to chemokine	Neither	NO	NO	NA	NO
GO_BP	GO:1990869	cellular response to chemokine	Neither	NO	NO	NA	NO
GO_BP	GO:1990918	double-strand break repair involved in meiotic recombination	Firth_only	NO	NO	NA	NO
GO_BP	GO:1990928	response to amino acid starvation	Neither	NO	NO	NA	NO
GO_BP	GO:1990961	xenobiotic detoxification by transmembrane export across the plasma membrane	Neither	NO	NO	NA	NO
GO_BP	GO:2000001	regulation of DNA damage checkpoint	Neither	NO	NO	NA	NO
GO_BP	GO:2000008	regulation of protein localization to cell surface	Neither	NO	NO	NA	NO
GO_BP	GO:2000009	negative regulation of protein localization to cell surface	Neither	NO	NO	NA	NO
GO_BP	GO:2000010	positive regulation of protein localization to cell surface	Neither	NO	NO	NA	NO
GO_BP	GO:2000027	regulation of animal organ morphogenesis	Neither	NO	NO	NA	NO
GO_BP	GO:2000035	regulation of stem cell division	Neither	NO	NO	NA	NO
GO_BP	GO:2000036	regulation of stem cell population maintenance	Neither	NO	NO	NA	NO
GO_BP	GO:2000042	negative regulation of double-strand break repair via homologous recombination	Neither	NO	NO	NA	NO
GO_BP	GO:2000045	regulation of G1/S transition of mitotic cell cycle	Neither	NO	NO	NA	NO
GO_BP	GO:2000047	regulation of cell-cell adhesion mediated by cadherin	Neither	NO	NO	NA	NO
GO_BP	GO:2000048	negative regulation of cell-cell adhesion mediated by cadherin	Neither	NO	NO	NA	NO
GO_BP	GO:2000050	regulation of non-canonical Wnt signaling pathway	Neither	NO	NO	NA	NO
GO_BP	GO:2000052	positive regulation of non-canonical Wnt signaling pathway	Neither	NO	NO	NA	NO
GO_BP	GO:2000058	regulation of ubiquitin-dependent protein catabolic process	Neither	NO	NO	NA	NO
GO_BP	GO:2000059	negative regulation of ubiquitin-dependent protein catabolic process	Neither	NO	NO	NA	NO
GO_BP	GO:2000060	positive regulation of ubiquitin-dependent protein catabolic process	Neither	NO	NO	NA	NO
GO_BP	GO:2000095	regulation of Wnt signaling pathway, planar cell polarity pathway	Neither	NO	NO	NA	NO
GO_BP	GO:2000104	negative regulation of DNA-templated DNA replication	Neither	NO	NO	NA	NO
GO_BP	GO:2000105	positive regulation of DNA-templated DNA replication	Neither	NO	NO	NA	NO
GO_BP	GO:2000106	regulation of leukocyte apoptotic process	Neither	NO	NO	NA	NO
GO_BP	GO:2000107	negative regulation of leukocyte apoptotic process	Neither	NO	NO	NA	NO
GO_BP	GO:2000108	positive regulation of leukocyte apoptotic process	Neither	NO	NO	NA	NO
GO_BP	GO:2000114	regulation of establishment of cell polarity	Neither	NO	NO	NA	NO
GO_BP	GO:2000134	negative regulation of G1/S transition of mitotic cell cycle	Firth_only	NO	NO	NA	NO
GO_BP	GO:2000142	regulation of DNA-templated transcription initiation	Neither	NO	NO	NA	NO
GO_BP	GO:2000143	negative regulation of DNA-templated transcription initiation	Neither	NO	NO	NA	NO
GO_BP	GO:2000144	positive regulation of DNA-templated transcription initiation	Neither	NO	NO	NA	NO
GO_BP	GO:2000146	negative regulation of cell motility	Neither	NO	NO	NA	NO
GO_BP	GO:2000155	positive regulation of cilium-dependent cell motility	Neither	NO	NO	NA	NO
GO_BP	GO:2000177	regulation of neural precursor cell proliferation	Neither	NO	NO	NA	NO
GO_BP	GO:2000178	negative regulation of neural precursor cell proliferation	Neither	NO	NO	NA	NO
GO_BP	GO:2000179	positive regulation of neural precursor cell proliferation	Neither	NO	NO	NA	NO
GO_BP	GO:2000181	negative regulation of blood vessel morphogenesis	Neither	NO	NO	NA	NO
GO_BP	GO:2000191	regulation of fatty acid transport	Neither	NO	NO	NA	NO
GO_BP	GO:2000193	positive regulation of fatty acid transport	Neither	NO	NO	NA	NO
GO_BP	GO:2000209	regulation of anoikis	Neither	NO	NO	NA	NO
GO_BP	GO:2000232	regulation of rRNA processing	Neither	NO	NO	NA	NO
GO_BP	GO:2000234	positive regulation of rRNA processing	Neither	NO	NO	NA	NO
GO_BP	GO:2000241	regulation of reproductive process	Neither	NO	NO	NA	NO
GO_BP	GO:2000242	negative regulation of reproductive process	Neither	NO	NO	NA	NO
GO_BP	GO:2000243	positive regulation of reproductive process	Neither	NO	NO	NA	NO
GO_BP	GO:2000252	negative regulation of feeding behavior	Neither	NO	NO	NA	NO
GO_BP	GO:2000253	positive regulation of feeding behavior	Neither	NO	NO	NA	NO
GO_BP	GO:2000272	negative regulation of signaling receptor activity	Neither	NO	NO	NA	NO
GO_BP	GO:2000278	regulation of DNA biosynthetic process	Neither	NO	NO	NA	NO
GO_BP	GO:2000279	negative regulation of DNA biosynthetic process	Neither	NO	NO	NA	NO
GO_BP	GO:2000291	regulation of myoblast proliferation	Neither	NO	NO	NA	NO
GO_BP	GO:2000300	regulation of synaptic vesicle exocytosis	Neither	NO	NO	NA	NO
GO_BP	GO:2000303	regulation of ceramide biosynthetic process	Neither	NO	NO	NA	NO
GO_BP	GO:2000311	regulation of AMPA receptor activity	Neither	NO	NO	NA	NO
GO_BP	GO:2000316	regulation of T-helper 17 type immune response	Neither	NO	NO	NA	NO
GO_BP	GO:2000317	negative regulation of T-helper 17 type immune response	Neither	NO	NO	NA	NO
GO_BP	GO:2000318	positive regulation of T-helper 17 type immune response	Neither	NO	NO	NA	NO
GO_BP	GO:2000319	regulation of T-helper 17 cell differentiation	Neither	NO	NO	NA	NO
GO_BP	GO:2000320	negative regulation of T-helper 17 cell differentiation	Neither	NO	NO	NA	NO
GO_BP	GO:2000321	positive regulation of T-helper 17 cell differentiation	Neither	NO	NO	NA	NO
GO_BP	GO:2000328	regulation of T-helper 17 cell lineage commitment	Neither	NO	NO	NA	NO
GO_BP	GO:2000341	regulation of chemokine (C-X-C motif) ligand 2 production	Neither	NO	NO	NA	NO
GO_BP	GO:2000343	positive regulation of chemokine (C-X-C motif) ligand 2 production	Neither	NO	NO	NA	NO
GO_BP	GO:2000344	positive regulation of acrosome reaction	Neither	NO	NO	NA	NO
GO_BP	GO:2000345	regulation of hepatocyte proliferation	Neither	NO	NO	NA	NO
GO_BP	GO:2000351	regulation of endothelial cell apoptotic process	Neither	NO	NO	NA	NO
GO_BP	GO:2000352	negative regulation of endothelial cell apoptotic process	Neither	NO	NO	NA	NO
GO_BP	GO:2000353	positive regulation of endothelial cell apoptotic process	Neither	NO	NO	NA	NO
GO_BP	GO:2000369	regulation of clathrin-dependent endocytosis	Neither	NO	NO	NA	NO
GO_BP	GO:2000377	regulation of reactive oxygen species metabolic process	Neither	NO	NO	NA	NO
GO_BP	GO:2000378	negative regulation of reactive oxygen species metabolic process	Neither	NO	NO	NA	NO
GO_BP	GO:2000379	positive regulation of reactive oxygen species metabolic process	Neither	NO	NO	NA	NO
GO_BP	GO:2000392	regulation of lamellipodium morphogenesis	Neither	NO	NO	NA	NO
GO_BP	GO:2000401	regulation of lymphocyte migration	Neither	NO	NO	NA	NO
GO_BP	GO:2000402	negative regulation of lymphocyte migration	Neither	NO	NO	NA	NO
GO_BP	GO:2000403	positive regulation of lymphocyte migration	Neither	NO	NO	NA	NO
GO_BP	GO:2000404	regulation of T cell migration	Neither	NO	NO	NA	NO
GO_BP	GO:2000406	positive regulation of T cell migration	Neither	NO	NO	NA	NO
GO_BP	GO:2000425	regulation of apoptotic cell clearance	Neither	NO	NO	NA	NO
GO_BP	GO:2000434	regulation of protein neddylation	Neither	NO	NO	NA	NO
GO_BP	GO:2000463	positive regulation of excitatory postsynaptic potential	Neither	NO	NO	NA	NO
GO_BP	GO:2000508	regulation of dendritic cell chemotaxis	Neither	NO	NO	NA	NO
GO_BP	GO:2000514	regulation of CD4-positive, alpha-beta T cell activation	Neither	NO	NO	NA	NO
GO_BP	GO:2000515	negative regulation of CD4-positive, alpha-beta T cell activation	Neither	NO	NO	NA	NO
GO_BP	GO:2000516	positive regulation of CD4-positive, alpha-beta T cell activation	Neither	NO	NO	NA	NO
GO_BP	GO:2000551	regulation of T-helper 2 cell cytokine production	Neither	NO	NO	NA	NO
GO_BP	GO:2000561	regulation of CD4-positive, alpha-beta T cell proliferation	Neither	NO	NO	NA	NO
GO_BP	GO:2000573	positive regulation of DNA biosynthetic process	Neither	NO	NO	NA	NO
GO_BP	GO:2000622	regulation of nuclear-transcribed mRNA catabolic process, nonsense-mediated decay	Neither	NO	NO	NA	NO
GO_BP	GO:2000623	negative regulation of nuclear-transcribed mRNA catabolic process, nonsense-mediated decay	Neither	NO	NO	NA	NO
GO_BP	GO:2000628	regulation of miRNA metabolic process	Neither	NO	NO	NA	NO
GO_BP	GO:2000629	negative regulation of miRNA metabolic process	Neither	NO	NO	NA	NO
GO_BP	GO:2000630	positive regulation of miRNA metabolic process	Neither	NO	NO	NA	NO
GO_BP	GO:2000637	positive regulation of miRNA-mediated gene silencing	Neither	NO	NO	NA	NO
GO_BP	GO:2000641	regulation of early endosome to late endosome transport	Neither	NO	NO	NA	NO
GO_BP	GO:2000644	regulation of receptor catabolic process	Neither	NO	NO	NA	NO
GO_BP	GO:2000648	positive regulation of stem cell proliferation	Neither	NO	NO	NA	NO
GO_BP	GO:2000659	regulation of interleukin-1-mediated signaling pathway	Neither	NO	NO	NA	NO
GO_BP	GO:2000660	negative regulation of interleukin-1-mediated signaling pathway	Neither	NO	NO	NA	NO
GO_BP	GO:2000668	regulation of dendritic cell apoptotic process	Neither	NO	NO	NA	NO
GO_BP	GO:2000677	regulation of transcription regulatory region DNA binding	Neither	NO	NO	NA	NO
GO_BP	GO:2000679	positive regulation of transcription regulatory region DNA binding	Neither	NO	NO	NA	NO
GO_BP	GO:2000696	regulation of epithelial cell differentiation involved in kidney development	Neither	NO	NO	NA	NO
GO_BP	GO:2000725	regulation of cardiac muscle cell differentiation	Neither	NO	NO	NA	NO
GO_BP	GO:2000736	regulation of stem cell differentiation	Neither	NO	NO	NA	NO
GO_BP	GO:2000737	negative regulation of stem cell differentiation	Neither	NO	NO	NA	NO
GO_BP	GO:2000738	positive regulation of stem cell differentiation	Neither	NO	NO	NA	NO
GO_BP	GO:2000739	regulation of mesenchymal stem cell differentiation	Neither	NO	NO	NA	NO
GO_BP	GO:2000765	regulation of cytoplasmic translation	Neither	NO	NO	NA	NO
GO_BP	GO:2000766	negative regulation of cytoplasmic translation	Neither	NO	NO	NA	NO
GO_BP	GO:2000767	positive regulation of cytoplasmic translation	Neither	NO	NO	NA	NO
GO_BP	GO:2000772	regulation of cellular senescence	Neither	NO	NO	NA	NO
GO_BP	GO:2000773	negative regulation of cellular senescence	Neither	NO	NO	NA	NO
GO_BP	GO:2000774	positive regulation of cellular senescence	Neither	NO	NO	NA	NO
GO_BP	GO:2000779	regulation of double-strand break repair	Firth_only	NO	NO	NA	NO
GO_BP	GO:2000780	negative regulation of double-strand break repair	Neither	NO	NO	NA	NO
GO_BP	GO:2000781	positive regulation of double-strand break repair	Firth_only	NO	NO	NA	NO
GO_BP	GO:2000785	regulation of autophagosome assembly	Neither	NO	NO	NA	NO
GO_BP	GO:2000786	positive regulation of autophagosome assembly	Neither	NO	NO	NA	NO
GO_BP	GO:2000810	regulation of bicellular tight junction assembly	Neither	NO	NO	NA	NO
GO_BP	GO:2000811	negative regulation of anoikis	Neither	NO	NO	NA	NO
GO_BP	GO:2000816	negative regulation of mitotic sister chromatid separation	Neither	NO	NO	NA	NO
GO_BP	GO:2000819	regulation of nucleotide-excision repair	Neither	NO	NO	NA	NO
GO_BP	GO:2000822	regulation of behavioral fear response	Neither	NO	NO	NA	NO
GO_BP	GO:2000831	regulation of steroid hormone secretion	Neither	NO	NO	NA	NO
GO_BP	GO:2000833	positive regulation of steroid hormone secretion	Neither	NO	NO	NA	NO
GO_BP	GO:2000846	regulation of corticosteroid hormone secretion	Neither	NO	NO	NA	NO
GO_BP	GO:2000849	regulation of glucocorticoid secretion	Neither	NO	NO	NA	NO
GO_BP	GO:2001014	regulation of skeletal muscle cell differentiation	Neither	NO	NO	NA	NO
GO_BP	GO:2001026	regulation of endothelial cell chemotaxis	Neither	NO	NO	NA	NO
GO_BP	GO:2001028	positive regulation of endothelial cell chemotaxis	Neither	NO	NO	NA	NO
GO_BP	GO:2001032	regulation of double-strand break repair via nonhomologous end joining	Firth_only	NO	NO	NA	NO
GO_BP	GO:2001034	positive regulation of double-strand break repair via nonhomologous end joining	Firth_only	NO	NO	NA	NO
GO_BP	GO:2001044	regulation of integrin-mediated signaling pathway	Neither	NO	NO	NA	NO
GO_BP	GO:2001046	positive regulation of integrin-mediated signaling pathway	Neither	NO	NO	NA	NO
GO_BP	GO:2001057	reactive nitrogen species metabolic process	Neither	NO	NO	NA	NO
GO_BP	GO:2001135	regulation of endocytic recycling	Neither	NO	NO	NA	NO
GO_BP	GO:2001138	regulation of phospholipid transport	Neither	NO	NO	NA	NO
GO_BP	GO:2001140	positive regulation of phospholipid transport	Neither	NO	NO	NA	NO
GO_BP	GO:2001169	regulation of ATP biosynthetic process	Neither	NO	NO	NA	NO
GO_BP	GO:2001171	positive regulation of ATP biosynthetic process	Neither	NO	NO	NA	NO
GO_BP	GO:2001185	regulation of CD8-positive, alpha-beta T cell activation	Neither	NO	NO	NA	NO
GO_BP	GO:2001198	regulation of dendritic cell differentiation	Neither	NO	NO	NA	NO
GO_BP	GO:2001212	regulation of vasculogenesis	Neither	NO	NO	NA	NO
GO_BP	GO:2001214	positive regulation of vasculogenesis	Neither	NO	NO	NA	NO
GO_BP	GO:2001222	regulation of neuron migration	Neither	NO	NO	NA	NO
GO_BP	GO:2001224	positive regulation of neuron migration	Neither	NO	NO	NA	NO
GO_BP	GO:2001233	regulation of apoptotic signaling pathway	Neither	NO	NO	NA	NO
GO_BP	GO:2001234	negative regulation of apoptotic signaling pathway	Neither	NO	NO	NA	NO
GO_BP	GO:2001235	positive regulation of apoptotic signaling pathway	Neither	NO	NO	NA	NO
GO_BP	GO:2001236	regulation of extrinsic apoptotic signaling pathway	Neither	NO	NO	NA	NO
GO_BP	GO:2001237	negative regulation of extrinsic apoptotic signaling pathway	Neither	NO	NO	NA	NO
GO_BP	GO:2001238	positive regulation of extrinsic apoptotic signaling pathway	Neither	NO	NO	NA	NO
GO_BP	GO:2001239	regulation of extrinsic apoptotic signaling pathway in absence of ligand	Neither	NO	NO	NA	NO
GO_BP	GO:2001240	negative regulation of extrinsic apoptotic signaling pathway in absence of ligand	Neither	NO	NO	NA	NO
GO_BP	GO:2001242	regulation of intrinsic apoptotic signaling pathway	Neither	NO	NO	NA	NO
GO_BP	GO:2001243	negative regulation of intrinsic apoptotic signaling pathway	Neither	NO	NO	NA	NO
GO_BP	GO:2001244	positive regulation of intrinsic apoptotic signaling pathway	Neither	NO	NO	NA	NO
GO_BP	GO:2001251	negative regulation of chromosome organization	Neither	NO	NO	NA	NO
GO_BP	GO:2001252	positive regulation of chromosome organization	Neither	NO	NO	NA	NO
GO_BP	GO:2001256	regulation of store-operated calcium entry	Neither	NO	NO	NA	NO
GO_BP	GO:2001259	positive regulation of cation channel activity	Neither	NO	NO	NA	NO
GO_BP	GO:2001279	regulation of unsaturated fatty acid biosynthetic process	Neither	NO	NO	NA	NO
GO_BP	GO:2001280	positive regulation of unsaturated fatty acid biosynthetic process	Neither	NO	NO	NA	NO
GO_BP	GO:7770058	mitochondrial protein import pathway	Neither	NO	NO	NA	NO
Reactome	R-HSA-1059683	Interleukin-6 signaling	Neither	NO	NO	NA	NO
Reactome	R-HSA-109704	PI3K Cascade	Neither	NO	NO	NA	NO
Reactome	R-HSA-110056	MAPK3 (ERK1) activation	Neither	NO	NO	NA	NO
Reactome	R-HSA-110312	Translesion synthesis by REV1	Neither	NO	NO	NA	NO
Reactome	R-HSA-110314	Recognition of DNA damage by PCNA-containing replication complex	Neither	NO	NO	NA	NO
Reactome	R-HSA-110320	Translesion Synthesis by POLH	Neither	NO	NO	NA	NO
Reactome	R-HSA-110328	Recognition and association of DNA glycosylase with site containing an affected pyrimidine	Neither	NO	NO	NA	NO
Reactome	R-HSA-110329	Cleavage of the damaged pyrimidine	Neither	NO	NO	NA	NO
Reactome	R-HSA-110330	Recognition and association of DNA glycosylase with site containing an affected purine	Neither	NO	NO	NA	NO
Reactome	R-HSA-110331	Cleavage of the damaged purine	Neither	NO	NO	NA	NO
Reactome	R-HSA-111367	SLBP independent Processing of Histone Pre-mRNAs	Neither	NO	NO	NA	NO
Reactome	R-HSA-111447	Activation of BAD and translocation to mitochondria	Neither	NO	NO	NA	NO
Reactome	R-HSA-111465	Apoptotic cleavage of cellular proteins	Neither	NO	NO	NA	NO
Reactome	R-HSA-111932	CaMK IV-mediated phosphorylation of CREB	Neither	NO	NO	NA	NO
Reactome	R-HSA-112043	PLC beta mediated events	Neither	NO	NO	NA	NO
Reactome	R-HSA-112308	Presynaptic depolarization and calcium channel opening	Neither	NO	NO	NA	NO
Reactome	R-HSA-112314	Neurotransmitter receptors and postsynaptic signal transmission	Neither	NO	NO	NA	NO
Reactome	R-HSA-112382	Formation of RNA Pol II elongation complex	Neither	NO	NO	NA	NO
Reactome	R-HSA-112409	RAF-independent MAPK1/3 activation	Neither	NO	NO	NA	NO
Reactome	R-HSA-113418	Formation of the Early Elongation Complex	Neither	NO	NO	NA	NO
Reactome	R-HSA-113501	Inhibition of replication initiation of damaged DNA by RB1/E2F1	Neither	NO	NO	NA	NO
Reactome	R-HSA-114508	Effects of PIP2 hydrolysis	Neither	NO	NO	NA	NO
Reactome	R-HSA-114604	GPVI-mediated activation cascade	Neither	NO	NO	NA	NO
Reactome	R-HSA-114608	Platelet degranulation	Neither	NO	NO	NA	NO
Reactome	R-HSA-1169091	Activation of NF-kappaB in B cells	Firth_only	NO	NO	NA	NO
Reactome	R-HSA-1169408	ISG15 antiviral mechanism	Neither	NO	NO	NA	NO
Reactome	R-HSA-1170546	Prolactin receptor signaling	Neither	NO	NO	NA	NO
Reactome	R-HSA-1181150	Signaling by NODAL	Neither	NO	NO	NA	NO
Reactome	R-HSA-1221632	Meiotic synapsis	Neither	NO	NO	NA	NO
Reactome	R-HSA-1222556	ROS and RNS production in phagocytes	Neither	NO	NO	NA	NO
Reactome	R-HSA-1227986	Signaling by ERBB2	Neither	NO	NO	NA	NO
Reactome	R-HSA-1234158	Regulation of gene expression by Hypoxia-inducible Factor	Neither	NO	NO	NA	NO
Reactome	R-HSA-1234176	Oxygen-dependent proline hydroxylation of Hypoxia-inducible Factor Alpha	Neither	NO	NO	NA	NO
Reactome	R-HSA-1236382	Constitutive Signaling by Ligand-Responsive EGFR Cancer Variants	Neither	NO	NO	NA	NO
Reactome	R-HSA-1236394	Signaling by ERBB4	Neither	NO	NO	NA	NO
Reactome	R-HSA-1236974	ER-Phagosome pathway	Neither	NO	NO	NA	NO
Reactome	R-HSA-1236977	Endosomal/Vacuolar pathway	Neither	NO	NO	NA	NO
Reactome	R-HSA-1236978	Cross-presentation of soluble exogenous antigens (endosomes)	Neither	NO	NO	NA	NO
Reactome	R-HSA-1237044	Erythrocytes take up carbon dioxide and release oxygen	Neither	NO	NO	NA	NO
Reactome	R-HSA-1250196	SHC1 events in ERBB2 signaling	Neither	NO	NO	NA	NO
Reactome	R-HSA-1250342	PI3K events in ERBB4 signaling	Neither	NO	NO	NA	NO
Reactome	R-HSA-1250347	SHC1 events in ERBB4 signaling	Neither	NO	NO	NA	NO
Reactome	R-HSA-1251985	Nuclear signaling by ERBB4	Neither	NO	NO	NA	NO
Reactome	R-HSA-1257604	PIP3 activates AKT signaling	Neither	NO	NO	NA	NO
Reactome	R-HSA-1266695	Interleukin-7 signaling	Neither	NO	NO	NA	NO
Reactome	R-HSA-1268020	Mitochondrial protein import	Neither	NO	NO	NA	NO
Reactome	R-HSA-1295596	Spry regulation of FGF signaling	Neither	NO	NO	NA	NO
Reactome	R-HSA-1296041	Activation of G protein gated Potassium channels	Neither	NO	NO	NA	NO
Reactome	R-HSA-1296072	Voltage gated Potassium channels	Neither	NO	NO	NA	NO
Reactome	R-HSA-1358803	Downregulation of ERBB2:ERBB3 signaling	Neither	NO	NO	NA	NO
Reactome	R-HSA-1362277	Transcription of E2F targets under negative control by DREAM complex	Neither	NO	NO	NA	NO
Reactome	R-HSA-1362300	Transcription of E2F targets under negative control by p107 (RBL1) and p130 (RBL2) in complex with HDAC1	Neither	NO	NO	NA	NO
Reactome	R-HSA-1362409	Mitochondrial iron-sulfur cluster biogenesis	Neither	NO	NO	NA	NO
Reactome	R-HSA-1368108	BMAL1:CLOCK,NPAS2 activates circadian expression	Neither	NO	NO	NA	NO
Reactome	R-HSA-1369062	ABC transporters in lipid homeostasis	Neither	NO	NO	NA	NO
Reactome	R-HSA-139853	Elevation of cytosolic Ca2+ levels	Neither	NO	NO	NA	NO
Reactome	R-HSA-140342	Apoptosis induced DNA fragmentation	Neither	NO	NO	NA	NO
Reactome	R-HSA-140534	Caspase activation via Death Receptors in the presence of ligand	Neither	NO	NO	NA	NO
Reactome	R-HSA-141430	Inactivation of APC/C via direct inhibition of the APC/C complex	Neither	NO	NO	NA	NO
Reactome	R-HSA-141444	Amplification  of signal from unattached  kinetochores via a MAD2  inhibitory signal	Neither	NO	NO	NA	NO
Reactome	R-HSA-1433557	Signaling by SCF-KIT	Neither	NO	NO	NA	NO
Reactome	R-HSA-1433559	Regulation of KIT signaling	Neither	NO	NO	NA	NO
Reactome	R-HSA-1433617	Regulation of signaling by NODAL	Neither	NO	NO	NA	NO
Reactome	R-HSA-1442490	Collagen degradation	Neither	NO	NO	NA	NO
Reactome	R-HSA-1445148	Translocation of SLC2A4 (GLUT4) to the plasma membrane	Neither	NO	NO	NA	NO
Reactome	R-HSA-1461957	Beta defensins	Neither	NO	NO	NA	NO
Reactome	R-HSA-1461973	Defensins	Neither	NO	NO	NA	NO
Reactome	R-HSA-1474151	Tetrahydrobiopterin (BH4) synthesis, recycling, salvage and regulation	Neither	NO	NO	NA	NO
Reactome	R-HSA-1474228	Degradation of the extracellular matrix	Neither	NO	NO	NA	NO
Reactome	R-HSA-1475029	Reversible hydration of carbon dioxide	Neither	NO	NO	NA	NO
Reactome	R-HSA-1482788	Acyl chain remodelling of PC	Neither	NO	NO	NA	NO
Reactome	R-HSA-1482801	Acyl chain remodelling of PS	Neither	NO	NO	NA	NO
Reactome	R-HSA-1482839	Acyl chain remodelling of PE	Neither	NO	NO	NA	NO
Reactome	R-HSA-1482922	Acyl chain remodelling of PI	Neither	NO	NO	NA	NO
Reactome	R-HSA-1482925	Acyl chain remodelling of PG	Neither	NO	NO	NA	NO
Reactome	R-HSA-1483166	Synthesis of PA	Neither	NO	NO	NA	NO
Reactome	R-HSA-1483191	Synthesis of PC	Neither	NO	NO	NA	NO
Reactome	R-HSA-1483213	Synthesis of PE	Neither	NO	NO	NA	NO
Reactome	R-HSA-1502540	Signaling by Activin	Neither	NO	NO	NA	NO
Reactome	R-HSA-1538133	G0 and Early G1	Neither	NO	NO	NA	NO
Reactome	R-HSA-156581	Methylation	Neither	NO	NO	NA	NO
Reactome	R-HSA-156584	Cytosolic sulfonation of small molecules	Neither	NO	NO	NA	NO
Reactome	R-HSA-156588	Glucuronidation	Neither	NO	NO	NA	NO
Reactome	R-HSA-156590	Glutathione conjugation	Neither	NO	NO	NA	NO
Reactome	R-HSA-1566948	Elastic fibre formation	Neither	NO	NO	NA	NO
Reactome	R-HSA-1566977	Fibronectin matrix formation	Neither	NO	NO	NA	NO
Reactome	R-HSA-156711	Polo-like kinase mediated events	Neither	NO	NO	NA	NO
Reactome	R-HSA-156827	L13a-mediated translational silencing of Ceruloplasmin expression	Neither	NO	NO	NA	NO
Reactome	R-HSA-156902	Peptide chain elongation	Neither	NO	NO	NA	NO
Reactome	R-HSA-159227	Transport of the SLBP independent Mature mRNA	Neither	NO	NO	NA	NO
Reactome	R-HSA-159230	Transport of the SLBP Dependant Mature mRNA	Neither	NO	NO	NA	NO
Reactome	R-HSA-159231	Transport of Mature mRNA Derived from an Intronless Transcript	Neither	NO	NO	NA	NO
Reactome	R-HSA-159236	Transport of Mature mRNA derived from an Intron-Containing Transcript	Neither	NO	NO	NA	NO
Reactome	R-HSA-1592389	Activation of Matrix Metalloproteinases	Neither	NO	NO	NA	NO
Reactome	R-HSA-159418	Recycling of bile acids and salts	Neither	NO	NO	NA	NO
Reactome	R-HSA-159740	Gamma-carboxylation of protein precursors	Neither	NO	NO	NA	NO
Reactome	R-HSA-159782	Removal of aminoterminal propeptides from gamma-carboxylated proteins	Neither	NO	NO	NA	NO
Reactome	R-HSA-1614558	Degradation of cysteine and homocysteine	Neither	NO	NO	NA	NO
Reactome	R-HSA-162588	Budding and maturation of HIV virion	Neither	NO	NO	NA	NO
Reactome	R-HSA-162658	Golgi Cisternae Pericentriolar Stack Reorganization	Neither	NO	NO	NA	NO
Reactome	R-HSA-162710	Synthesis of glycosylphosphatidylinositol (GPI)	Neither	NO	NO	NA	NO
Reactome	R-HSA-163125	Post-translational modification: synthesis of GPI-anchored proteins	Neither	NO	NO	NA	NO
Reactome	R-HSA-163210	Formation of ATP by chemiosmotic coupling	Neither	NO	NO	NA	NO
Reactome	R-HSA-1632852	Macroautophagy	Neither	NO	NO	NA	NO
Reactome	R-HSA-163359	Glucagon signaling in metabolic regulation	Neither	NO	NO	NA	NO
Reactome	R-HSA-163560	Triglyceride catabolism	Neither	NO	NO	NA	NO
Reactome	R-HSA-163615	PKA activation	Neither	NO	NO	NA	NO
Reactome	R-HSA-164378	PKA activation in glucagon signalling	Neither	NO	NO	NA	NO
Reactome	R-HSA-164940	Nef mediated downregulation of MHC class I complex cell surface expression	Neither	NO	NO	NA	NO
Reactome	R-HSA-165054	Rev-mediated nuclear export of HIV RNA	Neither	NO	NO	NA	NO
Reactome	R-HSA-1650814	Collagen biosynthesis and modifying enzymes	Neither	NO	NO	NA	NO
Reactome	R-HSA-165159	MTOR signalling	Neither	NO	NO	NA	NO
Reactome	R-HSA-1655829	Regulation of cholesterol biosynthesis by SREBP (SREBF)	Neither	NO	NO	NA	NO
Reactome	R-HSA-166016	Toll Like Receptor 4 (TLR4) Cascade	Neither	NO	NO	NA	NO
Reactome	R-HSA-1660499	Synthesis of PIPs at the plasma membrane	Firth_only	NO	NO	NA	NO
Reactome	R-HSA-1660514	Synthesis of PIPs at the Golgi membrane	Neither	NO	NO	NA	NO
Reactome	R-HSA-1660516	Synthesis of PIPs at the early endosome membrane	Neither	NO	NO	NA	NO
Reactome	R-HSA-1660517	Synthesis of PIPs at the late endosome membrane	Neither	NO	NO	NA	NO
Reactome	R-HSA-166058	MyD88:MAL(TIRAP) cascade initiated on plasma membrane	Neither	NO	NO	NA	NO
Reactome	R-HSA-1660661	Sphingolipid de novo biosynthesis	Neither	NO	NO	NA	NO
Reactome	R-HSA-166208	mTORC1-mediated signalling	Neither	NO	NO	NA	NO
Reactome	R-HSA-1663150	The activation of arylsulfatases	Neither	NO	NO	NA	NO
Reactome	R-HSA-166663	Initial triggering of complement	Firth_only	NO	NO	NA	NO
Reactome	R-HSA-167044	Signalling to RAS	Neither	NO	NO	NA	NO
Reactome	R-HSA-167152	Formation of HIV elongation complex in the absence of HIV Tat	Neither	NO	NO	NA	NO
Reactome	R-HSA-167158	Formation of the HIV-1 Early Elongation Complex	Neither	NO	NO	NA	NO
Reactome	R-HSA-167160	RNA Pol II CTD phosphorylation and interaction with CE during HIV infection	Neither	NO	NO	NA	NO
Reactome	R-HSA-167161	HIV Transcription Initiation	Neither	NO	NO	NA	NO
Reactome	R-HSA-167162	RNA Polymerase II HIV Promoter Escape	Neither	NO	NO	NA	NO
Reactome	R-HSA-167172	Transcription of the HIV genome	Neither	NO	NO	NA	NO
Reactome	R-HSA-167200	Formation of HIV-1 elongation complex containing HIV-1 Tat	Neither	NO	NO	NA	NO
Reactome	R-HSA-167238	Pausing and recovery of Tat-mediated HIV elongation	Neither	NO	NO	NA	NO
Reactome	R-HSA-167242	Abortive elongation of HIV-1 transcript in the absence of Tat	Neither	NO	NO	NA	NO
Reactome	R-HSA-167243	Tat-mediated HIV elongation arrest and recovery	Neither	NO	NO	NA	NO
Reactome	R-HSA-167246	Tat-mediated elongation of the HIV-1 transcript	Neither	NO	NO	NA	NO
Reactome	R-HSA-167287	HIV elongation arrest and recovery	Neither	NO	NO	NA	NO
Reactome	R-HSA-167290	Pausing and recovery of HIV elongation	Neither	NO	NO	NA	NO
Reactome	R-HSA-1679131	Trafficking and processing of endosomal TLR	Neither	NO	NO	NA	NO
Reactome	R-HSA-168271	Transport of Ribonucleoproteins into the Host Nucleus	Neither	NO	NO	NA	NO
Reactome	R-HSA-168276	NS1 Mediated Effects on Host Pathways	Neither	NO	NO	NA	NO
Reactome	R-HSA-168325	Viral Messenger RNA Synthesis	Neither	NO	NO	NA	NO
Reactome	R-HSA-168333	NEP/NS2 Interacts with the Cellular Export Machinery	Neither	NO	NO	NA	NO
Reactome	R-HSA-168638	NOD1/2 Signaling Pathway	Neither	NO	NO	NA	NO
Reactome	R-HSA-168927	TICAM1, RIP1-mediated IKK complex recruitment	Neither	NO	NO	NA	NO
Reactome	R-HSA-168928	DDX58/IFIH1-mediated induction of interferon-alpha/beta	Neither	NO	NO	NA	NO
Reactome	R-HSA-170660	Adenylate cyclase activating pathway	Neither	NO	NO	NA	NO
Reactome	R-HSA-170670	Adenylate cyclase inhibitory pathway	Neither	NO	NO	NA	NO
Reactome	R-HSA-170822	Regulation of Glucokinase by Glucokinase Regulatory Protein	Neither	NO	NO	NA	NO
Reactome	R-HSA-170968	Frs2-mediated activation	Neither	NO	NO	NA	NO
Reactome	R-HSA-171007	p38MAPK events	Neither	NO	NO	NA	NO
Reactome	R-HSA-171306	Packaging Of Telomere Ends	Neither	NO	NO	NA	NO
Reactome	R-HSA-171319	Telomere Extension By Telomerase	Neither	NO	NO	NA	NO
Reactome	R-HSA-174048	APC/C:Cdc20 mediated degradation of Cyclin B	Neither	NO	NO	NA	NO
Reactome	R-HSA-174084	Autodegradation of Cdh1 by Cdh1:APC/C	Neither	NO	NO	NA	NO
Reactome	R-HSA-174113	SCF-beta-TrCP mediated degradation of Emi1	Neither	NO	NO	NA	NO
Reactome	R-HSA-174154	APC/C:Cdc20 mediated degradation of Securin	Neither	NO	NO	NA	NO
Reactome	R-HSA-174178	APC/C:Cdh1 mediated degradation of Cdc20 and other APC/C:Cdh1 targeted proteins in late mitosis/early G1	Neither	NO	NO	NA	NO
Reactome	R-HSA-174184	Cdc20:Phospho-APC/C mediated degradation of Cyclin A	Neither	NO	NO	NA	NO
Reactome	R-HSA-174403	Glutathione synthesis and recycling	Neither	NO	NO	NA	NO
Reactome	R-HSA-174411	Polymerase switching on the C-strand of the telomere	Neither	NO	NO	NA	NO
Reactome	R-HSA-174414	Processive synthesis on the C-strand of the telomere	Neither	NO	NO	NA	NO
Reactome	R-HSA-174417	Telomere C-strand (Lagging Strand) Synthesis	Neither	NO	NO	NA	NO
Reactome	R-HSA-174430	Telomere C-strand synthesis initiation	Neither	NO	NO	NA	NO
Reactome	R-HSA-174437	Removal of the Flap Intermediate from the C-strand	Neither	NO	NO	NA	NO
Reactome	R-HSA-174490	Membrane binding and targetting of GAG proteins	Neither	NO	NO	NA	NO
Reactome	R-HSA-176187	Activation of ATR in response to replication stress	Firth_only	NO	NO	NA	NO
Reactome	R-HSA-176407	Conversion from APC/C:Cdc20 to APC/C:Cdh1 in late anaphase	Neither	NO	NO	NA	NO
Reactome	R-HSA-176408	Regulation of APC/C activators between G1/S and early anaphase	Neither	NO	NO	NA	NO
Reactome	R-HSA-176409	APC/C:Cdc20 mediated degradation of mitotic proteins	Neither	NO	NO	NA	NO
Reactome	R-HSA-176412	Phosphorylation of the APC/C	Neither	NO	NO	NA	NO
Reactome	R-HSA-176974	Unwinding of DNA	Firth_only	NO	NO	NA	NO
Reactome	R-HSA-177504	Retrograde neurotrophin signalling	Neither	NO	NO	NA	NO
Reactome	R-HSA-177929	Signaling by EGFR	Neither	NO	NO	NA	NO
Reactome	R-HSA-179409	APC-Cdc20 mediated degradation of Nek2A	Neither	NO	NO	NA	NO
Reactome	R-HSA-179812	GRB2 events in EGFR signaling	Neither	NO	NO	NA	NO
Reactome	R-HSA-1799339	SRP-dependent cotranslational protein targeting to membrane	Neither	NO	NO	NA	NO
Reactome	R-HSA-180024	DARPP-32 events	Neither	NO	NO	NA	NO
Reactome	R-HSA-180292	GAB1 signalosome	Neither	NO	NO	NA	NO
Reactome	R-HSA-180336	SHC1 events in EGFR signaling	Neither	NO	NO	NA	NO
Reactome	R-HSA-180534	Vpu mediated degradation of CD4	Neither	NO	NO	NA	NO
Reactome	R-HSA-180585	Vif-mediated degradation of APOBEC3G	Neither	NO	NO	NA	NO
Reactome	R-HSA-180746	Nuclear import of Rev protein	Neither	NO	NO	NA	NO
Reactome	R-HSA-180910	Vpr-mediated nuclear import of PICs	Neither	NO	NO	NA	NO
Reactome	R-HSA-1810476	RIP-mediated NFkB activation via ZBP1	Neither	NO	NO	NA	NO
Reactome	R-HSA-181429	Serotonin Neurotransmitter Release Cycle	Neither	NO	NO	NA	NO
Reactome	R-HSA-181430	Norepinephrine Neurotransmitter Release Cycle	Neither	NO	NO	NA	NO
Reactome	R-HSA-182971	EGFR downregulation	Neither	NO	NO	NA	NO
Reactome	R-HSA-1834949	Cytosolic sensors of pathogen-associated DNA	Firth_only	NO	NO	NA	NO
Reactome	R-HSA-1839117	Signaling by cytosolic FGFR1 fusion mutants	Neither	NO	NO	NA	NO
Reactome	R-HSA-1839122	Signaling by activated point mutants of FGFR1	Neither	NO	NO	NA	NO
Reactome	R-HSA-1839130	Signaling by activated point mutants of FGFR3	Neither	NO	NO	NA	NO
Reactome	R-HSA-1855167	Synthesis of pyrophosphates in the cytosol	Neither	NO	NO	NA	NO
Reactome	R-HSA-1855170	IPs transport between nucleus and cytosol	Neither	NO	NO	NA	NO
Reactome	R-HSA-1855183	Synthesis of IP2, IP, and Ins in the cytosol	Neither	NO	NO	NA	NO
Reactome	R-HSA-1855196	IP3 and IP4 transport between cytosol and nucleus	Neither	NO	NO	NA	NO
Reactome	R-HSA-1855204	Synthesis of IP3 and IP4 in the cytosol	Neither	NO	NO	NA	NO
Reactome	R-HSA-1855229	IP6 and IP7 transport between cytosol and nucleus	Neither	NO	NO	NA	NO
Reactome	R-HSA-186763	Downstream signal transduction	Neither	NO	NO	NA	NO
Reactome	R-HSA-186797	Signaling by PDGF	Neither	NO	NO	NA	NO
Reactome	R-HSA-187577	SCF(Skp2)-mediated degradation of p27/p21	Neither	NO	NO	NA	NO
Reactome	R-HSA-189085	Digestion of dietary carbohydrate	Neither	NO	NO	NA	NO
Reactome	R-HSA-189200	Cellular hexose transport	Neither	NO	NO	NA	NO
Reactome	R-HSA-189451	Heme biosynthesis	Neither	NO	NO	NA	NO
Reactome	R-HSA-189483	Heme degradation	Neither	NO	NO	NA	NO
Reactome	R-HSA-190322	FGFR4 ligand binding and activation	Neither	NO	NO	NA	NO
Reactome	R-HSA-190372	FGFR3c ligand binding and activation	Neither	NO	NO	NA	NO
Reactome	R-HSA-190373	FGFR1c ligand binding and activation	Neither	NO	NO	NA	NO
Reactome	R-HSA-190375	FGFR2c ligand binding and activation	Neither	NO	NO	NA	NO
Reactome	R-HSA-190377	FGFR2b ligand binding and activation	Neither	NO	NO	NA	NO
Reactome	R-HSA-190840	Microtubule-dependent trafficking of connexons from Golgi to the plasma membrane	Neither	NO	NO	NA	NO
Reactome	R-HSA-190861	Gap junction assembly	Neither	NO	NO	NA	NO
Reactome	R-HSA-190873	Gap junction degradation	Firth_only	NO	NO	NA	NO
Reactome	R-HSA-1912408	Pre-NOTCH Transcription and Translation	Neither	NO	NO	NA	NO
Reactome	R-HSA-1912420	Pre-NOTCH Processing in Golgi	Neither	NO	NO	NA	NO
Reactome	R-HSA-191859	snRNP Assembly	Neither	NO	NO	NA	NO
Reactome	R-HSA-192105	Synthesis of bile acids and bile salts	Neither	NO	NO	NA	NO
Reactome	R-HSA-192823	Viral mRNA Translation	Neither	NO	NO	NA	NO
Reactome	R-HSA-193048	Androgen biosynthesis	Neither	NO	NO	NA	NO
Reactome	R-HSA-193368	Synthesis of bile acids and bile salts via 7alpha-hydroxycholesterol	Neither	NO	NO	NA	NO
Reactome	R-HSA-193648	NRAGE signals death through JNK	Neither	NO	NO	NA	NO
Reactome	R-HSA-193692	Regulated proteolysis of p75NTR	Neither	NO	NO	NA	NO
Reactome	R-HSA-193775	Synthesis of bile acids and bile salts via 24-hydroxycholesterol	Neither	NO	NO	NA	NO
Reactome	R-HSA-193807	Synthesis of bile acids and bile salts via 27-hydroxycholesterol	Neither	NO	NO	NA	NO
Reactome	R-HSA-194002	Glucocorticoid biosynthesis	Neither	NO	NO	NA	NO
Reactome	R-HSA-195253	Degradation of beta-catenin by the destruction complex	Neither	NO	NO	NA	NO
Reactome	R-HSA-196025	Formation of annular gap junctions	Firth_only	NO	NO	NA	NO
Reactome	R-HSA-196108	Pregnenolone biosynthesis	Neither	NO	NO	NA	NO
Reactome	R-HSA-196299	Beta-catenin phosphorylation cascade	Neither	NO	NO	NA	NO
Reactome	R-HSA-1963640	GRB2 events in ERBB2 signaling	Neither	NO	NO	NA	NO
Reactome	R-HSA-1963642	PI3K events in ERBB2 signaling	Neither	NO	NO	NA	NO
Reactome	R-HSA-196757	Metabolism of folate and pterines	Neither	NO	NO	NA	NO
Reactome	R-HSA-196780	Biotin transport and metabolism	Neither	NO	NO	NA	NO
Reactome	R-HSA-196791	Vitamin D (calciferol) metabolism	Neither	NO	NO	NA	NO
Reactome	R-HSA-196807	Nicotinate metabolism	Neither	NO	NO	NA	NO
Reactome	R-HSA-1971475	Glycosaminoglycan-protein linkage region biosynthesis	Neither	NO	NO	NA	NO
Reactome	R-HSA-198323	AKT phosphorylates targets in the cytosol	Neither	NO	NO	NA	NO
Reactome	R-HSA-198693	AKT phosphorylates targets in the nucleus	Neither	NO	NO	NA	NO
Reactome	R-HSA-198753	ERK/MAPK targets	Neither	NO	NO	NA	NO
Reactome	R-HSA-198933	Immunoregulatory interactions between a Lymphoid and a non-Lymphoid cell	Neither	NO	NO	NA	NO
Reactome	R-HSA-1989781	PPARA activates gene expression	Neither	NO	NO	NA	NO
Reactome	R-HSA-199220	Vitamin B5 (pantothenate) metabolism	Neither	NO	NO	NA	NO
Reactome	R-HSA-200425	Carnitine shuttle	Neither	NO	NO	NA	NO
Reactome	R-HSA-201451	Signaling by BMP	Neither	NO	NO	NA	NO
Reactome	R-HSA-201556	Signaling by ALK	Neither	NO	NO	NA	NO
Reactome	R-HSA-201681	TCF dependent signaling in response to WNT	Neither	NO	NO	NA	NO
Reactome	R-HSA-201722	Formation of the beta-catenin:TCF transactivating complex	Neither	NO	NO	NA	NO
Reactome	R-HSA-202040	G-protein activation	Neither	NO	NO	NA	NO
Reactome	R-HSA-2022090	Assembly of collagen fibrils and other multimeric structures	Neither	NO	NO	NA	NO
Reactome	R-HSA-2022377	Metabolism of Angiotensinogen to Angiotensins	Neither	NO	NO	NA	NO
Reactome	R-HSA-2022854	Keratan sulfate biosynthesis	Neither	NO	NO	NA	NO
Reactome	R-HSA-2022857	Keratan sulfate degradation	Neither	NO	NO	NA	NO
Reactome	R-HSA-2022870	CS-GAG biosynthesis	Neither	NO	NO	NA	NO
Reactome	R-HSA-2022923	DS-GAG biosynthesis	Neither	NO	NO	NA	NO
Reactome	R-HSA-2022928	HS-GAG biosynthesis	Neither	NO	NO	NA	NO
Reactome	R-HSA-2024096	HS-GAG degradation	Neither	NO	NO	NA	NO
Reactome	R-HSA-2024101	CS/DS degradation	Neither	NO	NO	NA	NO
Reactome	R-HSA-202424	Downstream TCR signaling	Firth_only	NO	NO	NA	NO
Reactome	R-HSA-202427	Phosphorylation of CD3 and TCR zeta chains	Firth_only	NO	NO	NA	NO
Reactome	R-HSA-202430	Translocation of ZAP-70 to Immunological synapse	Neither	NO	NO	NA	NO
Reactome	R-HSA-202433	Generation of second messenger molecules	Neither	NO	NO	NA	NO
Reactome	R-HSA-202670	ERKs are inactivated	Neither	NO	NO	NA	NO
Reactome	R-HSA-202733	Cell surface interactions at the vascular wall	Neither	NO	NO	NA	NO
Reactome	R-HSA-2028269	Signaling by Hippo	Neither	NO	NO	NA	NO
Reactome	R-HSA-2029481	FCGR activation	Neither	NO	NO	NA	NO
Reactome	R-HSA-2029482	Regulation of actin dynamics for phagocytic cup formation	Neither	NO	NO	NA	NO
Reactome	R-HSA-2029485	Role of phospholipids in phagocytosis	Neither	NO	NO	NA	NO
Reactome	R-HSA-2032785	YAP1- and WWTR1 (TAZ)-stimulated gene expression	Neither	NO	NO	NA	NO
Reactome	R-HSA-2033519	Activated point mutants of FGFR2	Neither	NO	NO	NA	NO
Reactome	R-HSA-203615	eNOS activation	Neither	NO	NO	NA	NO
Reactome	R-HSA-203927	MicroRNA (miRNA) biogenesis	Neither	NO	NO	NA	NO
Reactome	R-HSA-204005	COPII-mediated vesicle transport	Neither	NO	NO	NA	NO
Reactome	R-HSA-204174	Regulation of pyruvate dehydrogenase (PDH) complex	Neither	NO	NO	NA	NO
Reactome	R-HSA-2046106	alpha-linolenic acid (ALA) metabolism	Neither	NO	NO	NA	NO
Reactome	R-HSA-205043	NRIF signals cell death from the nucleus	Neither	NO	NO	NA	NO
Reactome	R-HSA-209543	p75NTR recruits signalling complexes	Neither	NO	NO	NA	NO
Reactome	R-HSA-209560	NF-kB is activated and signals survival	Neither	NO	NO	NA	NO
Reactome	R-HSA-209822	Glycoprotein hormones	Neither	NO	NO	NA	NO
Reactome	R-HSA-209968	Thyroxine biosynthesis	Neither	NO	NO	NA	NO
Reactome	R-HSA-210500	Glutamate Neurotransmitter Release Cycle	Neither	NO	NO	NA	NO
Reactome	R-HSA-210744	Regulation of gene expression in late stage (branching morphogenesis) pancreatic bud precursor cells	Neither	NO	NO	NA	NO
Reactome	R-HSA-210745	Regulation of gene expression in beta cells	Neither	NO	NO	NA	NO
Reactome	R-HSA-210990	PECAM1 interactions	Neither	NO	NO	NA	NO
Reactome	R-HSA-210991	Basigin interactions	Firth_only	NO	NO	NA	NO
Reactome	R-HSA-210993	Tie2 Signaling	Neither	NO	NO	NA	NO
Reactome	R-HSA-211733	Regulation of activated PAK-2p34 by proteasome mediated degradation	Neither	NO	NO	NA	NO
Reactome	R-HSA-211935	Fatty acids	Neither	NO	NO	NA	NO
Reactome	R-HSA-211945	Phase I - Functionalization of compounds	Neither	NO	NO	NA	NO
Reactome	R-HSA-211958	Miscellaneous substrates	Neither	NO	NO	NA	NO
Reactome	R-HSA-211976	Endogenous sterols	Neither	NO	NO	NA	NO
Reactome	R-HSA-211979	Eicosanoids	Neither	NO	NO	NA	NO
Reactome	R-HSA-211981	Xenobiotics	Neither	NO	NO	NA	NO
Reactome	R-HSA-211999	CYP2E1 reactions	Neither	NO	NO	NA	NO
Reactome	R-HSA-2122947	NOTCH1 Intracellular Domain Regulates Transcription	Neither	NO	NO	NA	NO
Reactome	R-HSA-2122948	Activated NOTCH1 Transmits Signal to the Nucleus	Neither	NO	NO	NA	NO
Reactome	R-HSA-212300	PRC2 methylates histones and DNA	Neither	NO	NO	NA	NO
Reactome	R-HSA-212436	Generic Transcription Pathway	Neither	NO	NO	NA	NO
Reactome	R-HSA-212676	Dopamine Neurotransmitter Release Cycle	Neither	NO	NO	NA	NO
Reactome	R-HSA-2129379	Molecules associated with elastic fibres	Neither	NO	NO	NA	NO
Reactome	R-HSA-2132295	MHC class II antigen presentation	Neither	NO	NO	NA	NO
Reactome	R-HSA-2142691	Synthesis of Leukotrienes (LT) and Eoxins (EX)	Neither	NO	NO	NA	NO
Reactome	R-HSA-2142789	Ubiquinol biosynthesis	Neither	NO	NO	NA	NO
Reactome	R-HSA-2151201	Transcriptional activation of mitochondrial biogenesis	Neither	NO	NO	NA	NO
Reactome	R-HSA-2151209	Activation of PPARGC1A (PGC-1alpha) by phosphorylation	Neither	NO	NO	NA	NO
Reactome	R-HSA-216083	Integrin cell surface interactions	Neither	NO	NO	NA	NO
Reactome	R-HSA-2160916	Hyaluronan degradation	Neither	NO	NO	NA	NO
Reactome	R-HSA-2162123	Synthesis of Prostaglandins (PG) and Thromboxanes (TX)	Neither	NO	NO	NA	NO
Reactome	R-HSA-2168880	Scavenging of heme from plasma	Neither	NO	NO	NA	NO
Reactome	R-HSA-2172127	DAP12 interactions	Neither	NO	NO	NA	NO
Reactome	R-HSA-2173788	Downregulation of TGF-beta receptor signaling	Neither	NO	NO	NA	NO
Reactome	R-HSA-2173789	TGF-beta receptor signaling activates SMADs	Neither	NO	NO	NA	NO
Reactome	R-HSA-2173791	TGF-beta receptor signaling in EMT (epithelial to mesenchymal transition)	Neither	NO	NO	NA	NO
Reactome	R-HSA-2173795	Downregulation of SMAD2/3:SMAD4 transcriptional activity	Neither	NO	NO	NA	NO
Reactome	R-HSA-2173796	SMAD2/SMAD3:SMAD4 heterotrimer regulates transcription	Neither	NO	NO	NA	NO
Reactome	R-HSA-2197563	NOTCH2 intracellular domain regulates transcription	Neither	NO	NO	NA	NO
Reactome	R-HSA-2214320	Anchoring fibril formation	Neither	NO	NO	NA	NO
Reactome	R-HSA-2219530	Constitutive Signaling by Aberrant PI3K in Cancer	Neither	NO	NO	NA	NO
Reactome	R-HSA-2243919	Crosslinking of collagen fibrils	Neither	NO	NO	NA	NO
Reactome	R-HSA-2299718	Condensation of Prophase Chromosomes	Neither	NO	NO	NA	NO
Reactome	R-HSA-2408522	Selenoamino acid metabolism	Neither	NO	NO	NA	NO
Reactome	R-HSA-2408557	Selenocysteine synthesis	Neither	NO	NO	NA	NO
Reactome	R-HSA-2424491	DAP12 signaling	Neither	NO	NO	NA	NO
Reactome	R-HSA-2426168	Activation of gene expression by SREBF (SREBP)	Neither	NO	NO	NA	NO
Reactome	R-HSA-2453902	The canonical retinoid cycle in rods (twilight vision)	Neither	NO	NO	NA	NO
Reactome	R-HSA-2465910	MASTL Facilitates Mitotic Progression	Neither	NO	NO	NA	NO
Reactome	R-HSA-2467813	Separation of Sister Chromatids	Neither	NO	NO	NA	NO
Reactome	R-HSA-2468052	Establishment of Sister Chromatid Cohesion	Neither	NO	NO	NA	NO
Reactome	R-HSA-2470946	Cohesin Loading onto Chromatin	Neither	NO	NO	NA	NO
Reactome	R-HSA-2485179	Activation of the phototransduction cascade	Neither	NO	NO	NA	NO
Reactome	R-HSA-2500257	Resolution of Sister Chromatid Cohesion	Neither	NO	NO	NA	NO
Reactome	R-HSA-2514853	Condensation of Prometaphase Chromosomes	Neither	NO	NO	NA	NO
Reactome	R-HSA-2514859	Inactivation, recovery and regulation of the phototransduction cascade	Neither	NO	NO	NA	NO
Reactome	R-HSA-2534343	Interaction With Cumulus Cells And The Zona Pellucida	Neither	NO	NO	NA	NO
Reactome	R-HSA-2559580	Oxidative Stress Induced Senescence	Neither	NO	NO	NA	NO
Reactome	R-HSA-2559582	Senescence-Associated Secretory Phenotype (SASP)	Neither	NO	NO	NA	NO
Reactome	R-HSA-2559584	Formation of Senescence-Associated Heterochromatin Foci (SAHF)	Neither	NO	NO	NA	NO
Reactome	R-HSA-2559585	Oncogene Induced Senescence	Neither	NO	NO	NA	NO
Reactome	R-HSA-2559586	DNA Damage/Telomere Stress Induced Senescence	Neither	NO	NO	NA	NO
Reactome	R-HSA-2564830	Cytosolic iron-sulfur cluster assembly	Neither	NO	NO	NA	NO
Reactome	R-HSA-2565942	Regulation of PLK1 Activity at G2/M Transition	Neither	NO	NO	NA	NO
Reactome	R-HSA-2586552	Signaling by Leptin	Neither	NO	NO	NA	NO
Reactome	R-HSA-2644606	Constitutive Signaling by NOTCH1 PEST Domain Mutants	Neither	NO	NO	NA	NO
Reactome	R-HSA-264642	Acetylcholine Neurotransmitter Release Cycle	Neither	NO	NO	NA	NO
Reactome	R-HSA-264870	Caspase-mediated cleavage of cytoskeletal proteins	Neither	NO	NO	NA	NO
Reactome	R-HSA-264876	Insulin processing	Neither	NO	NO	NA	NO
Reactome	R-HSA-2672351	Stimuli-sensing channels	Neither	NO	NO	NA	NO
Reactome	R-HSA-2682334	EPH-Ephrin signaling	Neither	NO	NO	NA	NO
Reactome	R-HSA-2691232	Constitutive Signaling by NOTCH1 HD Domain Mutants	Neither	NO	NO	NA	NO
Reactome	R-HSA-2730905	Role of LAT2/NTAL/LAB on calcium mobilization	Neither	NO	NO	NA	NO
Reactome	R-HSA-2871796	FCERI mediated MAPK activation	Neither	NO	NO	NA	NO
Reactome	R-HSA-2871809	FCERI mediated Ca+2 mobilization	Neither	NO	NO	NA	NO
Reactome	R-HSA-2871837	FCERI mediated NF-kB activation	Neither	NO	NO	NA	NO
Reactome	R-HSA-2892245	POU5F1 (OCT4), SOX2, NANOG repress genes related to differentiation	Neither	NO	NO	NA	NO
Reactome	R-HSA-2892247	POU5F1 (OCT4), SOX2, NANOG activate genes related to proliferation	Neither	NO	NO	NA	NO
Reactome	R-HSA-2894862	Constitutive Signaling by NOTCH1 HD+PEST Domain Mutants	Neither	NO	NO	NA	NO
Reactome	R-HSA-2979096	NOTCH2 Activation and Transmission of Signal to the Nucleus	Neither	NO	NO	NA	NO
Reactome	R-HSA-2995383	Initiation of Nuclear Envelope (NE) Reformation	Neither	NO	NO	NA	NO
Reactome	R-HSA-3000157	Laminin interactions	Neither	NO	NO	NA	NO
Reactome	R-HSA-3000170	Syndecan interactions	Neither	NO	NO	NA	NO
Reactome	R-HSA-3000171	Non-integrin membrane-ECM interactions	Neither	NO	NO	NA	NO
Reactome	R-HSA-3000178	ECM proteoglycans	Neither	NO	NO	NA	NO
Reactome	R-HSA-3000471	Scavenging by Class B Receptors	Neither	NO	NO	NA	NO
Reactome	R-HSA-3000480	Scavenging by Class A Receptors	Neither	NO	NO	NA	NO
Reactome	R-HSA-3108214	SUMOylation of DNA damage response and repair proteins	Neither	NO	NO	NA	NO
Reactome	R-HSA-3134975	Regulation of innate immune responses to cytosolic DNA	Neither	NO	NO	NA	NO
Reactome	R-HSA-3214815	HDACs deacetylate histones	Neither	NO	NO	NA	NO
Reactome	R-HSA-3214841	PKMTs methylate histone lysines	Firth_only	NO	NO	NA	NO
Reactome	R-HSA-3214842	HDMs demethylate histones	Firth_only	NO	NO	NA	NO
Reactome	R-HSA-3214847	HATs acetylate histones	Neither	NO	NO	NA	NO
Reactome	R-HSA-3214858	RMTs methylate histone arginines	Neither	NO	NO	NA	NO
Reactome	R-HSA-3232118	SUMOylation of transcription factors	Neither	NO	NO	NA	NO
Reactome	R-HSA-3232142	SUMOylation of ubiquitinylation proteins	Neither	NO	NO	NA	NO
Reactome	R-HSA-3238698	WNT ligand biogenesis and trafficking	Neither	NO	NO	NA	NO
Reactome	R-HSA-3247509	Chromatin modifying enzymes	Neither	NO	NO	NA	NO
Reactome	R-HSA-3270619	IRF3-mediated induction of type I IFN	Firth_only	NO	NO	NA	NO
Reactome	R-HSA-3295583	TRP channels	Neither	NO	NO	NA	NO
Reactome	R-HSA-3299685	Detoxification of Reactive Oxygen Species	Neither	NO	NO	NA	NO
Reactome	R-HSA-3301854	Nuclear Pore Complex (NPC) Disassembly	Neither	NO	NO	NA	NO
Reactome	R-HSA-3322077	Glycogen synthesis	Neither	NO	NO	NA	NO
Reactome	R-HSA-3371378	Regulation by c-FLIP	Neither	NO	NO	NA	NO
Reactome	R-HSA-3371453	Regulation of HSF1-mediated heat shock response	Neither	NO	NO	NA	NO
Reactome	R-HSA-3371497	HSP90 chaperone cycle for steroid hormone receptors (SHR) in the presence of ligand	Neither	NO	NO	NA	NO
Reactome	R-HSA-3371511	HSF1 activation	Neither	NO	NO	NA	NO
Reactome	R-HSA-3371568	Attenuation phase	Neither	NO	NO	NA	NO
Reactome	R-HSA-3371571	HSF1-dependent transactivation	Neither	NO	NO	NA	NO
Reactome	R-HSA-349425	Autodegradation of the E3 ubiquitin ligase COP1	Neither	NO	NO	NA	NO
Reactome	R-HSA-350054	Notch-HLH transcription pathway	Neither	NO	NO	NA	NO
Reactome	R-HSA-350562	Regulation of ornithine decarboxylase (ODC)	Neither	NO	NO	NA	NO
Reactome	R-HSA-351906	Apoptotic cleavage of cell adhesion  proteins	Neither	NO	NO	NA	NO
Reactome	R-HSA-352230	Amino acid transport across the plasma membrane	Tier1	YES	NO	NO	YES
Reactome	R-HSA-354192	Integrin signaling	Neither	NO	NO	NA	NO
Reactome	R-HSA-354194	GRB2:SOS provides linkage to MAPK signaling for Integrins	Neither	NO	NO	NA	NO
Reactome	R-HSA-3560783	Defective B4GALT7 causes EDS, progeroid type	Neither	NO	NO	NA	NO
Reactome	R-HSA-3560801	Defective B3GAT3 causes JDSSDHD	Neither	NO	NO	NA	NO
Reactome	R-HSA-3656237	Defective EXT2 causes exostoses 2	Neither	NO	NO	NA	NO
Reactome	R-HSA-3656253	Defective EXT1 causes exostoses 1, TRPS2 and CHDS	Neither	NO	NO	NA	NO
Reactome	R-HSA-372708	p130Cas linkage to MAPK signaling for integrins	Neither	NO	NO	NA	NO
Reactome	R-HSA-373076	Class A/1 (Rhodopsin-like receptors)	Neither	NO	NO	NA	NO
Reactome	R-HSA-373080	Class B/2 (Secretin family receptors)	Neither	NO	NO	NA	NO
Reactome	R-HSA-373752	Netrin-1 signaling	Neither	NO	NO	NA	NO
Reactome	R-HSA-373753	Nephrin family interactions	Neither	NO	NO	NA	NO
Reactome	R-HSA-373760	L1CAM interactions	Neither	NO	NO	NA	NO
Reactome	R-HSA-375165	NCAM signaling for neurite out-growth	Neither	NO	NO	NA	NO
Reactome	R-HSA-375276	Peptide ligand-binding receptors	Neither	NO	NO	NA	NO
Reactome	R-HSA-375281	Hormone ligand-binding receptors	Neither	NO	NO	NA	NO
Reactome	R-HSA-376176	Signaling by ROBO receptors	Neither	NO	NO	NA	NO
Reactome	R-HSA-3769402	Deactivation of the beta-catenin transactivating complex	Neither	NO	NO	NA	NO
Reactome	R-HSA-3772470	Negative regulation of TCF-dependent signaling by WNT ligand antagonists	Neither	NO	NO	NA	NO
Reactome	R-HSA-379716	Cytosolic tRNA aminoacylation	Neither	NO	NO	NA	NO
Reactome	R-HSA-379726	Mitochondrial tRNA aminoacylation	Neither	NO	NO	NA	NO
Reactome	R-HSA-380108	Chemokine receptors bind chemokines	Neither	NO	NO	NA	NO
Reactome	R-HSA-380259	Loss of Nlp from mitotic centrosomes	Neither	NO	NO	NA	NO
Reactome	R-HSA-380270	Recruitment of mitotic centrosome proteins and complexes	Neither	NO	NO	NA	NO
Reactome	R-HSA-380284	Loss of proteins required for interphase microtubule organization from the centrosome	Neither	NO	NO	NA	NO
Reactome	R-HSA-380320	Recruitment of NuMA to mitotic centrosomes	Neither	NO	NO	NA	NO
Reactome	R-HSA-380972	Energy dependent regulation of mTOR by LKB1-AMPK	Neither	NO	NO	NA	NO
Reactome	R-HSA-380994	ATF4 activates genes in response to endoplasmic reticulum  stress	Neither	NO	NO	NA	NO
Reactome	R-HSA-381038	XBP1(S) activates chaperone genes	Firth_only	NO	NO	NA	NO
Reactome	R-HSA-381183	ATF6 (ATF6-alpha) activates chaperone genes	Neither	NO	NO	NA	NO
Reactome	R-HSA-381340	Transcriptional regulation of white adipocyte differentiation	Neither	NO	NO	NA	NO
Reactome	R-HSA-381426	Regulation of Insulin-like Growth Factor (IGF) transport and uptake by Insulin-like Growth Factor Binding Proteins (IGFBPs)	Neither	NO	NO	NA	NO
Reactome	R-HSA-381676	Glucagon-like Peptide-1 (GLP1) regulates insulin secretion	Neither	NO	NO	NA	NO
Reactome	R-HSA-381753	Olfactory Signaling Pathway	Neither	NO	NO	NA	NO
Reactome	R-HSA-381771	Synthesis, secretion, and inactivation of Glucagon-like Peptide-1 (GLP-1)	Neither	NO	NO	NA	NO
Reactome	R-HSA-382556	ABC-family protein mediated transport	Neither	NO	NO	NA	NO
Reactome	R-HSA-383280	Nuclear Receptor transcription pathway	Neither	NO	NO	NA	NO
Reactome	R-HSA-388844	Receptor-type tyrosine-protein phosphatases	Neither	NO	NO	NA	NO
Reactome	R-HSA-389356	Co-stimulation by CD28	Neither	NO	NO	NA	NO
Reactome	R-HSA-389357	CD28 dependent PI3K/Akt signaling	Neither	NO	NO	NA	NO
Reactome	R-HSA-389359	CD28 dependent Vav1 pathway	Neither	NO	NO	NA	NO
Reactome	R-HSA-389513	Co-inhibition by CTLA4	Neither	NO	NO	NA	NO
Reactome	R-HSA-389661	Glyoxylate metabolism and glycine degradation	Neither	NO	NO	NA	NO
Reactome	R-HSA-3899300	SUMOylation of transcription cofactors	Neither	NO	NO	NA	NO
Reactome	R-HSA-389948	Co-inhibition by PD-1	Firth_only	NO	NO	NA	NO
Reactome	R-HSA-389957	Prefoldin mediated transfer of substrate  to CCT/TriC	Tier1	YES	NO	NO	YES
Reactome	R-HSA-389960	Formation of tubulin folding intermediates by CCT/TriC	Neither	NO	NO	NA	NO
Reactome	R-HSA-389977	Post-chaperonin tubulin folding pathway	Neither	NO	NO	NA	NO
Reactome	R-HSA-390247	Beta-oxidation of very long chain fatty acids	Neither	NO	NO	NA	NO
Reactome	R-HSA-390450	Folding of actin by CCT/TriC	Tier1	YES	NO	NO	YES
Reactome	R-HSA-390471	Association of TriC/CCT with target proteins during biosynthesis	Neither	NO	NO	NA	NO
Reactome	R-HSA-390522	Striated Muscle Contraction	Neither	NO	NO	NA	NO
Reactome	R-HSA-390666	Serotonin receptors	Neither	NO	NO	NA	NO
Reactome	R-HSA-391160	Signal regulatory protein family interactions	Neither	NO	NO	NA	NO
Reactome	R-HSA-392170	ADP signalling through P2Y purinoceptor 12	Neither	NO	NO	NA	NO
Reactome	R-HSA-392451	G beta:gamma signalling through PI3Kgamma	Neither	NO	NO	NA	NO
Reactome	R-HSA-392517	Rap1 signalling	Neither	NO	NO	NA	NO
Reactome	R-HSA-392851	Prostacyclin signalling through prostacyclin receptor	Neither	NO	NO	NA	NO
Reactome	R-HSA-3928662	EPHB-mediated forward signaling	Neither	NO	NO	NA	NO
Reactome	R-HSA-3928663	EPHA-mediated growth cone collapse	Neither	NO	NO	NA	NO
Reactome	R-HSA-3928664	Ephrin signaling	Neither	NO	NO	NA	NO
Reactome	R-HSA-3928665	EPH-ephrin mediated repulsion of cells	Neither	NO	NO	NA	NO
Reactome	R-HSA-399719	Trafficking of AMPA receptors	Neither	NO	NO	NA	NO
Reactome	R-HSA-399954	Sema3A PAK dependent Axon repulsion	Neither	NO	NO	NA	NO
Reactome	R-HSA-399955	SEMA3A-Plexin repulsion signaling by inhibiting Integrin adhesion	Neither	NO	NO	NA	NO
Reactome	R-HSA-399956	CRMPs in Sema3A signaling	Neither	NO	NO	NA	NO
Reactome	R-HSA-399997	Acetylcholine regulates insulin secretion	Neither	NO	NO	NA	NO
Reactome	R-HSA-400042	Adrenaline,noradrenaline inhibits insulin secretion	Neither	NO	NO	NA	NO
Reactome	R-HSA-400206	Regulation of lipid metabolism by PPARalpha	Neither	NO	NO	NA	NO
Reactome	R-HSA-400511	Synthesis, secretion, and inactivation of Glucose-dependent Insulinotropic Polypeptide (GIP)	Neither	NO	NO	NA	NO
Reactome	R-HSA-4085001	Sialic acid metabolism	Neither	NO	NO	NA	NO
Reactome	R-HSA-4085377	SUMOylation of SUMOylation proteins	Neither	NO	NO	NA	NO
Reactome	R-HSA-4086398	Ca2+ pathway	Neither	NO	NO	NA	NO
Reactome	R-HSA-4086400	PCP/CE pathway	Neither	NO	NO	NA	NO
Reactome	R-HSA-4090294	SUMOylation of intracellular receptors	Neither	NO	NO	NA	NO
Reactome	R-HSA-416476	G alpha (q) signalling events	Neither	NO	NO	NA	NO
Reactome	R-HSA-416482	G alpha (12/13) signalling events	Neither	NO	NO	NA	NO
Reactome	R-HSA-416572	Sema4D induced cell migration and growth-cone collapse	Neither	NO	NO	NA	NO
Reactome	R-HSA-416700	Other semaphorin interactions	Neither	NO	NO	NA	NO
Reactome	R-HSA-416993	Trafficking of GluR2-containing AMPA receptors	Neither	NO	NO	NA	NO
Reactome	R-HSA-417957	P2Y receptors	Neither	NO	NO	NA	NO
Reactome	R-HSA-418217	G beta:gamma signalling through PLC beta	Neither	NO	NO	NA	NO
Reactome	R-HSA-418359	Reduction of cytosolic Ca++ levels	Neither	NO	NO	NA	NO
Reactome	R-HSA-418457	cGMP effects	Neither	NO	NO	NA	NO
Reactome	R-HSA-418555	G alpha (s) signalling events	Neither	NO	NO	NA	NO
Reactome	R-HSA-418592	ADP signalling through P2Y purinoceptor 1	Neither	NO	NO	NA	NO
Reactome	R-HSA-418594	G alpha (i) signalling events	Neither	NO	NO	NA	NO
Reactome	R-HSA-418597	G alpha (z) signalling events	Neither	NO	NO	NA	NO
Reactome	R-HSA-418885	DCC mediated attractive signaling	Neither	NO	NO	NA	NO
Reactome	R-HSA-418889	Caspase activation via Dependence Receptors in the absence of ligand	Neither	NO	NO	NA	NO
Reactome	R-HSA-418890	Role of second messengers in netrin-1 signaling	Neither	NO	NO	NA	NO
Reactome	R-HSA-418990	Adherens junctions interactions	Neither	NO	NO	NA	NO
Reactome	R-HSA-419037	NCAM1 interactions	Neither	NO	NO	NA	NO
Reactome	R-HSA-419408	Lysosphingolipid and LPA receptors	Neither	NO	NO	NA	NO
Reactome	R-HSA-419812	Calcitonin-like ligand receptors	Neither	NO	NO	NA	NO
Reactome	R-HSA-420029	Tight junction interactions	Neither	NO	NO	NA	NO
Reactome	R-HSA-420092	Glucagon-type ligand receptors	Neither	NO	NO	NA	NO
Reactome	R-HSA-420499	Class C/3 (Metabotropic glutamate/pheromone receptors)	Neither	NO	NO	NA	NO
Reactome	R-HSA-422085	Synthesis, secretion, and deacylation of Ghrelin	Neither	NO	NO	NA	NO
Reactome	R-HSA-422356	Regulation of insulin secretion	Neither	NO	NO	NA	NO
Reactome	R-HSA-425381	Bicarbonate transporters	Neither	NO	NO	NA	NO
Reactome	R-HSA-425561	Sodium/Calcium exchangers	Neither	NO	NO	NA	NO
Reactome	R-HSA-427359	SIRT1 negatively regulates rRNA expression	Neither	NO	NO	NA	NO
Reactome	R-HSA-427389	ERCC6 (CSB) and EHMT2 (G9a) positively regulate rRNA expression	Neither	NO	NO	NA	NO
Reactome	R-HSA-427413	NoRC negatively regulates rRNA expression	Neither	NO	NO	NA	NO
Reactome	R-HSA-428540	Activation of RAC1	Neither	NO	NO	NA	NO
Reactome	R-HSA-428542	Regulation of commissural axon pathfinding by SLIT and ROBO	Neither	NO	NO	NA	NO
Reactome	R-HSA-428930	Thromboxane signalling through TP receptor	Neither	NO	NO	NA	NO
Reactome	R-HSA-429947	Deadenylation of mRNA	Neither	NO	NO	NA	NO
Reactome	R-HSA-429958	mRNA decay by 3' to 5' exoribonuclease	Neither	NO	NO	NA	NO
Reactome	R-HSA-430039	mRNA decay by 5' to 3' exoribonuclease	Neither	NO	NO	NA	NO
Reactome	R-HSA-430116	GP1b-IX-V activation signalling	Neither	NO	NO	NA	NO
Reactome	R-HSA-432040	Vasopressin regulates renal water homeostasis via Aquaporins	Neither	NO	NO	NA	NO
Reactome	R-HSA-432047	Passive transport by Aquaporins	Neither	NO	NO	NA	NO
Reactome	R-HSA-432142	Platelet sensitization by LDL	Neither	NO	NO	NA	NO
Reactome	R-HSA-432720	Lysosome Vesicle Biogenesis	Neither	NO	NO	NA	NO
Reactome	R-HSA-432722	Golgi Associated Vesicle Biogenesis	Neither	NO	NO	NA	NO
Reactome	R-HSA-437239	Recycling pathway of L1	Neither	NO	NO	NA	NO
Reactome	R-HSA-438066	Unblocking of NMDA receptors, glutamate binding and activation	Neither	NO	NO	NA	NO
Reactome	R-HSA-4419969	Depolymerization of the Nuclear Lamina	Neither	NO	NO	NA	NO
Reactome	R-HSA-4420097	VEGFA-VEGFR2 Pathway	Neither	NO	NO	NA	NO
Reactome	R-HSA-4420332	Defective B3GALT6 causes EDSP2 and SEMDJL1	Neither	NO	NO	NA	NO
Reactome	R-HSA-442380	Zinc influx into cells by the SLC39 gene family	Neither	NO	NO	NA	NO
Reactome	R-HSA-442660	SLC-mediated transport of neurotransmitters	Neither	NO	NO	NA	NO
Reactome	R-HSA-442720	CREB1 phosphorylation through the activation of Adenylate Cyclase	Neither	NO	NO	NA	NO
Reactome	R-HSA-442982	Ras activation upon Ca2+ influx through NMDA receptor	Neither	NO	NO	NA	NO
Reactome	R-HSA-445095	Interaction between L1 and Ankyrins	Neither	NO	NO	NA	NO
Reactome	R-HSA-445144	Signal transduction by L1	Neither	NO	NO	NA	NO
Reactome	R-HSA-445355	Smooth Muscle Contraction	Neither	NO	NO	NA	NO
Reactome	R-HSA-445989	TAK1-dependent IKK and NF-kappa-B activation	Neither	NO	NO	NA	NO
Reactome	R-HSA-446107	Type I hemidesmosome assembly	Neither	NO	NO	NA	NO
Reactome	R-HSA-446193	Biosynthesis of the N-glycan precursor (dolichol lipid-linked oligosaccharide, LLO) and transfer to a nascent protein	Neither	NO	NO	NA	NO
Reactome	R-HSA-446203	Asparagine N-linked glycosylation	Neither	NO	NO	NA	NO
Reactome	R-HSA-446353	Cell-extracellular matrix interactions	Firth_only	NO	NO	NA	NO
Reactome	R-HSA-449836	Other interleukin signaling	Neither	NO	NO	NA	NO
Reactome	R-HSA-450302	activated TAK1 mediates p38 MAPK activation	Neither	NO	NO	NA	NO
Reactome	R-HSA-450321	JNK (c-Jun kinases) phosphorylation and  activation mediated by activated human TAK1	Neither	NO	NO	NA	NO
Reactome	R-HSA-450341	Activation of the AP-1 family of transcription factors	Neither	NO	NO	NA	NO
Reactome	R-HSA-450385	Butyrate Response Factor 1 (BRF1) binds and destabilizes mRNA	Neither	NO	NO	NA	NO
Reactome	R-HSA-450408	AUF1 (hnRNP D0) binds and destabilizes mRNA	Neither	NO	NO	NA	NO
Reactome	R-HSA-450513	Tristetraprolin (TTP, ZFP36) binds and destabilizes mRNA	Neither	NO	NO	NA	NO
Reactome	R-HSA-450604	KSRP (KHSRP) binds and destabilizes mRNA	Neither	NO	NO	NA	NO
Reactome	R-HSA-451308	Activation of Ca-permeable Kainate Receptor	Neither	NO	NO	NA	NO
Reactome	R-HSA-452723	Transcriptional regulation of pluripotent stem cells	Neither	NO	NO	NA	NO
Reactome	R-HSA-4551638	SUMOylation of chromatin organization proteins	Neither	NO	NO	NA	NO
Reactome	R-HSA-456926	Thrombin signalling through proteinase activated receptors (PARs)	Neither	NO	NO	NA	NO
Reactome	R-HSA-4570464	SUMOylation of RNA binding proteins	Neither	NO	NO	NA	NO
Reactome	R-HSA-4608870	Asymmetric localization of PCP proteins	Neither	NO	NO	NA	NO
Reactome	R-HSA-4615885	SUMOylation of DNA replication proteins	Neither	NO	NO	NA	NO
Reactome	R-HSA-4641257	Degradation of AXIN	Neither	NO	NO	NA	NO
Reactome	R-HSA-4641258	Degradation of DVL	Neither	NO	NO	NA	NO
Reactome	R-HSA-4641262	Disassembly of the destruction complex and recruitment of AXIN to the membrane	Neither	NO	NO	NA	NO
Reactome	R-HSA-4641263	Regulation of FZD by ubiquitination	Neither	NO	NO	NA	NO
Reactome	R-HSA-4641265	Repression of WNT target genes	Neither	NO	NO	NA	NO
Reactome	R-HSA-4655427	SUMOylation of DNA methylation proteins	Neither	NO	NO	NA	NO
Reactome	R-HSA-4755510	SUMOylation of immune response proteins	Neither	NO	NO	NA	NO
Reactome	R-HSA-499943	Interconversion of nucleotide di- and triphosphates	Neither	NO	NO	NA	NO
Reactome	R-HSA-500657	Presynaptic function of Kainate receptors	Neither	NO	NO	NA	NO
Reactome	R-HSA-5083625	Defective GALNT3 causes HFTC	Neither	NO	NO	NA	NO
Reactome	R-HSA-5083632	Defective C1GALT1C1 causes TNPS	Neither	NO	NO	NA	NO
Reactome	R-HSA-5083635	Defective B3GALTL causes PpS	Neither	NO	NO	NA	NO
Reactome	R-HSA-5083636	Defective GALNT12 causes CRCS1	Neither	NO	NO	NA	NO
Reactome	R-HSA-5099900	WNT5A-dependent internalization of FZD4	Neither	NO	NO	NA	NO
Reactome	R-HSA-512988	Interleukin-3, Interleukin-5 and GM-CSF signaling	Neither	NO	NO	NA	NO
Reactome	R-HSA-5140745	WNT5A-dependent internalization of FZD2, FZD5 and ROR2	Neither	NO	NO	NA	NO
Reactome	R-HSA-5173214	O-glycosylation of TSR domain-containing proteins	Neither	NO	NO	NA	NO
Reactome	R-HSA-5205685	PINK1-PRKN Mediated Mitophagy	Neither	NO	NO	NA	NO
Reactome	R-HSA-5210891	Uptake and function of anthrax toxins	Neither	NO	NO	NA	NO
Reactome	R-HSA-5213460	RIPK1-mediated regulated necrosis	Neither	NO	NO	NA	NO
Reactome	R-HSA-5218900	CASP8 activity is inhibited	Neither	NO	NO	NA	NO
Reactome	R-HSA-5218920	VEGFR2 mediated vascular permeability	Neither	NO	NO	NA	NO
Reactome	R-HSA-5218921	VEGFR2 mediated cell proliferation	Neither	NO	NO	NA	NO
Reactome	R-HSA-5223345	Miscellaneous transport and binding events	Neither	NO	NO	NA	NO
Reactome	R-HSA-5250924	B-WICH complex positively regulates rRNA expression	Neither	NO	NO	NA	NO
Reactome	R-HSA-525793	Myogenesis	Neither	NO	NO	NA	NO
Reactome	R-HSA-532668	N-glycan trimming in the ER and Calnexin/Calreticulin cycle	Neither	NO	NO	NA	NO
Reactome	R-HSA-5334118	DNA methylation	Neither	NO	NO	NA	NO
Reactome	R-HSA-5339716	Signaling by GSK3beta mutants	Neither	NO	NO	NA	NO
Reactome	R-HSA-5357786	TNFR1-induced proapoptotic signaling	Neither	NO	NO	NA	NO
Reactome	R-HSA-5357905	Regulation of TNFR1 signaling	Neither	NO	NO	NA	NO
Reactome	R-HSA-5357956	TNFR1-induced NF-kappa-B signaling pathway	Neither	NO	NO	NA	NO
Reactome	R-HSA-5358346	Hedgehog ligand biogenesis	Neither	NO	NO	NA	NO
Reactome	R-HSA-5358565	Mismatch repair (MMR) directed by MSH2:MSH6 (MutSalpha)	Neither	NO	NO	NA	NO
Reactome	R-HSA-5358606	Mismatch repair (MMR) directed by MSH2:MSH3 (MutSbeta)	Neither	NO	NO	NA	NO
Reactome	R-HSA-5358747	CTNNB1 S33 mutants aren't phosphorylated	Neither	NO	NO	NA	NO
Reactome	R-HSA-5358749	CTNNB1 S37 mutants aren't phosphorylated	Neither	NO	NO	NA	NO
Reactome	R-HSA-5358751	CTNNB1 S45 mutants aren't phosphorylated	Neither	NO	NO	NA	NO
Reactome	R-HSA-5358752	CTNNB1 T41 mutants aren't phosphorylated	Neither	NO	NO	NA	NO
Reactome	R-HSA-5362517	Signaling by Retinoic Acid	Neither	NO	NO	NA	NO
Reactome	R-HSA-5362768	Hh mutants are degraded by ERAD	Neither	NO	NO	NA	NO
Reactome	R-HSA-5365859	RA biosynthesis pathway	Neither	NO	NO	NA	NO
Reactome	R-HSA-5368286	Mitochondrial translation initiation	Neither	NO	NO	NA	NO
Reactome	R-HSA-5389840	Mitochondrial translation elongation	Neither	NO	NO	NA	NO
Reactome	R-HSA-5419276	Mitochondrial translation termination	Neither	NO	NO	NA	NO
Reactome	R-HSA-5423646	Aflatoxin activation and detoxification	Neither	NO	NO	NA	NO
Reactome	R-HSA-5467337	APC truncation mutants have impaired AXIN binding	Neither	NO	NO	NA	NO
Reactome	R-HSA-5467340	AXIN missense mutants destabilize the destruction complex	Neither	NO	NO	NA	NO
Reactome	R-HSA-5467348	Truncations of AMER1 destabilize the destruction complex	Neither	NO	NO	NA	NO
Reactome	R-HSA-549127	SLC-mediated transport of organic cations	Neither	NO	NO	NA	NO
Reactome	R-HSA-5576886	Phase 4 - resting membrane potential	Neither	NO	NO	NA	NO
Reactome	R-HSA-5576892	Phase 0 - rapid depolarisation	Neither	NO	NO	NA	NO
Reactome	R-HSA-5576893	Phase 2 - plateau phase	Neither	NO	NO	NA	NO
Reactome	R-HSA-5578749	Transcriptional regulation by small RNAs	Neither	NO	NO	NA	NO
Reactome	R-HSA-5578768	Physiological factors	Neither	NO	NO	NA	NO
Reactome	R-HSA-5578775	Ion homeostasis	Neither	NO	NO	NA	NO
Reactome	R-HSA-5601884	PIWI-interacting RNA (piRNA) biogenesis	Neither	NO	NO	NA	NO
Reactome	R-HSA-5602498	MyD88 deficiency (TLR2/4)	Neither	NO	NO	NA	NO
Reactome	R-HSA-5603041	IRAK4 deficiency (TLR2/4)	Neither	NO	NO	NA	NO
Reactome	R-HSA-5607761	Dectin-1 mediated noncanonical NF-kB signaling	Neither	NO	NO	NA	NO
Reactome	R-HSA-5607763	CLEC7A (Dectin-1) induces NFAT activation	Neither	NO	NO	NA	NO
Reactome	R-HSA-5607764	CLEC7A (Dectin-1) signaling	Neither	NO	NO	NA	NO
Reactome	R-HSA-5610780	Degradation of GLI1 by the proteasome	Neither	NO	NO	NA	NO
Reactome	R-HSA-5610783	Degradation of GLI2 by the proteasome	Neither	NO	NO	NA	NO
Reactome	R-HSA-5610785	GLI3 is processed to GLI3R by the proteasome	Neither	NO	NO	NA	NO
Reactome	R-HSA-5610787	Hedgehog 'off' state	Neither	NO	NO	NA	NO
Reactome	R-HSA-5617472	Activation of anterior HOX genes in hindbrain development during early embryogenesis	Neither	NO	NO	NA	NO
Reactome	R-HSA-5619107	Defective TPR may confer susceptibility towards thyroid papillary carcinoma (TPC)	Neither	NO	NO	NA	NO
Reactome	R-HSA-5620912	Anchoring of the basal body to the plasma membrane	Neither	NO	NO	NA	NO
Reactome	R-HSA-5620916	VxPx cargo-targeting to cilium	Neither	NO	NO	NA	NO
Reactome	R-HSA-5620920	Cargo trafficking to the periciliary membrane	Neither	NO	NO	NA	NO
Reactome	R-HSA-5620922	BBSome-mediated cargo-targeting to cilium	Neither	NO	NO	NA	NO
Reactome	R-HSA-5620924	Intraflagellar transport	Neither	NO	NO	NA	NO
Reactome	R-HSA-5620971	Pyroptosis	Neither	NO	NO	NA	NO
Reactome	R-HSA-5621480	Dectin-2 family	Neither	NO	NO	NA	NO
Reactome	R-HSA-5621575	CD209 (DC-SIGN) signaling	Neither	NO	NO	NA	NO
Reactome	R-HSA-5625740	RHO GTPases activate PKNs	Neither	NO	NO	NA	NO
Reactome	R-HSA-5625886	Activated PKN1 stimulates transcription of AR (androgen receptor) regulated genes KLK2 and KLK3	Neither	NO	NO	NA	NO
Reactome	R-HSA-5625900	RHO GTPases activate CIT	Neither	NO	NO	NA	NO
Reactome	R-HSA-5625970	RHO GTPases activate KTN1	Neither	NO	NO	NA	NO
Reactome	R-HSA-5626467	RHO GTPases activate IQGAPs	Neither	NO	NO	NA	NO
Reactome	R-HSA-5627117	RHO GTPases Activate ROCKs	Neither	NO	NO	NA	NO
Reactome	R-HSA-5627123	RHO GTPases activate PAKs	Neither	NO	NO	NA	NO
Reactome	R-HSA-5628897	TP53 Regulates Metabolic Genes	Neither	NO	NO	NA	NO
Reactome	R-HSA-5632684	Hedgehog 'on' state	Neither	NO	NO	NA	NO
Reactome	R-HSA-5635838	Activation of SMO	Neither	NO	NO	NA	NO
Reactome	R-HSA-5637810	Constitutive Signaling by EGFRvIII	Neither	NO	NO	NA	NO
Reactome	R-HSA-5651801	PCNA-Dependent Long Patch Base Excision Repair	Neither	NO	NO	NA	NO
Reactome	R-HSA-5654219	Phospholipase C-mediated cascade: FGFR1	Neither	NO	NO	NA	NO
Reactome	R-HSA-5654221	Phospholipase C-mediated cascade; FGFR2	Neither	NO	NO	NA	NO
Reactome	R-HSA-5654227	Phospholipase C-mediated cascade; FGFR3	Neither	NO	NO	NA	NO
Reactome	R-HSA-5654228	Phospholipase C-mediated cascade; FGFR4	Neither	NO	NO	NA	NO
Reactome	R-HSA-5654687	Downstream signaling of activated FGFR1	Neither	NO	NO	NA	NO
Reactome	R-HSA-5654688	SHC-mediated cascade:FGFR1	Neither	NO	NO	NA	NO
Reactome	R-HSA-5654689	PI-3K cascade:FGFR1	Neither	NO	NO	NA	NO
Reactome	R-HSA-5654693	FRS-mediated FGFR1 signaling	Neither	NO	NO	NA	NO
Reactome	R-HSA-5654695	PI-3K cascade:FGFR2	Neither	NO	NO	NA	NO
Reactome	R-HSA-5654699	SHC-mediated cascade:FGFR2	Neither	NO	NO	NA	NO
Reactome	R-HSA-5654700	FRS-mediated FGFR2 signaling	Neither	NO	NO	NA	NO
Reactome	R-HSA-5654704	SHC-mediated cascade:FGFR3	Neither	NO	NO	NA	NO
Reactome	R-HSA-5654706	FRS-mediated FGFR3 signaling	Neither	NO	NO	NA	NO
Reactome	R-HSA-5654710	PI-3K cascade:FGFR3	Neither	NO	NO	NA	NO
Reactome	R-HSA-5654712	FRS-mediated FGFR4 signaling	Neither	NO	NO	NA	NO
Reactome	R-HSA-5654719	SHC-mediated cascade:FGFR4	Neither	NO	NO	NA	NO
Reactome	R-HSA-5654720	PI-3K cascade:FGFR4	Neither	NO	NO	NA	NO
Reactome	R-HSA-5654726	Negative regulation of FGFR1 signaling	Neither	NO	NO	NA	NO
Reactome	R-HSA-5654727	Negative regulation of FGFR2 signaling	Neither	NO	NO	NA	NO
Reactome	R-HSA-5654732	Negative regulation of FGFR3 signaling	Neither	NO	NO	NA	NO
Reactome	R-HSA-5654733	Negative regulation of FGFR4 signaling	Neither	NO	NO	NA	NO
Reactome	R-HSA-5655253	Signaling by FGFR2 in disease	Neither	NO	NO	NA	NO
Reactome	R-HSA-5655291	Signaling by FGFR4 in disease	Neither	NO	NO	NA	NO
Reactome	R-HSA-5655302	Signaling by FGFR1 in disease	Neither	NO	NO	NA	NO
Reactome	R-HSA-5655332	Signaling by FGFR3 in disease	Neither	NO	NO	NA	NO
Reactome	R-HSA-5655862	Translesion synthesis by POLK	Neither	NO	NO	NA	NO
Reactome	R-HSA-5656121	Translesion synthesis by POLI	Neither	NO	NO	NA	NO
Reactome	R-HSA-5656169	Termination of translesion DNA synthesis	Neither	NO	NO	NA	NO
Reactome	R-HSA-5658442	Regulation of RAS by GAPs	Neither	NO	NO	NA	NO
Reactome	R-HSA-5658623	FGFRL1 modulation of FGFR1 signaling	Neither	NO	NO	NA	NO
Reactome	R-HSA-5661231	Metallothioneins bind metals	Neither	NO	NO	NA	NO
Reactome	R-HSA-5663213	RHO GTPases Activate WASPs and WAVEs	Neither	NO	NO	NA	NO
Reactome	R-HSA-5663220	RHO GTPases Activate Formins	Neither	NO	NO	NA	NO
Reactome	R-HSA-5668541	TNFR2 non-canonical NF-kB pathway	Neither	NO	NO	NA	NO
Reactome	R-HSA-5668599	RHO GTPases Activate NADPH Oxidases	Neither	NO	NO	NA	NO
Reactome	R-HSA-5669034	TNFs bind their physiological receptors	Neither	NO	NO	NA	NO
Reactome	R-HSA-5673000	RAF activation	Neither	NO	NO	NA	NO
Reactome	R-HSA-5673001	RAF/MAP kinase cascade	Neither	NO	NO	NA	NO
Reactome	R-HSA-5674135	MAP2K and MAPK activation	Neither	NO	NO	NA	NO
Reactome	R-HSA-5674400	Constitutive Signaling by AKT1 E17K in Cancer	Neither	NO	NO	NA	NO
Reactome	R-HSA-5675221	Negative regulation of MAPK pathway	Neither	NO	NO	NA	NO
Reactome	R-HSA-5675482	Regulation of necroptotic cell death	Neither	NO	NO	NA	NO
Reactome	R-HSA-5676590	NIK-->noncanonical NF-kB signaling	Neither	NO	NO	NA	NO
Reactome	R-HSA-5676594	TNF receptor superfamily (TNFSF) members mediating non-canonical NF-kB pathway	Neither	NO	NO	NA	NO
Reactome	R-HSA-5678895	Defective CFTR causes cystic fibrosis	Neither	NO	NO	NA	NO
Reactome	R-HSA-5682910	LGI-ADAM interactions	Neither	NO	NO	NA	NO
Reactome	R-HSA-5683826	Surfactant metabolism	Neither	NO	NO	NA	NO
Reactome	R-HSA-5684264	MAP3K8 (TPL2)-dependent MAPK1/3 activation	Neither	NO	NO	NA	NO
Reactome	R-HSA-5685938	HDR through Single Strand Annealing (SSA)	Neither	NO	NO	NA	NO
Reactome	R-HSA-5685939	HDR through MMEJ (alt-NHEJ)	Firth_only	NO	NO	NA	NO
Reactome	R-HSA-5685942	HDR through Homologous Recombination (HRR)	Neither	NO	NO	NA	NO
Reactome	R-HSA-5686938	Regulation of TLR by endogenous ligand	Neither	NO	NO	NA	NO
Reactome	R-HSA-5687128	MAPK6/MAPK4 signaling	Neither	NO	NO	NA	NO
Reactome	R-HSA-5689603	UCH proteinases	Neither	NO	NO	NA	NO
Reactome	R-HSA-5689877	Josephin domain DUBs	Neither	NO	NO	NA	NO
Reactome	R-HSA-5689880	Ub-specific processing proteases	Neither	NO	NO	NA	NO
Reactome	R-HSA-5689896	Ovarian tumor domain proteases	Neither	NO	NO	NA	NO
Reactome	R-HSA-5689901	Metalloprotease DUBs	Neither	NO	NO	NA	NO
Reactome	R-HSA-5693554	Resolution of D-loop Structures through Synthesis-Dependent Strand Annealing (SDSA)	Neither	NO	NO	NA	NO
Reactome	R-HSA-5693565	Recruitment and ATM-mediated phosphorylation of repair and signaling proteins at DNA double strand breaks	Neither	NO	NO	NA	NO
Reactome	R-HSA-5693568	Resolution of D-loop Structures through Holliday Junction Intermediates	Neither	NO	NO	NA	NO
Reactome	R-HSA-5693571	Nonhomologous End-Joining (NHEJ)	Neither	NO	NO	NA	NO
Reactome	R-HSA-5693579	Homologous DNA Pairing and Strand Exchange	Neither	NO	NO	NA	NO
Reactome	R-HSA-5693607	Processing of DNA double-strand break ends	Neither	NO	NO	NA	NO
Reactome	R-HSA-5693616	Presynaptic phase of homologous DNA pairing and strand exchange	Neither	NO	NO	NA	NO
Reactome	R-HSA-5694530	Cargo concentration in the ER	Neither	NO	NO	NA	NO
Reactome	R-HSA-5696394	DNA Damage Recognition in GG-NER	Neither	NO	NO	NA	NO
Reactome	R-HSA-5696395	Formation of Incision Complex in GG-NER	Neither	NO	NO	NA	NO
Reactome	R-HSA-5696397	Gap-filling DNA repair synthesis and ligation in GG-NER	Neither	NO	NO	NA	NO
Reactome	R-HSA-5696400	Dual Incision in GG-NER	Neither	NO	NO	NA	NO
Reactome	R-HSA-606279	Deposition of new CENPA-containing nucleosomes at the centromere	Neither	NO	NO	NA	NO
Reactome	R-HSA-611105	Respiratory electron transport	Neither	NO	NO	NA	NO
Reactome	R-HSA-629594	Highly calcium permeable postsynaptic nicotinic acetylcholine receptors	Neither	NO	NO	NA	NO
Reactome	R-HSA-674695	RNA Polymerase II Pre-transcription Events	Neither	NO	NO	NA	NO
Reactome	R-HSA-6781823	Formation of TC-NER Pre-Incision Complex	Neither	NO	NO	NA	NO
Reactome	R-HSA-6781827	Transcription-Coupled Nucleotide Excision Repair (TC-NER)	Neither	NO	NO	NA	NO
Reactome	R-HSA-6782135	Dual incision in TC-NER	Neither	NO	NO	NA	NO
Reactome	R-HSA-6782210	Gap-filling DNA repair synthesis and ligation in TC-NER	Neither	NO	NO	NA	NO
Reactome	R-HSA-6782315	tRNA modification in the nucleus and cytosol	Neither	NO	NO	NA	NO
Reactome	R-HSA-6783310	Fanconi Anemia Pathway	Neither	NO	NO	NA	NO
Reactome	R-HSA-6783783	Interleukin-10 signaling	Neither	NO	NO	NA	NO
Reactome	R-HSA-6784531	tRNA processing in the nucleus	Neither	NO	NO	NA	NO
Reactome	R-HSA-6785631	ERBB2 Regulates Cell Motility	Neither	NO	NO	NA	NO
Reactome	R-HSA-6785807	Interleukin-4 and Interleukin-13 signaling	Neither	NO	NO	NA	NO
Reactome	R-HSA-6787450	tRNA modification in the mitochondrion	Neither	NO	NO	NA	NO
Reactome	R-HSA-6788467	IL-6-type cytokine receptor ligand interactions	Neither	NO	NO	NA	NO
Reactome	R-HSA-6790901	rRNA modification in the nucleus and cytosol	Neither	NO	NO	NA	NO
Reactome	R-HSA-6791226	Major pathway of rRNA processing in the nucleolus and cytosol	Neither	NO	NO	NA	NO
Reactome	R-HSA-6793080	rRNA modification in the mitochondrion	Neither	NO	NO	NA	NO
Reactome	R-HSA-6794361	Neurexins and neuroligins	Neither	NO	NO	NA	NO
Reactome	R-HSA-6796648	TP53 Regulates Transcription of DNA Repair Genes	Neither	NO	NO	NA	NO
Reactome	R-HSA-6798695	Neutrophil degranulation	Neither	NO	NO	NA	NO
Reactome	R-HSA-6799198	Complex I biogenesis	Neither	NO	NO	NA	NO
Reactome	R-HSA-6802946	Signaling by moderate kinase activity BRAF mutants	Neither	NO	NO	NA	NO
Reactome	R-HSA-6802948	Signaling by high-kinase activity BRAF mutants	Neither	NO	NO	NA	NO
Reactome	R-HSA-6802952	Signaling by BRAF and RAF1 fusions	Neither	NO	NO	NA	NO
Reactome	R-HSA-6802955	Paradoxical activation of RAF signaling by kinase inactive BRAF	Neither	NO	NO	NA	NO
Reactome	R-HSA-6803157	Antimicrobial peptides	Neither	NO	NO	NA	NO
Reactome	R-HSA-6803204	TP53 Regulates Transcription of Genes Involved in Cytochrome C Release	Neither	NO	NO	NA	NO
Reactome	R-HSA-6803205	TP53 regulates transcription of several additional cell death genes whose specific roles in p53-dependent apoptosis remain uncertain	Neither	NO	NO	NA	NO
Reactome	R-HSA-6803207	TP53 Regulates Transcription of Caspase Activators and Caspases	Neither	NO	NO	NA	NO
Reactome	R-HSA-6803211	TP53 Regulates Transcription of Death Receptors and Ligands	Neither	NO	NO	NA	NO
Reactome	R-HSA-6803529	FGFR2 alternative splicing	Neither	NO	NO	NA	NO
Reactome	R-HSA-6804114	TP53 Regulates Transcription of Genes Involved in G2 Cell Cycle Arrest	Neither	NO	NO	NA	NO
Reactome	R-HSA-6804115	TP53 regulates transcription of additional cell cycle genes whose exact role in the p53 pathway remain uncertain	Neither	NO	NO	NA	NO
Reactome	R-HSA-6804116	TP53 Regulates Transcription of Genes Involved in G1 Cell Cycle Arrest	Neither	NO	NO	NA	NO
Reactome	R-HSA-6804756	Regulation of TP53 Activity through Phosphorylation	Neither	NO	NO	NA	NO
Reactome	R-HSA-6804757	Regulation of TP53 Degradation	Neither	NO	NO	NA	NO
Reactome	R-HSA-6804758	Regulation of TP53 Activity through Acetylation	Neither	NO	NO	NA	NO
Reactome	R-HSA-6804759	Regulation of TP53 Activity through Association with Co-factors	Neither	NO	NO	NA	NO
Reactome	R-HSA-6804760	Regulation of TP53 Activity through Methylation	Neither	NO	NO	NA	NO
Reactome	R-HSA-6805567	Keratinization	Neither	NO	NO	NA	NO
Reactome	R-HSA-6807004	Negative regulation of MET activity	Neither	NO	NO	NA	NO
Reactome	R-HSA-6807047	Cholesterol biosynthesis via desmosterol (Bloch pathway)	Neither	NO	NO	NA	NO
Reactome	R-HSA-6807505	RNA polymerase II transcribes snRNA genes	Neither	NO	NO	NA	NO
Reactome	R-HSA-6807878	COPI-mediated anterograde transport	Neither	NO	NO	NA	NO
Reactome	R-HSA-6809371	Formation of the cornified envelope	Neither	NO	NO	NA	NO
Reactome	R-HSA-6811434	COPI-dependent Golgi-to-ER retrograde traffic	Neither	NO	NO	NA	NO
Reactome	R-HSA-6811436	COPI-independent Golgi-to-ER retrograde traffic	Neither	NO	NO	NA	NO
Reactome	R-HSA-6811438	Intra-Golgi traffic	Neither	NO	NO	NA	NO
Reactome	R-HSA-6811440	Retrograde transport at the Trans-Golgi-Network	Neither	NO	NO	NA	NO
Reactome	R-HSA-6811558	PI5P, PP2A and IER3 Regulate PI3K/AKT Signaling	Neither	NO	NO	NA	NO
Reactome	R-HSA-6814122	Cooperation of PDCL (PhLP1) and TRiC/CCT in G-protein beta folding	Neither	NO	NO	NA	NO
Reactome	R-HSA-68616	Assembly of the ORC complex at the origin of replication	Neither	NO	NO	NA	NO
Reactome	R-HSA-68867	Assembly of the pre-replicative complex	Firth_only	NO	NO	NA	NO
Reactome	R-HSA-68877	Mitotic Prometaphase	Neither	NO	NO	NA	NO
Reactome	R-HSA-68949	Orc1 removal from chromatin	Firth_only	NO	NO	NA	NO
Reactome	R-HSA-68962	Activation of the pre-replicative complex	Firth_only	NO	NO	NA	NO
Reactome	R-HSA-69017	CDK-mediated phosphorylation and removal of Cdc6	Neither	NO	NO	NA	NO
Reactome	R-HSA-69091	Polymerase switching	Neither	NO	NO	NA	NO
Reactome	R-HSA-69166	Removal of the Flap Intermediate	Neither	NO	NO	NA	NO
Reactome	R-HSA-69183	Processive synthesis on the lagging strand	Neither	NO	NO	NA	NO
Reactome	R-HSA-69202	Cyclin E associated events during G1/S transition	Neither	NO	NO	NA	NO
Reactome	R-HSA-69205	G1/S-Specific Transcription	Neither	NO	NO	NA	NO
Reactome	R-HSA-69231	Cyclin D associated events in G1	Neither	NO	NO	NA	NO
Reactome	R-HSA-69273	Cyclin A/B1/B2 associated events during G2/M transition	Neither	NO	NO	NA	NO
Reactome	R-HSA-69416	Dimerization of procaspase-8	Neither	NO	NO	NA	NO
Reactome	R-HSA-69473	G2/M DNA damage checkpoint	Neither	NO	NO	NA	NO
Reactome	R-HSA-69481	G2/M Checkpoints	Neither	NO	NO	NA	NO
Reactome	R-HSA-69541	Stabilization of p53	Neither	NO	NO	NA	NO
Reactome	R-HSA-69601	Ubiquitin-Mediated Degradation of Phosphorylated Cdc25A	Neither	NO	NO	NA	NO
Reactome	R-HSA-69656	Cyclin A:Cdk2-associated events at S phase entry	Neither	NO	NO	NA	NO
Reactome	R-HSA-70171	Glycolysis	Neither	NO	NO	NA	NO
Reactome	R-HSA-70221	Glycogen breakdown (glycogenolysis)	Neither	NO	NO	NA	NO
Reactome	R-HSA-70263	Gluconeogenesis	Neither	NO	NO	NA	NO
Reactome	R-HSA-70268	Pyruvate metabolism	Neither	NO	NO	NA	NO
Reactome	R-HSA-70635	Urea cycle	Neither	NO	NO	NA	NO
Reactome	R-HSA-70895	Branched-chain amino acid catabolism	Neither	NO	NO	NA	NO
Reactome	R-HSA-71240	Tryptophan catabolism	Neither	NO	NO	NA	NO
Reactome	R-HSA-71288	Creatine metabolism	Neither	NO	NO	NA	NO
Reactome	R-HSA-71336	Pentose phosphate pathway	Neither	NO	NO	NA	NO
Reactome	R-HSA-71384	Ethanol oxidation	Neither	NO	NO	NA	NO
Reactome	R-HSA-71403	Citric acid cycle (TCA cycle)	Neither	NO	NO	NA	NO
Reactome	R-HSA-72086	mRNA Capping	Neither	NO	NO	NA	NO
Reactome	R-HSA-72163	mRNA Splicing - Major Pathway	Neither	NO	NO	NA	NO
Reactome	R-HSA-72165	mRNA Splicing - Minor Pathway	Neither	NO	NO	NA	NO
Reactome	R-HSA-72187	mRNA 3'-end processing	Neither	NO	NO	NA	NO
Reactome	R-HSA-72203	Processing of Capped Intron-Containing Pre-mRNA	Neither	NO	NO	NA	NO
Reactome	R-HSA-72649	Translation initiation complex formation	Neither	NO	NO	NA	NO
Reactome	R-HSA-72689	Formation of a pool of free 40S subunits	Neither	NO	NO	NA	NO
Reactome	R-HSA-72695	Formation of the ternary complex, and subsequently, the 43S complex	Neither	NO	NO	NA	NO
Reactome	R-HSA-72702	Ribosomal scanning and start codon recognition	Neither	NO	NO	NA	NO
Reactome	R-HSA-72706	GTP hydrolysis and joining of the 60S ribosomal subunit	Neither	NO	NO	NA	NO
Reactome	R-HSA-72764	Eukaryotic Translation Termination	Neither	NO	NO	NA	NO
Reactome	R-HSA-73614	Pyrimidine salvage	Neither	NO	NO	NA	NO
Reactome	R-HSA-73621	Pyrimidine catabolism	Neither	NO	NO	NA	NO
Reactome	R-HSA-73728	RNA Polymerase I Promoter Opening	Neither	NO	NO	NA	NO
Reactome	R-HSA-73762	RNA Polymerase I Transcription Initiation	Neither	NO	NO	NA	NO
Reactome	R-HSA-73772	RNA Polymerase I Promoter Escape	Neither	NO	NO	NA	NO
Reactome	R-HSA-73776	RNA Polymerase II Promoter Escape	Neither	NO	NO	NA	NO
Reactome	R-HSA-73779	RNA Polymerase II Transcription Pre-Initiation And Promoter Opening	Neither	NO	NO	NA	NO
Reactome	R-HSA-73780	RNA Polymerase III Chain Elongation	Neither	NO	NO	NA	NO
Reactome	R-HSA-73817	Purine ribonucleoside monophosphate biosynthesis	Neither	NO	NO	NA	NO
Reactome	R-HSA-73856	RNA Polymerase II Transcription Termination	Neither	NO	NO	NA	NO
Reactome	R-HSA-73863	RNA Polymerase I Transcription Termination	Neither	NO	NO	NA	NO
Reactome	R-HSA-73980	RNA Polymerase III Transcription Termination	Neither	NO	NO	NA	NO
Reactome	R-HSA-74217	Purine salvage	Tier1	YES	NO	NO	YES
Reactome	R-HSA-74259	Purine catabolism	Neither	NO	NO	NA	NO
Reactome	R-HSA-74749	Signal attenuation	Neither	NO	NO	NA	NO
Reactome	R-HSA-749476	RNA Polymerase III Abortive And Retractive Initiation	Neither	NO	NO	NA	NO
Reactome	R-HSA-75035	Chk1/Chk2(Cds1) mediated inactivation of Cyclin B:Cdk1 complex	Neither	NO	NO	NA	NO
Reactome	R-HSA-75105	Fatty acyl-CoA biosynthesis	Neither	NO	NO	NA	NO
Reactome	R-HSA-75109	Triglyceride biosynthesis	Neither	NO	NO	NA	NO
Reactome	R-HSA-75205	Dissolution of Fibrin Clot	Neither	NO	NO	NA	NO
Reactome	R-HSA-75815	Ubiquitin-dependent degradation of Cyclin D	Neither	NO	NO	NA	NO
Reactome	R-HSA-75876	Synthesis of very long-chain fatty acyl-CoAs	Neither	NO	NO	NA	NO
Reactome	R-HSA-75892	Platelet Adhesion to exposed collagen	Neither	NO	NO	NA	NO
Reactome	R-HSA-75953	RNA Polymerase II Transcription Initiation	Neither	NO	NO	NA	NO
Reactome	R-HSA-75955	RNA Polymerase II Transcription Elongation	Neither	NO	NO	NA	NO
Reactome	R-HSA-76009	Platelet Aggregation (Plug Formation)	Neither	NO	NO	NA	NO
Reactome	R-HSA-76042	RNA Polymerase II Transcription Initiation And Promoter Clearance	Neither	NO	NO	NA	NO
Reactome	R-HSA-76061	RNA Polymerase III Transcription Initiation From Type 1 Promoter	Neither	NO	NO	NA	NO
Reactome	R-HSA-76066	RNA Polymerase III Transcription Initiation From Type 2 Promoter	Neither	NO	NO	NA	NO
Reactome	R-HSA-76071	RNA Polymerase III Transcription Initiation From Type 3 Promoter	Neither	NO	NO	NA	NO
Reactome	R-HSA-77075	RNA Pol II CTD phosphorylation and interaction with CE	Neither	NO	NO	NA	NO
Reactome	R-HSA-77289	Mitochondrial Fatty Acid Beta-Oxidation	Neither	NO	NO	NA	NO
Reactome	R-HSA-77387	Insulin receptor recycling	Neither	NO	NO	NA	NO
Reactome	R-HSA-77588	SLBP Dependent Processing of Replication-Dependent Histone Pre-mRNAs	Neither	NO	NO	NA	NO
Reactome	R-HSA-77595	Processing of Intronless Pre-mRNAs	Neither	NO	NO	NA	NO
Reactome	R-HSA-83936	Transport of nucleosides and free purine and pyrimidine bases across the plasma membrane	Neither	NO	NO	NA	NO
Reactome	R-HSA-844456	The NLRP3 inflammasome	Neither	NO	NO	NA	NO
Reactome	R-HSA-877300	Interferon gamma signaling	Neither	NO	NO	NA	NO
Reactome	R-HSA-877312	Regulation of IFNG signaling	Neither	NO	NO	NA	NO
Reactome	R-HSA-879415	Advanced glycosylation endproduct receptor signaling	Neither	NO	NO	NA	NO
Reactome	R-HSA-879518	Organic anion transport by SLCO transporters	Neither	NO	NO	NA	NO
Reactome	R-HSA-8847993	ERBB2 Activates PTK6 Signaling	Neither	NO	NO	NA	NO
Reactome	R-HSA-8849471	PTK6 Regulates RHO GTPases, RAS GTPase and MAP kinases	Neither	NO	NO	NA	NO
Reactome	R-HSA-8849932	Synaptic adhesion-like molecules	Neither	NO	NO	NA	NO
Reactome	R-HSA-8851680	Butyrophilin (BTN) family interactions	Neither	NO	NO	NA	NO
Reactome	R-HSA-8851708	Signaling by FGFR2 IIIa TM	Neither	NO	NO	NA	NO
Reactome	R-HSA-8851805	MET activates RAS signaling	Neither	NO	NO	NA	NO
Reactome	R-HSA-8852276	The role of GTSE1 in G2/M progression after G2 checkpoint	Neither	NO	NO	NA	NO
Reactome	R-HSA-8853659	RET signaling	Neither	NO	NO	NA	NO
Reactome	R-HSA-8853884	Transcriptional Regulation by VENTX	Neither	NO	NO	NA	NO
Reactome	R-HSA-8854050	FBXL7 down-regulates AURKA during mitotic entry and in early mitosis	Neither	NO	NO	NA	NO
Reactome	R-HSA-8854214	TBC/RABGAPs	Neither	NO	NO	NA	NO
Reactome	R-HSA-8854518	AURKA Activation by TPX2	Neither	NO	NO	NA	NO
Reactome	R-HSA-8854691	Interleukin-20 family signaling	Neither	NO	NO	NA	NO
Reactome	R-HSA-8856825	Cargo recognition for clathrin-mediated endocytosis	Neither	NO	NO	NA	NO
Reactome	R-HSA-8856828	Clathrin-mediated endocytosis	Neither	NO	NO	NA	NO
Reactome	R-HSA-8862803	Deregulated CDK5 triggers multiple neurodegenerative pathways in Alzheimer's disease models	Neither	NO	NO	NA	NO
Reactome	R-HSA-8863795	Downregulation of ERBB2 signaling	Neither	NO	NO	NA	NO
Reactome	R-HSA-8866427	VLDLR internalisation and degradation	Neither	NO	NO	NA	NO
Reactome	R-HSA-8866652	Synthesis of active ubiquitin: roles of E1 and E2 enzymes	Neither	NO	NO	NA	NO
Reactome	R-HSA-8866654	E3 ubiquitin ligases ubiquitinate target proteins	Neither	NO	NO	NA	NO
Reactome	R-HSA-8866904	Negative regulation of activity of TFAP2 (AP-2) family transcription factors	Neither	NO	NO	NA	NO
Reactome	R-HSA-8866907	Activation of the TFAP2 (AP-2) family of transcription factors	Neither	NO	NO	NA	NO
Reactome	R-HSA-8866910	TFAP2 (AP-2) family regulates transcription of growth factors and their receptors	Neither	NO	NO	NA	NO
Reactome	R-HSA-8873719	RAB geranylgeranylation	Neither	NO	NO	NA	NO
Reactome	R-HSA-8874081	MET activates PTK2 signaling	Neither	NO	NO	NA	NO
Reactome	R-HSA-8875360	InlB-mediated entry of Listeria monocytogenes into host cell	Neither	NO	NO	NA	NO
Reactome	R-HSA-8875555	MET activates RAP1 and RAC1	Neither	NO	NO	NA	NO
Reactome	R-HSA-8875656	MET receptor recycling	Neither	NO	NO	NA	NO
Reactome	R-HSA-8876198	RAB GEFs exchange GTP for GDP on RABs	Neither	NO	NO	NA	NO
Reactome	R-HSA-8876725	Protein methylation	Neither	NO	NO	NA	NO
Reactome	R-HSA-8877330	RUNX1 and FOXP3 control the development of regulatory T lymphocytes (Tregs)	Neither	NO	NO	NA	NO
Reactome	R-HSA-8878166	Transcriptional regulation by RUNX2	Neither	NO	NO	NA	NO
Reactome	R-HSA-888590	GABA synthesis, release, reuptake and degradation	Neither	NO	NO	NA	NO
Reactome	R-HSA-8934593	Regulation of RUNX1 Expression and Activity	Neither	NO	NO	NA	NO
Reactome	R-HSA-8934903	Receptor Mediated Mitophagy	Neither	NO	NO	NA	NO
Reactome	R-HSA-8936459	RUNX1 regulates genes involved in megakaryocyte differentiation and platelet function	Neither	NO	NO	NA	NO
Reactome	R-HSA-8939211	ESR-mediated signaling	Neither	NO	NO	NA	NO
Reactome	R-HSA-8939236	RUNX1 regulates transcription of genes involved in differentiation of HSCs	Neither	NO	NO	NA	NO
Reactome	R-HSA-8939243	RUNX1 interacts with co-factors whose precise effect on RUNX1 targets is not known	Neither	NO	NO	NA	NO
Reactome	R-HSA-8939902	Regulation of RUNX2 expression and activity	Neither	NO	NO	NA	NO
Reactome	R-HSA-8940973	RUNX2 regulates osteoblast differentiation	Neither	NO	NO	NA	NO
Reactome	R-HSA-8941856	RUNX3 regulates NOTCH signaling	Neither	NO	NO	NA	NO
Reactome	R-HSA-8941858	Regulation of RUNX3 expression and activity	Neither	NO	NO	NA	NO
Reactome	R-HSA-8943724	Regulation of PTEN gene transcription	Neither	NO	NO	NA	NO
Reactome	R-HSA-8948216	Collagen chain trimerization	Neither	NO	NO	NA	NO
Reactome	R-HSA-8948751	Regulation of PTEN stability and activity	Firth_only	NO	NO	NA	NO
Reactome	R-HSA-8949215	Mitochondrial calcium ion transport	Neither	NO	NO	NA	NO
Reactome	R-HSA-8949613	Cristae formation	Neither	NO	NO	NA	NO
Reactome	R-HSA-8949664	Processing of SMDT1	Neither	NO	NO	NA	NO
Reactome	R-HSA-8950505	Gene and protein expression by JAK-STAT signaling after Interleukin-12 stimulation	Neither	NO	NO	NA	NO
Reactome	R-HSA-8951664	Neddylation	Neither	NO	NO	NA	NO
Reactome	R-HSA-8951936	RUNX3 regulates p14-ARF	Neither	NO	NO	NA	NO
Reactome	R-HSA-8953750	Transcriptional Regulation by E2F6	Neither	NO	NO	NA	NO
Reactome	R-HSA-8955332	Carboxyterminal post-translational modifications of tubulin	Neither	NO	NO	NA	NO
Reactome	R-HSA-8957275	Post-translational protein phosphorylation	Neither	NO	NO	NA	NO
Reactome	R-HSA-8963693	Aspartate and asparagine metabolism	Neither	NO	NO	NA	NO
Reactome	R-HSA-8963888	Chylomicron assembly	Neither	NO	NO	NA	NO
Reactome	R-HSA-8963889	Assembly of active LPL and LIPC lipase complexes	Neither	NO	NO	NA	NO
Reactome	R-HSA-8963901	Chylomicron remodeling	Neither	NO	NO	NA	NO
Reactome	R-HSA-8964038	LDL clearance	Neither	NO	NO	NA	NO
Reactome	R-HSA-8964058	HDL remodeling	Neither	NO	NO	NA	NO
Reactome	R-HSA-8964315	G beta:gamma signalling through BTK	Neither	NO	NO	NA	NO
Reactome	R-HSA-8964539	Glutamate and glutamine metabolism	Neither	NO	NO	NA	NO
Reactome	R-HSA-8964616	G beta:gamma signalling through CDC42	Neither	NO	NO	NA	NO
Reactome	R-HSA-8980692	RHOA GTPase cycle	Neither	NO	NO	NA	NO
Reactome	R-HSA-8983432	Interleukin-15 signaling	Neither	NO	NO	NA	NO
Reactome	R-HSA-8984722	Interleukin-35 Signalling	Neither	NO	NO	NA	NO
Reactome	R-HSA-8986944	Transcriptional Regulation by MECP2	Firth_only	NO	NO	NA	NO
Reactome	R-HSA-9008059	Interleukin-37 signaling	Neither	NO	NO	NA	NO
Reactome	R-HSA-9009391	Extra-nuclear estrogen signaling	Neither	NO	NO	NA	NO
Reactome	R-HSA-901032	ER Quality Control Compartment (ERQC)	Neither	NO	NO	NA	NO
Reactome	R-HSA-9010553	Regulation of expression of SLITs and ROBOs	Neither	NO	NO	NA	NO
Reactome	R-HSA-9013026	RHOB GTPase cycle	Neither	NO	NO	NA	NO
Reactome	R-HSA-9013106	RHOC GTPase cycle	Neither	NO	NO	NA	NO
Reactome	R-HSA-9013148	CDC42 GTPase cycle	Neither	NO	NO	NA	NO
Reactome	R-HSA-9013149	RAC1 GTPase cycle	Neither	NO	NO	NA	NO
Reactome	R-HSA-9013404	RAC2 GTPase cycle	Neither	NO	NO	NA	NO
Reactome	R-HSA-9013405	RHOD GTPase cycle	Neither	NO	NO	NA	NO
Reactome	R-HSA-9013406	RHOQ GTPase cycle	Neither	NO	NO	NA	NO
Reactome	R-HSA-9013407	RHOH GTPase cycle	Neither	NO	NO	NA	NO
Reactome	R-HSA-9013408	RHOG GTPase cycle	Neither	NO	NO	NA	NO
Reactome	R-HSA-9013409	RHOJ GTPase cycle	Neither	NO	NO	NA	NO
Reactome	R-HSA-9013418	RHOBTB2 GTPase cycle	Neither	NO	NO	NA	NO
Reactome	R-HSA-9013420	RHOU GTPase cycle	Neither	NO	NO	NA	NO
Reactome	R-HSA-9013422	RHOBTB1 GTPase cycle	Neither	NO	NO	NA	NO
Reactome	R-HSA-9013423	RAC3 GTPase cycle	Neither	NO	NO	NA	NO
Reactome	R-HSA-9013424	RHOV GTPase cycle	Neither	NO	NO	NA	NO
Reactome	R-HSA-9013507	NOTCH3 Activation and Transmission of Signal to the Nucleus	Neither	NO	NO	NA	NO
Reactome	R-HSA-9013508	NOTCH3 Intracellular Domain Regulates Transcription	Neither	NO	NO	NA	NO
Reactome	R-HSA-9013695	NOTCH4 Intracellular Domain Regulates Transcription	Neither	NO	NO	NA	NO
Reactome	R-HSA-9013700	NOTCH4 Activation and Transmission of Signal to the Nucleus	Neither	NO	NO	NA	NO
Reactome	R-HSA-9013973	TICAM1-dependent activation of IRF3/IRF7	Neither	NO	NO	NA	NO
Reactome	R-HSA-9014325	TICAM1,TRAF6-dependent induction of TAK1 complex	Neither	NO	NO	NA	NO
Reactome	R-HSA-9018519	Estrogen-dependent gene expression	Neither	NO	NO	NA	NO
Reactome	R-HSA-9020558	Interleukin-2 signaling	Neither	NO	NO	NA	NO
Reactome	R-HSA-9020591	Interleukin-12 signaling	Neither	NO	NO	NA	NO
Reactome	R-HSA-9020702	Interleukin-1 signaling	Neither	NO	NO	NA	NO
Reactome	R-HSA-9020956	Interleukin-27 signaling	Neither	NO	NO	NA	NO
Reactome	R-HSA-9020958	Interleukin-21 signaling	Neither	NO	NO	NA	NO
Reactome	R-HSA-9022692	Regulation of MECP2 expression and activity	Neither	NO	NO	NA	NO
Reactome	R-HSA-9022699	MECP2 regulates neuronal receptors and channels	Neither	NO	NO	NA	NO
Reactome	R-HSA-9027276	Erythropoietin activates Phosphoinositide-3-kinase (PI3K)	Neither	NO	NO	NA	NO
Reactome	R-HSA-9027284	Erythropoietin activates RAS	Neither	NO	NO	NA	NO
Reactome	R-HSA-9028731	Activated NTRK2 signals through FRS2 and FRS3	Neither	NO	NO	NA	NO
Reactome	R-HSA-9029569	NR1H3 & NR1H2 regulate gene expression linked to cholesterol transport and efflux	Neither	NO	NO	NA	NO
Reactome	R-HSA-9031628	NGF-stimulated transcription	Neither	NO	NO	NA	NO
Reactome	R-HSA-9033241	Peroxisomal protein import	Neither	NO	NO	NA	NO
Reactome	R-HSA-9035034	RHOF GTPase cycle	Neither	NO	NO	NA	NO
Reactome	R-HSA-9037629	Lewis blood group biosynthesis	Neither	NO	NO	NA	NO
Reactome	R-HSA-909733	Interferon alpha/beta signaling	Neither	NO	NO	NA	NO
Reactome	R-HSA-912446	Meiotic recombination	Neither	NO	NO	NA	NO
Reactome	R-HSA-912526	Interleukin receptor SHC signaling	Neither	NO	NO	NA	NO
Reactome	R-HSA-912631	Regulation of signaling by CBL	Neither	NO	NO	NA	NO
Reactome	R-HSA-912694	Regulation of IFNA/IFNB signaling	Neither	NO	NO	NA	NO
Reactome	R-HSA-913709	O-linked glycosylation of mucins	Neither	NO	NO	NA	NO
Reactome	R-HSA-917729	Endosomal Sorting Complex Required For Transport (ESCRT)	Neither	NO	NO	NA	NO
Reactome	R-HSA-917937	Iron uptake and transport	Neither	NO	NO	NA	NO
Reactome	R-HSA-917977	Transferrin endocytosis and recycling	Neither	NO	NO	NA	NO
Reactome	R-HSA-918233	TRAF3-dependent IRF activation pathway	Neither	NO	NO	NA	NO
Reactome	R-HSA-933541	TRAF6 mediated IRF7 activation	Neither	NO	NO	NA	NO
Reactome	R-HSA-933542	TRAF6 mediated NF-kB activation	Neither	NO	NO	NA	NO
Reactome	R-HSA-933543	NF-kB activation through FADD/RIP-1 pathway mediated by caspase-8 and -10	Neither	NO	NO	NA	NO
Reactome	R-HSA-936440	Negative regulators of DDX58/IFIH1 signaling	Neither	NO	NO	NA	NO
Reactome	R-HSA-936837	Ion transport by P-type ATPases	Neither	NO	NO	NA	NO
Reactome	R-HSA-936964	Activation of IRF3, IRF7 mediated by TBK1, IKKε (IKBKE)	Neither	NO	NO	NA	NO
Reactome	R-HSA-937039	IRAK1 recruits IKK complex	Neither	NO	NO	NA	NO
Reactome	R-HSA-937041	IKK complex recruitment mediated by RIP1	Neither	NO	NO	NA	NO
Reactome	R-HSA-937042	IRAK2 mediated activation of TAK1 complex	Neither	NO	NO	NA	NO
Reactome	R-HSA-937072	TRAF6-mediated induction of TAK1 complex within TLR4 complex	Neither	NO	NO	NA	NO
Reactome	R-HSA-9603798	Class I peroxisomal membrane protein import	Neither	NO	NO	NA	NO
Reactome	R-HSA-9604323	Negative regulation of NOTCH4 signaling	Neither	NO	NO	NA	NO
Reactome	R-HSA-9607240	FLT3 Signaling	Neither	NO	NO	NA	NO
Reactome	R-HSA-9609523	Insertion of tail-anchored proteins into the endoplasmic reticulum membrane	Neither	NO	NO	NA	NO
Reactome	R-HSA-9609690	HCMV Early Events	Neither	NO	NO	NA	NO
Reactome	R-HSA-9609736	Assembly and cell surface presentation of NMDA receptors	Neither	NO	NO	NA	NO
Reactome	R-HSA-9610379	HCMV Late Events	Neither	NO	NO	NA	NO
Reactome	R-HSA-9613829	Chaperone Mediated Autophagy	Neither	NO	NO	NA	NO
Reactome	R-HSA-9614399	Regulation of localization of FOXO transcription factors	Neither	NO	NO	NA	NO
Reactome	R-HSA-9614657	FOXO-mediated transcription of cell death genes	Neither	NO	NO	NA	NO
Reactome	R-HSA-9615017	FOXO-mediated transcription of oxidative stress, metabolic and neuronal genes	Neither	NO	NO	NA	NO
Reactome	R-HSA-9615710	Late endosomal microautophagy	Neither	NO	NO	NA	NO
Reactome	R-HSA-9615933	Postmitotic nuclear pore complex (NPC) reformation	Neither	NO	NO	NA	NO
Reactome	R-HSA-9616222	Transcriptional regulation of granulopoiesis	Neither	NO	NO	NA	NO
Reactome	R-HSA-9617324	Negative regulation of NMDA receptor-mediated neuronal transmission	Neither	NO	NO	NA	NO
Reactome	R-HSA-9617629	Regulation of FOXO transcriptional activity by acetylation	Neither	NO	NO	NA	NO
Reactome	R-HSA-9617828	FOXO-mediated transcription of cell cycle genes	Neither	NO	NO	NA	NO
Reactome	R-HSA-9619483	Activation of AMPK downstream of NMDARs	Neither	NO	NO	NA	NO
Reactome	R-HSA-9619665	EGR2 and SOX10-mediated initiation of Schwann cell myelination	Neither	NO	NO	NA	NO
Reactome	R-HSA-9620244	Long-term potentiation	Neither	NO	NO	NA	NO
Reactome	R-HSA-9627069	Regulation of the apoptosome activity	Neither	NO	NO	NA	NO
Reactome	R-HSA-9629569	Protein hydroxylation	Neither	NO	NO	NA	NO
Reactome	R-HSA-9633012	Response of EIF2AK4 (GCN2) to amino acid deficiency	Neither	NO	NO	NA	NO
Reactome	R-HSA-9634285	Constitutive Signaling by Overexpressed ERBB2	Firth_only	NO	NO	NA	NO
Reactome	R-HSA-9634597	GPER1 signaling	Neither	NO	NO	NA	NO
Reactome	R-HSA-9634600	Regulation of glycolysis by fructose 2,6-bisphosphate metabolism	Neither	NO	NO	NA	NO
Reactome	R-HSA-9634638	Estrogen-dependent nuclear events downstream of ESR-membrane signaling	Neither	NO	NO	NA	NO
Reactome	R-HSA-9638630	Attachment of bacteria to epithelial cells	Neither	NO	NO	NA	NO
Reactome	R-HSA-9639288	Amino acids regulate mTORC1	Neither	NO	NO	NA	NO
Reactome	R-HSA-9645460	Alpha-protein kinase 1 signaling pathway	Neither	NO	NO	NA	NO
Reactome	R-HSA-9646399	Aggrephagy	Neither	NO	NO	NA	NO
Reactome	R-HSA-9648002	RAS processing	Neither	NO	NO	NA	NO
Reactome	R-HSA-9648025	EML4 and NUDC in mitotic spindle formation	Neither	NO	NO	NA	NO
Reactome	R-HSA-9648895	Response of EIF2AK1 (HRI) to heme deficiency	Neither	NO	NO	NA	NO
Reactome	R-HSA-9649948	Signaling downstream of RAS mutants	Neither	NO	NO	NA	NO
Reactome	R-HSA-9656223	Signaling by RAF1 mutants	Neither	NO	NO	NA	NO
Reactome	R-HSA-9660821	ADORA2B mediated anti-inflammatory cytokines production	Neither	NO	NO	NA	NO
Reactome	R-HSA-9660826	Purinergic signaling in leishmaniasis infection	Neither	NO	NO	NA	NO
Reactome	R-HSA-9661069	Defective binding of RB1 mutants to E2F1,(E2F2, E2F3)	Neither	NO	NO	NA	NO
Reactome	R-HSA-9662360	Sensory processing of sound by inner hair cells of the cochlea	Neither	NO	NO	NA	NO
Reactome	R-HSA-9662361	Sensory processing of sound by outer hair cells of the cochlea	Neither	NO	NO	NA	NO
Reactome	R-HSA-9664323	FCGR3A-mediated IL10 synthesis	Neither	NO	NO	NA	NO
Reactome	R-HSA-9664422	FCGR3A-mediated phagocytosis	Neither	NO	NO	NA	NO
Reactome	R-HSA-9664565	Signaling by ERBB2 KD Mutants	Neither	NO	NO	NA	NO
Reactome	R-HSA-9664873	Pexophagy	Neither	NO	NO	NA	NO
Reactome	R-HSA-9665348	Signaling by ERBB2 ECD mutants	Neither	NO	NO	NA	NO
Reactome	R-HSA-9665686	Signaling by ERBB2 TMD/JMD mutants	Neither	NO	NO	NA	NO
Reactome	R-HSA-9668328	Sealing of the nuclear envelope (NE) by ESCRT-III	Neither	NO	NO	NA	NO
Reactome	R-HSA-9670095	Inhibition of DNA recombination at telomere	Neither	NO	NO	NA	NO
Reactome	R-HSA-9670439	Signaling by phosphorylated juxtamembrane, extracellular and kinase domain KIT mutants	Neither	NO	NO	NA	NO
Reactome	R-HSA-9673324	WNT5:FZD7-mediated leishmania damping	Neither	NO	NO	NA	NO
Reactome	R-HSA-9673767	Signaling by PDGFRA transmembrane, juxtamembrane and kinase domain mutants	Neither	NO	NO	NA	NO
Reactome	R-HSA-9673770	Signaling by PDGFRA extracellular domain mutants	Neither	NO	NO	NA	NO
Reactome	R-HSA-9674555	Signaling by CSF3 (G-CSF)	Neither	NO	NO	NA	NO
Reactome	R-HSA-9679191	Potential therapeutics for SARS	Neither	NO	NO	NA	NO
Reactome	R-HSA-9679504	Translation of Replicase and Assembly of the Replication Transcription Complex	Neither	NO	NO	NA	NO
Reactome	R-HSA-9680350	Signaling by CSF1 (M-CSF) in myeloid cells	Neither	NO	NO	NA	NO
Reactome	R-HSA-9683610	Maturation of nucleoprotein	Neither	NO	NO	NA	NO
Reactome	R-HSA-9684482	IFIT antiviral response	Neither	NO	NO	NA	NO
Reactome	R-HSA-9687136	Aberrant regulation of mitotic exit in cancer due to RB1 defects	Neither	NO	NO	NA	NO
Reactome	R-HSA-9690406	Transcriptional regulation of testis differentiation	Neither	NO	NO	NA	NO
Reactome	R-HSA-9692916	SARS-CoV-1 activates/modulates innate immune responses	Neither	NO	NO	NA	NO
Reactome	R-HSA-9694548	Maturation of spike protein	Neither	NO	NO	NA	NO
Reactome	R-HSA-9694614	Attachment and Entry	Neither	NO	NO	NA	NO
Reactome	R-HSA-9694631	Maturation of nucleoprotein	Neither	NO	NO	NA	NO
Reactome	R-HSA-9694676	Translation of Replicase and Assembly of the Replication Transcription Complex	Neither	NO	NO	NA	NO
Reactome	R-HSA-9696264	RND3 GTPase cycle	Neither	NO	NO	NA	NO
Reactome	R-HSA-9696270	RND2 GTPase cycle	Neither	NO	NO	NA	NO
Reactome	R-HSA-9696273	RND1 GTPase cycle	Neither	NO	NO	NA	NO
Reactome	R-HSA-9700645	ALK mutants bind TKIs	Neither	NO	NO	NA	NO
Reactome	R-HSA-9701192	Defective homologous recombination repair (HRR) due to BRCA1 loss of function	Neither	NO	NO	NA	NO
Reactome	R-HSA-9701898	STAT3 nuclear events downstream of ALK signaling	Neither	NO	NO	NA	NO
Reactome	R-HSA-9702518	STAT5 activation downstream of FLT3 ITD mutants	Neither	NO	NO	NA	NO
Reactome	R-HSA-9703465	Signaling by FLT3 fusion proteins	Neither	NO	NO	NA	NO
Reactome	R-HSA-9703648	Signaling by FLT3 ITD and TKD mutants	Neither	NO	NO	NA	NO
Reactome	R-HSA-9704331	Defective HDR through Homologous Recombination Repair (HRR) due to PALB2 loss of BRCA1 binding function	Neither	NO	NO	NA	NO
Reactome	R-HSA-9704646	Defective HDR through Homologous Recombination Repair (HRR) due to PALB2 loss of BRCA2/RAD51/RAD51C binding function	Neither	NO	NO	NA	NO
Reactome	R-HSA-9705462	Inactivation of CSF3 (G-CSF) signaling	Neither	NO	NO	NA	NO
Reactome	R-HSA-9705671	SARS-CoV-2 activates/modulates innate and adaptive immune responses	Neither	NO	NO	NA	NO
Reactome	R-HSA-9706019	RHOBTB3 ATPase cycle	Neither	NO	NO	NA	NO
Reactome	R-HSA-9706369	Negative regulation of FLT3	Neither	NO	NO	NA	NO
Reactome	R-HSA-9707564	Cytoprotection by HMOX1	Neither	NO	NO	NA	NO
Reactome	R-HSA-9707616	Heme signaling	Neither	NO	NO	NA	NO
Reactome	R-HSA-9708530	Regulation of BACH1 activity	Neither	NO	NO	NA	NO
Reactome	R-HSA-9709570	Impaired BRCA2 binding to RAD51	Neither	NO	NO	NA	NO
Reactome	R-HSA-9709603	Impaired BRCA2 binding to PALB2	Neither	NO	NO	NA	NO
Reactome	R-HSA-9710421	Defective pyroptosis	Neither	NO	NO	NA	NO
Reactome	R-HSA-9717207	Sensory perception of sweet, bitter, and umami (glutamate) taste	Neither	NO	NO	NA	NO
Reactome	R-HSA-9725370	Signaling by ALK fusions and activated point mutants	Neither	NO	NO	NA	NO
Reactome	R-HSA-9725371	Nuclear events stimulated by ALK signaling in cancer	Neither	NO	NO	NA	NO
Reactome	R-HSA-9725554	Differentiation of Keratinocytes in Interfollicular Epidermis in Mammalian Skin	Neither	NO	NO	NA	NO
Reactome	R-HSA-9733458	Induction of Cell-Cell Fusion	Neither	NO	NO	NA	NO
Reactome	R-HSA-9733709	Cardiogenesis	Neither	NO	NO	NA	NO
Reactome	R-HSA-9735869	SARS-CoV-1 modulates host translation machinery	Neither	NO	NO	NA	NO
Reactome	R-HSA-9735871	SARS-CoV-1 targets host intracellular signalling and regulatory pathways	Neither	NO	NO	NA	NO
Reactome	R-HSA-9748787	Azathioprine ADME	Neither	NO	NO	NA	NO
Reactome	R-HSA-9749641	Aspirin ADME	Neither	NO	NO	NA	NO
Reactome	R-HSA-975110	TRAF6 mediated IRF7 activation in TLR7/8 or 9 signaling	Neither	NO	NO	NA	NO
Reactome	R-HSA-975144	IRAK1 recruits IKK complex upon TLR7/8 or 9 stimulation	Neither	NO	NO	NA	NO
Reactome	R-HSA-975163	IRAK2 mediated activation of TAK1 complex upon TLR7/8 or 9 stimulation	Neither	NO	NO	NA	NO
Reactome	R-HSA-9752946	Expression and translocation of olfactory receptors	Neither	NO	NO	NA	NO
Reactome	R-HSA-9753281	Paracetamol ADME	Neither	NO	NO	NA	NO
Reactome	R-HSA-9754189	Germ layer formation at gastrulation	Neither	NO	NO	NA	NO
Reactome	R-HSA-9754560	SARS-CoV-2 modulates autophagy	Neither	NO	NO	NA	NO
Reactome	R-HSA-9754678	SARS-CoV-2 modulates host translation machinery	Neither	NO	NO	NA	NO
Reactome	R-HSA-9755088	Ribavirin ADME	Tier1	YES	NO	NO	YES
Reactome	R-HSA-9755511	KEAP1-NFE2L2 pathway	Neither	NO	NO	NA	NO
Reactome	R-HSA-975577	N-Glycan antennae elongation	Neither	NO	NO	NA	NO
Reactome	R-HSA-9755779	SARS-CoV-2 targets host intracellular signalling and regulatory pathways	Neither	NO	NO	NA	NO
Reactome	R-HSA-975578	Reactions specific to the complex N-glycan synthesis pathway	Neither	NO	NO	NA	NO
Reactome	R-HSA-975634	Retinoid metabolism and transport	Neither	NO	NO	NA	NO
Reactome	R-HSA-9757110	Prednisone ADME	Neither	NO	NO	NA	NO
Reactome	R-HSA-9758274	Regulation of NF-kappa B signaling	Neither	NO	NO	NA	NO
Reactome	R-HSA-9758881	Uptake of dietary cobalamins into enterocytes	Neither	NO	NO	NA	NO
Reactome	R-HSA-975956	Nonsense Mediated Decay (NMD) independent of the Exon Junction Complex (EJC)	Neither	NO	NO	NA	NO
Reactome	R-HSA-975957	Nonsense Mediated Decay (NMD) enhanced by the Exon Junction Complex (EJC)	Neither	NO	NO	NA	NO
Reactome	R-HSA-9762114	GSK3B and BTRC:CUL1-mediated-degradation of NFE2L2	Neither	NO	NO	NA	NO
Reactome	R-HSA-9762293	Regulation of CDH11 gene transcription	Neither	NO	NO	NA	NO
Reactome	R-HSA-9764561	Regulation of CDH1 Function	Firth_only	NO	NO	NA	NO
Reactome	R-HSA-9764562	Regulation of CDH1 mRNA translation by microRNAs	Neither	NO	NO	NA	NO
Reactome	R-HSA-9764725	Negative Regulation of CDH1 Gene Transcription	Neither	NO	NO	NA	NO
Reactome	R-HSA-9764790	Positive Regulation of CDH1 Gene Transcription	Neither	NO	NO	NA	NO
Reactome	R-HSA-9766229	Degradation of CDH1	Neither	NO	NO	NA	NO
Reactome	R-HSA-9768727	Regulation of CDH1 posttranslational processing and trafficking to plasma membrane	Neither	NO	NO	NA	NO
Reactome	R-HSA-9768919	NPAS4 regulates expression of target genes	Neither	NO	NO	NA	NO
Reactome	R-HSA-9769733	Fibrin formation	Neither	NO	NO	NA	NO
Reactome	R-HSA-9769735	Initiation of coagulation cascade	Neither	NO	NO	NA	NO
Reactome	R-HSA-9769739	Regulation of clotting cascade	Neither	NO	NO	NA	NO
Reactome	R-HSA-9769743	Amplification and propagation of coagulation cascade	Neither	NO	NO	NA	NO
Reactome	R-HSA-9770562	mRNA Polyadenylation	Neither	NO	NO	NA	NO
Reactome	R-HSA-977068	Termination of O-glycan biosynthesis	Neither	NO	NO	NA	NO
Reactome	R-HSA-977225	Amyloid fiber formation	Neither	NO	NO	NA	NO
Reactome	R-HSA-9772755	Formation of WDR5-containing histone-modifying complexes	Firth_only	NO	NO	NA	NO
Reactome	R-HSA-977347	Serine metabolism	Neither	NO	NO	NA	NO
Reactome	R-HSA-977443	GABA receptor activation	Neither	NO	NO	NA	NO
Reactome	R-HSA-977606	Regulation of Complement cascade	Firth_only	NO	NO	NA	NO
Reactome	R-HSA-9793380	Formation of paraxial mesoderm	Neither	NO	NO	NA	NO
Reactome	R-HSA-9796292	Formation of axial mesoderm	Neither	NO	NO	NA	NO
Reactome	R-HSA-9818027	NFE2L2 regulating anti-oxidant/detoxification enzymes	Neither	NO	NO	NA	NO
Reactome	R-HSA-9818030	NFE2L2 regulating tumorigenic genes	Neither	NO	NO	NA	NO
Reactome	R-HSA-9819196	Zygotic genome activation (ZGA)	Neither	NO	NO	NA	NO
Reactome	R-HSA-9820841	M-decay: degradation of maternal mRNAs by maternally stored factors	Neither	NO	NO	NA	NO
Reactome	R-HSA-9820865	Z-decay: degradation of maternal mRNAs by zygotically expressed factors	Neither	NO	NO	NA	NO
Reactome	R-HSA-9820960	Respiratory syncytial virus (RSV) attachment and entry	Neither	NO	NO	NA	NO
Reactome	R-HSA-9821002	Chromatin modifications during the maternal to zygotic transition (MZT)	Firth_only	NO	NO	NA	NO
Reactome	R-HSA-9821993	Replacement of protamines by nucleosomes in the male pronucleus	Neither	NO	NO	NA	NO
Reactome	R-HSA-9823730	Formation of definitive endoderm	Neither	NO	NO	NA	NO
Reactome	R-HSA-9823739	Formation of the anterior neural plate	Neither	NO	NO	NA	NO
Reactome	R-HSA-9824272	Somitogenesis	Neither	NO	NO	NA	NO
Reactome	R-HSA-9824585	Regulation of MITF-M-dependent genes involved in pigmentation	Neither	NO	NO	NA	NO
Reactome	R-HSA-9824594	Regulation of MITF-M-dependent genes involved in apoptosis	Neither	NO	NO	NA	NO
Reactome	R-HSA-9824878	Regulation of TBK1, IKKε (IKBKE)-mediated activation of IRF3, IRF7	Neither	NO	NO	NA	NO
Reactome	R-HSA-9825892	Regulation of MITF-M-dependent genes involved in cell cycle and proliferation	Neither	NO	NO	NA	NO
Reactome	R-HSA-982772	Growth hormone receptor signaling	Neither	NO	NO	NA	NO
Reactome	R-HSA-9827857	Specification of primordial germ cells	Tier1	YES	NO	NO	YES
Reactome	R-HSA-9828211	Regulation of TBK1, IKKε-mediated activation of IRF3, IRF7 upon TLR3 ligation	Neither	NO	NO	NA	NO
Reactome	R-HSA-9828806	Maturation of hRSV A proteins	Neither	NO	NO	NA	NO
Reactome	R-HSA-9830364	Formation of the nephric duct	Neither	NO	NO	NA	NO
Reactome	R-HSA-9830674	Formation of the ureteric bud	Neither	NO	NO	NA	NO
Reactome	R-HSA-983168	Antigen processing: Ubiquitination & Proteasome degradation	Neither	NO	NO	NA	NO
Reactome	R-HSA-983170	Antigen Presentation: Folding, assembly and peptide loading of class I MHC	Neither	NO	NO	NA	NO
Reactome	R-HSA-983189	Kinesins	Neither	NO	NO	NA	NO
Reactome	R-HSA-9831926	Nephron development	Neither	NO	NO	NA	NO
Reactome	R-HSA-983231	Factors involved in megakaryocyte development and platelet production	Neither	NO	NO	NA	NO
Reactome	R-HSA-9832991	Formation of the posterior neural plate	Neither	NO	NO	NA	NO
Reactome	R-HSA-9833109	Evasion by RSV of host interferon responses	Neither	NO	NO	NA	NO
Reactome	R-HSA-9833110	RSV-host interactions	Neither	NO	NO	NA	NO
Reactome	R-HSA-9833482	PKR-mediated signaling	Neither	NO	NO	NA	NO
Reactome	R-HSA-9834899	Specification of the neural plate border	Neither	NO	NO	NA	NO
Reactome	R-HSA-983695	Antigen activates B Cell Receptor (BCR) leading to generation of second messengers	Neither	NO	NO	NA	NO
Reactome	R-HSA-983712	Ion channel transport	Neither	NO	NO	NA	NO
Reactome	R-HSA-9837999	Mitochondrial protein degradation	Neither	NO	NO	NA	NO
Reactome	R-HSA-9839383	TGFBR3 PTM regulation	Neither	NO	NO	NA	NO
Reactome	R-HSA-9839394	TGFBR3 expression	Neither	NO	NO	NA	NO
Reactome	R-HSA-9840309	Glycosphingolipid biosynthesis	Neither	NO	NO	NA	NO
Reactome	R-HSA-9840310	Glycosphingolipid catabolism	Neither	NO	NO	NA	NO
Reactome	R-HSA-9841251	Mitochondrial unfolded protein response (UPRmt)	Neither	NO	NO	NA	NO
Reactome	R-HSA-9841922	MLL4 and MLL3 complexes regulate expression of PPARG target genes in adipogenesis and hepatic steatosis	Neither	NO	NO	NA	NO
Reactome	R-HSA-9842663	Signaling by LTK	Neither	NO	NO	NA	NO
Reactome	R-HSA-9843940	Regulation of endogenous retroelements by KRAB-ZFP proteins	Neither	NO	NO	NA	NO
Reactome	R-HSA-9843970	Regulation of endogenous retroelements by the Human Silencing Hub (HUSH) complex	Neither	NO	NO	NA	NO
Reactome	R-HSA-9844594	Transcriptional regulation of brown and beige adipocyte differentiation by EBF2	Neither	NO	NO	NA	NO
Reactome	R-HSA-9845323	Regulation of endogenous retroelements by Piwi-interacting RNAs (piRNAs)	Neither	NO	NO	NA	NO
Reactome	R-HSA-9845614	Sphingolipid catabolism	Neither	NO	NO	NA	NO
Reactome	R-HSA-9854311	Maturation of TCA enzymes and regulation of TCA cycle	Neither	NO	NO	NA	NO
Reactome	R-HSA-9856530	High laminar flow shear stress activates signaling by PIEZO1 and PECAM1:CDH5:KDR in endothelial cells	Neither	NO	NO	NA	NO
Reactome	R-HSA-9856532	Mechanical load activates signaling by PIEZO1 and integrins in osteocytes	Neither	NO	NO	NA	NO
Reactome	R-HSA-9856649	Transcriptional and post-translational regulation of MITF-M expression and activity	Neither	NO	NO	NA	NO
Reactome	R-HSA-9857377	Regulation of MITF-M-dependent genes involved in lysosome biogenesis and autophagy	Neither	NO	NO	NA	NO
Reactome	R-HSA-9857492	Protein lipoylation	Neither	NO	NO	NA	NO
Reactome	R-HSA-9860927	Turbulent (oscillatory, disturbed) flow shear stress activates signaling by PIEZO1 and integrins in endothelial cells	Neither	NO	NO	NA	NO
Reactome	R-HSA-9861718	Regulation of pyruvate metabolism	Neither	NO	NO	NA	NO
Reactome	R-HSA-9864848	Complex IV assembly	Neither	NO	NO	NA	NO
Reactome	R-HSA-9865881	Complex III assembly	Neither	NO	NO	NA	NO
Reactome	R-HSA-9907900	Proteasome assembly	Neither	NO	NO	NA	NO
Reactome	R-HSA-9909505	Modulation of host responses by IFN-stimulated genes	Neither	NO	NO	NA	NO
Reactome	R-HSA-9909649	Regulation of PD-L1(CD274) transcription	Neither	NO	NO	NA	NO
Reactome	R-HSA-9912633	Antigen processing: Ub, ATP-independent proteasomal degradation	Neither	NO	NO	NA	NO
Reactome	R-HSA-9913351	Formation of the dystrophin-glycoprotein complex (DGC)	Neither	NO	NO	NA	NO
Reactome	R-HSA-9913635	Strand-asynchronous mitochondrial DNA replication	Neither	NO	NO	NA	NO
Reactome	R-HSA-9918432	Maturation of DENV proteins	Neither	NO	NO	NA	NO
Reactome	R-HSA-9918481	Dengue Virus-Host Interactions	Neither	NO	NO	NA	NO
Reactome	R-HSA-9918485	Dengue Virus Attachment and Entry	Neither	NO	NO	NA	NO
Reactome	R-HSA-9918487	Dengue Virus Genome Translation and Replication	Neither	NO	NO	NA	NO
Reactome	R-HSA-9920588	Dengue virus activates/modulates innate and adaptive immune responses	Firth_only	NO	NO	NA	NO
Reactome	R-HSA-9920951	Dengue virus modulates apoptosis	Neither	NO	NO	NA	NO
Reactome	R-HSA-9925561	Developmental Lineage of Pancreatic Acinar Cells	Neither	NO	NO	NA	NO
Reactome	R-HSA-9925563	Developmental Lineage of Pancreatic Ductal Cells	Neither	NO	NO	NA	NO
Reactome	R-HSA-9926550	Regulation of MITF-M-dependent genes involved in extracellular matrix, focal adhesion and epithelial-to-mesenchymal transition	Neither	NO	NO	NA	NO
Reactome	R-HSA-9927354	Co-stimulation by ICOS	Neither	NO	NO	NA	NO
Reactome	R-HSA-9927418	Developmental Lineage of Mammary Gland Luminal Epithelial Cells	Neither	NO	NO	NA	NO
Reactome	R-HSA-9927426	Developmental Lineage of Mammary Gland Alveolar Cells	Neither	NO	NO	NA	NO
Reactome	R-HSA-9927432	Developmental Lineage of Mammary Gland Myoepithelial Cells	Neither	NO	NO	NA	NO
Reactome	R-HSA-9929356	GSK3B-mediated proteasomal degradation of PD-L1(CD274)	Neither	NO	NO	NA	NO
Reactome	R-HSA-9929491	SPOP-mediated proteasomal degradation of PD-L1(CD274)	Neither	NO	NO	NA	NO
Reactome	R-HSA-9930044	Nuclear RNA decay	Neither	NO	NO	NA	NO
Reactome	R-HSA-9931269	AMPK-induced ERAD and lysosome mediated degradation of PD-L1(CD274)	Neither	NO	NO	NA	NO
Reactome	R-HSA-9931295	PD-L1(CD274) glycosylation and translocation to plasma membrane	Firth_only	NO	NO	NA	NO
Reactome	R-HSA-9931509	Expression of BMAL (ARNTL), CLOCK, and NPAS2	Neither	NO	NO	NA	NO
Reactome	R-HSA-9931510	Phosphorylated BMAL1:CLOCK (ARNTL:CLOCK) activates expression of core clock genes	Neither	NO	NO	NA	NO
Reactome	R-HSA-9931512	Phosphorylation of CLOCK, acetylation of BMAL1 (ARNTL) at target gene promoters	Firth_only	NO	NO	NA	NO
Reactome	R-HSA-9931521	The CRY:PER:kinase complex represses transactivation by the BMAL:CLOCK (ARNTL:CLOCK) complex	Firth_only	NO	NO	NA	NO
Reactome	R-HSA-9931530	Phosphorylation and nuclear translocation of the CRY:PER:kinase complex	Neither	NO	NO	NA	NO
Reactome	R-HSA-9932298	Degradation of CRY and PER proteins	Neither	NO	NO	NA	NO
Reactome	R-HSA-9932451	SWI/SNF chromatin remodelers	Firth_only	NO	NO	NA	NO
Reactome	R-HSA-9933387	RORA,B,C and NR1D1 (REV-ERBA) regulate gene expression	Neither	NO	NO	NA	NO
Reactome	R-HSA-9933937	Formation of the canonical BAF (cBAF) complex	Firth_only	NO	NO	NA	NO
Reactome	R-HSA-9933939	Formation of the polybromo-BAF (pBAF) complex	Firth_only	NO	NO	NA	NO
Reactome	R-HSA-9933946	Formation of the embryonic stem cell BAF (esBAF) complex	Firth_only	NO	NO	NA	NO
Reactome	R-HSA-9933947	Formation of the non-canonical BAF (ncBAF) complex	Firth_only	NO	NO	NA	NO
Reactome	R-HSA-9934037	Formation of neuronal progenitor and neuronal BAF (npBAF and nBAF)	Firth_only	NO	NO	NA	NO
Reactome	R-HSA-9937008	Mitochondrial mRNA modification	Neither	NO	NO	NA	NO
Reactome	R-HSA-9937080	Developmental Lineage of Multipotent Pancreatic Progenitor Cells	Neither	NO	NO	NA	NO
Reactome	R-HSA-9937383	Mitochondrial ribosome-associated quality control	Neither	NO	NO	NA	NO
Reactome	R-HSA-9937850	NuRD complex assembly	Neither	NO	NO	NA	NO
Reactome	R-HSA-9938024	Somatic hypermutation of immunoglobulin genes	Firth_only	NO	NO	NA	NO
Reactome	R-HSA-9938027	Affinity selection of immunoglobulins	Neither	NO	NO	NA	NO
Reactome	R-HSA-9938206	Developmental Lineage of Mammary Stem Cells	Neither	NO	NO	NA	NO
Reactome	R-HSA-9939291	Matriglycan biosynthesis on DAG1	Neither	NO	NO	NA	NO
Reactome	R-HSA-9940465	ChAHP complex assembly	Neither	NO	NO	NA	NO
Reactome	R-HSA-9940951	Interaction of NuRD complexes with transcription factors	Neither	NO	NO	NA	NO
Reactome	R-HSA-9942503	Differentiation of naive CD4+ T cells to T helper 1 cells (Th1 cells)	Neither	NO	NO	NA	NO
Reactome	R-HSA-9943411	CHD1 and CHD2 subfamily	Neither	NO	NO	NA	NO
Reactome	R-HSA-9943962	CHD6, CHD7, CHD8, CHD9 subfamily	Neither	NO	NO	NA	NO
Reactome	R-HSA-9945556	Transcriptional regulation of multiciliogenesis	Neither	NO	NO	NA	NO
Reactome	R-HSA-9953170	GBP-mediated host defense	Tier1	YES	NO	NO	YES
Reactome	R-HSA-9954709	Ribosome Quality Control (RQC) complex extracts and degrades nascent peptide	Neither	NO	NO	NA	NO
Reactome	R-HSA-9954714	PELO:HBS1L and ABCE1 dissociate a ribosome on a non-stop mRNA	Neither	NO	NO	NA	NO
Reactome	R-HSA-9954716	ZNF598 and the Ribosome-associated Quality Trigger (RQT) complex dissociate a ribosome stalled on a no-go mRNA	Neither	NO	NO	NA	NO
Reactome	R-HSA-9956593	Enterobacterial factors antagonize host defense	Neither	NO	NO	NA	NO
Reactome	R-HSA-9958810	SRC activates STAT3 in a quantitative manner, through Cadherin-11 (CDH11), RAC1 and gp130 (IL6ST)	Neither	NO	NO	NA	NO
Reactome	R-HSA-9958825	Activation of STAT3 by cadherin engagement	Neither	NO	NO	NA	NO
Reactome	R-HSA-9968295	Somatic hypermutation of immunoglobulin genes by error-prone mismatch repair (MMR)	Neither	NO	NO	NA	NO
Reactome	R-HSA-9968297	Somatic hypermutation of immunoglobulin genes by error-prone base excision repair (BER)	Neither	NO	NO	NA	NO
Reactome	R-HSA-9968734	Differentiation of Circulating Monocytes	Neither	NO	NO	NA	NO
Reactome	R-HSA-9969896	Lanosterol biosynthesis	Neither	NO	NO	NA	NO
Reactome	R-HSA-9970672	FXIIa activates plasma kallikrein-kinin system	Neither	NO	NO	NA	NO
Reactome	R-HSA-997272	Inhibition  of voltage gated Ca2+ channels via Gbeta/gamma subunits	Neither	NO	NO	NA	NO
Reactome	R-HSA-9974237	Negative Regulation of DNA Double Strand Break Response	Neither	NO	NO	NA	NO
Reactome	R-HSA-9976102	Differentiation of naive CD4+ T cells to T helper 2 cells (Th2 cells)	Neither	NO	NO	NA	NO
Reactome	R-HSA-9979719	Processing of antigen in germinal center B cells	Neither	NO	NO	NA	NO
Reactome	R-HSA-9981148	Developmental Lineage of Pancreatic Endocrine Mid Progenitor Cells	Neither	NO	NO	NA	NO
