analysis	anchor_gene	candidate_gene	rank	distance	anchor_length_quintile	candidate_length_quintile	expansion_rule	selected_count	selected_prop
PRIMARY_K50	ACTB	PRKCD	1	0.11719941890658787	3	3	PRIMARY_K50_50	232	0.0232
PRIMARY_K50	ACTB	TBX1	2	0.2554741916081951	3	3	PRIMARY_K50_50	172	0.0172
PRIMARY_K50	ACTB	EPHA2	3	0.2604611350267537	3	3	PRIMARY_K50_50	204	0.0204
PRIMARY_K50	ACTB	WNT4	4	0.2628142551669508	3	3	PRIMARY_K50_50	164	0.0164
PRIMARY_K50	ACTB	DLG4	5	0.30639424202090865	3	3	PRIMARY_K50_50	197	0.0197
PRIMARY_K50	ACTB	NOS3	6	0.3273238315200871	3	3	PRIMARY_K50_50	172	0.0172
PRIMARY_K50	ACTB	JAK3	7	0.412177875813807	3	3	PRIMARY_K50_50	194	0.0194
PRIMARY_K50	ACTB	PDGFB	8	0.4143103427315722	3	3	PRIMARY_K50_50	202	0.0202
PRIMARY_K50	ACTB	STAT5A	9	0.44809925786432975	3	3	PRIMARY_K50_50	169	0.0169
PRIMARY_K50	ACTB	ADORA2A	10	0.45295563170020925	3	3	PRIMARY_K50_50	191	0.0191
PRIMARY_K50	ACTB	STRA6	11	0.4799256258124289	3	3	PRIMARY_K50_50	192	0.0192
PRIMARY_K50	ACTB	CSK	12	0.4901007085147748	3	3	PRIMARY_K50_50	198	0.0198
PRIMARY_K50	ACTB	NUP62	13	0.49577400875774746	3	3	PRIMARY_K50_50	203	0.0203
PRIMARY_K50	ACTB	MLXIPL	14	0.4973441355916285	3	3	PRIMARY_K50_50	206	0.0206
PRIMARY_K50	ACTB	RAPGEF3	15	0.5056937397003352	3	3	PRIMARY_K50_50	202	0.0202
PRIMARY_K50	ACTB	SREBF1	16	0.5056964697505943	3	3	PRIMARY_K50_50	222	0.0222
PRIMARY_K50	ACTB	DMTN	17	0.5099333764575158	3	3	PRIMARY_K50_50	195	0.0195
PRIMARY_K50	ACTB	SQSTM1	18	0.511968688071813	3	3	PRIMARY_K50_50	231	0.0231
PRIMARY_K50	ACTB	NHERF1	19	0.5150539329531908	3	3	PRIMARY_K50_50	200	0.02
PRIMARY_K50	ACTB	MAVS	20	0.5304212524531561	3	3	PRIMARY_K50_50	192	0.0192
PRIMARY_K50	ACTB	WFS1	21	0.5389387316823447	3	3	PRIMARY_K50_50	196	0.0196
PRIMARY_K50	ACTB	SIRT2	22	0.539231091232808	3	3	PRIMARY_K50_50	213	0.0213
PRIMARY_K50	ACTB	ADCY6	23	0.5506635133589936	3	3	PRIMARY_K50_50	209	0.0209
PRIMARY_K50	ACTB	GNAI2	24	0.5549663455013076	3	3	PRIMARY_K50_50	202	0.0202
PRIMARY_K50	ACTB	INPP5K	25	0.5563849227219987	3	3	PRIMARY_K50_50	179	0.0179
PRIMARY_K50	ACTB	PCSK9	26	0.562651467113624	3	3	PRIMARY_K50_50	190	0.019
PRIMARY_K50	ACTB	WNT11	27	0.5637011447666229	3	3	PRIMARY_K50_50	206	0.0206
PRIMARY_K50	ACTB	ABCD1	28	0.566051006139531	3	3	PRIMARY_K50_50	204	0.0204
PRIMARY_K50	ACTB	STX1A	29	0.5693264307042162	3	3	PRIMARY_K50_50	227	0.0227
PRIMARY_K50	ACTB	COL1A1	30	0.5697662627802944	3	3	PRIMARY_K50_50	209	0.0209
PRIMARY_K50	ACTB	BRSK1	31	0.571398777658031	3	3	PRIMARY_K50_50	186	0.0186
PRIMARY_K50	ACTB	ATP13A2	32	0.5753464230445934	3	3	PRIMARY_K50_50	199	0.0199
PRIMARY_K50	ACTB	IKBKG	33	0.585398331277914	3	3	PRIMARY_K50_50	213	0.0213
PRIMARY_K50	ACTB	SPI1	34	0.5931411353556776	3	3	PRIMARY_K50_50	192	0.0192
PRIMARY_K50	ACTB	FGF18	35	0.6022819453269845	3	3	PRIMARY_K50_50	213	0.0213
PRIMARY_K50	ACTB	CSNK1D	36	0.6043780468636722	3	3	PRIMARY_K50_50	207	0.0207
PRIMARY_K50	ACTB	SMAD7	37	0.6072174145132191	3	3	PRIMARY_K50_50	209	0.0209
PRIMARY_K50	ACTB	PRKACA	38	0.6199325142217501	3	3	PRIMARY_K50_50	190	0.019
PRIMARY_K50	ACTB	LRRC8A	39	0.6279283275697419	3	3	PRIMARY_K50_50	206	0.0206
PRIMARY_K50	ACTB	INCENP	40	0.6342523933556713	3	3	PRIMARY_K50_50	193	0.0193
PRIMARY_K50	ACTB	KCNH2	41	0.6393929335940327	3	3	PRIMARY_K50_50	209	0.0209
PRIMARY_K50	ACTB	ABCA7	42	0.647679021650724	3	3	PRIMARY_K50_50	212	0.0212
PRIMARY_K50	ACTB	VSIR	43	0.6521448708491321	3	3	PRIMARY_K50_50	221	0.0221
PRIMARY_K50	ACTB	TYK2	44	0.6526068311995714	3	3	PRIMARY_K50_50	178	0.0178
PRIMARY_K50	ACTB	UPF1	45	0.6530325553819878	3	3	PRIMARY_K50_50	190	0.019
PRIMARY_K50	ACTB	HNF1A	46	0.6562870746077497	3	3	PRIMARY_K50_50	228	0.0228
PRIMARY_K50	ACTB	LAPTM5	47	0.6565575159787276	3	3	PRIMARY_K50_50	189	0.0189
PRIMARY_K50	ACTB	FLCN	48	0.6569571438072962	3	3	PRIMARY_K50_50	211	0.0211
PRIMARY_K50	ACTB	PDGFA	49	0.6655329350517901	3	3	PRIMARY_K50_50	188	0.0188
PRIMARY_K50	ACTB	RAC2	50	0.6657319752449581	3	3	PRIMARY_K50_50	193	0.0193
PRIMARY_K50	ADA	RAPGEF3	1	0.1460956172160618	3	3	PRIMARY_K50_50	171	0.0171
PRIMARY_K50	ADA	INCENP	2	0.15186436632820993	3	3	PRIMARY_K50_50	213	0.0213
PRIMARY_K50	ADA	LRRC8A	3	0.15208200899421886	3	3	PRIMARY_K50_50	189	0.0189
PRIMARY_K50	ADA	BRSK1	4	0.1703243015410807	3	3	PRIMARY_K50_50	187	0.0187
PRIMARY_K50	ADA	FLCN	5	0.18647110856567498	3	3	PRIMARY_K50_50	196	0.0196
PRIMARY_K50	ADA	VSIR	6	0.19624538070028197	3	3	PRIMARY_K50_50	227	0.0227
PRIMARY_K50	ADA	DMTN	7	0.19831744120281022	3	3	PRIMARY_K50_50	187	0.0187
PRIMARY_K50	ADA	SQSTM1	8	0.20676182139497923	3	3	PRIMARY_K50_50	222	0.0222
PRIMARY_K50	ADA	LAPTM5	9	0.20869532433657045	3	3	PRIMARY_K50_50	197	0.0197
PRIMARY_K50	ADA	TYK2	10	0.22118870750464995	3	3	PRIMARY_K50_50	194	0.0194
PRIMARY_K50	ADA	STRA6	11	0.2271371270171477	3	3	PRIMARY_K50_50	229	0.0229
PRIMARY_K50	ADA	MYH6	12	0.23484706243599535	3	3	PRIMARY_K50_50	204	0.0204
PRIMARY_K50	ADA	IKBKE	13	0.2599010842690483	3	3	PRIMARY_K50_50	204	0.0204
PRIMARY_K50	ADA	NLGN3	14	0.2644635227535885	3	3	PRIMARY_K50_50	191	0.0191
PRIMARY_K50	ADA	FGF18	15	0.26577607631508043	3	3	PRIMARY_K50_50	207	0.0207
PRIMARY_K50	ADA	ADCY6	16	0.26767787711356433	3	3	PRIMARY_K50_50	185	0.0185
PRIMARY_K50	ADA	SLC2A1	17	0.2689385669377646	3	3	PRIMARY_K50_50	192	0.0192
PRIMARY_K50	ADA	FGR	18	0.2811218301327972	3	3	PRIMARY_K50_50	200	0.02
PRIMARY_K50	ADA	STAT5A	19	0.2817835539903401	3	3	PRIMARY_K50_50	186	0.0186
PRIMARY_K50	ADA	INPP5K	20	0.28300796733506267	3	3	PRIMARY_K50_50	198	0.0198
PRIMARY_K50	ADA	ATP2A1	21	0.2835068058016083	3	3	PRIMARY_K50_50	206	0.0206
PRIMARY_K50	ADA	DLG4	22	0.29244951766777455	3	3	PRIMARY_K50_50	207	0.0207
PRIMARY_K50	ADA	CTTN	23	0.29588148633416717	3	3	PRIMARY_K50_50	199	0.0199
PRIMARY_K50	ADA	NUP62	24	0.29721214665620305	3	3	PRIMARY_K50_50	219	0.0219
PRIMARY_K50	ADA	RORC	25	0.30207392483500595	3	3	PRIMARY_K50_50	173	0.0173
PRIMARY_K50	ADA	CSNK1D	26	0.30576332457313754	3	3	PRIMARY_K50_50	195	0.0195
PRIMARY_K50	ADA	AXIN2	27	0.3097501811444756	3	3	PRIMARY_K50_50	202	0.0202
PRIMARY_K50	ADA	LDLRAP1	28	0.3131695169467525	3	3	PRIMARY_K50_50	213	0.0213
PRIMARY_K50	ADA	HPN	29	0.3137537339526285	3	3	PRIMARY_K50_50	202	0.0202
PRIMARY_K50	ADA	INAVA	30	0.31621432932476323	3	3	PRIMARY_K50_50	189	0.0189
PRIMARY_K50	ADA	RAB8A	31	0.31676247545412045	3	3	PRIMARY_K50_50	199	0.0199
PRIMARY_K50	ADA	PCSK9	32	0.3262538108715511	3	3	PRIMARY_K50_50	195	0.0195
PRIMARY_K50	ADA	UPF1	33	0.32900069708619634	3	3	PRIMARY_K50_50	192	0.0192
PRIMARY_K50	ADA	CAD	34	0.32985733733205047	3	3	PRIMARY_K50_50	205	0.0205
PRIMARY_K50	ADA	PRKCG	35	0.3365797422346764	3	3	PRIMARY_K50_50	198	0.0198
PRIMARY_K50	ADA	HNF1A	36	0.3371469070872183	3	3	PRIMARY_K50_50	218	0.0218
PRIMARY_K50	ADA	RCC2	37	0.33804077786272485	3	3	PRIMARY_K50_50	192	0.0192
PRIMARY_K50	ADA	CD9	38	0.34273488146966524	3	3	PRIMARY_K50_50	208	0.0208
PRIMARY_K50	ADA	EIF4G1	39	0.34707510962277754	3	3	PRIMARY_K50_50	199	0.0199
PRIMARY_K50	ADA	KLHL25	40	0.348109148695864	3	3	PRIMARY_K50_50	178	0.0178
PRIMARY_K50	ADA	MAVS	41	0.3546549393319131	3	3	PRIMARY_K50_50	210	0.021
PRIMARY_K50	ADA	VANGL2	42	0.35527611479397936	3	3	PRIMARY_K50_50	222	0.0222
PRIMARY_K50	ADA	JAK3	43	0.36182585813565926	3	3	PRIMARY_K50_50	213	0.0213
PRIMARY_K50	ADA	MLXIPL	44	0.3665397096031027	3	3	PRIMARY_K50_50	196	0.0196
PRIMARY_K50	ADA	SEMA4A	45	0.3668798168472736	3	3	PRIMARY_K50_50	205	0.0205
PRIMARY_K50	ADA	ITGA5	46	0.36912814097608676	3	3	PRIMARY_K50_50	216	0.0216
PRIMARY_K50	ADA	ITGA3	47	0.37274782590601274	3	3	PRIMARY_K50_50	205	0.0205
PRIMARY_K50	ADA	IKBKG	48	0.3744646044909559	3	3	PRIMARY_K50_50	194	0.0194
PRIMARY_K50	ADA	CSF1	49	0.37526070202054623	3	3	PRIMARY_K50_50	187	0.0187
PRIMARY_K50	ADA	MAG	50	0.37702267028137687	3	3	PRIMARY_K50_50	184	0.0184
PRIMARY_K50	BRCA2	ENPP1	1	0.0337670598222164	4	4	PRIMARY_K50_50	210	0.021
PRIMARY_K50	BRCA2	SMAD1	2	0.10999978717430181	4	4	PRIMARY_K50_50	211	0.0211
PRIMARY_K50	BRCA2	CLTC	3	0.12216180628855194	4	4	PRIMARY_K50_50	202	0.0202
PRIMARY_K50	BRCA2	DICER1	4	0.13478558441327357	4	4	PRIMARY_K50_50	187	0.0187
PRIMARY_K50	BRCA2	EIF2AK3	5	0.1438200239425623	4	4	PRIMARY_K50_50	211	0.0211
PRIMARY_K50	BRCA2	CASP1	6	0.1647371541252322	4	4	PRIMARY_K50_50	212	0.0212
PRIMARY_K50	BRCA2	IL18R1	7	0.18539430440784305	4	4	PRIMARY_K50_50	178	0.0178
PRIMARY_K50	BRCA2	TRPC3	8	0.18738519684288615	4	4	PRIMARY_K50_50	209	0.0209
PRIMARY_K50	BRCA2	PDCD6IP	9	0.19198006466605216	4	4	PRIMARY_K50_50	199	0.0199
PRIMARY_K50	BRCA2	RAG1	10	0.19256331921485015	4	4	PRIMARY_K50_50	213	0.0213
PRIMARY_K50	BRCA2	ZDHHC2	11	0.19817116479590768	4	4	PRIMARY_K50_50	183	0.0183
PRIMARY_K50	BRCA2	DPP4	12	0.20007379022805674	4	4	PRIMARY_K50_50	217	0.0217
PRIMARY_K50	BRCA2	ACSL3	13	0.20184551786264782	4	4	PRIMARY_K50_50	196	0.0196
PRIMARY_K50	BRCA2	EZH2	14	0.20537405522332694	4	4	PRIMARY_K50_50	223	0.0223
PRIMARY_K50	BRCA2	SCIN	15	0.2065082532483899	4	4	PRIMARY_K50_50	180	0.018
PRIMARY_K50	BRCA2	WASF1	16	0.20671004163652468	4	4	PRIMARY_K50_50	198	0.0198
PRIMARY_K50	BRCA2	NUF2	17	0.2132305653421625	4	4	PRIMARY_K50_50	191	0.0191
PRIMARY_K50	BRCA2	RAD50	18	0.21464390808900777	4	4	PRIMARY_K50_50	191	0.0191
PRIMARY_K50	BRCA2	KMO	19	0.21552399320512688	4	4	PRIMARY_K50_50	196	0.0196
PRIMARY_K50	BRCA2	PRKCI	20	0.2173374855579337	4	4	PRIMARY_K50_50	210	0.021
PRIMARY_K50	BRCA2	TBX18	21	0.21861117094487156	4	4	PRIMARY_K50_50	192	0.0192
PRIMARY_K50	BRCA2	KIF14	22	0.21888976601965132	4	4	PRIMARY_K50_50	197	0.0197
PRIMARY_K50	BRCA2	RIGI	23	0.22397608812521358	4	4	PRIMARY_K50_50	219	0.0219
PRIMARY_K50	BRCA2	ATP6V1A	24	0.23324483423687026	4	4	PRIMARY_K50_50	205	0.0205
PRIMARY_K50	BRCA2	DNM1L	25	0.24350064860892975	4	4	PRIMARY_K50_50	201	0.0201
PRIMARY_K50	BRCA2	PPP3R1	26	0.24902360358631367	4	4	PRIMARY_K50_50	213	0.0213
PRIMARY_K50	BRCA2	SPC25	27	0.2491901838604452	4	4	PRIMARY_K50_50	205	0.0205
PRIMARY_K50	BRCA2	HDAC2	28	0.24958928939662306	4	4	PRIMARY_K50_50	183	0.0183
PRIMARY_K50	BRCA2	RANBP2	29	0.2512854231374602	4	4	PRIMARY_K50_50	175	0.0175
PRIMARY_K50	BRCA2	FN1	30	0.25235515627017435	4	4	PRIMARY_K50_50	195	0.0195
PRIMARY_K50	BRCA2	DTL	31	0.25411932240156593	4	4	PRIMARY_K50_50	175	0.0175
PRIMARY_K50	BRCA2	PRKAA2	32	0.2550752380211952	4	4	PRIMARY_K50_50	184	0.0184
PRIMARY_K50	BRCA2	PIK3R4	33	0.2579651850181705	4	4	PRIMARY_K50_50	196	0.0196
PRIMARY_K50	BRCA2	MALT1	34	0.26755516046976163	4	4	PRIMARY_K50_50	174	0.0174
PRIMARY_K50	BRCA2	RALA	35	0.2723915795403379	4	4	PRIMARY_K50_50	206	0.0206
PRIMARY_K50	BRCA2	CSNK1A1	36	0.2751644100488545	4	4	PRIMARY_K50_50	179	0.0179
PRIMARY_K50	BRCA2	AP3S1	37	0.2791078305419321	4	4	PRIMARY_K50_50	180	0.018
PRIMARY_K50	BRCA2	IFI16	38	0.2835061705084776	4	4	PRIMARY_K50_50	194	0.0194
PRIMARY_K50	BRCA2	RAB38	39	0.28568360647264546	4	4	PRIMARY_K50_50	207	0.0207
PRIMARY_K50	BRCA2	MRE11	40	0.28644650159422563	4	4	PRIMARY_K50_50	184	0.0184
PRIMARY_K50	BRCA2	OPN3	41	0.28764410486197156	4	4	PRIMARY_K50_50	216	0.0216
PRIMARY_K50	BRCA2	CEP63	42	0.29561184546955904	4	4	PRIMARY_K50_50	212	0.0212
PRIMARY_K50	BRCA2	CCDC66	43	0.2972829741124657	4	4	PRIMARY_K50_50	199	0.0199
PRIMARY_K50	BRCA2	NCK1	44	0.2992536057980971	4	4	PRIMARY_K50_50	208	0.0208
PRIMARY_K50	BRCA2	USP8	45	0.29950326800133775	4	4	PRIMARY_K50_50	216	0.0216
PRIMARY_K50	BRCA2	BARD1	46	0.3040577509383022	4	4	PRIMARY_K50_50	207	0.0207
PRIMARY_K50	BRCA2	IRAK3	47	0.30459664835056227	4	4	PRIMARY_K50_50	209	0.0209
PRIMARY_K50	BRCA2	KDM1A	48	0.3052830297106573	4	4	PRIMARY_K50_50	222	0.0222
PRIMARY_K50	BRCA2	NUP107	49	0.3084442329979338	4	4	PRIMARY_K50_50	212	0.0212
PRIMARY_K50	BRCA2	NUP133	50	0.3093273152702209	4	4	PRIMARY_K50_50	218	0.0218
PRIMARY_K50	C4B	DEDD2	1	0.06379885998511337	3	3	PRIMARY_K50_50	191	0.0191
PRIMARY_K50	C4B	TMEM161A	2	0.09923958159313727	3	3	PRIMARY_K50_50	210	0.021
PRIMARY_K50	C4B	GDF6	3	0.10582563436269392	3	3	PRIMARY_K50_50	191	0.0191
PRIMARY_K50	C4B	RSPH6A	4	0.11550863571719908	3	3	PRIMARY_K50_50	191	0.0191
PRIMARY_K50	C4B	RAB4B	5	0.11707754212289773	3	3	PRIMARY_K50_50	216	0.0216
PRIMARY_K50	C4B	CFB	6	0.12100894843822188	3	3	PRIMARY_K50_50	184	0.0184
PRIMARY_K50	C4B	ETFB	7	0.12151145453175985	3	3	PRIMARY_K50_50	211	0.0211
PRIMARY_K50	C4B	DVL3	8	0.12913403265546372	3	3	PRIMARY_K50_50	189	0.0189
PRIMARY_K50	C4B	MTCH1	9	0.13052355702440335	3	3	PRIMARY_K50_50	235	0.0235
PRIMARY_K50	C4B	C4A	10	0.13732629134304028	3	3	PRIMARY_K50_50	179	0.0179
PRIMARY_K50	C4B	MESP2	11	0.14234959104944678	3	3	PRIMARY_K50_50	204	0.0204
PRIMARY_K50	C4B	CLTB	12	0.14599756339459777	3	3	PRIMARY_K50_50	186	0.0186
PRIMARY_K50	C4B	GGT5	13	0.14649995388240855	3	3	PRIMARY_K50_50	203	0.0203
PRIMARY_K50	C4B	ST6GALNAC6	14	0.15457035834857152	3	3	PRIMARY_K50_50	208	0.0208
PRIMARY_K50	C4B	ARHGAP1	15	0.15614693737359012	3	3	PRIMARY_K50_50	182	0.0182
PRIMARY_K50	C4B	SLC5A5	16	0.1632272907563125	3	3	PRIMARY_K50_50	219	0.0219
PRIMARY_K50	C4B	AFMID	17	0.16515954780063477	3	3	PRIMARY_K50_50	217	0.0217
PRIMARY_K50	C4B	NUMBL	18	0.16834759868062163	3	3	PRIMARY_K50_50	222	0.0222
PRIMARY_K50	C4B	ALOXE3	19	0.16892507172441357	3	3	PRIMARY_K50_50	204	0.0204
PRIMARY_K50	C4B	TMEM175	20	0.1710255547897169	3	3	PRIMARY_K50_50	197	0.0197
PRIMARY_K50	C4B	RASIP1	21	0.1735865651340501	3	3	PRIMARY_K50_50	197	0.0197
PRIMARY_K50	C4B	VMA12	22	0.17492112264713278	3	3	PRIMARY_K50_50	198	0.0198
PRIMARY_K50	C4B	GUSB	23	0.1757047656999734	3	3	PRIMARY_K50_50	221	0.0221
PRIMARY_K50	C4B	CAVIN1	24	0.17710767570603184	3	3	PRIMARY_K50_50	186	0.0186
PRIMARY_K50	C4B	SNRNP70	25	0.17789522982571943	3	3	PRIMARY_K50_50	186	0.0186
PRIMARY_K50	C4B	MDH2	26	0.1786050269875806	3	3	PRIMARY_K50_50	197	0.0197
PRIMARY_K50	C4B	ZNF335	27	0.18065140364053645	3	3	PRIMARY_K50_50	185	0.0185
PRIMARY_K50	C4B	SEPTIN4	28	0.1858078535785527	3	3	PRIMARY_K50_50	229	0.0229
PRIMARY_K50	C4B	MVK	29	0.1905100224593507	3	3	PRIMARY_K50_50	203	0.0203
PRIMARY_K50	C4B	EIF3B	30	0.19132725216910862	3	3	PRIMARY_K50_50	219	0.0219
PRIMARY_K50	C4B	GCDH	31	0.19433611966258318	3	3	PRIMARY_K50_50	192	0.0192
PRIMARY_K50	C4B	DRC4	32	0.19437641881411538	3	3	PRIMARY_K50_50	196	0.0196
PRIMARY_K50	C4B	ECSIT	33	0.19700757149456957	3	3	PRIMARY_K50_50	206	0.0206
PRIMARY_K50	C4B	CABP1	34	0.19716770589154647	3	3	PRIMARY_K50_50	216	0.0216
PRIMARY_K50	C4B	CHRNA2	35	0.19743772453901742	3	3	PRIMARY_K50_50	208	0.0208
PRIMARY_K50	C4B	RBCK1	36	0.19761288369054802	3	3	PRIMARY_K50_50	200	0.02
PRIMARY_K50	C4B	CTSB	37	0.19766614685779962	3	3	PRIMARY_K50_50	223	0.0223
PRIMARY_K50	C4B	NECTIN4	38	0.20033404853514744	3	3	PRIMARY_K50_50	178	0.0178
PRIMARY_K50	C4B	ITPKC	39	0.20430688861883975	3	3	PRIMARY_K50_50	179	0.0179
PRIMARY_K50	C4B	CAPG	40	0.20621026546672178	3	3	PRIMARY_K50_50	173	0.0173
PRIMARY_K50	C4B	CD5	41	0.2089564304710636	3	3	PRIMARY_K50_50	182	0.0182
PRIMARY_K50	C4B	PTTG1IP	42	0.20901661297237883	3	3	PRIMARY_K50_50	200	0.02
PRIMARY_K50	C4B	VPS51	43	0.2113036429970725	3	3	PRIMARY_K50_50	199	0.0199
PRIMARY_K50	C4B	GUCA1A	44	0.2116109407477112	3	3	PRIMARY_K50_50	189	0.0189
PRIMARY_K50	C4B	UBQLN4	45	0.21385393339709607	3	3	PRIMARY_K50_50	219	0.0219
PRIMARY_K50	C4B	ITGAX	46	0.21758782588206912	3	3	PRIMARY_K50_50	214	0.0214
PRIMARY_K50	C4B	MCM5	47	0.21942362349457653	3	3	PRIMARY_K50_50	187	0.0187
PRIMARY_K50	C4B	AMER1	48	0.219723653396072	3	3	PRIMARY_K50_50	195	0.0195
PRIMARY_K50	C4B	LILRB3	49	0.2201697147154543	3	3	PRIMARY_K50_50	197	0.0197
PRIMARY_K50	C4B	CSF2RB	50	0.22342008528457505	3	3	PRIMARY_K50_50	187	0.0187
PRIMARY_K50	CARD11	SH3PXD2B	1	0.1325570786593115	5	5	PRIMARY_K50_50	184	0.0184
PRIMARY_K50	CARD11	ST3GAL1	2	0.13259696661657117	5	5	PRIMARY_K50_50	197	0.0197
PRIMARY_K50	CARD11	ARHGEF10	3	0.13983903018337038	5	5	PRIMARY_K50_50	212	0.0212
PRIMARY_K50	CARD11	SYT2	4	0.14912669670809794	5	5	PRIMARY_K50_50	220	0.022
PRIMARY_K50	CARD11	DLG5	5	0.1519475719594987	5	5	PRIMARY_K50_50	207	0.0207
PRIMARY_K50	CARD11	GNAO1	6	0.1616663183044608	5	5	PRIMARY_K50_50	211	0.0211
PRIMARY_K50	CARD11	NDUFA10	7	0.17048574381517687	5	5	PRIMARY_K50_50	220	0.022
PRIMARY_K50	CARD11	SULF2	8	0.1799864792168679	5	5	PRIMARY_K50_50	194	0.0194
PRIMARY_K50	CARD11	KDM2B	9	0.20417822516367684	5	5	PRIMARY_K50_50	209	0.0209
PRIMARY_K50	CARD11	RAPGEF1	10	0.2130928107862598	5	5	PRIMARY_K50_50	201	0.0201
PRIMARY_K50	CARD11	CAPZB	11	0.21801861350977228	5	5	PRIMARY_K50_50	195	0.0195
PRIMARY_K50	CARD11	CACNG2	12	0.23251308324024103	5	5	PRIMARY_K50_50	197	0.0197
PRIMARY_K50	CARD11	SUFU	13	0.2387844376383039	5	5	PRIMARY_K50_50	194	0.0194
PRIMARY_K50	CARD11	LOXL2	14	0.24211824836972679	5	5	PRIMARY_K50_50	186	0.0186
PRIMARY_K50	CARD11	WHRN	15	0.24330676738580678	5	5	PRIMARY_K50_50	197	0.0197
PRIMARY_K50	CARD11	CSNK1E	16	0.24694571125405393	5	5	PRIMARY_K50_50	217	0.0217
PRIMARY_K50	CARD11	FOXK2	17	0.25144545096355353	5	5	PRIMARY_K50_50	200	0.02
PRIMARY_K50	CARD11	SCNN1B	18	0.25330275301876615	5	5	PRIMARY_K50_50	199	0.0199
PRIMARY_K50	CARD11	MYH11	19	0.26304379127035105	5	5	PRIMARY_K50_50	203	0.0203
PRIMARY_K50	CARD11	DGKD	20	0.263805530421172	5	5	PRIMARY_K50_50	183	0.0183
PRIMARY_K50	CARD11	PXDN	21	0.2651919552532974	5	5	PRIMARY_K50_50	231	0.0231
PRIMARY_K50	CARD11	CHFR	22	0.26618659827323576	5	5	PRIMARY_K50_50	203	0.0203
PRIMARY_K50	CARD11	MYH14	23	0.274469069076783	5	5	PRIMARY_K50_50	209	0.0209
PRIMARY_K50	CARD11	NEURL1	24	0.2750852749031504	5	5	PRIMARY_K50_50	194	0.0194
PRIMARY_K50	CARD11	NFATC2	25	0.2775128360167691	5	5	PRIMARY_K50_50	215	0.0215
PRIMARY_K50	CARD11	ADCY9	26	0.29144464531628084	5	5	PRIMARY_K50_50	222	0.0222
PRIMARY_K50	CARD11	VDR	27	0.3019604877059365	5	5	PRIMARY_K50_50	210	0.021
PRIMARY_K50	CARD11	FOXK1	28	0.3070346929940051	5	5	PRIMARY_K50_50	183	0.0183
PRIMARY_K50	CARD11	SLC24A4	29	0.3136786921713862	5	5	PRIMARY_K50_50	207	0.0207
PRIMARY_K50	CARD11	PDE9A	30	0.3221162716261174	5	5	PRIMARY_K50_50	194	0.0194
PRIMARY_K50	CARD11	GNG4	31	0.3241511703473296	5	5	PRIMARY_K50_50	194	0.0194
PRIMARY_K50	CARD11	NTN1	32	0.32772800902990434	5	5	PRIMARY_K50_50	172	0.0172
PRIMARY_K50	CARD11	DAAM2	33	0.3280660829553944	5	5	PRIMARY_K50_50	201	0.0201
PRIMARY_K50	CARD11	LPIN1	34	0.32877647999199566	5	5	PRIMARY_K50_50	192	0.0192
PRIMARY_K50	CARD11	CYFIP1	35	0.3289832841377604	5	5	PRIMARY_K50_50	183	0.0183
PRIMARY_K50	CARD11	NLRP1	36	0.32919431798601584	5	5	PRIMARY_K50_50	190	0.019
PRIMARY_K50	CARD11	PREX1	37	0.33159020320714644	5	5	PRIMARY_K50_50	182	0.0182
PRIMARY_K50	CARD11	SPTBN4	38	0.3321805904435888	5	5	PRIMARY_K50_50	201	0.0201
PRIMARY_K50	CARD11	SLIT1	39	0.333343725373985	5	5	PRIMARY_K50_50	185	0.0185
PRIMARY_K50	CARD11	ABCC1	40	0.3402922502697592	5	5	PRIMARY_K50_50	177	0.0177
PRIMARY_K50	CARD11	ITGB5	41	0.350951358793914	5	5	PRIMARY_K50_50	188	0.0188
PRIMARY_K50	CARD11	COL4A2	42	0.35167747400319155	5	5	PRIMARY_K50_50	181	0.0181
PRIMARY_K50	CARD11	PPARGC1B	43	0.35787965249176124	5	5	PRIMARY_K50_50	191	0.0191
PRIMARY_K50	CARD11	ADCY1	44	0.37252273280494136	5	5	PRIMARY_K50_50	214	0.0214
PRIMARY_K50	CARD11	TMOD1	45	0.3779641493027703	5	5	PRIMARY_K50_50	221	0.0221
PRIMARY_K50	CARD11	ECE1	46	0.3820951844990647	5	5	PRIMARY_K50_50	186	0.0186
PRIMARY_K50	CARD11	RGS9	47	0.3849388001782712	5	5	PRIMARY_K50_50	219	0.0219
PRIMARY_K50	CARD11	WNT5B	48	0.3861720304699734	5	5	PRIMARY_K50_50	199	0.0199
PRIMARY_K50	CARD11	CRHR1	49	0.386278436549705	5	5	PRIMARY_K50_50	226	0.0226
PRIMARY_K50	CARD11	PITPNM2	50	0.3906658640924079	5	5	PRIMARY_K50_50	204	0.0204
PRIMARY_K50	CHD7	AR	1	0.10471238216966942	5	5	PRIMARY_K50_50	194	0.0194
PRIMARY_K50	CHD7	ADAMTS9	2	0.110645300833431	5	5	PRIMARY_K50_50	220	0.022
PRIMARY_K50	CHD7	DOCK11	3	0.1319118575068708	5	5	PRIMARY_K50_50	232	0.0232
PRIMARY_K50	CHD7	SLC25A13	4	0.14306702309713065	5	5	PRIMARY_K50_50	190	0.019
PRIMARY_K50	CHD7	GNG2	5	0.14789802258125892	5	5	PRIMARY_K50_50	229	0.0229
PRIMARY_K50	CHD7	BTRC	6	0.15784324868821084	5	5	PRIMARY_K50_50	201	0.0201
PRIMARY_K50	CHD7	SH3GL2	7	0.15980275507110786	5	5	PRIMARY_K50_50	168	0.0168
PRIMARY_K50	CHD7	PRLR	8	0.16406142363778023	5	5	PRIMARY_K50_50	169	0.0169
PRIMARY_K50	CHD7	FSHR	9	0.1672949839437461	5	5	PRIMARY_K50_50	203	0.0203
PRIMARY_K50	CHD7	CDKL5	10	0.17017248908201044	5	5	PRIMARY_K50_50	181	0.0181
PRIMARY_K50	CHD7	SETD2	11	0.17061964038015437	5	5	PRIMARY_K50_50	226	0.0226
PRIMARY_K50	CHD7	GIGYF2	12	0.1717760124160432	5	5	PRIMARY_K50_50	222	0.0222
PRIMARY_K50	CHD7	FIRRM	13	0.17302001839303152	5	5	PRIMARY_K50_50	179	0.0179
PRIMARY_K50	CHD7	TAB2	14	0.17754372348154734	5	5	PRIMARY_K50_50	197	0.0197
PRIMARY_K50	CHD7	GTF2F2	15	0.1882064852607562	5	5	PRIMARY_K50_50	199	0.0199
PRIMARY_K50	CHD7	UGT1A1	16	0.1910671056544231	5	5	PRIMARY_K50_50	204	0.0204
PRIMARY_K50	CHD7	AP2B1	17	0.19258641117166825	5	5	PRIMARY_K50_50	196	0.0196
PRIMARY_K50	CHD7	NPSR1	18	0.19658606322396546	5	5	PRIMARY_K50_50	175	0.0175
PRIMARY_K50	CHD7	SULF1	19	0.19700645922950144	5	5	PRIMARY_K50_50	196	0.0196
PRIMARY_K50	CHD7	TAOK1	20	0.19938935291878276	5	5	PRIMARY_K50_50	217	0.0217
PRIMARY_K50	CHD7	MCU	21	0.20023018242555832	5	5	PRIMARY_K50_50	202	0.0202
PRIMARY_K50	CHD7	DYRK1A	22	0.20176566155666462	5	5	PRIMARY_K50_50	213	0.0213
PRIMARY_K50	CHD7	CLNK	23	0.20229937988813487	5	5	PRIMARY_K50_50	189	0.0189
PRIMARY_K50	CHD7	SHTN1	24	0.2103039558741242	5	5	PRIMARY_K50_50	206	0.0206
PRIMARY_K50	CHD7	SMARCA2	25	0.21763749429047052	5	5	PRIMARY_K50_50	213	0.0213
PRIMARY_K50	CHD7	GRHL2	26	0.2193465659687264	5	5	PRIMARY_K50_50	206	0.0206
PRIMARY_K50	CHD7	PPM1E	27	0.2207146691844034	5	5	PRIMARY_K50_50	193	0.0193
PRIMARY_K50	CHD7	PDE8B	28	0.22139442564696743	5	5	PRIMARY_K50_50	205	0.0205
PRIMARY_K50	CHD7	CDKL3	29	0.22670602855503333	5	5	PRIMARY_K50_50	225	0.0225
PRIMARY_K50	CHD7	PBRM1	30	0.22899091996021656	5	5	PRIMARY_K50_50	219	0.0219
PRIMARY_K50	CHD7	HUWE1	31	0.22910912149407822	5	5	PRIMARY_K50_50	211	0.0211
PRIMARY_K50	CHD7	RYK	32	0.23305643129109702	5	5	PRIMARY_K50_50	203	0.0203
PRIMARY_K50	CHD7	UBR5	33	0.23308201880224588	5	5	PRIMARY_K50_50	192	0.0192
PRIMARY_K50	CHD7	MAP2K5	34	0.23344044030881045	5	5	PRIMARY_K50_50	196	0.0196
PRIMARY_K50	CHD7	SLC39A8	35	0.23351315960580746	5	5	PRIMARY_K50_50	182	0.0182
PRIMARY_K50	CHD7	CPEB3	36	0.2345068001789288	5	5	PRIMARY_K50_50	168	0.0168
PRIMARY_K50	CHD7	ARFGEF1	37	0.2401764192666764	5	5	PRIMARY_K50_50	194	0.0194
PRIMARY_K50	CHD7	PIP4K2A	38	0.24276231222805225	5	5	PRIMARY_K50_50	190	0.019
PRIMARY_K50	CHD7	MAP3K20	39	0.24281829680910913	5	5	PRIMARY_K50_50	212	0.0212
PRIMARY_K50	CHD7	KIF2A	40	0.2438041581488767	5	5	PRIMARY_K50_50	189	0.0189
PRIMARY_K50	CHD7	MTMR3	41	0.2438186152409813	5	5	PRIMARY_K50_50	205	0.0205
PRIMARY_K50	CHD7	AGO3	42	0.24425047284060747	5	5	PRIMARY_K50_50	231	0.0231
PRIMARY_K50	CHD7	SMARCC1	43	0.24568880315745661	5	5	PRIMARY_K50_50	213	0.0213
PRIMARY_K50	CHD7	TJP1	44	0.24799694634130456	5	5	PRIMARY_K50_50	208	0.0208
PRIMARY_K50	CHD7	PARN	45	0.25007883465234426	5	5	PRIMARY_K50_50	180	0.018
PRIMARY_K50	CHD7	PIK3C2A	46	0.25208190692534344	5	5	PRIMARY_K50_50	189	0.0189
PRIMARY_K50	CHD7	CD226	47	0.25318794259612415	5	5	PRIMARY_K50_50	184	0.0184
PRIMARY_K50	CHD7	OPRM1	48	0.25628906648841837	5	5	PRIMARY_K50_50	210	0.021
PRIMARY_K50	CHD7	POLD3	49	0.25780045736467083	5	5	PRIMARY_K50_50	187	0.0187
PRIMARY_K50	CHD7	HTR4	50	0.2591175143053631	5	5	PRIMARY_K50_50	187	0.0187
PRIMARY_K50	CORO1A	PNPLA2	1	0.04990864804015046	1	1	PRIMARY_K50_50	194	0.0194
PRIMARY_K50	CORO1A	CORO1B	2	0.09820389743749937	1	1	PRIMARY_K50_50	206	0.0206
PRIMARY_K50	CORO1A	MAPK11	3	0.14754720000581945	1	1	PRIMARY_K50_50	209	0.0209
PRIMARY_K50	CORO1A	CDT1	4	0.14799992347621072	1	1	PRIMARY_K50_50	200	0.02
PRIMARY_K50	CORO1A	NLRP6	5	0.15048549217996354	1	1	PRIMARY_K50_50	209	0.0209
PRIMARY_K50	CORO1A	MAPK15	6	0.20921495988450756	1	1	PRIMARY_K50_50	211	0.0211
PRIMARY_K50	CORO1A	GNB2	7	0.22800932619467973	1	1	PRIMARY_K50_50	197	0.0197
PRIMARY_K50	CORO1A	VPS28	8	0.23248749801873997	1	1	PRIMARY_K50_50	195	0.0195
PRIMARY_K50	CORO1A	CENPX	9	0.23373795951597337	1	1	PRIMARY_K50_50	205	0.0205
PRIMARY_K50	CORO1A	ADM2	10	0.2559657518749692	1	1	PRIMARY_K50_50	215	0.0215
PRIMARY_K50	CORO1A	AVPR2	11	0.27992285598039446	1	1	PRIMARY_K50_50	173	0.0173
PRIMARY_K50	CORO1A	VPS37D	12	0.2847212683364255	1	1	PRIMARY_K50_50	197	0.0197
PRIMARY_K50	CORO1A	ACHE	13	0.2952586381324433	1	1	PRIMARY_K50_50	205	0.0205
PRIMARY_K50	CORO1A	CYP2D6	14	0.3236887261714765	1	1	PRIMARY_K50_50	208	0.0208
PRIMARY_K50	CORO1A	CLDN5	15	0.32664012069945164	1	1	PRIMARY_K50_50	209	0.0209
PRIMARY_K50	CORO1A	FSTL3	16	0.3273021313895413	1	1	PRIMARY_K50_50	203	0.0203
PRIMARY_K50	CORO1A	GPIHBP1	17	0.32988980561615205	1	1	PRIMARY_K50_50	202	0.0202
PRIMARY_K50	CORO1A	PRAP1	18	0.3310310520965365	1	1	PRIMARY_K50_50	202	0.0202
PRIMARY_K50	CORO1A	CBX4	19	0.336102897612969	1	1	PRIMARY_K50_50	170	0.017
PRIMARY_K50	CORO1A	RILP	20	0.35374967775341903	1	1	PRIMARY_K50_50	187	0.0187
PRIMARY_K50	CORO1A	GNAT1	21	0.3586706508116918	1	1	PRIMARY_K50_50	198	0.0198
PRIMARY_K50	CORO1A	NKX2-1	22	0.3780498445199048	1	1	PRIMARY_K50_50	207	0.0207
PRIMARY_K50	CORO1A	TYMP	23	0.3791171450126163	1	1	PRIMARY_K50_50	210	0.021
PRIMARY_K50	CORO1A	SOX12	24	0.3989802200976756	1	1	PRIMARY_K50_50	199	0.0199
PRIMARY_K50	CORO1A	GAS2L1	25	0.39961072483144994	1	1	PRIMARY_K50_50	188	0.0188
PRIMARY_K50	CORO1A	IRX3	26	0.40275263986044485	1	1	PRIMARY_K50_50	182	0.0182
PRIMARY_K50	CORO1A	KCNJ11	27	0.403558884547371	1	1	PRIMARY_K50_50	195	0.0195
PRIMARY_K50	CORO1A	ARC	28	0.40542970930716893	1	1	PRIMARY_K50_50	190	0.019
PRIMARY_K50	CORO1A	FOXA2	29	0.41305212679236203	1	1	PRIMARY_K50_50	211	0.0211
PRIMARY_K50	CORO1A	MRGPRE	30	0.42608355225567063	1	1	PRIMARY_K50_50	230	0.023
PRIMARY_K50	CORO1A	ZNF703	31	0.442955083513059	1	1	PRIMARY_K50_50	213	0.0213
PRIMARY_K50	CORO1A	CPTP	32	0.4478630742976267	1	1	PRIMARY_K50_50	194	0.0194
PRIMARY_K50	CORO1A	HOXD11	33	0.4504838937482725	1	1	PRIMARY_K50_50	178	0.0178
PRIMARY_K50	CORO1A	ADRM1	34	0.455403872374194	1	1	PRIMARY_K50_50	185	0.0185
PRIMARY_K50	CORO1A	IL11	35	0.4600127078210176	1	1	PRIMARY_K50_50	222	0.0222
PRIMARY_K50	CORO1A	WDR24	36	0.46161387205847143	1	1	PRIMARY_K50_50	205	0.0205
PRIMARY_K50	CORO1A	MLST8	37	0.461969188824984	1	1	PRIMARY_K50_50	199	0.0199
PRIMARY_K50	CORO1A	ENDOG	38	0.46576427503263174	1	1	PRIMARY_K50_50	201	0.0201
PRIMARY_K50	CORO1A	FXYD1	39	0.48890838923147517	1	1	PRIMARY_K50_50	188	0.0188
PRIMARY_K50	CORO1A	KLF2	40	0.49747932996994165	1	1	PRIMARY_K50_50	167	0.0167
PRIMARY_K50	CORO1A	MUC1	41	0.4987499724855531	1	1	PRIMARY_K50_50	197	0.0197
PRIMARY_K50	CORO1A	PRRT2	42	0.49885656132753486	1	1	PRIMARY_K50_50	216	0.0216
PRIMARY_K50	CORO1A	P2RX2	43	0.510837745093431	1	1	PRIMARY_K50_50	203	0.0203
PRIMARY_K50	CORO1A	FGF17	44	0.5110132767617763	1	1	PRIMARY_K50_50	171	0.0171
PRIMARY_K50	CORO1A	FOXL2	45	0.5177565032414378	1	1	PRIMARY_K50_50	212	0.0212
PRIMARY_K50	CORO1A	ATP5F1D	46	0.5198152633427149	1	1	PRIMARY_K50_50	222	0.0222
PRIMARY_K50	CORO1A	CYP2W1	47	0.5201144840101113	1	1	PRIMARY_K50_50	185	0.0185
PRIMARY_K50	CORO1A	IRF7	48	0.5253878559012406	1	1	PRIMARY_K50_50	216	0.0216
PRIMARY_K50	CORO1A	ACD	49	0.5286008789368537	1	1	PRIMARY_K50_50	195	0.0195
PRIMARY_K50	CORO1A	SLC32A1	50	0.5316144254178329	1	1	PRIMARY_K50_50	224	0.0224
PRIMARY_K50	DOCK8	CACNB4	1	0.04427689843706427	5	5	PRIMARY_K50_50	210	0.021
PRIMARY_K50	DOCK8	COMMD1	2	0.09010175923339463	5	5	PRIMARY_K50_50	195	0.0195
PRIMARY_K50	DOCK8	PDE8B	3	0.09356278729774994	5	5	PRIMARY_K50_50	206	0.0206
PRIMARY_K50	DOCK8	CPEB3	4	0.09555619746474647	5	5	PRIMARY_K50_50	197	0.0197
PRIMARY_K50	DOCK8	STIM1	5	0.13534129430956499	5	5	PRIMARY_K50_50	197	0.0197
PRIMARY_K50	DOCK8	SRPK2	6	0.14956616546267845	5	5	PRIMARY_K50_50	206	0.0206
PRIMARY_K50	DOCK8	BMPER	7	0.15549619146561394	5	5	PRIMARY_K50_50	206	0.0206
PRIMARY_K50	DOCK8	CLNK	8	0.15585313173763385	5	5	PRIMARY_K50_50	198	0.0198
PRIMARY_K50	DOCK8	DOCK5	9	0.1559563517310448	5	5	PRIMARY_K50_50	200	0.02
PRIMARY_K50	DOCK8	ITSN1	10	0.15951312224593892	5	5	PRIMARY_K50_50	216	0.0216
PRIMARY_K50	DOCK8	PARN	11	0.16876829734938165	5	5	PRIMARY_K50_50	210	0.021
PRIMARY_K50	DOCK8	TNRC6B	12	0.17623417453995563	5	5	PRIMARY_K50_50	206	0.0206
PRIMARY_K50	DOCK8	GAB2	13	0.18596745682742422	5	5	PRIMARY_K50_50	204	0.0204
PRIMARY_K50	DOCK8	ABCC4	14	0.19335458425064397	5	5	PRIMARY_K50_50	199	0.0199
PRIMARY_K50	DOCK8	KIF5C	15	0.2014230161928139	5	5	PRIMARY_K50_50	201	0.0201
PRIMARY_K50	DOCK8	TJP1	16	0.20589199167859923	5	5	PRIMARY_K50_50	205	0.0205
PRIMARY_K50	DOCK8	ZNF365	17	0.20878963164122033	5	5	PRIMARY_K50_50	181	0.0181
PRIMARY_K50	DOCK8	SPTBN1	18	0.21177595711444042	5	5	PRIMARY_K50_50	212	0.0212
PRIMARY_K50	DOCK8	NSMCE2	19	0.21251329747005968	5	5	PRIMARY_K50_50	221	0.0221
PRIMARY_K50	DOCK8	KIF13A	20	0.22163224683540012	5	5	PRIMARY_K50_50	184	0.0184
PRIMARY_K50	DOCK8	KIF16B	21	0.22471367235240441	5	5	PRIMARY_K50_50	195	0.0195
PRIMARY_K50	DOCK8	MAPKAP1	22	0.22840350863608566	5	5	PRIMARY_K50_50	201	0.0201
PRIMARY_K50	DOCK8	PIP4K2A	23	0.2344735740133777	5	5	PRIMARY_K50_50	202	0.0202
PRIMARY_K50	DOCK8	ARHGAP44	24	0.23838580306575705	5	5	PRIMARY_K50_50	192	0.0192
PRIMARY_K50	DOCK8	UNC13B	25	0.24087811729142516	5	5	PRIMARY_K50_50	189	0.0189
PRIMARY_K50	DOCK8	CDKL5	26	0.24219671852434782	5	5	PRIMARY_K50_50	177	0.0177
PRIMARY_K50	DOCK8	ATG7	27	0.2433405565656414	5	5	PRIMARY_K50_50	218	0.0218
PRIMARY_K50	DOCK8	KANK1	28	0.24622621210281367	5	5	PRIMARY_K50_50	192	0.0192
PRIMARY_K50	DOCK8	SLC24A2	29	0.246426328974546	5	5	PRIMARY_K50_50	221	0.0221
PRIMARY_K50	DOCK8	POLD3	30	0.24847237533257346	5	5	PRIMARY_K50_50	190	0.019
PRIMARY_K50	DOCK8	SMARCC1	31	0.25119903251911047	5	5	PRIMARY_K50_50	193	0.0193
PRIMARY_K50	DOCK8	SPIRE1	32	0.25149000384600206	5	5	PRIMARY_K50_50	215	0.0215
PRIMARY_K50	DOCK8	SASH1	33	0.2515239675760903	5	5	PRIMARY_K50_50	189	0.0189
PRIMARY_K50	DOCK8	TRPC5	34	0.2552239971420712	5	5	PRIMARY_K50_50	203	0.0203
PRIMARY_K50	DOCK8	MAP2K5	35	0.2565128606610342	5	5	PRIMARY_K50_50	203	0.0203
PRIMARY_K50	DOCK8	UPP2	36	0.26076846954994964	5	5	PRIMARY_K50_50	204	0.0204
PRIMARY_K50	DOCK8	PLCE1	37	0.260894768344953	5	5	PRIMARY_K50_50	222	0.0222
PRIMARY_K50	DOCK8	BASP1	38	0.2639338261142466	5	5	PRIMARY_K50_50	203	0.0203
PRIMARY_K50	DOCK8	MTHFD1L	39	0.26413768195299486	5	5	PRIMARY_K50_50	190	0.019
PRIMARY_K50	DOCK8	NPSR1	40	0.26648378855902966	5	5	PRIMARY_K50_50	170	0.017
PRIMARY_K50	DOCK8	PPM1E	41	0.2686030042278719	5	5	PRIMARY_K50_50	185	0.0185
PRIMARY_K50	DOCK8	GRHL2	42	0.26993466267594585	5	5	PRIMARY_K50_50	202	0.0202
PRIMARY_K50	DOCK8	RYK	43	0.2783085684422237	5	5	PRIMARY_K50_50	211	0.0211
PRIMARY_K50	DOCK8	NOS1AP	44	0.2788541233741391	5	5	PRIMARY_K50_50	192	0.0192
PRIMARY_K50	DOCK8	WWTR1	45	0.2829398954332746	5	5	PRIMARY_K50_50	189	0.0189
PRIMARY_K50	DOCK8	CDKL3	46	0.28539150057980267	5	5	PRIMARY_K50_50	200	0.02
PRIMARY_K50	DOCK8	PRKCH	47	0.28705927455810587	5	5	PRIMARY_K50_50	212	0.0212
PRIMARY_K50	DOCK8	SVIL	48	0.28711974756024683	5	5	PRIMARY_K50_50	178	0.0178
PRIMARY_K50	DOCK8	SLC1A2	49	0.2911163124227534	5	5	PRIMARY_K50_50	188	0.0188
PRIMARY_K50	DOCK8	TMEM108	50	0.29129043789076725	5	5	PRIMARY_K50_50	220	0.022
PRIMARY_K50	ERBIN	NLK	1	0.04897138151082643	5	5	PRIMARY_K50_50	200	0.02
PRIMARY_K50	ERBIN	SMCHD1	2	0.06562600438211447	5	5	PRIMARY_K50_50	208	0.0208
PRIMARY_K50	ERBIN	RIC1	3	0.06653437728996496	5	5	PRIMARY_K50_50	219	0.0219
PRIMARY_K50	ERBIN	CHRM2	4	0.08270551290037624	5	5	PRIMARY_K50_50	180	0.018
PRIMARY_K50	ERBIN	LIN7A	5	0.08616297583212983	5	5	PRIMARY_K50_50	182	0.0182
PRIMARY_K50	ERBIN	CNOT4	6	0.08674200429608	5	5	PRIMARY_K50_50	193	0.0193
PRIMARY_K50	ERBIN	ATP2C1	7	0.09044714917750607	5	5	PRIMARY_K50_50	214	0.0214
PRIMARY_K50	ERBIN	ANKRD31	8	0.09499611968539169	5	5	PRIMARY_K50_50	214	0.0214
PRIMARY_K50	ERBIN	STIM2	9	0.11175251864325401	5	5	PRIMARY_K50_50	227	0.0227
PRIMARY_K50	ERBIN	SMC6	10	0.11571101106459318	5	5	PRIMARY_K50_50	197	0.0197
PRIMARY_K50	ERBIN	ANAPC10	11	0.11783756813681517	5	5	PRIMARY_K50_50	202	0.0202
PRIMARY_K50	ERBIN	EYA1	12	0.11825866263260991	5	5	PRIMARY_K50_50	202	0.0202
PRIMARY_K50	ERBIN	HOMER1	13	0.1258880265418623	5	5	PRIMARY_K50_50	209	0.0209
PRIMARY_K50	ERBIN	KYNU	14	0.12711814974460361	5	5	PRIMARY_K50_50	193	0.0193
PRIMARY_K50	ERBIN	EPS15	15	0.1278042900958931	5	5	PRIMARY_K50_50	177	0.0177
PRIMARY_K50	ERBIN	ZDHHC15	16	0.14246641345678843	5	5	PRIMARY_K50_50	184	0.0184
PRIMARY_K50	ERBIN	ITGA1	17	0.14361307917396204	5	5	PRIMARY_K50_50	222	0.0222
PRIMARY_K50	ERBIN	HSD17B4	18	0.14673712067387312	5	5	PRIMARY_K50_50	191	0.0191
PRIMARY_K50	ERBIN	FNIP1	19	0.14987015763762682	5	5	PRIMARY_K50_50	223	0.0223
PRIMARY_K50	ERBIN	ADAM23	20	0.15540638031331874	5	5	PRIMARY_K50_50	208	0.0208
PRIMARY_K50	ERBIN	RAB27B	21	0.1557735128135708	5	5	PRIMARY_K50_50	175	0.0175
PRIMARY_K50	ERBIN	KIF21A	22	0.15635096788630723	5	5	PRIMARY_K50_50	197	0.0197
PRIMARY_K50	ERBIN	ATF6	23	0.1601656841000497	5	5	PRIMARY_K50_50	182	0.0182
PRIMARY_K50	ERBIN	MAP2K4	24	0.16227827715632115	5	5	PRIMARY_K50_50	215	0.0215
PRIMARY_K50	ERBIN	EIF3H	25	0.16331953607574826	5	5	PRIMARY_K50_50	233	0.0233
PRIMARY_K50	ERBIN	AGTPBP1	26	0.1704744985015152	5	5	PRIMARY_K50_50	196	0.0196
PRIMARY_K50	ERBIN	SPEF2	27	0.1706881791775118	5	5	PRIMARY_K50_50	197	0.0197
PRIMARY_K50	ERBIN	TBL1XR1	28	0.17259710453632768	5	5	PRIMARY_K50_50	180	0.018
PRIMARY_K50	ERBIN	RB1CC1	29	0.17414249844277876	5	5	PRIMARY_K50_50	194	0.0194
PRIMARY_K50	ERBIN	ZEB2	30	0.17672894034844377	5	5	PRIMARY_K50_50	193	0.0193
PRIMARY_K50	ERBIN	PDE5A	31	0.17847347027654298	5	5	PRIMARY_K50_50	199	0.0199
PRIMARY_K50	ERBIN	LIN28B	32	0.17928528400934876	5	5	PRIMARY_K50_50	197	0.0197
PRIMARY_K50	ERBIN	ANKRD17	33	0.1800420000623092	5	5	PRIMARY_K50_50	202	0.0202
PRIMARY_K50	ERBIN	RORB	34	0.18093333321931906	5	5	PRIMARY_K50_50	226	0.0226
PRIMARY_K50	ERBIN	GLRA2	35	0.1830099864525045	5	5	PRIMARY_K50_50	227	0.0227
PRIMARY_K50	ERBIN	PHKA1	36	0.1831902524149458	5	5	PRIMARY_K50_50	178	0.0178
PRIMARY_K50	ERBIN	TMEM64	37	0.1837174006709516	5	5	PRIMARY_K50_50	180	0.018
PRIMARY_K50	ERBIN	RAB3GAP2	38	0.18449378589113372	5	5	PRIMARY_K50_50	209	0.0209
PRIMARY_K50	ERBIN	C14orf39	39	0.18524284210958286	5	5	PRIMARY_K50_50	207	0.0207
PRIMARY_K50	ERBIN	STK33	40	0.18728353334572745	5	5	PRIMARY_K50_50	185	0.0185
PRIMARY_K50	ERBIN	NFAT5	41	0.18883887924917975	5	5	PRIMARY_K50_50	185	0.0185
PRIMARY_K50	ERBIN	ADD3	42	0.18971335073205908	5	5	PRIMARY_K50_50	190	0.019
PRIMARY_K50	ERBIN	SLC38A9	43	0.19322445549273512	5	5	PRIMARY_K50_50	180	0.018
PRIMARY_K50	ERBIN	GOLGA4	44	0.1944932390746942	5	5	PRIMARY_K50_50	196	0.0196
PRIMARY_K50	ERBIN	NECTIN3	45	0.19823121278809536	5	5	PRIMARY_K50_50	190	0.019
PRIMARY_K50	ERBIN	AFDN	46	0.19986282495149216	5	5	PRIMARY_K50_50	223	0.0223
PRIMARY_K50	ERBIN	RPS6KA3	47	0.2013114387885453	5	5	PRIMARY_K50_50	187	0.0187
PRIMARY_K50	ERBIN	MUSK	48	0.20207644428682958	5	5	PRIMARY_K50_50	210	0.021
PRIMARY_K50	ERBIN	PAN3	49	0.20243266630033452	5	5	PRIMARY_K50_50	221	0.0221
PRIMARY_K50	ERBIN	SLC26A7	50	0.20840184440499632	5	5	PRIMARY_K50_50	201	0.0201
PRIMARY_K50	KDM6A	IPO11	1	0.048742707760331044	5	5	PRIMARY_K50_50	185	0.0185
PRIMARY_K50	KDM6A	GALK2	2	0.08143234579611888	5	5	PRIMARY_K50_50	201	0.0201
PRIMARY_K50	KDM6A	TLK1	3	0.10040467774180793	5	5	PRIMARY_K50_50	192	0.0192
PRIMARY_K50	KDM6A	EPB41L2	4	0.10697511132624268	5	5	PRIMARY_K50_50	192	0.0192
PRIMARY_K50	KDM6A	TMCC1	5	0.11185015459607249	5	5	PRIMARY_K50_50	193	0.0193
PRIMARY_K50	KDM6A	TPH2	6	0.1163811920894784	5	5	PRIMARY_K50_50	212	0.0212
PRIMARY_K50	KDM6A	CDH20	7	0.11967525479024645	5	5	PRIMARY_K50_50	209	0.0209
PRIMARY_K50	KDM6A	ZSWIM6	8	0.12032560565294327	5	5	PRIMARY_K50_50	184	0.0184
PRIMARY_K50	KDM6A	FHIP1A	9	0.12354119510114794	5	5	PRIMARY_K50_50	195	0.0195
PRIMARY_K50	KDM6A	INVS	10	0.1251292072565377	5	5	PRIMARY_K50_50	216	0.0216
PRIMARY_K50	KDM6A	VEPH1	11	0.12687704253516607	5	5	PRIMARY_K50_50	188	0.0188
PRIMARY_K50	KDM6A	MRPL33	12	0.13385268724773408	5	5	PRIMARY_K50_50	193	0.0193
PRIMARY_K50	KDM6A	CDIN1	13	0.13560002972328283	5	5	PRIMARY_K50_50	190	0.019
PRIMARY_K50	KDM6A	RAB3C	14	0.1521452513464123	5	5	PRIMARY_K50_50	203	0.0203
PRIMARY_K50	KDM6A	FAAH2	15	0.15304331289437562	5	5	PRIMARY_K50_50	228	0.0228
PRIMARY_K50	KDM6A	RTN1	16	0.15423090950513998	5	5	PRIMARY_K50_50	218	0.0218
PRIMARY_K50	KDM6A	KMT2C	17	0.15491213826431247	5	5	PRIMARY_K50_50	203	0.0203
PRIMARY_K50	KDM6A	FAR2	18	0.15523756715580198	5	5	PRIMARY_K50_50	187	0.0187
PRIMARY_K50	KDM6A	PKIB	19	0.1587980318619745	5	5	PRIMARY_K50_50	204	0.0204
PRIMARY_K50	KDM6A	RGS5	20	0.15903826026816728	5	5	PRIMARY_K50_50	193	0.0193
PRIMARY_K50	KDM6A	PHLPP1	21	0.1710464923806241	5	5	PRIMARY_K50_50	225	0.0225
PRIMARY_K50	KDM6A	PLPPR1	22	0.17342966767314502	5	5	PRIMARY_K50_50	186	0.0186
PRIMARY_K50	KDM6A	MTERF1	23	0.17986275693982368	5	5	PRIMARY_K50_50	208	0.0208
PRIMARY_K50	KDM6A	CHCHD3	24	0.18094605232374963	5	5	PRIMARY_K50_50	168	0.0168
PRIMARY_K50	KDM6A	PBX3	25	0.1826754792484779	5	5	PRIMARY_K50_50	213	0.0213
PRIMARY_K50	KDM6A	HS2ST1	26	0.1849817143307509	5	5	PRIMARY_K50_50	192	0.0192
PRIMARY_K50	KDM6A	RSPO2	27	0.19756200851863295	5	5	PRIMARY_K50_50	177	0.0177
PRIMARY_K50	KDM6A	WWC2	28	0.1983557761361436	5	5	PRIMARY_K50_50	186	0.0186
PRIMARY_K50	KDM6A	RERG	29	0.19912851272682974	5	5	PRIMARY_K50_50	230	0.023
PRIMARY_K50	KDM6A	AIG1	30	0.19996825703581694	5	5	PRIMARY_K50_50	212	0.0212
PRIMARY_K50	KDM6A	COL14A1	31	0.20081873453277607	5	5	PRIMARY_K50_50	224	0.0224
PRIMARY_K50	KDM6A	PREX2	32	0.2056027670530489	5	5	PRIMARY_K50_50	186	0.0186
PRIMARY_K50	KDM6A	COL28A1	33	0.2090545574593543	5	5	PRIMARY_K50_50	198	0.0198
PRIMARY_K50	KDM6A	LMO7	34	0.20980393366153066	5	5	PRIMARY_K50_50	201	0.0201
PRIMARY_K50	KDM6A	PTPN4	35	0.21237893418989365	5	5	PRIMARY_K50_50	200	0.02
PRIMARY_K50	KDM6A	MCTP2	36	0.2125128968506362	5	5	PRIMARY_K50_50	222	0.0222
PRIMARY_K50	KDM6A	USP32	37	0.214202340418003	5	5	PRIMARY_K50_50	190	0.019
PRIMARY_K50	KDM6A	ATP11C	38	0.2146577855306276	5	5	PRIMARY_K50_50	204	0.0204
PRIMARY_K50	KDM6A	SENP7	39	0.21871728189373532	5	5	PRIMARY_K50_50	196	0.0196
PRIMARY_K50	KDM6A	NYAP2	40	0.21987668870734536	5	5	PRIMARY_K50_50	219	0.0219
PRIMARY_K50	KDM6A	CALD1	41	0.2211724310844748	5	5	PRIMARY_K50_50	203	0.0203
PRIMARY_K50	KDM6A	FRY	42	0.22494258961797167	5	5	PRIMARY_K50_50	202	0.0202
PRIMARY_K50	KDM6A	COPG2	43	0.2261937033166603	5	5	PRIMARY_K50_50	195	0.0195
PRIMARY_K50	KDM6A	DNAJC1	44	0.23120100919640668	5	5	PRIMARY_K50_50	195	0.0195
PRIMARY_K50	KDM6A	CCDC141	45	0.23569662450572135	5	5	PRIMARY_K50_50	192	0.0192
PRIMARY_K50	KDM6A	ACAP2	46	0.23758698463516137	5	5	PRIMARY_K50_50	185	0.0185
PRIMARY_K50	KDM6A	MYO1B	47	0.23979883474870375	5	5	PRIMARY_K50_50	182	0.0182
PRIMARY_K50	KDM6A	CLCN5	48	0.24139332290197493	5	5	PRIMARY_K50_50	212	0.0212
PRIMARY_K50	KDM6A	CAST	49	0.24169002773993667	5	5	PRIMARY_K50_50	198	0.0198
PRIMARY_K50	KDM6A	KHDRBS3	50	0.24405364647731806	5	5	PRIMARY_K50_50	213	0.0213
PRIMARY_K50	KMT2A	ULK2	1	0.06637803579401588	5	5	PRIMARY_K50_50	226	0.0226
PRIMARY_K50	KMT2A	KNTC1	2	0.06684254657296809	5	5	PRIMARY_K50_50	205	0.0205
PRIMARY_K50	KMT2A	SHLD2	3	0.12168763293929748	5	5	PRIMARY_K50_50	210	0.021
PRIMARY_K50	KMT2A	RAB10	4	0.12901683751290585	5	5	PRIMARY_K50_50	220	0.022
PRIMARY_K50	KMT2A	INPP5F	5	0.1390450821049784	5	5	PRIMARY_K50_50	209	0.0209
PRIMARY_K50	KMT2A	NUP153	6	0.15296949077955063	5	5	PRIMARY_K50_50	189	0.0189
PRIMARY_K50	KMT2A	YES1	7	0.15749976761671355	5	5	PRIMARY_K50_50	256	0.0256
PRIMARY_K50	KMT2A	CKAP5	8	0.15835896386880025	5	5	PRIMARY_K50_50	210	0.021
PRIMARY_K50	KMT2A	SCN10A	9	0.16233842935138035	5	5	PRIMARY_K50_50	186	0.0186
PRIMARY_K50	KMT2A	MYOCD	10	0.16701376458257267	5	5	PRIMARY_K50_50	205	0.0205
PRIMARY_K50	KMT2A	SLC22A2	11	0.1682424214912558	5	5	PRIMARY_K50_50	196	0.0196
PRIMARY_K50	KMT2A	CD44	12	0.172950003271407	5	5	PRIMARY_K50_50	201	0.0201
PRIMARY_K50	KMT2A	TP53BP1	13	0.17374855763745034	5	5	PRIMARY_K50_50	194	0.0194
PRIMARY_K50	KMT2A	IL1R1	14	0.17865490867621342	5	5	PRIMARY_K50_50	206	0.0206
PRIMARY_K50	KMT2A	NUP214	15	0.18257546078384787	5	5	PRIMARY_K50_50	212	0.0212
PRIMARY_K50	KMT2A	ADRA1A	16	0.18852888898305475	5	5	PRIMARY_K50_50	198	0.0198
PRIMARY_K50	KMT2A	VCL	17	0.2007395720151814	5	5	PRIMARY_K50_50	196	0.0196
PRIMARY_K50	KMT2A	NUP93	18	0.20467328819618022	5	5	PRIMARY_K50_50	195	0.0195
PRIMARY_K50	KMT2A	RAB27A	19	0.21223901824975092	5	5	PRIMARY_K50_50	198	0.0198
PRIMARY_K50	KMT2A	LIMA1	20	0.2164930641760476	5	5	PRIMARY_K50_50	189	0.0189
PRIMARY_K50	KMT2A	SNX9	21	0.22366203554725614	5	5	PRIMARY_K50_50	199	0.0199
PRIMARY_K50	KMT2A	CNOT1	22	0.22721482032049636	5	5	PRIMARY_K50_50	213	0.0213
PRIMARY_K50	KMT2A	EGR2	23	0.24426330349731995	5	5	PRIMARY_K50_50	172	0.0172
PRIMARY_K50	KMT2A	PKP2	24	0.24700639637977662	5	5	PRIMARY_K50_50	194	0.0194
PRIMARY_K50	KMT2A	IQGAP1	25	0.2502255989774761	5	5	PRIMARY_K50_50	206	0.0206
PRIMARY_K50	KMT2A	AKR1C1	26	0.25160284052772874	5	5	PRIMARY_K50_50	192	0.0192
PRIMARY_K50	KMT2A	KLF7	27	0.25448563141008373	5	5	PRIMARY_K50_50	201	0.0201
PRIMARY_K50	KMT2A	ABL2	28	0.2572661048717235	5	5	PRIMARY_K50_50	174	0.0174
PRIMARY_K50	KMT2A	NUP98	29	0.2595148980236008	5	5	PRIMARY_K50_50	187	0.0187
PRIMARY_K50	KMT2A	SLC26A5	30	0.2624218299176784	5	5	PRIMARY_K50_50	191	0.0191
PRIMARY_K50	KMT2A	GCLC	31	0.26460647876608406	5	5	PRIMARY_K50_50	197	0.0197
PRIMARY_K50	KMT2A	SPAST	32	0.2771919506588397	5	5	PRIMARY_K50_50	210	0.021
PRIMARY_K50	KMT2A	TERF2IP	33	0.2825260535168642	5	5	PRIMARY_K50_50	207	0.0207
PRIMARY_K50	KMT2A	PRKAR2A	34	0.2873454272423163	5	5	PRIMARY_K50_50	198	0.0198
PRIMARY_K50	KMT2A	GLRA1	35	0.28736001527154176	5	5	PRIMARY_K50_50	216	0.0216
PRIMARY_K50	KMT2A	XRCC5	36	0.28750070542440903	5	5	PRIMARY_K50_50	178	0.0178
PRIMARY_K50	KMT2A	RUFY3	37	0.28870825183182036	5	5	PRIMARY_K50_50	215	0.0215
PRIMARY_K50	KMT2A	UGT1A7	38	0.2905091016105518	5	5	PRIMARY_K50_50	185	0.0185
PRIMARY_K50	KMT2A	ADTRP	39	0.29204802586782763	5	5	PRIMARY_K50_50	218	0.0218
PRIMARY_K50	KMT2A	ACSL4	40	0.29234640604344453	5	5	PRIMARY_K50_50	176	0.0176
PRIMARY_K50	KMT2A	HS3ST3A1	41	0.29306233189619796	5	5	PRIMARY_K50_50	173	0.0173
PRIMARY_K50	KMT2A	SYBU	42	0.29367972247065444	5	5	PRIMARY_K50_50	197	0.0197
PRIMARY_K50	KMT2A	LGR4	43	0.29621453996166164	5	5	PRIMARY_K50_50	195	0.0195
PRIMARY_K50	KMT2A	CXCL13	44	0.30058800173036043	5	5	PRIMARY_K50_50	214	0.0214
PRIMARY_K50	KMT2A	KIAA0319	45	0.30134552656861646	5	5	PRIMARY_K50_50	189	0.0189
PRIMARY_K50	KMT2A	PIK3R3	46	0.3054546027252097	5	5	PRIMARY_K50_50	222	0.0222
PRIMARY_K50	KMT2A	PIK3C2A	47	0.3062344118359719	5	5	PRIMARY_K50_50	195	0.0195
PRIMARY_K50	KMT2A	ABI2	48	0.3069740158224433	5	5	PRIMARY_K50_50	228	0.0228
PRIMARY_K50	KMT2A	TMOD3	49	0.30865720269484814	5	5	PRIMARY_K50_50	177	0.0177
PRIMARY_K50	KMT2A	SHLD1	50	0.3087696819628216	5	5	PRIMARY_K50_50	180	0.018
PRIMARY_K50	LRBA	RBMS3	1	0.16311777659244772	5	5	PRIMARY_K50_50	174	0.0174
PRIMARY_K50	LRBA	NALF1	2	0.17106981152206854	5	5	PRIMARY_K50_50	167	0.0167
PRIMARY_K50	LRBA	DIAPH2	3	0.18306533945696574	5	5	PRIMARY_K50_50	183	0.0183
PRIMARY_K50	LRBA	TAFA2	4	0.20834078746776216	5	5	PRIMARY_K50_50	191	0.0191
PRIMARY_K50	LRBA	GRM8	5	0.21520581316075027	5	5	PRIMARY_K50_50	203	0.0203
PRIMARY_K50	LRBA	HS6ST3	6	0.21851800481180267	5	5	PRIMARY_K50_50	219	0.0219
PRIMARY_K50	LRBA	ADGRL3	7	0.2281724419696524	5	5	PRIMARY_K50_50	210	0.021
PRIMARY_K50	LRBA	MGAT4C	8	0.22944128063022481	5	5	PRIMARY_K50_50	213	0.0213
PRIMARY_K50	LRBA	MDGA2	9	0.24544445256506922	5	5	PRIMARY_K50_50	213	0.0213
PRIMARY_K50	LRBA	SUPT3H	10	0.24660575984544306	5	5	PRIMARY_K50_50	196	0.0196
PRIMARY_K50	LRBA	FBXL17	11	0.2568865854862448	5	5	PRIMARY_K50_50	207	0.0207
PRIMARY_K50	LRBA	STXBP5L	12	0.2616003034526135	5	5	PRIMARY_K50_50	194	0.0194
PRIMARY_K50	LRBA	MECOM	13	0.2657418909989221	5	5	PRIMARY_K50_50	189	0.0189
PRIMARY_K50	LRBA	ARHGAP15	14	0.2697740204655178	5	5	PRIMARY_K50_50	205	0.0205
PRIMARY_K50	LRBA	CDK14	15	0.27237764387295155	5	5	PRIMARY_K50_50	204	0.0204
PRIMARY_K50	LRBA	TRPM3	16	0.27324774973006233	5	5	PRIMARY_K50_50	208	0.0208
PRIMARY_K50	LRBA	CDH12	17	0.28255813570567145	5	5	PRIMARY_K50_50	210	0.021
PRIMARY_K50	LRBA	CDKAL1	18	0.28383823517551415	5	5	PRIMARY_K50_50	185	0.0185
PRIMARY_K50	LRBA	ESRRG	19	0.28828893907207387	5	5	PRIMARY_K50_50	210	0.021
PRIMARY_K50	LRBA	HPSE2	20	0.3043097468475009	5	5	PRIMARY_K50_50	197	0.0197
PRIMARY_K50	LRBA	CDH18	21	0.3066527628669759	5	5	PRIMARY_K50_50	194	0.0194
PRIMARY_K50	LRBA	MBD5	22	0.31948708318192337	5	5	PRIMARY_K50_50	178	0.0178
PRIMARY_K50	LRBA	EPHA6	23	0.34521233574016275	5	5	PRIMARY_K50_50	226	0.0226
PRIMARY_K50	LRBA	NELL1	24	0.34530652936075407	5	5	PRIMARY_K50_50	193	0.0193
PRIMARY_K50	LRBA	UNC5D	25	0.3531139391512537	5	5	PRIMARY_K50_50	202	0.0202
PRIMARY_K50	LRBA	IL1RAPL2	26	0.35793799235186885	5	5	PRIMARY_K50_50	208	0.0208
PRIMARY_K50	LRBA	MCTP1	27	0.36559377921215436	5	5	PRIMARY_K50_50	202	0.0202
PRIMARY_K50	LRBA	PLCL1	28	0.37096652016330056	5	5	PRIMARY_K50_50	194	0.0194
PRIMARY_K50	LRBA	EXOC6B	29	0.37164053351539283	5	5	PRIMARY_K50_50	202	0.0202
PRIMARY_K50	LRBA	BBS9	30	0.3729194676432798	5	5	PRIMARY_K50_50	193	0.0193
PRIMARY_K50	LRBA	SCAPER	31	0.3753416341129251	5	5	PRIMARY_K50_50	185	0.0185
PRIMARY_K50	LRBA	COL24A1	32	0.37643510008216535	5	5	PRIMARY_K50_50	180	0.018
PRIMARY_K50	LRBA	SPAG16	33	0.3764889329933932	5	5	PRIMARY_K50_50	203	0.0203
PRIMARY_K50	LRBA	RSRC1	34	0.37726008375804243	5	5	PRIMARY_K50_50	193	0.0193
PRIMARY_K50	LRBA	KCNIP4	35	0.37954472663038064	5	5	PRIMARY_K50_50	185	0.0185
PRIMARY_K50	LRBA	TMEM232	36	0.37970459605254847	5	5	PRIMARY_K50_50	194	0.0194
PRIMARY_K50	LRBA	TMTC2	37	0.3837175768319761	5	5	PRIMARY_K50_50	231	0.0231
PRIMARY_K50	LRBA	RANBP17	38	0.3885408856674202	5	5	PRIMARY_K50_50	207	0.0207
PRIMARY_K50	LRBA	MARCHF1	39	0.3894354447408876	5	5	PRIMARY_K50_50	222	0.0222
PRIMARY_K50	LRBA	SLC27A6	40	0.3900842447084969	5	5	PRIMARY_K50_50	215	0.0215
PRIMARY_K50	LRBA	CCDC91	41	0.3940422604216721	5	5	PRIMARY_K50_50	182	0.0182
PRIMARY_K50	LRBA	NBEA	42	0.40175640065156415	5	5	PRIMARY_K50_50	212	0.0212
PRIMARY_K50	LRBA	TCF4	43	0.41039082619489886	5	5	PRIMARY_K50_50	217	0.0217
PRIMARY_K50	LRBA	SLC25A21	44	0.4128711454516949	5	5	PRIMARY_K50_50	189	0.0189
PRIMARY_K50	LRBA	SGCZ	45	0.41906650986871513	5	5	PRIMARY_K50_50	200	0.02
PRIMARY_K50	LRBA	PXDNL	46	0.4206796009841316	5	5	PRIMARY_K50_50	201	0.0201
PRIMARY_K50	LRBA	HMCN1	47	0.42261413552094523	5	5	PRIMARY_K50_50	201	0.0201
PRIMARY_K50	LRBA	USH2A	48	0.4288448919668299	5	5	PRIMARY_K50_50	218	0.0218
PRIMARY_K50	LRBA	FAF1	49	0.4290845226186267	5	5	PRIMARY_K50_50	187	0.0187
PRIMARY_K50	LRBA	GALNT13	50	0.42966534601352724	5	5	PRIMARY_K50_50	208	0.0208
PRIMARY_K50	MCM4	CENATAC	1	0.01591851393834085	2	2	PRIMARY_K50_50	220	0.022
PRIMARY_K50	MCM4	SDHAF2	2	0.09556079904944785	2	2	PRIMARY_K50_50	199	0.0199
PRIMARY_K50	MCM4	SUMO2	3	0.11571319270198233	2	2	PRIMARY_K50_50	205	0.0205
PRIMARY_K50	MCM4	DEGS1	4	0.1366775413977544	2	2	PRIMARY_K50_50	186	0.0186
PRIMARY_K50	MCM4	MED20	5	0.15999586581905517	2	2	PRIMARY_K50_50	197	0.0197
PRIMARY_K50	MCM4	NCSTN	6	0.1627932559882654	2	2	PRIMARY_K50_50	212	0.0212
PRIMARY_K50	MCM4	GGCX	7	0.1693717487668968	2	2	PRIMARY_K50_50	177	0.0177
PRIMARY_K50	MCM4	POLR1E	8	0.1735812665352158	2	2	PRIMARY_K50_50	206	0.0206
PRIMARY_K50	MCM4	ALAS1	9	0.17497378661646526	2	2	PRIMARY_K50_50	176	0.0176
PRIMARY_K50	MCM4	SLC2A3	10	0.17812155359554563	2	2	PRIMARY_K50_50	205	0.0205
PRIMARY_K50	MCM4	SNU13	11	0.18998880903162063	2	2	PRIMARY_K50_50	217	0.0217
PRIMARY_K50	MCM4	SLC25A38	12	0.19167036887672487	2	2	PRIMARY_K50_50	213	0.0213
PRIMARY_K50	MCM4	RPL6	13	0.1926587131686602	2	2	PRIMARY_K50_50	194	0.0194
PRIMARY_K50	MCM4	PRPF19	14	0.19907904392945053	2	2	PRIMARY_K50_50	224	0.0224
PRIMARY_K50	MCM4	AKR1B10	15	0.20121573618776023	2	2	PRIMARY_K50_50	206	0.0206
PRIMARY_K50	MCM4	CHST4	16	0.21866224285859873	2	2	PRIMARY_K50_50	220	0.022
PRIMARY_K50	MCM4	PDCL3	17	0.22432510972955882	2	2	PRIMARY_K50_50	185	0.0185
PRIMARY_K50	MCM4	CFAP20	18	0.2257977071689665	2	2	PRIMARY_K50_50	191	0.0191
PRIMARY_K50	MCM4	TEX101	19	0.22631529196746417	2	2	PRIMARY_K50_50	207	0.0207
PRIMARY_K50	MCM4	PPP1R3B	20	0.22744687418187726	2	2	PRIMARY_K50_50	193	0.0193
PRIMARY_K50	MCM4	CPT2	21	0.22823091299850834	2	2	PRIMARY_K50_50	209	0.0209
PRIMARY_K50	MCM4	DHRS4	22	0.2288627961824052	2	2	PRIMARY_K50_50	188	0.0188
PRIMARY_K50	MCM4	APOBEC1	23	0.23585867653336318	2	2	PRIMARY_K50_50	206	0.0206
PRIMARY_K50	MCM4	EIF2B1	24	0.24293366979342837	2	2	PRIMARY_K50_50	189	0.0189
PRIMARY_K50	MCM4	PRKAG1	25	0.2522688865534396	2	2	PRIMARY_K50_50	194	0.0194
PRIMARY_K50	MCM4	PAN2	26	0.25326059694122416	2	2	PRIMARY_K50_50	186	0.0186
PRIMARY_K50	MCM4	ATP5MJ	27	0.26143064272395605	2	2	PRIMARY_K50_50	200	0.02
PRIMARY_K50	MCM4	PDHA1	28	0.2618889701885586	2	2	PRIMARY_K50_50	197	0.0197
PRIMARY_K50	MCM4	UNG	29	0.27504207963433724	2	2	PRIMARY_K50_50	207	0.0207
PRIMARY_K50	MCM4	OAZ2	30	0.2773531207612945	2	2	PRIMARY_K50_50	213	0.0213
PRIMARY_K50	MCM4	CASP6	31	0.27789567306341617	2	2	PRIMARY_K50_50	216	0.0216
PRIMARY_K50	MCM4	NONO	32	0.27806109815638924	2	2	PRIMARY_K50_50	192	0.0192
PRIMARY_K50	MCM4	CD2	33	0.27810234751545504	2	2	PRIMARY_K50_50	198	0.0198
PRIMARY_K50	MCM4	SOCS2	34	0.2818863575358834	2	2	PRIMARY_K50_50	196	0.0196
PRIMARY_K50	MCM4	HSCB	35	0.28224283476547146	2	2	PRIMARY_K50_50	186	0.0186
PRIMARY_K50	MCM4	NPC2	36	0.28626501770016793	2	2	PRIMARY_K50_50	211	0.0211
PRIMARY_K50	MCM4	SERPINB9	37	0.2865524453333165	2	2	PRIMARY_K50_50	200	0.02
PRIMARY_K50	MCM4	PIP4K2C	38	0.29087570467958224	2	2	PRIMARY_K50_50	193	0.0193
PRIMARY_K50	MCM4	NR4A2	39	0.2916565391721291	2	2	PRIMARY_K50_50	187	0.0187
PRIMARY_K50	MCM4	DUSP18	40	0.2936384103782548	2	2	PRIMARY_K50_50	179	0.0179
PRIMARY_K50	MCM4	SERPING1	41	0.29370407226953754	2	2	PRIMARY_K50_50	209	0.0209
PRIMARY_K50	MCM4	MAF	42	0.29451312980154953	2	2	PRIMARY_K50_50	183	0.0183
PRIMARY_K50	MCM4	CBY1	43	0.2955975776092111	2	2	PRIMARY_K50_50	201	0.0201
PRIMARY_K50	MCM4	CLP1	44	0.29585163180384544	2	2	PRIMARY_K50_50	204	0.0204
PRIMARY_K50	MCM4	HSBP1	45	0.30049036153774766	2	2	PRIMARY_K50_50	221	0.0221
PRIMARY_K50	MCM4	AKTIP	46	0.30105703869536565	2	2	PRIMARY_K50_50	210	0.021
PRIMARY_K50	MCM4	NDUFAF1	47	0.30415068907336057	2	2	PRIMARY_K50_50	208	0.0208
PRIMARY_K50	MCM4	ZBED3	48	0.3060735430385641	2	2	PRIMARY_K50_50	195	0.0195
PRIMARY_K50	MCM4	G6PC1	49	0.30740942889299516	2	2	PRIMARY_K50_50	195	0.0195
PRIMARY_K50	MCM4	MPV17L	50	0.30816193395918023	2	2	PRIMARY_K50_50	194	0.0194
PRIMARY_K50	NSMCE3	ROMO1	1	0.05372351224484396	1	1	PRIMARY_K50_50	211	0.0211
PRIMARY_K50	NSMCE3	MYF6	2	0.1734253783763464	1	1	PRIMARY_K50_50	199	0.0199
PRIMARY_K50	NSMCE3	HCAR2	3	0.18203464094241764	1	1	PRIMARY_K50_50	197	0.0197
PRIMARY_K50	NSMCE3	UQCRQ	4	0.18304179893528244	1	1	PRIMARY_K50_50	198	0.0198
PRIMARY_K50	NSMCE3	MT1A	5	0.18506586037968173	1	1	PRIMARY_K50_50	215	0.0215
PRIMARY_K50	NSMCE3	CCL27	6	0.2060924571556031	1	1	PRIMARY_K50_50	202	0.0202
PRIMARY_K50	NSMCE3	RRAGA	7	0.22119932429407216	1	1	PRIMARY_K50_50	193	0.0193
PRIMARY_K50	NSMCE3	NOP10	8	0.2275717522499649	1	1	PRIMARY_K50_50	188	0.0188
PRIMARY_K50	NSMCE3	SLC25A2	9	0.23542498617128854	1	1	PRIMARY_K50_50	213	0.0213
PRIMARY_K50	NSMCE3	KIF2B	10	0.24316034107778225	1	1	PRIMARY_K50_50	207	0.0207
PRIMARY_K50	NSMCE3	CH25H	11	0.2630377170538938	1	1	PRIMARY_K50_50	195	0.0195
PRIMARY_K50	NSMCE3	CCL13	12	0.3009892181836453	1	1	PRIMARY_K50_50	196	0.0196
PRIMARY_K50	NSMCE3	SLPI	13	0.30681019420203515	1	1	PRIMARY_K50_50	210	0.021
PRIMARY_K50	NSMCE3	CCL4L1	14	0.3200511867812002	1	1	PRIMARY_K50_50	191	0.0191
PRIMARY_K50	NSMCE3	CRP	15	0.3347981293430262	1	1	PRIMARY_K50_50	200	0.02
PRIMARY_K50	NSMCE3	RPS16	16	0.33661514080433586	1	1	PRIMARY_K50_50	228	0.0228
PRIMARY_K50	NSMCE3	MOAP1	17	0.35208698560335183	1	1	PRIMARY_K50_50	193	0.0193
PRIMARY_K50	NSMCE3	PI3	18	0.3543109507367513	1	1	PRIMARY_K50_50	193	0.0193
PRIMARY_K50	NSMCE3	SST	19	0.3679495920233255	1	1	PRIMARY_K50_50	217	0.0217
PRIMARY_K50	NSMCE3	MED11	20	0.36998258103166126	1	1	PRIMARY_K50_50	196	0.0196
PRIMARY_K50	NSMCE3	BIRC8	21	0.3793213468189539	1	1	PRIMARY_K50_50	217	0.0217
PRIMARY_K50	NSMCE3	COX5B	22	0.3807884289325348	1	1	PRIMARY_K50_50	223	0.0223
PRIMARY_K50	NSMCE3	REG3A	23	0.3814248210880517	1	1	PRIMARY_K50_50	211	0.0211
PRIMARY_K50	NSMCE3	GABARAPL3	24	0.40710697700162685	1	1	PRIMARY_K50_50	197	0.0197
PRIMARY_K50	NSMCE3	CXCL1	25	0.40858895922096516	1	1	PRIMARY_K50_50	184	0.0184
PRIMARY_K50	NSMCE3	H1-0	26	0.4097403293893412	1	1	PRIMARY_K50_50	176	0.0176
PRIMARY_K50	NSMCE3	BLOC1S4	27	0.41306508082671217	1	1	PRIMARY_K50_50	192	0.0192
PRIMARY_K50	NSMCE3	UBXN1	28	0.41443783834834313	1	1	PRIMARY_K50_50	176	0.0176
PRIMARY_K50	NSMCE3	ATP5MC1	29	0.41625915821939297	1	1	PRIMARY_K50_50	179	0.0179
PRIMARY_K50	NSMCE3	GLUD2	30	0.4292003566535922	1	1	PRIMARY_K50_50	201	0.0201
PRIMARY_K50	NSMCE3	MT1F	31	0.44050881205879244	1	1	PRIMARY_K50_50	174	0.0174
PRIMARY_K50	NSMCE3	RPL7A	32	0.44296340283834923	1	1	PRIMARY_K50_50	211	0.0211
PRIMARY_K50	NSMCE3	RNASE7	33	0.4476050088204479	1	1	PRIMARY_K50_50	206	0.0206
PRIMARY_K50	NSMCE3	MT1X	34	0.4522446999129459	1	1	PRIMARY_K50_50	197	0.0197
PRIMARY_K50	NSMCE3	CBR1	35	0.45601686696073523	1	1	PRIMARY_K50_50	204	0.0204
PRIMARY_K50	NSMCE3	MC5R	36	0.45645028014850697	1	1	PRIMARY_K50_50	213	0.0213
PRIMARY_K50	NSMCE3	ASCL1	37	0.45781969344234497	1	1	PRIMARY_K50_50	190	0.019
PRIMARY_K50	NSMCE3	ATP6V1F	38	0.4616643150197356	1	1	PRIMARY_K50_50	196	0.0196
PRIMARY_K50	NSMCE3	RPL29	39	0.4620664544122951	1	1	PRIMARY_K50_50	202	0.0202
PRIMARY_K50	NSMCE3	TNP2	40	0.462668602881216	1	1	PRIMARY_K50_50	203	0.0203
PRIMARY_K50	NSMCE3	USP17L2	41	0.4631179799310685	1	1	PRIMARY_K50_50	197	0.0197
PRIMARY_K50	NSMCE3	C12orf57	42	0.46550080689218454	1	1	PRIMARY_K50_50	206	0.0206
PRIMARY_K50	NSMCE3	TOMM22	43	0.47525918994234545	1	1	PRIMARY_K50_50	183	0.0183
PRIMARY_K50	NSMCE3	HAX1	44	0.47583571952755493	1	1	PRIMARY_K50_50	207	0.0207
PRIMARY_K50	NSMCE3	S100A7	45	0.4776751557930336	1	1	PRIMARY_K50_50	200	0.02
PRIMARY_K50	NSMCE3	NR0B2	46	0.4801282526547609	1	1	PRIMARY_K50_50	191	0.0191
PRIMARY_K50	NSMCE3	REG3G	47	0.48137383031321535	1	1	PRIMARY_K50_50	202	0.0202
PRIMARY_K50	NSMCE3	MT1B	48	0.4841332686609889	1	1	PRIMARY_K50_50	213	0.0213
PRIMARY_K50	NSMCE3	CXCL3	49	0.4852390052384158	1	1	PRIMARY_K50_50	195	0.0195
PRIMARY_K50	NSMCE3	RPLP1	50	0.4852564697884002	1	1	PRIMARY_K50_50	212	0.0212
PRIMARY_K50	PAX5	CROCC	1	0.1809566943269837	5	5	PRIMARY_K50_50	184	0.0184
PRIMARY_K50	PAX5	STK10	2	0.220713649930867	5	5	PRIMARY_K50_50	228	0.0228
PRIMARY_K50	PAX5	TSPAN18	3	0.22131478055435047	5	5	PRIMARY_K50_50	221	0.0221
PRIMARY_K50	PAX5	MBP	4	0.22151769414851452	5	5	PRIMARY_K50_50	205	0.0205
PRIMARY_K50	PAX5	CRMP1	5	0.22859742784879566	5	5	PRIMARY_K50_50	190	0.019
PRIMARY_K50	PAX5	NFASC	6	0.23058533208720947	5	5	PRIMARY_K50_50	166	0.0166
PRIMARY_K50	PAX5	ANK1	7	0.233307357312342	5	5	PRIMARY_K50_50	207	0.0207
PRIMARY_K50	PAX5	ATP11A	8	0.2344066298745519	5	5	PRIMARY_K50_50	193	0.0193
PRIMARY_K50	PAX5	PARVB	9	0.24341030692308416	5	5	PRIMARY_K50_50	206	0.0206
PRIMARY_K50	PAX5	CTBP2	10	0.2523114892862559	5	5	PRIMARY_K50_50	203	0.0203
PRIMARY_K50	PAX5	TACC2	11	0.25544173550450155	5	5	PRIMARY_K50_50	208	0.0208
PRIMARY_K50	PAX5	KLC1	12	0.25819260658688115	5	5	PRIMARY_K50_50	219	0.0219
PRIMARY_K50	PAX5	CHST8	13	0.25938021263938377	5	5	PRIMARY_K50_50	210	0.021
PRIMARY_K50	PAX5	TPO	14	0.26277323351167475	5	5	PRIMARY_K50_50	200	0.02
PRIMARY_K50	PAX5	RFX2	15	0.26809064290036466	5	5	PRIMARY_K50_50	220	0.022
PRIMARY_K50	PAX5	NXN	16	0.27039310823651314	5	5	PRIMARY_K50_50	177	0.0177
PRIMARY_K50	PAX5	CRTAC1	17	0.2712482153706765	5	5	PRIMARY_K50_50	209	0.0209
PRIMARY_K50	PAX5	EIPR1	18	0.2726620635581767	5	5	PRIMARY_K50_50	188	0.0188
PRIMARY_K50	PAX5	SIPA1L3	19	0.2764148783995675	5	5	PRIMARY_K50_50	195	0.0195
PRIMARY_K50	PAX5	TTC7A	20	0.27862050176873754	5	5	PRIMARY_K50_50	208	0.0208
PRIMARY_K50	PAX5	CORO2B	21	0.2790330551658596	5	5	PRIMARY_K50_50	198	0.0198
PRIMARY_K50	PAX5	KATNIP	22	0.2800724515002395	5	5	PRIMARY_K50_50	198	0.0198
PRIMARY_K50	PAX5	ITGA11	23	0.2947899130075742	5	5	PRIMARY_K50_50	194	0.0194
PRIMARY_K50	PAX5	ARK2C	24	0.30105778406702866	5	5	PRIMARY_K50_50	192	0.0192
PRIMARY_K50	PAX5	NINL	25	0.30272795245600753	5	5	PRIMARY_K50_50	191	0.0191
PRIMARY_K50	PAX5	MAN1C1	26	0.3075122096109563	5	5	PRIMARY_K50_50	187	0.0187
PRIMARY_K50	PAX5	ZDHHC11	27	0.3208156362110793	5	5	PRIMARY_K50_50	193	0.0193
PRIMARY_K50	PAX5	SPTB	28	0.32792343629010623	5	5	PRIMARY_K50_50	205	0.0205
PRIMARY_K50	PAX5	TCF7L1	29	0.3283915470413029	5	5	PRIMARY_K50_50	180	0.018
PRIMARY_K50	PAX5	TBC1D14	30	0.328473320899449	5	5	PRIMARY_K50_50	196	0.0196
PRIMARY_K50	PAX5	ARHGEF4	31	0.3292519442279214	5	5	PRIMARY_K50_50	214	0.0214
PRIMARY_K50	PAX5	PTPRE	32	0.3296312061795489	5	5	PRIMARY_K50_50	204	0.0204
PRIMARY_K50	PAX5	DYSF	33	0.3307080382993629	5	5	PRIMARY_K50_50	203	0.0203
PRIMARY_K50	PAX5	ARHGAP22	34	0.3320939038203835	5	5	PRIMARY_K50_50	193	0.0193
PRIMARY_K50	PAX5	DLGAP4	35	0.3330933018139814	5	5	PRIMARY_K50_50	193	0.0193
PRIMARY_K50	PAX5	SSBP3	36	0.3396241660940308	5	5	PRIMARY_K50_50	200	0.02
PRIMARY_K50	PAX5	IGSF21	37	0.34183533724784626	5	5	PRIMARY_K50_50	199	0.0199
PRIMARY_K50	PAX5	APBA2	38	0.3590580619920665	5	5	PRIMARY_K50_50	199	0.0199
PRIMARY_K50	PAX5	ATP10A	39	0.35922773894193705	5	5	PRIMARY_K50_50	239	0.0239
PRIMARY_K50	PAX5	SCARA5	40	0.36229279288003347	5	5	PRIMARY_K50_50	225	0.0225
PRIMARY_K50	PAX5	SH3PXD2A	41	0.36292705150032106	5	5	PRIMARY_K50_50	192	0.0192
PRIMARY_K50	PAX5	WWC1	42	0.36404880245564425	5	5	PRIMARY_K50_50	189	0.0189
PRIMARY_K50	PAX5	ANKRD11	43	0.3640654516941715	5	5	PRIMARY_K50_50	196	0.0196
PRIMARY_K50	PAX5	CTIF	44	0.36610113736879984	5	5	PRIMARY_K50_50	193	0.0193
PRIMARY_K50	PAX5	CACNA2D4	45	0.37161231857117666	5	5	PRIMARY_K50_50	213	0.0213
PRIMARY_K50	PAX5	TOM1L2	46	0.37522593925398295	5	5	PRIMARY_K50_50	184	0.0184
PRIMARY_K50	PAX5	KIR3DL1	47	0.3776291577577332	5	5	PRIMARY_K50_50	189	0.0189
PRIMARY_K50	PAX5	CFAP77	48	0.3787664043190335	5	5	PRIMARY_K50_50	206	0.0206
PRIMARY_K50	PAX5	ZHX2	49	0.3813798524850509	5	5	PRIMARY_K50_50	195	0.0195
PRIMARY_K50	PAX5	NPHP4	50	0.38390467036222636	5	5	PRIMARY_K50_50	203	0.0203
PRIMARY_K50	PDCD1	SYT8	1	0.1150236796377057	2	2	PRIMARY_K50_50	197	0.0197
PRIMARY_K50	PDCD1	DGAT1	2	0.12014597458898847	2	2	PRIMARY_K50_50	197	0.0197
PRIMARY_K50	PDCD1	EME2	3	0.15053457560048855	2	2	PRIMARY_K50_50	179	0.0179
PRIMARY_K50	PDCD1	GUK1	4	0.18625564895970945	2	2	PRIMARY_K50_50	190	0.019
PRIMARY_K50	PDCD1	SEMA4C	5	0.1973214493259284	2	2	PRIMARY_K50_50	205	0.0205
PRIMARY_K50	PDCD1	ERFE	6	0.1990668391419553	2	2	PRIMARY_K50_50	206	0.0206
PRIMARY_K50	PDCD1	PYCR1	7	0.20886414459499356	2	2	PRIMARY_K50_50	235	0.0235
PRIMARY_K50	PDCD1	PTK6	8	0.2146317442949386	2	2	PRIMARY_K50_50	233	0.0233
PRIMARY_K50	PDCD1	KMT5C	9	0.2372274044633166	2	2	PRIMARY_K50_50	226	0.0226
PRIMARY_K50	PDCD1	CARMIL2	10	0.26411066693770185	2	2	PRIMARY_K50_50	202	0.0202
PRIMARY_K50	PDCD1	MAP2K7	11	0.2766108815064243	2	2	PRIMARY_K50_50	187	0.0187
PRIMARY_K50	PDCD1	ABHD17A	12	0.2774979320119546	2	2	PRIMARY_K50_50	194	0.0194
PRIMARY_K50	PDCD1	PKMYT1	13	0.28620088316365744	2	2	PRIMARY_K50_50	222	0.0222
PRIMARY_K50	PDCD1	AIRE	14	0.30119473201629243	2	2	PRIMARY_K50_50	194	0.0194
PRIMARY_K50	PDCD1	CARD9	15	0.3076412866178914	2	2	PRIMARY_K50_50	219	0.0219
PRIMARY_K50	PDCD1	MAPK8IP2	16	0.31899317996697846	2	2	PRIMARY_K50_50	179	0.0179
PRIMARY_K50	PDCD1	GATA5	17	0.32999084512302496	2	2	PRIMARY_K50_50	179	0.0179
PRIMARY_K50	PDCD1	TH	18	0.3516159370292827	2	2	PRIMARY_K50_50	204	0.0204
PRIMARY_K50	PDCD1	NPTX1	19	0.35283148394145375	2	2	PRIMARY_K50_50	188	0.0188
PRIMARY_K50	PDCD1	GSDMD	20	0.355788072319873	2	2	PRIMARY_K50_50	216	0.0216
PRIMARY_K50	PDCD1	EFEMP2	21	0.36036314160883554	2	2	PRIMARY_K50_50	170	0.017
PRIMARY_K50	PDCD1	KIFC2	22	0.3654184931698043	2	2	PRIMARY_K50_50	201	0.0201
PRIMARY_K50	PDCD1	FGF3	23	0.37647578736445364	2	2	PRIMARY_K50_50	193	0.0193
PRIMARY_K50	PDCD1	SLC25A22	24	0.3778889477115284	2	2	PRIMARY_K50_50	192	0.0192
PRIMARY_K50	PDCD1	TCIRG1	25	0.38137194327028645	2	2	PRIMARY_K50_50	192	0.0192
PRIMARY_K50	PDCD1	TPRN	26	0.3817207620011475	2	2	PRIMARY_K50_50	190	0.019
PRIMARY_K50	PDCD1	MUS81	27	0.38899483709727495	2	2	PRIMARY_K50_50	185	0.0185
PRIMARY_K50	PDCD1	CTSD	28	0.39042481367224924	2	2	PRIMARY_K50_50	213	0.0213
PRIMARY_K50	PDCD1	PEX10	29	0.3977670932863281	2	2	PRIMARY_K50_50	202	0.0202
PRIMARY_K50	PDCD1	STXBP2	30	0.3988268217886131	2	2	PRIMARY_K50_50	193	0.0193
PRIMARY_K50	PDCD1	SCNN1D	31	0.3992846929343261	2	2	PRIMARY_K50_50	207	0.0207
PRIMARY_K50	PDCD1	SSTR5	32	0.4087871149700266	2	2	PRIMARY_K50_50	213	0.0213
PRIMARY_K50	PDCD1	PLXNA3	33	0.41251893620946395	2	2	PRIMARY_K50_50	205	0.0205
PRIMARY_K50	PDCD1	UCKL1	34	0.4128725306578968	2	2	PRIMARY_K50_50	208	0.0208
PRIMARY_K50	PDCD1	FGFR4	35	0.41824831982087535	2	2	PRIMARY_K50_50	197	0.0197
PRIMARY_K50	PDCD1	PTGDS	36	0.4209209702711917	2	2	PRIMARY_K50_50	186	0.0186
PRIMARY_K50	PDCD1	RNF126	37	0.4291042146977198	2	2	PRIMARY_K50_50	191	0.0191
PRIMARY_K50	PDCD1	CBX8	38	0.42970914115849634	2	2	PRIMARY_K50_50	199	0.0199
PRIMARY_K50	PDCD1	CYP11B2	39	0.4500331740174255	2	2	PRIMARY_K50_50	194	0.0194
PRIMARY_K50	PDCD1	MIDN	40	0.4500978571477457	2	2	PRIMARY_K50_50	172	0.0172
PRIMARY_K50	PDCD1	ANAPC2	41	0.455540199432253	2	2	PRIMARY_K50_50	179	0.0179
PRIMARY_K50	PDCD1	EEF2	42	0.45668675708011836	2	2	PRIMARY_K50_50	214	0.0214
PRIMARY_K50	PDCD1	CACTIN	43	0.46017470682465555	2	2	PRIMARY_K50_50	212	0.0212
PRIMARY_K50	PDCD1	BBC3	44	0.4689303030912459	2	2	PRIMARY_K50_50	212	0.0212
PRIMARY_K50	PDCD1	POLR2E	45	0.46909240583281575	2	2	PRIMARY_K50_50	201	0.0201
PRIMARY_K50	PDCD1	LFNG	46	0.4707490713747148	2	2	PRIMARY_K50_50	180	0.018
PRIMARY_K50	PDCD1	AGPAT2	47	0.47156948007026733	2	2	PRIMARY_K50_50	198	0.0198
PRIMARY_K50	PDCD1	CLCF1	48	0.4721038512810278	2	2	PRIMARY_K50_50	218	0.0218
PRIMARY_K50	PDCD1	F7	49	0.47278932854268835	2	2	PRIMARY_K50_50	227	0.0227
PRIMARY_K50	PDCD1	AK1	50	0.47510714822604944	2	2	PRIMARY_K50_50	204	0.0204
PRIMARY_K50	PIK3CG	OGT	1	0.17291496307700818	4	4	PRIMARY_K50_50	236	0.0236
PRIMARY_K50	PIK3CG	KDR	2	0.2039618350104456	4	4	PRIMARY_K50_50	213	0.0213
PRIMARY_K50	PIK3CG	NMU	3	0.2066099722783124	4	4	PRIMARY_K50_50	191	0.0191
PRIMARY_K50	PIK3CG	TGFBR1	4	0.21330515487299143	4	4	PRIMARY_K50_50	192	0.0192
PRIMARY_K50	PIK3CG	PTPN22	5	0.22730955071856843	4	4	PRIMARY_K50_50	203	0.0203
PRIMARY_K50	PIK3CG	BBS4	6	0.2431308505942169	4	4	PRIMARY_K50_50	195	0.0195
PRIMARY_K50	PIK3CG	PPP3CB	7	0.24320532718820737	4	4	PRIMARY_K50_50	211	0.0211
PRIMARY_K50	PIK3CG	NCBP1	8	0.25211051001667695	4	4	PRIMARY_K50_50	222	0.0222
PRIMARY_K50	PIK3CG	IL33	9	0.2726962007667776	4	4	PRIMARY_K50_50	191	0.0191
PRIMARY_K50	PIK3CG	PSMB2	10	0.2748150471403434	4	4	PRIMARY_K50_50	195	0.0195
PRIMARY_K50	PIK3CG	ACE2	11	0.2768612012539882	4	4	PRIMARY_K50_50	207	0.0207
PRIMARY_K50	PIK3CG	TNFSF11	12	0.2814336348856859	4	4	PRIMARY_K50_50	189	0.0189
PRIMARY_K50	PIK3CG	DHX9	13	0.28252093388349403	4	4	PRIMARY_K50_50	207	0.0207
PRIMARY_K50	PIK3CG	IRGM	14	0.2959182001330127	4	4	PRIMARY_K50_50	189	0.0189
PRIMARY_K50	PIK3CG	HTR2A	15	0.29878619297654846	4	4	PRIMARY_K50_50	207	0.0207
PRIMARY_K50	PIK3CG	TSG101	16	0.304932960491317	4	4	PRIMARY_K50_50	237	0.0237
PRIMARY_K50	PIK3CG	TBK1	17	0.31230985099681585	4	4	PRIMARY_K50_50	189	0.0189
PRIMARY_K50	PIK3CG	PRKAA1	18	0.3204621918790078	4	4	PRIMARY_K50_50	189	0.0189
PRIMARY_K50	PIK3CG	HIF1A	19	0.3214387823821386	4	4	PRIMARY_K50_50	223	0.0223
PRIMARY_K50	PIK3CG	VAMP7	20	0.3254167876761352	4	4	PRIMARY_K50_50	213	0.0213
PRIMARY_K50	PIK3CG	BBS2	21	0.3399708798920001	4	4	PRIMARY_K50_50	204	0.0204
PRIMARY_K50	PIK3CG	IL6ST	22	0.34724604847194723	4	4	PRIMARY_K50_50	176	0.0176
PRIMARY_K50	PIK3CG	ZW10	23	0.353388045453752	4	4	PRIMARY_K50_50	171	0.0171
PRIMARY_K50	PIK3CG	CDC42	24	0.3555581165046863	4	4	PRIMARY_K50_50	224	0.0224
PRIMARY_K50	PIK3CG	TBX20	25	0.3711093673253584	4	4	PRIMARY_K50_50	184	0.0184
PRIMARY_K50	PIK3CG	CHUK	26	0.3733920080639654	4	4	PRIMARY_K50_50	189	0.0189
PRIMARY_K50	PIK3CG	KDM1A	27	0.3782886776874986	4	4	PRIMARY_K50_50	177	0.0177
PRIMARY_K50	PIK3CG	FMR1	28	0.38444137775552545	4	4	PRIMARY_K50_50	181	0.0181
PRIMARY_K50	PIK3CG	PKD2	29	0.38701855637870874	4	4	PRIMARY_K50_50	179	0.0179
PRIMARY_K50	PIK3CG	LATS1	30	0.392722092792202	4	4	PRIMARY_K50_50	213	0.0213
PRIMARY_K50	PIK3CG	ADAM17	31	0.39449613587563787	4	4	PRIMARY_K50_50	204	0.0204
PRIMARY_K50	PIK3CG	AGTR1	32	0.40030367911185083	4	4	PRIMARY_K50_50	218	0.0218
PRIMARY_K50	PIK3CG	SOCS5	33	0.4005732664732412	4	4	PRIMARY_K50_50	213	0.0213
PRIMARY_K50	PIK3CG	KIF5B	34	0.40471302593190606	4	4	PRIMARY_K50_50	204	0.0204
PRIMARY_K50	PIK3CG	DRD3	35	0.40832444393346523	4	4	PRIMARY_K50_50	195	0.0195
PRIMARY_K50	PIK3CG	PROX1	36	0.4088581521501634	4	4	PRIMARY_K50_50	207	0.0207
PRIMARY_K50	PIK3CG	AKR1C3	37	0.4089722404480492	4	4	PRIMARY_K50_50	224	0.0224
PRIMARY_K50	PIK3CG	PSMA6	38	0.4159622785542819	4	4	PRIMARY_K50_50	191	0.0191
PRIMARY_K50	PIK3CG	SLAMF1	39	0.41848493427171846	4	4	PRIMARY_K50_50	187	0.0187
PRIMARY_K50	PIK3CG	STAT1	40	0.4187665541520031	4	4	PRIMARY_K50_50	219	0.0219
PRIMARY_K50	PIK3CG	HPSE	41	0.42072568952657435	4	4	PRIMARY_K50_50	197	0.0197
PRIMARY_K50	PIK3CG	KRAS	42	0.42077315182189007	4	4	PRIMARY_K50_50	205	0.0205
PRIMARY_K50	PIK3CG	LPL	43	0.42872414676912324	4	4	PRIMARY_K50_50	182	0.0182
PRIMARY_K50	PIK3CG	HAVCR2	44	0.4300209457517901	4	4	PRIMARY_K50_50	187	0.0187
PRIMARY_K50	PIK3CG	TFRC	45	0.4306296015509442	4	4	PRIMARY_K50_50	210	0.021
PRIMARY_K50	PIK3CG	PRKAR1A	46	0.43105503148936036	4	4	PRIMARY_K50_50	174	0.0174
PRIMARY_K50	PIK3CG	DSP	47	0.43447428480504424	4	4	PRIMARY_K50_50	181	0.0181
PRIMARY_K50	PIK3CG	NCKAP1L	48	0.4354733544991937	4	4	PRIMARY_K50_50	216	0.0216
PRIMARY_K50	PIK3CG	NDC80	49	0.43720320771407006	4	4	PRIMARY_K50_50	205	0.0205
PRIMARY_K50	PIK3CG	NBN	50	0.4433423082200709	4	4	PRIMARY_K50_50	184	0.0184
PRIMARY_K50	PRKDC	BCL2	1	0.11273299535181583	5	5	PRIMARY_K50_50	217	0.0217
PRIMARY_K50	PRKDC	TGFBR3	2	0.14200758768346083	5	5	PRIMARY_K50_50	187	0.0187
PRIMARY_K50	PRKDC	PTPN2	3	0.17836391507533708	5	5	PRIMARY_K50_50	190	0.019
PRIMARY_K50	PRKDC	BMPR2	4	0.18572766090112783	5	5	PRIMARY_K50_50	201	0.0201
PRIMARY_K50	PRKDC	PIK3CB	5	0.1870696891161114	5	5	PRIMARY_K50_50	179	0.0179
PRIMARY_K50	PRKDC	CHRNA7	6	0.22044138752728268	5	5	PRIMARY_K50_50	201	0.0201
PRIMARY_K50	PRKDC	BMP6	7	0.22480990841140924	5	5	PRIMARY_K50_50	198	0.0198
PRIMARY_K50	PRKDC	NFE2L2	8	0.2298698390673801	5	5	PRIMARY_K50_50	196	0.0196
PRIMARY_K50	PRKDC	RAB11A	9	0.24415303396922258	5	5	PRIMARY_K50_50	187	0.0187
PRIMARY_K50	PRKDC	TACR1	10	0.24825845016288442	5	5	PRIMARY_K50_50	199	0.0199
PRIMARY_K50	PRKDC	JAK1	11	0.2519996221585144	5	5	PRIMARY_K50_50	224	0.0224
PRIMARY_K50	PRKDC	DDR2	12	0.25363311863234717	5	5	PRIMARY_K50_50	218	0.0218
PRIMARY_K50	PRKDC	EPHA4	13	0.2545726530954408	5	5	PRIMARY_K50_50	222	0.0222
PRIMARY_K50	PRKDC	SORL1	14	0.2618215204933098	5	5	PRIMARY_K50_50	207	0.0207
PRIMARY_K50	PRKDC	BMPR1A	15	0.2642127514572208	5	5	PRIMARY_K50_50	215	0.0215
PRIMARY_K50	PRKDC	NR5A2	16	0.2644227734691208	5	5	PRIMARY_K50_50	200	0.02
PRIMARY_K50	PRKDC	CHMP3	17	0.26743445593712734	5	5	PRIMARY_K50_50	187	0.0187
PRIMARY_K50	PRKDC	ABCA1	18	0.2762718849461531	5	5	PRIMARY_K50_50	198	0.0198
PRIMARY_K50	PRKDC	FOXO3	19	0.27805008171222617	5	5	PRIMARY_K50_50	210	0.021
PRIMARY_K50	PRKDC	RBPJ	20	0.293506454728408	5	5	PRIMARY_K50_50	209	0.0209
PRIMARY_K50	PRKDC	ACVR1	21	0.29759319074131363	5	5	PRIMARY_K50_50	198	0.0198
PRIMARY_K50	PRKDC	NOTCH2	22	0.3065272313059317	5	5	PRIMARY_K50_50	195	0.0195
PRIMARY_K50	PRKDC	ADCY8	23	0.3108968615912544	5	5	PRIMARY_K50_50	210	0.021
PRIMARY_K50	PRKDC	RIPOR2	24	0.3226945382292191	5	5	PRIMARY_K50_50	189	0.0189
PRIMARY_K50	PRKDC	LRP2	25	0.3320236765530513	5	5	PRIMARY_K50_50	196	0.0196
PRIMARY_K50	PRKDC	TAOK3	26	0.3338190829331985	5	5	PRIMARY_K50_50	181	0.0181
PRIMARY_K50	PRKDC	RAP1A	27	0.3364397366460303	5	5	PRIMARY_K50_50	206	0.0206
PRIMARY_K50	PRKDC	CLASP1	28	0.36027474380434305	5	5	PRIMARY_K50_50	224	0.0224
PRIMARY_K50	PRKDC	FOXO1	29	0.3704485068460427	5	5	PRIMARY_K50_50	189	0.0189
PRIMARY_K50	PRKDC	PRKCQ	30	0.37058831892732064	5	5	PRIMARY_K50_50	200	0.02
PRIMARY_K50	PRKDC	PSMA1	31	0.37106333868695834	5	5	PRIMARY_K50_50	184	0.0184
PRIMARY_K50	PRKDC	SMURF1	32	0.3712400954733386	5	5	PRIMARY_K50_50	221	0.0221
PRIMARY_K50	PRKDC	PRICKLE1	33	0.375770592666496	5	5	PRIMARY_K50_50	205	0.0205
PRIMARY_K50	PRKDC	LEF1	34	0.3782390845772726	5	5	PRIMARY_K50_50	180	0.018
PRIMARY_K50	PRKDC	PAK1	35	0.3825971819964183	5	5	PRIMARY_K50_50	201	0.0201
PRIMARY_K50	PRKDC	ANO6	36	0.3841101834466813	5	5	PRIMARY_K50_50	180	0.018
PRIMARY_K50	PRKDC	CR1	37	0.39089269610483723	5	5	PRIMARY_K50_50	216	0.0216
PRIMARY_K50	PRKDC	NEDD9	38	0.39109165080336417	5	5	PRIMARY_K50_50	203	0.0203
PRIMARY_K50	PRKDC	GLI3	39	0.3946496536248351	5	5	PRIMARY_K50_50	199	0.0199
PRIMARY_K50	PRKDC	STK39	40	0.3955690771449051	5	5	PRIMARY_K50_50	198	0.0198
PRIMARY_K50	PRKDC	WNK3	41	0.402369552793167	5	5	PRIMARY_K50_50	216	0.0216
PRIMARY_K50	PRKDC	FYN	42	0.40291888349960375	5	5	PRIMARY_K50_50	207	0.0207
PRIMARY_K50	PRKDC	KAT2B	43	0.4040619142748064	5	5	PRIMARY_K50_50	213	0.0213
PRIMARY_K50	PRKDC	CDK5RAP2	44	0.4043533743672033	5	5	PRIMARY_K50_50	204	0.0204
PRIMARY_K50	PRKDC	CBL	45	0.4080005184878781	5	5	PRIMARY_K50_50	182	0.0182
PRIMARY_K50	PRKDC	MSH2	46	0.4122915080349101	5	5	PRIMARY_K50_50	192	0.0192
PRIMARY_K50	PRKDC	WNK1	47	0.4196975828817377	5	5	PRIMARY_K50_50	204	0.0204
PRIMARY_K50	PRKDC	TAF1	48	0.4205090364276257	5	5	PRIMARY_K50_50	181	0.0181
PRIMARY_K50	PRKDC	CREBBP	49	0.42104512189378934	5	5	PRIMARY_K50_50	187	0.0187
PRIMARY_K50	PRKDC	MAP1B	50	0.42177035426318815	5	5	PRIMARY_K50_50	194	0.0194
PRIMARY_K50	PSMD12	CD28	1	0.09538543791927573	3	3	PRIMARY_K50_50	204	0.0204
PRIMARY_K50	PSMD12	HAS2	2	0.12329158941501887	3	3	PRIMARY_K50_50	203	0.0203
PRIMARY_K50	PSMD12	ACTL6A	3	0.13908290254674746	3	3	PRIMARY_K50_50	210	0.021
PRIMARY_K50	PSMD12	PSMC2	4	0.16401237737056637	3	3	PRIMARY_K50_50	212	0.0212
PRIMARY_K50	PSMD12	SKA3	5	0.16559761759625444	3	3	PRIMARY_K50_50	216	0.0216
PRIMARY_K50	PSMD12	PLEK	6	0.16746484972125356	3	3	PRIMARY_K50_50	200	0.02
PRIMARY_K50	PSMD12	RSAD2	7	0.16872678548362247	3	3	PRIMARY_K50_50	208	0.0208
PRIMARY_K50	PSMD12	UBE2N	8	0.16931490019632708	3	3	PRIMARY_K50_50	222	0.0222
PRIMARY_K50	PSMD12	ZBTB1	9	0.17398674751460552	3	3	PRIMARY_K50_50	216	0.0216
PRIMARY_K50	PSMD12	CRTAM	10	0.1775605958673609	3	3	PRIMARY_K50_50	193	0.0193
PRIMARY_K50	PSMD12	CDC23	11	0.18330533459536782	3	3	PRIMARY_K50_50	181	0.0181
PRIMARY_K50	PSMD12	RPS27L	12	0.18903273925228692	3	3	PRIMARY_K50_50	219	0.0219
PRIMARY_K50	PSMD12	CAT	13	0.20813212694481092	3	3	PRIMARY_K50_50	196	0.0196
PRIMARY_K50	PSMD12	BIRC2	14	0.2189134180391077	3	3	PRIMARY_K50_50	207	0.0207
PRIMARY_K50	PSMD12	CR2	15	0.22735248523466856	3	3	PRIMARY_K50_50	219	0.0219
PRIMARY_K50	PSMD12	SUMO1	16	0.23662469454748988	3	3	PRIMARY_K50_50	205	0.0205
PRIMARY_K50	PSMD12	YWHAZ	17	0.23857615522261955	3	3	PRIMARY_K50_50	208	0.0208
PRIMARY_K50	PSMD12	HNRNPD	18	0.24435737527809048	3	3	PRIMARY_K50_50	212	0.0212
PRIMARY_K50	PSMD12	MYB	19	0.25360446916412743	3	3	PRIMARY_K50_50	191	0.0191
PRIMARY_K50	PSMD12	ATP6AP2	20	0.25763266470424345	3	3	PRIMARY_K50_50	210	0.021
PRIMARY_K50	PSMD12	USP44	21	0.26048987405799806	3	3	PRIMARY_K50_50	224	0.0224
PRIMARY_K50	PSMD12	TOMM70	22	0.26114026458397416	3	3	PRIMARY_K50_50	190	0.019
PRIMARY_K50	PSMD12	ZNF207	23	0.26381354792903927	3	3	PRIMARY_K50_50	218	0.0218
PRIMARY_K50	PSMD12	CTSS	24	0.26825707173036645	3	3	PRIMARY_K50_50	184	0.0184
PRIMARY_K50	PSMD12	VPS35	25	0.269175509571546	3	3	PRIMARY_K50_50	202	0.0202
PRIMARY_K50	PSMD12	SLAMF6	26	0.2693758552890609	3	3	PRIMARY_K50_50	207	0.0207
PRIMARY_K50	PSMD12	ARG2	27	0.27964276613617817	3	3	PRIMARY_K50_50	193	0.0193
PRIMARY_K50	PSMD12	TNFAIP6	28	0.28004229684654414	3	3	PRIMARY_K50_50	178	0.0178
PRIMARY_K50	PSMD12	CYP3A4	29	0.28258721659841646	3	3	PRIMARY_K50_50	169	0.0169
PRIMARY_K50	PSMD12	NME5	30	0.2850729776852224	3	3	PRIMARY_K50_50	172	0.0172
PRIMARY_K50	PSMD12	TLR7	31	0.28558785502997464	3	3	PRIMARY_K50_50	192	0.0192
PRIMARY_K50	PSMD12	GSTO1	32	0.29168019537520573	3	3	PRIMARY_K50_50	177	0.0177
PRIMARY_K50	PSMD12	MEIOC	33	0.29723738502852987	3	3	PRIMARY_K50_50	175	0.0175
PRIMARY_K50	PSMD12	MKKS	34	0.29727796022631703	3	3	PRIMARY_K50_50	183	0.0183
PRIMARY_K50	PSMD12	SKA1	35	0.29768044125317705	3	3	PRIMARY_K50_50	193	0.0193
PRIMARY_K50	PSMD12	VPS4B	36	0.29988127352107113	3	3	PRIMARY_K50_50	206	0.0206
PRIMARY_K50	PSMD12	TIGAR	37	0.30194450318955246	3	3	PRIMARY_K50_50	205	0.0205
PRIMARY_K50	PSMD12	HCLS1	38	0.3049667796155228	3	3	PRIMARY_K50_50	195	0.0195
PRIMARY_K50	PSMD12	OPRK1	39	0.3068820659137718	3	3	PRIMARY_K50_50	193	0.0193
PRIMARY_K50	PSMD12	CRHBP	40	0.3187447891269631	3	3	PRIMARY_K50_50	197	0.0197
PRIMARY_K50	PSMD12	ERCC4	41	0.3189941678381349	3	3	PRIMARY_K50_50	233	0.0233
PRIMARY_K50	PSMD12	CD200	42	0.320915377756923	3	3	PRIMARY_K50_50	194	0.0194
PRIMARY_K50	PSMD12	EIF2S1	43	0.32144123538214797	3	3	PRIMARY_K50_50	201	0.0201
PRIMARY_K50	PSMD12	SKP1	44	0.32564349462712033	3	3	PRIMARY_K50_50	199	0.0199
PRIMARY_K50	PSMD12	IL7R	45	0.32565280179922035	3	3	PRIMARY_K50_50	196	0.0196
PRIMARY_K50	PSMD12	CD80	46	0.3267405988837496	3	3	PRIMARY_K50_50	194	0.0194
PRIMARY_K50	PSMD12	CLTRN	47	0.3301925096105442	3	3	PRIMARY_K50_50	200	0.02
PRIMARY_K50	PSMD12	IRAK4	48	0.33408914531436823	3	3	PRIMARY_K50_50	223	0.0223
PRIMARY_K50	PSMD12	HMGCS2	49	0.33519643998996274	3	3	PRIMARY_K50_50	197	0.0197
PRIMARY_K50	PSMD12	RAB5A	50	0.33529600053767433	3	3	PRIMARY_K50_50	178	0.0178
PRIMARY_K50	PTEN	SNCA	1	0.0654718466421983	5	5	PRIMARY_K50_50	183	0.0183
PRIMARY_K50	PTEN	PIK3CA	2	0.11887869487648352	5	5	PRIMARY_K50_50	196	0.0196
PRIMARY_K50	PTEN	ATM	3	0.30058314267576797	5	5	PRIMARY_K50_50	205	0.0205
PRIMARY_K50	PTEN	ATF2	4	0.31096380159999654	5	5	PRIMARY_K50_50	187	0.0187
PRIMARY_K50	PTEN	JAK2	5	0.317988334834751	5	5	PRIMARY_K50_50	200	0.02
PRIMARY_K50	PTEN	LRRK2	6	0.31986021679770804	5	5	PRIMARY_K50_50	215	0.0215
PRIMARY_K50	PTEN	ROCK1	7	0.37364836339837115	5	5	PRIMARY_K50_50	170	0.017
PRIMARY_K50	PTEN	CUL3	8	0.3798858615296899	5	5	PRIMARY_K50_50	205	0.0205
PRIMARY_K50	PTEN	MEF2C	9	0.3915835984719974	5	5	PRIMARY_K50_50	205	0.0205
PRIMARY_K50	PTEN	VPS54	10	0.4129430259270595	5	5	PRIMARY_K50_50	227	0.0227
PRIMARY_K50	PTEN	APC	11	0.4196267151526788	5	5	PRIMARY_K50_50	188	0.0188
PRIMARY_K50	PTEN	ROCK2	12	0.42429844890591956	5	5	PRIMARY_K50_50	212	0.0212
PRIMARY_K50	PTEN	PPARG	13	0.4282150187503381	5	5	PRIMARY_K50_50	188	0.0188
PRIMARY_K50	PTEN	ITGB1	14	0.429973809893786	5	5	PRIMARY_K50_50	208	0.0208
PRIMARY_K50	PTEN	TWIST1	15	0.45371949108258963	5	5	PRIMARY_K50_50	210	0.021
PRIMARY_K50	PTEN	NFKB1	16	0.4956510413528242	5	5	PRIMARY_K50_50	214	0.0214
PRIMARY_K50	PTEN	ATP7A	17	0.5175714791514221	5	5	PRIMARY_K50_50	201	0.0201
PRIMARY_K50	PTEN	ADAM10	18	0.5263760674075987	5	5	PRIMARY_K50_50	195	0.0195
PRIMARY_K50	PTEN	ITGA2	19	0.5311233515002417	5	5	PRIMARY_K50_50	176	0.0176
PRIMARY_K50	PTEN	RB1	20	0.5325578349103973	5	5	PRIMARY_K50_50	208	0.0208
PRIMARY_K50	PTEN	RTN4	21	0.5333918091839813	5	5	PRIMARY_K50_50	191	0.0191
PRIMARY_K50	PTEN	SMAD4	22	0.5401542107333062	5	5	PRIMARY_K50_50	180	0.018
PRIMARY_K50	PTEN	SOS1	23	0.542709442672758	5	5	PRIMARY_K50_50	172	0.0172
PRIMARY_K50	PTEN	OPA1	24	0.5535749465601691	5	5	PRIMARY_K50_50	197	0.0197
PRIMARY_K50	PTEN	BMP5	25	0.5569746402190493	5	5	PRIMARY_K50_50	189	0.0189
PRIMARY_K50	PTEN	QKI	26	0.5729458771221733	5	5	PRIMARY_K50_50	198	0.0198
PRIMARY_K50	PTEN	CR1	27	0.5737146250601378	5	5	PRIMARY_K50_50	193	0.0193
PRIMARY_K50	PTEN	PIK3C3	28	0.5789103837921754	5	5	PRIMARY_K50_50	218	0.0218
PRIMARY_K50	PTEN	WNK1	29	0.582107615451137	5	5	PRIMARY_K50_50	217	0.0217
PRIMARY_K50	PTEN	PAK1	30	0.5857242804168455	5	5	PRIMARY_K50_50	178	0.0178
PRIMARY_K50	PTEN	EGF	31	0.5866471693371857	5	5	PRIMARY_K50_50	198	0.0198
PRIMARY_K50	PTEN	PSMD14	32	0.5943435022326539	5	5	PRIMARY_K50_50	194	0.0194
PRIMARY_K50	PTEN	SMAD2	33	0.5956487911936487	5	5	PRIMARY_K50_50	187	0.0187
PRIMARY_K50	PTEN	ATR	34	0.5984395510037559	5	5	PRIMARY_K50_50	210	0.021
PRIMARY_K50	PTEN	PTN	35	0.5998244343762249	5	5	PRIMARY_K50_50	196	0.0196
PRIMARY_K50	PTEN	NR1H4	36	0.6002892370017606	5	5	PRIMARY_K50_50	210	0.021
PRIMARY_K50	PTEN	PSMA1	37	0.6005359718664477	5	5	PRIMARY_K50_50	228	0.0228
PRIMARY_K50	PTEN	ITGAV	38	0.6117538909213374	5	5	PRIMARY_K50_50	194	0.0194
PRIMARY_K50	PTEN	DAB2	39	0.6150764353458519	5	5	PRIMARY_K50_50	208	0.0208
PRIMARY_K50	PTEN	DLG1	40	0.6321473934284801	5	5	PRIMARY_K50_50	209	0.0209
PRIMARY_K50	PTEN	NOTCH2	41	0.648664283981779	5	5	PRIMARY_K50_50	231	0.0231
PRIMARY_K50	PTEN	SLC12A2	42	0.6529558814522964	5	5	PRIMARY_K50_50	217	0.0217
PRIMARY_K50	PTEN	YAP1	43	0.6657622704000825	5	5	PRIMARY_K50_50	202	0.0202
PRIMARY_K50	PTEN	GSK3B	44	0.668479920488122	5	5	PRIMARY_K50_50	181	0.0181
PRIMARY_K50	PTEN	CLASP2	45	0.6720582279084936	5	5	PRIMARY_K50_50	187	0.0187
PRIMARY_K50	PTEN	SCN11A	46	0.6743773715647979	5	5	PRIMARY_K50_50	187	0.0187
PRIMARY_K50	PTEN	PIKFYVE	47	0.6953331316982239	5	5	PRIMARY_K50_50	213	0.0213
PRIMARY_K50	PTEN	IL23R	48	0.6978146027423031	5	5	PRIMARY_K50_50	200	0.02
PRIMARY_K50	PTEN	LEF1	49	0.6988031968849713	5	5	PRIMARY_K50_50	205	0.0205
PRIMARY_K50	PTEN	CRY1	50	0.6992976742741409	5	5	PRIMARY_K50_50	217	0.0217
PRIMARY_K50	PTPRC	SNCA	1	0.2537112937044074	5	5	PRIMARY_K50_50	210	0.021
PRIMARY_K50	PTPRC	PIK3CA	2	0.2713728550649615	5	5	PRIMARY_K50_50	218	0.0218
PRIMARY_K50	PTPRC	ATF2	3	0.31797317064848	5	5	PRIMARY_K50_50	178	0.0178
PRIMARY_K50	PTPRC	LRRK2	4	0.33300883461677144	5	5	PRIMARY_K50_50	198	0.0198
PRIMARY_K50	PTPRC	BMP5	5	0.3854504070634494	5	5	PRIMARY_K50_50	205	0.0205
PRIMARY_K50	PTPRC	ROCK1	6	0.40920443761245234	5	5	PRIMARY_K50_50	215	0.0215
PRIMARY_K50	PTPRC	ROCK2	7	0.42238453521270075	5	5	PRIMARY_K50_50	193	0.0193
PRIMARY_K50	PTPRC	VPS54	8	0.4248450780080657	5	5	PRIMARY_K50_50	196	0.0196
PRIMARY_K50	PTPRC	CUL3	9	0.42852954661448633	5	5	PRIMARY_K50_50	175	0.0175
PRIMARY_K50	PTPRC	PIK3C3	10	0.4624303892475712	5	5	PRIMARY_K50_50	202	0.0202
PRIMARY_K50	PTPRC	ATM	11	0.4682847925279891	5	5	PRIMARY_K50_50	188	0.0188
PRIMARY_K50	PTPRC	MEF2C	12	0.46874501218296166	5	5	PRIMARY_K50_50	197	0.0197
PRIMARY_K50	PTPRC	APC	13	0.4748309695874285	5	5	PRIMARY_K50_50	218	0.0218
PRIMARY_K50	PTPRC	PSMD14	14	0.4976351584436696	5	5	PRIMARY_K50_50	194	0.0194
PRIMARY_K50	PTPRC	TWIST1	15	0.49784024898789914	5	5	PRIMARY_K50_50	214	0.0214
PRIMARY_K50	PTPRC	JAK2	16	0.5046661989919337	5	5	PRIMARY_K50_50	199	0.0199
PRIMARY_K50	PTPRC	QKI	17	0.5074623440243952	5	5	PRIMARY_K50_50	212	0.0212
PRIMARY_K50	PTPRC	RB1	18	0.5077486003674413	5	5	PRIMARY_K50_50	174	0.0174
PRIMARY_K50	PTPRC	ADAM10	19	0.5274242466065547	5	5	PRIMARY_K50_50	192	0.0192
PRIMARY_K50	PTPRC	OPA1	20	0.5392263705063359	5	5	PRIMARY_K50_50	203	0.0203
PRIMARY_K50	PTPRC	NFKB1	21	0.5413049197226146	5	5	PRIMARY_K50_50	192	0.0192
PRIMARY_K50	PTPRC	ITGAV	22	0.5423599619333859	5	5	PRIMARY_K50_50	206	0.0206
PRIMARY_K50	PTPRC	SLC12A2	23	0.5438991916578465	5	5	PRIMARY_K50_50	247	0.0247
PRIMARY_K50	PTPRC	SMAD2	24	0.5566964859032223	5	5	PRIMARY_K50_50	203	0.0203
PRIMARY_K50	PTPRC	SOS1	25	0.5623420086438563	5	5	PRIMARY_K50_50	206	0.0206
PRIMARY_K50	PTPRC	ATR	26	0.570949319475901	5	5	PRIMARY_K50_50	226	0.0226
PRIMARY_K50	PTPRC	ITGA2	27	0.5797600074520741	5	5	PRIMARY_K50_50	207	0.0207
PRIMARY_K50	PTPRC	PPARG	28	0.5828144522284279	5	5	PRIMARY_K50_50	203	0.0203
PRIMARY_K50	PTPRC	NIPBL	29	0.5969582142583854	5	5	PRIMARY_K50_50	175	0.0175
PRIMARY_K50	PTPRC	ATP7A	30	0.5975713877897906	5	5	PRIMARY_K50_50	208	0.0208
PRIMARY_K50	PTPRC	DLG1	31	0.6054172968270098	5	5	PRIMARY_K50_50	188	0.0188
PRIMARY_K50	PTPRC	RTN4	32	0.6062923458634999	5	5	PRIMARY_K50_50	203	0.0203
PRIMARY_K50	PTPRC	CLASP2	33	0.6233164619041637	5	5	PRIMARY_K50_50	219	0.0219
PRIMARY_K50	PTPRC	ITGB1	34	0.6267163820377625	5	5	PRIMARY_K50_50	211	0.0211
PRIMARY_K50	PTPRC	PTN	35	0.6342433497728224	5	5	PRIMARY_K50_50	187	0.0187
PRIMARY_K50	PTPRC	FBXW7	36	0.6349529474539025	5	5	PRIMARY_K50_50	188	0.0188
PRIMARY_K50	PTPRC	WNK1	37	0.6444817432541542	5	5	PRIMARY_K50_50	199	0.0199
PRIMARY_K50	PTPRC	PLA2G4A	38	0.6615011835691597	5	5	PRIMARY_K50_50	190	0.019
PRIMARY_K50	PTPRC	CR1	39	0.6691821694167668	5	5	PRIMARY_K50_50	199	0.0199
PRIMARY_K50	PTPRC	PIKFYVE	40	0.6695972361630431	5	5	PRIMARY_K50_50	210	0.021
PRIMARY_K50	PTPRC	MAPK8	41	0.6707006180889168	5	5	PRIMARY_K50_50	191	0.0191
PRIMARY_K50	PTPRC	CD36	42	0.6779788658194323	5	5	PRIMARY_K50_50	197	0.0197
PRIMARY_K50	PTPRC	EGF	43	0.6856640677532484	5	5	PRIMARY_K50_50	186	0.0186
PRIMARY_K50	PTPRC	CRY1	44	0.6886190666391244	5	5	PRIMARY_K50_50	206	0.0206
PRIMARY_K50	PTPRC	ANGPT1	45	0.6910610287792781	5	5	PRIMARY_K50_50	180	0.018
PRIMARY_K50	PTPRC	CPS1	46	0.6961607173528181	5	5	PRIMARY_K50_50	219	0.0219
PRIMARY_K50	PTPRC	PRKACB	47	0.696773489230326	5	5	PRIMARY_K50_50	201	0.0201
PRIMARY_K50	PTPRC	YAP1	48	0.6993998027491525	5	5	PRIMARY_K50_50	190	0.019
PRIMARY_K50	PTPRC	DAB2	49	0.6999147821075593	5	5	PRIMARY_K50_50	188	0.0188
PRIMARY_K50	PTPRC	CDC73	50	0.7032376377128192	5	5	PRIMARY_K50_50	194	0.0194
PRIMARY_K50	SLC7A7	TM9SF4	1	0.02979783325482178	4	4	PRIMARY_K50_50	209	0.0209
PRIMARY_K50	SLC7A7	GM2A	2	0.04878418646743009	4	4	PRIMARY_K50_50	187	0.0187
PRIMARY_K50	SLC7A7	BCO1	3	0.06390560535877224	4	4	PRIMARY_K50_50	205	0.0205
PRIMARY_K50	SLC7A7	CNGA3	4	0.09622910973679732	4	4	PRIMARY_K50_50	214	0.0214
PRIMARY_K50	SLC7A7	NCMAP	5	0.10053490682564516	4	4	PRIMARY_K50_50	215	0.0215
PRIMARY_K50	SLC7A7	LCT	6	0.11693391019324595	4	4	PRIMARY_K50_50	190	0.019
PRIMARY_K50	SLC7A7	RUFY1	7	0.12580271560303766	4	4	PRIMARY_K50_50	218	0.0218
PRIMARY_K50	SLC7A7	CCDC92	8	0.1317759218342566	4	4	PRIMARY_K50_50	208	0.0208
PRIMARY_K50	SLC7A7	EPHX2	9	0.13209091609643264	4	4	PRIMARY_K50_50	174	0.0174
PRIMARY_K50	SLC7A7	BEND3	10	0.1365863717625875	4	4	PRIMARY_K50_50	191	0.0191
PRIMARY_K50	SLC7A7	CACNG5	11	0.14721896018588554	4	4	PRIMARY_K50_50	217	0.0217
PRIMARY_K50	SLC7A7	ADGRE2	12	0.1519896096154611	4	4	PRIMARY_K50_50	211	0.0211
PRIMARY_K50	SLC7A7	PXYLP1	13	0.15380784119868407	4	4	PRIMARY_K50_50	187	0.0187
PRIMARY_K50	SLC7A7	COL17A1	14	0.1584670779166067	4	4	PRIMARY_K50_50	201	0.0201
PRIMARY_K50	SLC7A7	PTAFR	15	0.15931102882028503	4	4	PRIMARY_K50_50	186	0.0186
PRIMARY_K50	SLC7A7	SCAMP5	16	0.15941026085532353	4	4	PRIMARY_K50_50	209	0.0209
PRIMARY_K50	SLC7A7	MFSD2B	17	0.16335528597020538	4	4	PRIMARY_K50_50	183	0.0183
PRIMARY_K50	SLC7A7	KIF9	18	0.16975299853323514	4	4	PRIMARY_K50_50	193	0.0193
PRIMARY_K50	SLC7A7	SAMM50	19	0.17057868690460637	4	4	PRIMARY_K50_50	209	0.0209
PRIMARY_K50	SLC7A7	NELFA	20	0.1727702068647228	4	4	PRIMARY_K50_50	208	0.0208
PRIMARY_K50	SLC7A7	PYY	21	0.17295011553736966	4	4	PRIMARY_K50_50	198	0.0198
PRIMARY_K50	SLC7A7	USP39	22	0.1775234105484798	4	4	PRIMARY_K50_50	197	0.0197
PRIMARY_K50	SLC7A7	FABP6	23	0.18018600705350155	4	4	PRIMARY_K50_50	208	0.0208
PRIMARY_K50	SLC7A7	PEX26	24	0.180589882806855	4	4	PRIMARY_K50_50	231	0.0231
PRIMARY_K50	SLC7A7	GPR161	25	0.18183926482192594	4	4	PRIMARY_K50_50	197	0.0197
PRIMARY_K50	SLC7A7	MCM3AP	26	0.18349415611212566	4	4	PRIMARY_K50_50	208	0.0208
PRIMARY_K50	SLC7A7	GGA2	27	0.184752618468931	4	4	PRIMARY_K50_50	202	0.0202
PRIMARY_K50	SLC7A7	STAG3	28	0.1847606461702206	4	4	PRIMARY_K50_50	191	0.0191
PRIMARY_K50	SLC7A7	COG7	29	0.1870398866111378	4	4	PRIMARY_K50_50	199	0.0199
PRIMARY_K50	SLC7A7	ZFYVE1	30	0.1875301500617064	4	4	PRIMARY_K50_50	203	0.0203
PRIMARY_K50	SLC7A7	CD99	31	0.19052557503486392	4	4	PRIMARY_K50_50	194	0.0194
PRIMARY_K50	SLC7A7	TGM3	32	0.19224949688090404	4	4	PRIMARY_K50_50	172	0.0172
PRIMARY_K50	SLC7A7	THOC5	33	0.19287360046646063	4	4	PRIMARY_K50_50	196	0.0196
PRIMARY_K50	SLC7A7	CCDC63	34	0.19336119112234704	4	4	PRIMARY_K50_50	217	0.0217
PRIMARY_K50	SLC7A7	SYT6	35	0.19437757047314144	4	4	PRIMARY_K50_50	200	0.02
PRIMARY_K50	SLC7A7	DBF4B	36	0.19506918137393967	4	4	PRIMARY_K50_50	197	0.0197
PRIMARY_K50	SLC7A7	STIMATE	37	0.1988868137404096	4	4	PRIMARY_K50_50	211	0.0211
PRIMARY_K50	SLC7A7	EIF3C	38	0.2014104049460349	4	4	PRIMARY_K50_50	191	0.0191
PRIMARY_K50	SLC7A7	SLC6A2	39	0.2017581070747213	4	4	PRIMARY_K50_50	208	0.0208
PRIMARY_K50	SLC7A7	IL21R	40	0.20195110838904737	4	4	PRIMARY_K50_50	181	0.0181
PRIMARY_K50	SLC7A7	TRIM16	41	0.20270462846621298	4	4	PRIMARY_K50_50	188	0.0188
PRIMARY_K50	SLC7A7	SLC25A20	42	0.20297345032748756	4	4	PRIMARY_K50_50	203	0.0203
PRIMARY_K50	SLC7A7	PARP16	43	0.20301977540344268	4	4	PRIMARY_K50_50	186	0.0186
PRIMARY_K50	SLC7A7	PNPLA1	44	0.2043072462140405	4	4	PRIMARY_K50_50	193	0.0193
PRIMARY_K50	SLC7A7	GPR143	45	0.2052690110510907	4	4	PRIMARY_K50_50	198	0.0198
PRIMARY_K50	SLC7A7	RCSD1	46	0.2066433563643484	4	4	PRIMARY_K50_50	181	0.0181
PRIMARY_K50	SLC7A7	LHFPL4	47	0.21042299221789054	4	4	PRIMARY_K50_50	206	0.0206
PRIMARY_K50	SLC7A7	CLN6	48	0.21451063529973952	4	4	PRIMARY_K50_50	203	0.0203
PRIMARY_K50	SLC7A7	USP22	49	0.21633679309977336	4	4	PRIMARY_K50_50	195	0.0195
PRIMARY_K50	SLC7A7	FYCO1	50	0.21745215193541556	4	4	PRIMARY_K50_50	231	0.0231
PRIMARY_K50	SRPRA	HSPA1L	1	0.084998752869172	1	1	PRIMARY_K50_50	170	0.017
PRIMARY_K50	SRPRA	KRT9	2	0.10190078326652337	1	1	PRIMARY_K50_50	219	0.0219
PRIMARY_K50	SRPRA	SMCP	3	0.11246687218954225	1	1	PRIMARY_K50_50	186	0.0186
PRIMARY_K50	SRPRA	RNF183	4	0.11723547109975276	1	1	PRIMARY_K50_50	199	0.0199
PRIMARY_K50	SRPRA	BRF2	5	0.126991371587011	1	1	PRIMARY_K50_50	203	0.0203
PRIMARY_K50	SRPRA	TIMM22	6	0.1310689256420965	1	1	PRIMARY_K50_50	180	0.018
PRIMARY_K50	SRPRA	TRAPPC4	7	0.13781387086720964	1	1	PRIMARY_K50_50	230	0.023
PRIMARY_K50	SRPRA	SETD6	8	0.14010835982869937	1	1	PRIMARY_K50_50	204	0.0204
PRIMARY_K50	SRPRA	GPX7	9	0.14118116096778682	1	1	PRIMARY_K50_50	193	0.0193
PRIMARY_K50	SRPRA	IL24	10	0.14461436563546468	1	1	PRIMARY_K50_50	194	0.0194
PRIMARY_K50	SRPRA	MUC21	11	0.14827349052132002	1	1	PRIMARY_K50_50	181	0.0181
PRIMARY_K50	SRPRA	HSPB2	12	0.15254274072443985	1	1	PRIMARY_K50_50	214	0.0214
PRIMARY_K50	SRPRA	MARCKS	13	0.1534784777551672	1	1	PRIMARY_K50_50	220	0.022
PRIMARY_K50	SRPRA	GOT1L1	14	0.15910326968619112	1	1	PRIMARY_K50_50	204	0.0204
PRIMARY_K50	SRPRA	YRDC	15	0.1604566985678613	1	1	PRIMARY_K50_50	188	0.0188
PRIMARY_K50	SRPRA	GJB2	16	0.1661605531108613	1	1	PRIMARY_K50_50	193	0.0193
PRIMARY_K50	SRPRA	ABHD1	17	0.1693300454454553	1	1	PRIMARY_K50_50	211	0.0211
PRIMARY_K50	SRPRA	AWAT1	18	0.17226273723548058	1	1	PRIMARY_K50_50	232	0.0232
PRIMARY_K50	SRPRA	SSTR2	19	0.17972079626442278	1	1	PRIMARY_K50_50	164	0.0164
PRIMARY_K50	SRPRA	ERAL1	20	0.18345660519352444	1	1	PRIMARY_K50_50	192	0.0192
PRIMARY_K50	SRPRA	KRT6C	21	0.200350086547923	1	1	PRIMARY_K50_50	201	0.0201
PRIMARY_K50	SRPRA	DBI	22	0.20477264986885488	1	1	PRIMARY_K50_50	234	0.0234
PRIMARY_K50	SRPRA	RPUSD2	23	0.20495154401031712	1	1	PRIMARY_K50_50	202	0.0202
PRIMARY_K50	SRPRA	ACOT1	24	0.21420389096800294	1	1	PRIMARY_K50_50	199	0.0199
PRIMARY_K50	SRPRA	MRPL2	25	0.2148567540538474	1	1	PRIMARY_K50_50	202	0.0202
PRIMARY_K50	SRPRA	RAB5IF	26	0.22171901893593385	1	1	PRIMARY_K50_50	187	0.0187
PRIMARY_K50	SRPRA	KRT34	27	0.2239766590517604	1	1	PRIMARY_K50_50	205	0.0205
PRIMARY_K50	SRPRA	DCTN3	28	0.2251534482794386	1	1	PRIMARY_K50_50	199	0.0199
PRIMARY_K50	SRPRA	RFLNB	29	0.23047809003076772	1	1	PRIMARY_K50_50	191	0.0191
PRIMARY_K50	SRPRA	RGS16	30	0.23818989062253285	1	1	PRIMARY_K50_50	228	0.0228
PRIMARY_K50	SRPRA	ALDH1B1	31	0.24490274563484934	1	1	PRIMARY_K50_50	207	0.0207
PRIMARY_K50	SRPRA	TREML1	32	0.2465785355608394	1	1	PRIMARY_K50_50	216	0.0216
PRIMARY_K50	SRPRA	CD93	33	0.24749242644642835	1	1	PRIMARY_K50_50	196	0.0196
PRIMARY_K50	SRPRA	CNPY4	34	0.25096725984337825	1	1	PRIMARY_K50_50	182	0.0182
PRIMARY_K50	SRPRA	BHLHE41	35	0.2556281903990297	1	1	PRIMARY_K50_50	202	0.0202
PRIMARY_K50	SRPRA	IRF2BP2	36	0.26037432937727517	1	1	PRIMARY_K50_50	180	0.018
PRIMARY_K50	SRPRA	HP	37	0.2621121666155783	1	1	PRIMARY_K50_50	195	0.0195
PRIMARY_K50	SRPRA	BHLHE40	38	0.26486707467892406	1	1	PRIMARY_K50_50	196	0.0196
PRIMARY_K50	SRPRA	MPZ	39	0.2676602337427515	1	1	PRIMARY_K50_50	187	0.0187
PRIMARY_K50	SRPRA	IDH3B	40	0.26970153004743225	1	1	PRIMARY_K50_50	194	0.0194
PRIMARY_K50	SRPRA	CYB5D1	41	0.27260175769711215	1	1	PRIMARY_K50_50	213	0.0213
PRIMARY_K50	SRPRA	CHRAC1	42	0.2764141592421176	1	1	PRIMARY_K50_50	173	0.0173
PRIMARY_K50	SRPRA	HEXIM1	43	0.2778184370323533	1	1	PRIMARY_K50_50	212	0.0212
PRIMARY_K50	SRPRA	KRT6B	44	0.2793918521460722	1	1	PRIMARY_K50_50	208	0.0208
PRIMARY_K50	SRPRA	B4GALT3	45	0.28296619329024447	1	1	PRIMARY_K50_50	218	0.0218
PRIMARY_K50	SRPRA	MRPS16	46	0.2835043108970749	1	1	PRIMARY_K50_50	216	0.0216
PRIMARY_K50	SRPRA	MRPS17	47	0.28592423178268994	1	1	PRIMARY_K50_50	187	0.0187
PRIMARY_K50	SRPRA	TSR2	48	0.29029726804684614	1	1	PRIMARY_K50_50	190	0.019
PRIMARY_K50	SRPRA	CDC50B	49	0.29404215521953025	1	1	PRIMARY_K50_50	205	0.0205
PRIMARY_K50	SRPRA	PCBD1	50	0.2952616646068349	1	1	PRIMARY_K50_50	198	0.0198
PRIMARY_K50	TET2	MON2	1	0.04693212645375871	5	5	PRIMARY_K50_50	188	0.0188
PRIMARY_K50	TET2	HBS1L	2	0.0763622583462913	5	5	PRIMARY_K50_50	192	0.0192
PRIMARY_K50	TET2	FCHO2	3	0.09447415843250118	5	5	PRIMARY_K50_50	206	0.0206
PRIMARY_K50	TET2	DNAJC13	4	0.10130528604981248	5	5	PRIMARY_K50_50	201	0.0201
PRIMARY_K50	TET2	ARHGAP12	5	0.10612731446266789	5	5	PRIMARY_K50_50	208	0.0208
PRIMARY_K50	TET2	COL12A1	6	0.10738508458515446	5	5	PRIMARY_K50_50	172	0.0172
PRIMARY_K50	TET2	ITGB3BP	7	0.11158724960417082	5	5	PRIMARY_K50_50	222	0.0222
PRIMARY_K50	TET2	CD2AP	8	0.11303336557056286	5	5	PRIMARY_K50_50	195	0.0195
PRIMARY_K50	TET2	PIGK	9	0.11399772590530087	5	5	PRIMARY_K50_50	207	0.0207
PRIMARY_K50	TET2	CERT1	10	0.12325173429859104	5	5	PRIMARY_K50_50	184	0.0184
PRIMARY_K50	TET2	PIGN	11	0.12640540928313712	5	5	PRIMARY_K50_50	221	0.0221
PRIMARY_K50	TET2	ARFIP1	12	0.13316929778255776	5	5	PRIMARY_K50_50	208	0.0208
PRIMARY_K50	TET2	GLCE	13	0.13663597088516238	5	5	PRIMARY_K50_50	181	0.0181
PRIMARY_K50	TET2	MSH4	14	0.13841227936874512	5	5	PRIMARY_K50_50	201	0.0201
PRIMARY_K50	TET2	SAMTOR	15	0.13958237789237157	5	5	PRIMARY_K50_50	191	0.0191
PRIMARY_K50	TET2	SLCO1A2	16	0.14425710650158133	5	5	PRIMARY_K50_50	209	0.0209
PRIMARY_K50	TET2	PRKG2	17	0.14429926497884601	5	5	PRIMARY_K50_50	195	0.0195
PRIMARY_K50	TET2	GRXCR1	18	0.14488971004987922	5	5	PRIMARY_K50_50	205	0.0205
PRIMARY_K50	TET2	SESTD1	19	0.15221512138978024	5	5	PRIMARY_K50_50	222	0.0222
PRIMARY_K50	TET2	PAWR	20	0.15308452881604862	5	5	PRIMARY_K50_50	215	0.0215
PRIMARY_K50	TET2	SLC9B1	21	0.1535260160376611	5	5	PRIMARY_K50_50	217	0.0217
PRIMARY_K50	TET2	PLPPR5	22	0.15496291104381968	5	5	PRIMARY_K50_50	214	0.0214
PRIMARY_K50	TET2	PPP1R12A	23	0.15507999360969704	5	5	PRIMARY_K50_50	186	0.0186
PRIMARY_K50	TET2	SLC9C1	24	0.15603247825665803	5	5	PRIMARY_K50_50	211	0.0211
PRIMARY_K50	TET2	APLF	25	0.1562923966317741	5	5	PRIMARY_K50_50	199	0.0199
PRIMARY_K50	TET2	MARK1	26	0.16030437951216822	5	5	PRIMARY_K50_50	187	0.0187
PRIMARY_K50	TET2	GABRA6	27	0.1607836410831627	5	5	PRIMARY_K50_50	217	0.0217
PRIMARY_K50	TET2	USP9Y	28	0.16535455469345114	5	5	PRIMARY_K50_50	178	0.0178
PRIMARY_K50	TET2	MTREX	29	0.1670953108085044	5	5	PRIMARY_K50_50	176	0.0176
PRIMARY_K50	TET2	STT3B	30	0.17422492460682537	5	5	PRIMARY_K50_50	179	0.0179
PRIMARY_K50	TET2	VCAN	31	0.1775437771220998	5	5	PRIMARY_K50_50	206	0.0206
PRIMARY_K50	TET2	OTOGL	32	0.1878977785733085	5	5	PRIMARY_K50_50	206	0.0206
PRIMARY_K50	TET2	SNAP91	33	0.1884201605575365	5	5	PRIMARY_K50_50	183	0.0183
PRIMARY_K50	TET2	PDHX	34	0.19131963755902542	5	5	PRIMARY_K50_50	204	0.0204
PRIMARY_K50	TET2	HFM1	35	0.1924655811871129	5	5	PRIMARY_K50_50	208	0.0208
PRIMARY_K50	TET2	CATSPERT	36	0.2002045005767208	5	5	PRIMARY_K50_50	211	0.0211
PRIMARY_K50	TET2	LMBRD1	37	0.20025622601312096	5	5	PRIMARY_K50_50	215	0.0215
PRIMARY_K50	TET2	RAD54B	38	0.20147501274834684	5	5	PRIMARY_K50_50	177	0.0177
PRIMARY_K50	TET2	DDX60	39	0.2030049592309079	5	5	PRIMARY_K50_50	184	0.0184
PRIMARY_K50	TET2	ABCC9	40	0.2068338598536436	5	5	PRIMARY_K50_50	211	0.0211
PRIMARY_K50	TET2	PLSCR2	41	0.20919796267510166	5	5	PRIMARY_K50_50	207	0.0207
PRIMARY_K50	TET2	CEP152	42	0.2105604108370963	5	5	PRIMARY_K50_50	204	0.0204
PRIMARY_K50	TET2	IFT80	43	0.21502896769090554	5	5	PRIMARY_K50_50	193	0.0193
PRIMARY_K50	TET2	DMXL2	44	0.21509844821683455	5	5	PRIMARY_K50_50	227	0.0227
PRIMARY_K50	TET2	EEA1	45	0.21630943056595078	5	5	PRIMARY_K50_50	184	0.0184
PRIMARY_K50	TET2	GLCCI1	46	0.21933890785212906	5	5	PRIMARY_K50_50	195	0.0195
PRIMARY_K50	TET2	CEP83	47	0.22086529329832977	5	5	PRIMARY_K50_50	205	0.0205
PRIMARY_K50	TET2	MAN2A1	48	0.22354263834036764	5	5	PRIMARY_K50_50	203	0.0203
PRIMARY_K50	TET2	LDHB	49	0.22486558532447018	5	5	PRIMARY_K50_50	212	0.0212
PRIMARY_K50	TET2	CALCR	50	0.22572738229357583	5	5	PRIMARY_K50_50	178	0.0178
PRIMARY_K50	TOP2B	STXBP3	1	0.12252666448357456	4	4	PRIMARY_K50_50	203	0.0203
PRIMARY_K50	TOP2B	ABCD2	2	0.1266881395329229	4	4	PRIMARY_K50_50	201	0.0201
PRIMARY_K50	TOP2B	HGF	3	0.14101816802030168	4	4	PRIMARY_K50_50	193	0.0193
PRIMARY_K50	TOP2B	WASL	4	0.1582653917144602	4	4	PRIMARY_K50_50	194	0.0194
PRIMARY_K50	TOP2B	FGF7	5	0.17199385611968507	4	4	PRIMARY_K50_50	230	0.023
PRIMARY_K50	TOP2B	IFIH1	6	0.19136270428705712	4	4	PRIMARY_K50_50	180	0.018
PRIMARY_K50	TOP2B	PAQR3	7	0.19145332507280136	4	4	PRIMARY_K50_50	186	0.0186
PRIMARY_K50	TOP2B	DYNC1I2	8	0.1938894922589922	4	4	PRIMARY_K50_50	218	0.0218
PRIMARY_K50	TOP2B	PIK3R4	9	0.19438353535874084	4	4	PRIMARY_K50_50	204	0.0204
PRIMARY_K50	TOP2B	AP3S1	10	0.19852430461754297	4	4	PRIMARY_K50_50	201	0.0201
PRIMARY_K50	TOP2B	CYLD	11	0.21490520465025043	4	4	PRIMARY_K50_50	194	0.0194
PRIMARY_K50	TOP2B	FZD3	12	0.2184302714718989	4	4	PRIMARY_K50_50	205	0.0205
PRIMARY_K50	TOP2B	WASF1	13	0.23051057907091022	4	4	PRIMARY_K50_50	186	0.0186
PRIMARY_K50	TOP2B	AHR	14	0.24276423069180633	4	4	PRIMARY_K50_50	191	0.0191
PRIMARY_K50	TOP2B	PDCD6IP	15	0.24514496817780737	4	4	PRIMARY_K50_50	212	0.0212
PRIMARY_K50	TOP2B	BBS7	16	0.26589906723551365	4	4	PRIMARY_K50_50	216	0.0216
PRIMARY_K50	TOP2B	TRPC1	17	0.266444174686132	4	4	PRIMARY_K50_50	190	0.019
PRIMARY_K50	TOP2B	ACVR2A	18	0.2753282637998203	4	4	PRIMARY_K50_50	196	0.0196
PRIMARY_K50	TOP2B	NUF2	19	0.27936385908458	4	4	PRIMARY_K50_50	194	0.0194
PRIMARY_K50	TOP2B	SMC2	20	0.2804285923260006	4	4	PRIMARY_K50_50	189	0.0189
PRIMARY_K50	TOP2B	P2RY12	21	0.2874802396209756	4	4	PRIMARY_K50_50	225	0.0225
PRIMARY_K50	TOP2B	KIF20B	22	0.2940095476539374	4	4	PRIMARY_K50_50	191	0.0191
PRIMARY_K50	TOP2B	PPP3R1	23	0.31362695020760817	4	4	PRIMARY_K50_50	180	0.018
PRIMARY_K50	TOP2B	PRKAA2	24	0.3216117201611565	4	4	PRIMARY_K50_50	212	0.0212
PRIMARY_K50	TOP2B	TNFSF13B	25	0.326904278342868	4	4	PRIMARY_K50_50	205	0.0205
PRIMARY_K50	TOP2B	NUP58	26	0.33061773548514306	4	4	PRIMARY_K50_50	195	0.0195
PRIMARY_K50	TOP2B	PDCD10	27	0.33798732509889584	4	4	PRIMARY_K50_50	188	0.0188
PRIMARY_K50	TOP2B	TRPC3	28	0.34370576482271853	4	4	PRIMARY_K50_50	203	0.0203
PRIMARY_K50	TOP2B	CFAP69	29	0.3497320179715896	4	4	PRIMARY_K50_50	186	0.0186
PRIMARY_K50	TOP2B	RPA3	30	0.35167843502049656	4	4	PRIMARY_K50_50	205	0.0205
PRIMARY_K50	TOP2B	RAB11FIP2	31	0.3530899254829265	4	4	PRIMARY_K50_50	165	0.0165
PRIMARY_K50	TOP2B	SMAD5	32	0.35370320589653503	4	4	PRIMARY_K50_50	210	0.021
PRIMARY_K50	TOP2B	VAPA	33	0.3537044119263324	4	4	PRIMARY_K50_50	178	0.0178
PRIMARY_K50	TOP2B	ZDHHC21	34	0.3561186440044807	4	4	PRIMARY_K50_50	222	0.0222
PRIMARY_K50	TOP2B	TOPBP1	35	0.3580494781780876	4	4	PRIMARY_K50_50	198	0.0198
PRIMARY_K50	TOP2B	STAM	36	0.3635189487047083	4	4	PRIMARY_K50_50	205	0.0205
PRIMARY_K50	TOP2B	ABCA5	37	0.36395557957087943	4	4	PRIMARY_K50_50	190	0.019
PRIMARY_K50	TOP2B	KMO	38	0.36430118278449064	4	4	PRIMARY_K50_50	219	0.0219
PRIMARY_K50	TOP2B	FGF5	39	0.3648550142619849	4	4	PRIMARY_K50_50	177	0.0177
PRIMARY_K50	TOP2B	CD47	40	0.36495500656019547	4	4	PRIMARY_K50_50	219	0.0219
PRIMARY_K50	TOP2B	TICAM2	41	0.3675054860623107	4	4	PRIMARY_K50_50	210	0.021
PRIMARY_K50	TOP2B	SESN3	42	0.3709474814305455	4	4	PRIMARY_K50_50	207	0.0207
PRIMARY_K50	TOP2B	CHEK1	43	0.37389962386181924	4	4	PRIMARY_K50_50	208	0.0208
PRIMARY_K50	TOP2B	TRAK2	44	0.37831525038613223	4	4	PRIMARY_K50_50	202	0.0202
PRIMARY_K50	TOP2B	RFX6	45	0.3796057000593315	4	4	PRIMARY_K50_50	198	0.0198
PRIMARY_K50	TOP2B	BTC	46	0.3801187641772216	4	4	PRIMARY_K50_50	199	0.0199
PRIMARY_K50	TOP2B	DSG1	47	0.3831738210780259	4	4	PRIMARY_K50_50	205	0.0205
PRIMARY_K50	TOP2B	NUP37	48	0.3834151626668433	4	4	PRIMARY_K50_50	224	0.0224
PRIMARY_K50	TOP2B	ECT2	49	0.3835935507939941	4	4	PRIMARY_K50_50	191	0.0191
PRIMARY_K50	TOP2B	FBXO38	50	0.38405166363907506	4	4	PRIMARY_K50_50	200	0.02
PRIMARY_K50	VPS13B	INPP4B	1	0.1520149161589463	5	5	PRIMARY_K50_50	215	0.0215
PRIMARY_K50	VPS13B	USH2A	2	0.15855434466051063	5	5	PRIMARY_K50_50	213	0.0213
PRIMARY_K50	VPS13B	GPHN	3	0.18146436263192026	5	5	PRIMARY_K50_50	214	0.0214
PRIMARY_K50	VPS13B	CNTN4	4	0.19135139231985823	5	5	PRIMARY_K50_50	218	0.0218
PRIMARY_K50	VPS13B	DGKB	5	0.21620044220460166	5	5	PRIMARY_K50_50	201	0.0201
PRIMARY_K50	VPS13B	GPC6	6	0.21958178024579092	5	5	PRIMARY_K50_50	184	0.0184
PRIMARY_K50	VPS13B	ADGRB3	7	0.23056747407348482	5	5	PRIMARY_K50_50	209	0.0209
PRIMARY_K50	VPS13B	BANK1	8	0.2527635784335235	5	5	PRIMARY_K50_50	198	0.0198
PRIMARY_K50	VPS13B	PLCL1	9	0.2612398690767532	5	5	PRIMARY_K50_50	182	0.0182
PRIMARY_K50	VPS13B	NRG3	10	0.2654544535575794	5	5	PRIMARY_K50_50	199	0.0199
PRIMARY_K50	VPS13B	LAMA2	11	0.26723929785325706	5	5	PRIMARY_K50_50	214	0.0214
PRIMARY_K50	VPS13B	GRM7	12	0.27890052075787036	5	5	PRIMARY_K50_50	186	0.0186
PRIMARY_K50	VPS13B	SGCD	13	0.2984523655345839	5	5	PRIMARY_K50_50	216	0.0216
PRIMARY_K50	VPS13B	SLC4A10	14	0.30312757134210344	5	5	PRIMARY_K50_50	213	0.0213
PRIMARY_K50	VPS13B	EXOC6B	15	0.3050142345000402	5	5	PRIMARY_K50_50	195	0.0195
PRIMARY_K50	VPS13B	KCNMB2	16	0.3083775556215296	5	5	PRIMARY_K50_50	191	0.0191
PRIMARY_K50	VPS13B	SOX6	17	0.31195716256365913	5	5	PRIMARY_K50_50	187	0.0187
PRIMARY_K50	VPS13B	MAPK10	18	0.3160426013470791	5	5	PRIMARY_K50_50	215	0.0215
PRIMARY_K50	VPS13B	EPHA6	19	0.32329749625950377	5	5	PRIMARY_K50_50	196	0.0196
PRIMARY_K50	VPS13B	MYO16	20	0.32748802808499966	5	5	PRIMARY_K50_50	181	0.0181
PRIMARY_K50	VPS13B	UNC13C	21	0.32776844909957975	5	5	PRIMARY_K50_50	199	0.0199
PRIMARY_K50	VPS13B	NEGR1	22	0.3288946068260485	5	5	PRIMARY_K50_50	207	0.0207
PRIMARY_K50	VPS13B	UTRN	23	0.33003103245154636	5	5	PRIMARY_K50_50	200	0.02
PRIMARY_K50	VPS13B	DPP10	24	0.3307117946118175	5	5	PRIMARY_K50_50	194	0.0194
PRIMARY_K50	VPS13B	DNM3	25	0.33116030110189476	5	5	PRIMARY_K50_50	223	0.0223
PRIMARY_K50	VPS13B	ARHGAP24	26	0.3312946613456232	5	5	PRIMARY_K50_50	218	0.0218
PRIMARY_K50	VPS13B	HDAC9	27	0.34536359297400493	5	5	PRIMARY_K50_50	193	0.0193
PRIMARY_K50	VPS13B	LRRC4C	28	0.34961009994878695	5	5	PRIMARY_K50_50	193	0.0193
PRIMARY_K50	VPS13B	TENM3	29	0.3507285972454449	5	5	PRIMARY_K50_50	230	0.023
PRIMARY_K50	VPS13B	SGCZ	30	0.36706625618168526	5	5	PRIMARY_K50_50	215	0.0215
PRIMARY_K50	VPS13B	GPC5	31	0.36943006808174206	5	5	PRIMARY_K50_50	180	0.018
PRIMARY_K50	VPS13B	TBC1D5	32	0.3727615276039297	5	5	PRIMARY_K50_50	168	0.0168
PRIMARY_K50	VPS13B	CADPS2	33	0.37451950012108104	5	5	PRIMARY_K50_50	193	0.0193
PRIMARY_K50	VPS13B	WDPCP	34	0.3872230569512802	5	5	PRIMARY_K50_50	191	0.0191
PRIMARY_K50	VPS13B	ZBTB20	35	0.3875243940580122	5	5	PRIMARY_K50_50	206	0.0206
PRIMARY_K50	VPS13B	MCTP1	36	0.3924175714670925	5	5	PRIMARY_K50_50	216	0.0216
PRIMARY_K50	VPS13B	ST6GALNAC3	37	0.3961501821340101	5	5	PRIMARY_K50_50	227	0.0227
PRIMARY_K50	VPS13B	ARB2A	38	0.40224422013887773	5	5	PRIMARY_K50_50	211	0.0211
PRIMARY_K50	VPS13B	DIAPH3	39	0.4058821871603646	5	5	PRIMARY_K50_50	193	0.0193
PRIMARY_K50	VPS13B	ANO3	40	0.40699515947000714	5	5	PRIMARY_K50_50	197	0.0197
PRIMARY_K50	VPS13B	FOXP2	41	0.4121852871447294	5	5	PRIMARY_K50_50	196	0.0196
PRIMARY_K50	VPS13B	SYNE1	42	0.4141571739772029	5	5	PRIMARY_K50_50	169	0.0169
PRIMARY_K50	VPS13B	DST	43	0.4208636726660664	5	5	PRIMARY_K50_50	163	0.0163
PRIMARY_K50	VPS13B	CTNND2	44	0.42284846872767473	5	5	PRIMARY_K50_50	208	0.0208
PRIMARY_K50	VPS13B	CNTN5	45	0.42376403633853926	5	5	PRIMARY_K50_50	191	0.0191
PRIMARY_K50	VPS13B	MDGA2	46	0.42709387769747104	5	5	PRIMARY_K50_50	214	0.0214
PRIMARY_K50	VPS13B	NELL1	47	0.43542552718973837	5	5	PRIMARY_K50_50	208	0.0208
PRIMARY_K50	VPS13B	ADGRV1	48	0.43563033124536715	5	5	PRIMARY_K50_50	194	0.0194
PRIMARY_K50	VPS13B	SLC9A9	49	0.44665484460021687	5	5	PRIMARY_K50_50	197	0.0197
PRIMARY_K50	VPS13B	ITPR2	50	0.4485859175382904	5	5	PRIMARY_K50_50	179	0.0179
SENSITIVITY_K20	ACTB	PRKCD	1	0.11719941890658787	3	3	SENSITIVITY_K20_20	515	0.0515
SENSITIVITY_K20	ACTB	TBX1	2	0.2554741916081951	3	3	SENSITIVITY_K20_20	457	0.0457
SENSITIVITY_K20	ACTB	EPHA2	3	0.2604611350267537	3	3	SENSITIVITY_K20_20	475	0.0475
SENSITIVITY_K20	ACTB	WNT4	4	0.2628142551669508	3	3	SENSITIVITY_K20_20	458	0.0458
SENSITIVITY_K20	ACTB	DLG4	5	0.30639424202090865	3	3	SENSITIVITY_K20_20	501	0.0501
SENSITIVITY_K20	ACTB	NOS3	6	0.3273238315200871	3	3	SENSITIVITY_K20_20	517	0.0517
SENSITIVITY_K20	ACTB	JAK3	7	0.412177875813807	3	3	SENSITIVITY_K20_20	522	0.0522
SENSITIVITY_K20	ACTB	PDGFB	8	0.4143103427315722	3	3	SENSITIVITY_K20_20	517	0.0517
SENSITIVITY_K20	ACTB	STAT5A	9	0.44809925786432975	3	3	SENSITIVITY_K20_20	514	0.0514
SENSITIVITY_K20	ACTB	ADORA2A	10	0.45295563170020925	3	3	SENSITIVITY_K20_20	490	0.049
SENSITIVITY_K20	ACTB	STRA6	11	0.4799256258124289	3	3	SENSITIVITY_K20_20	477	0.0477
SENSITIVITY_K20	ACTB	CSK	12	0.4901007085147748	3	3	SENSITIVITY_K20_20	536	0.0536
SENSITIVITY_K20	ACTB	NUP62	13	0.49577400875774746	3	3	SENSITIVITY_K20_20	490	0.049
SENSITIVITY_K20	ACTB	MLXIPL	14	0.4973441355916285	3	3	SENSITIVITY_K20_20	520	0.052
SENSITIVITY_K20	ACTB	RAPGEF3	15	0.5056937397003352	3	3	SENSITIVITY_K20_20	499	0.0499
SENSITIVITY_K20	ACTB	SREBF1	16	0.5056964697505943	3	3	SENSITIVITY_K20_20	507	0.0507
SENSITIVITY_K20	ACTB	DMTN	17	0.5099333764575158	3	3	SENSITIVITY_K20_20	521	0.0521
SENSITIVITY_K20	ACTB	SQSTM1	18	0.511968688071813	3	3	SENSITIVITY_K20_20	471	0.0471
SENSITIVITY_K20	ACTB	NHERF1	19	0.5150539329531908	3	3	SENSITIVITY_K20_20	542	0.0542
SENSITIVITY_K20	ACTB	MAVS	20	0.5304212524531561	3	3	SENSITIVITY_K20_20	471	0.0471
SENSITIVITY_K20	ADA	RAPGEF3	1	0.1460956172160618	3	3	SENSITIVITY_K20_20	484	0.0484
SENSITIVITY_K20	ADA	INCENP	2	0.15186436632820993	3	3	SENSITIVITY_K20_20	480	0.048
SENSITIVITY_K20	ADA	LRRC8A	3	0.15208200899421886	3	3	SENSITIVITY_K20_20	514	0.0514
SENSITIVITY_K20	ADA	BRSK1	4	0.1703243015410807	3	3	SENSITIVITY_K20_20	516	0.0516
SENSITIVITY_K20	ADA	FLCN	5	0.18647110856567498	3	3	SENSITIVITY_K20_20	543	0.0543
SENSITIVITY_K20	ADA	VSIR	6	0.19624538070028197	3	3	SENSITIVITY_K20_20	487	0.0487
SENSITIVITY_K20	ADA	DMTN	7	0.19831744120281022	3	3	SENSITIVITY_K20_20	468	0.0468
SENSITIVITY_K20	ADA	SQSTM1	8	0.20676182139497923	3	3	SENSITIVITY_K20_20	482	0.0482
SENSITIVITY_K20	ADA	LAPTM5	9	0.20869532433657045	3	3	SENSITIVITY_K20_20	515	0.0515
SENSITIVITY_K20	ADA	TYK2	10	0.22118870750464995	3	3	SENSITIVITY_K20_20	497	0.0497
SENSITIVITY_K20	ADA	STRA6	11	0.2271371270171477	3	3	SENSITIVITY_K20_20	496	0.0496
SENSITIVITY_K20	ADA	MYH6	12	0.23484706243599535	3	3	SENSITIVITY_K20_20	501	0.0501
SENSITIVITY_K20	ADA	IKBKE	13	0.2599010842690483	3	3	SENSITIVITY_K20_20	476	0.0476
SENSITIVITY_K20	ADA	NLGN3	14	0.2644635227535885	3	3	SENSITIVITY_K20_20	518	0.0518
SENSITIVITY_K20	ADA	FGF18	15	0.26577607631508043	3	3	SENSITIVITY_K20_20	506	0.0506
SENSITIVITY_K20	ADA	ADCY6	16	0.26767787711356433	3	3	SENSITIVITY_K20_20	493	0.0493
SENSITIVITY_K20	ADA	SLC2A1	17	0.2689385669377646	3	3	SENSITIVITY_K20_20	548	0.0548
SENSITIVITY_K20	ADA	FGR	18	0.2811218301327972	3	3	SENSITIVITY_K20_20	498	0.0498
SENSITIVITY_K20	ADA	STAT5A	19	0.2817835539903401	3	3	SENSITIVITY_K20_20	509	0.0509
SENSITIVITY_K20	ADA	INPP5K	20	0.28300796733506267	3	3	SENSITIVITY_K20_20	469	0.0469
SENSITIVITY_K20	BRCA2	ENPP1	1	0.0337670598222164	4	4	SENSITIVITY_K20_20	531	0.0531
SENSITIVITY_K20	BRCA2	SMAD1	2	0.10999978717430181	4	4	SENSITIVITY_K20_20	489	0.0489
SENSITIVITY_K20	BRCA2	CLTC	3	0.12216180628855194	4	4	SENSITIVITY_K20_20	506	0.0506
SENSITIVITY_K20	BRCA2	DICER1	4	0.13478558441327357	4	4	SENSITIVITY_K20_20	513	0.0513
SENSITIVITY_K20	BRCA2	EIF2AK3	5	0.1438200239425623	4	4	SENSITIVITY_K20_20	502	0.0502
SENSITIVITY_K20	BRCA2	CASP1	6	0.1647371541252322	4	4	SENSITIVITY_K20_20	492	0.0492
SENSITIVITY_K20	BRCA2	IL18R1	7	0.18539430440784305	4	4	SENSITIVITY_K20_20	494	0.0494
SENSITIVITY_K20	BRCA2	TRPC3	8	0.18738519684288615	4	4	SENSITIVITY_K20_20	503	0.0503
SENSITIVITY_K20	BRCA2	PDCD6IP	9	0.19198006466605216	4	4	SENSITIVITY_K20_20	488	0.0488
SENSITIVITY_K20	BRCA2	RAG1	10	0.19256331921485015	4	4	SENSITIVITY_K20_20	528	0.0528
SENSITIVITY_K20	BRCA2	ZDHHC2	11	0.19817116479590768	4	4	SENSITIVITY_K20_20	517	0.0517
SENSITIVITY_K20	BRCA2	DPP4	12	0.20007379022805674	4	4	SENSITIVITY_K20_20	448	0.0448
SENSITIVITY_K20	BRCA2	ACSL3	13	0.20184551786264782	4	4	SENSITIVITY_K20_20	460	0.046
SENSITIVITY_K20	BRCA2	EZH2	14	0.20537405522332694	4	4	SENSITIVITY_K20_20	485	0.0485
SENSITIVITY_K20	BRCA2	SCIN	15	0.2065082532483899	4	4	SENSITIVITY_K20_20	437	0.0437
SENSITIVITY_K20	BRCA2	WASF1	16	0.20671004163652468	4	4	SENSITIVITY_K20_20	498	0.0498
SENSITIVITY_K20	BRCA2	NUF2	17	0.2132305653421625	4	4	SENSITIVITY_K20_20	509	0.0509
SENSITIVITY_K20	BRCA2	RAD50	18	0.21464390808900777	4	4	SENSITIVITY_K20_20	530	0.053
SENSITIVITY_K20	BRCA2	KMO	19	0.21552399320512688	4	4	SENSITIVITY_K20_20	535	0.0535
SENSITIVITY_K20	BRCA2	PRKCI	20	0.2173374855579337	4	4	SENSITIVITY_K20_20	535	0.0535
SENSITIVITY_K20	C4B	DEDD2	1	0.06379885998511337	3	3	SENSITIVITY_K20_20	497	0.0497
SENSITIVITY_K20	C4B	TMEM161A	2	0.09923958159313727	3	3	SENSITIVITY_K20_20	502	0.0502
SENSITIVITY_K20	C4B	GDF6	3	0.10582563436269392	3	3	SENSITIVITY_K20_20	496	0.0496
SENSITIVITY_K20	C4B	RSPH6A	4	0.11550863571719908	3	3	SENSITIVITY_K20_20	502	0.0502
SENSITIVITY_K20	C4B	RAB4B	5	0.11707754212289773	3	3	SENSITIVITY_K20_20	488	0.0488
SENSITIVITY_K20	C4B	CFB	6	0.12100894843822188	3	3	SENSITIVITY_K20_20	495	0.0495
SENSITIVITY_K20	C4B	ETFB	7	0.12151145453175985	3	3	SENSITIVITY_K20_20	561	0.0561
SENSITIVITY_K20	C4B	DVL3	8	0.12913403265546372	3	3	SENSITIVITY_K20_20	498	0.0498
SENSITIVITY_K20	C4B	MTCH1	9	0.13052355702440335	3	3	SENSITIVITY_K20_20	520	0.052
SENSITIVITY_K20	C4B	C4A	10	0.13732629134304028	3	3	SENSITIVITY_K20_20	468	0.0468
SENSITIVITY_K20	C4B	MESP2	11	0.14234959104944678	3	3	SENSITIVITY_K20_20	497	0.0497
SENSITIVITY_K20	C4B	CLTB	12	0.14599756339459777	3	3	SENSITIVITY_K20_20	536	0.0536
SENSITIVITY_K20	C4B	GGT5	13	0.14649995388240855	3	3	SENSITIVITY_K20_20	477	0.0477
SENSITIVITY_K20	C4B	ST6GALNAC6	14	0.15457035834857152	3	3	SENSITIVITY_K20_20	541	0.0541
SENSITIVITY_K20	C4B	ARHGAP1	15	0.15614693737359012	3	3	SENSITIVITY_K20_20	512	0.0512
SENSITIVITY_K20	C4B	SLC5A5	16	0.1632272907563125	3	3	SENSITIVITY_K20_20	441	0.0441
SENSITIVITY_K20	C4B	AFMID	17	0.16515954780063477	3	3	SENSITIVITY_K20_20	481	0.0481
SENSITIVITY_K20	C4B	NUMBL	18	0.16834759868062163	3	3	SENSITIVITY_K20_20	508	0.0508
SENSITIVITY_K20	C4B	ALOXE3	19	0.16892507172441357	3	3	SENSITIVITY_K20_20	502	0.0502
SENSITIVITY_K20	C4B	TMEM175	20	0.1710255547897169	3	3	SENSITIVITY_K20_20	478	0.0478
SENSITIVITY_K20	CARD11	SH3PXD2B	1	0.1325570786593115	5	5	SENSITIVITY_K20_20	490	0.049
SENSITIVITY_K20	CARD11	ST3GAL1	2	0.13259696661657117	5	5	SENSITIVITY_K20_20	530	0.053
SENSITIVITY_K20	CARD11	ARHGEF10	3	0.13983903018337038	5	5	SENSITIVITY_K20_20	542	0.0542
SENSITIVITY_K20	CARD11	SYT2	4	0.14912669670809794	5	5	SENSITIVITY_K20_20	493	0.0493
SENSITIVITY_K20	CARD11	DLG5	5	0.1519475719594987	5	5	SENSITIVITY_K20_20	500	0.05
SENSITIVITY_K20	CARD11	GNAO1	6	0.1616663183044608	5	5	SENSITIVITY_K20_20	469	0.0469
SENSITIVITY_K20	CARD11	NDUFA10	7	0.17048574381517687	5	5	SENSITIVITY_K20_20	508	0.0508
SENSITIVITY_K20	CARD11	SULF2	8	0.1799864792168679	5	5	SENSITIVITY_K20_20	494	0.0494
SENSITIVITY_K20	CARD11	KDM2B	9	0.20417822516367684	5	5	SENSITIVITY_K20_20	539	0.0539
SENSITIVITY_K20	CARD11	RAPGEF1	10	0.2130928107862598	5	5	SENSITIVITY_K20_20	513	0.0513
SENSITIVITY_K20	CARD11	CAPZB	11	0.21801861350977228	5	5	SENSITIVITY_K20_20	532	0.0532
SENSITIVITY_K20	CARD11	CACNG2	12	0.23251308324024103	5	5	SENSITIVITY_K20_20	484	0.0484
SENSITIVITY_K20	CARD11	SUFU	13	0.2387844376383039	5	5	SENSITIVITY_K20_20	455	0.0455
SENSITIVITY_K20	CARD11	LOXL2	14	0.24211824836972679	5	5	SENSITIVITY_K20_20	487	0.0487
SENSITIVITY_K20	CARD11	WHRN	15	0.24330676738580678	5	5	SENSITIVITY_K20_20	475	0.0475
SENSITIVITY_K20	CARD11	CSNK1E	16	0.24694571125405393	5	5	SENSITIVITY_K20_20	460	0.046
SENSITIVITY_K20	CARD11	FOXK2	17	0.25144545096355353	5	5	SENSITIVITY_K20_20	463	0.0463
SENSITIVITY_K20	CARD11	SCNN1B	18	0.25330275301876615	5	5	SENSITIVITY_K20_20	532	0.0532
SENSITIVITY_K20	CARD11	MYH11	19	0.26304379127035105	5	5	SENSITIVITY_K20_20	500	0.05
SENSITIVITY_K20	CARD11	DGKD	20	0.263805530421172	5	5	SENSITIVITY_K20_20	534	0.0534
SENSITIVITY_K20	CHD7	AR	1	0.10471238216966942	5	5	SENSITIVITY_K20_20	530	0.053
SENSITIVITY_K20	CHD7	ADAMTS9	2	0.110645300833431	5	5	SENSITIVITY_K20_20	532	0.0532
SENSITIVITY_K20	CHD7	DOCK11	3	0.1319118575068708	5	5	SENSITIVITY_K20_20	444	0.0444
SENSITIVITY_K20	CHD7	SLC25A13	4	0.14306702309713065	5	5	SENSITIVITY_K20_20	479	0.0479
SENSITIVITY_K20	CHD7	GNG2	5	0.14789802258125892	5	5	SENSITIVITY_K20_20	530	0.053
SENSITIVITY_K20	CHD7	BTRC	6	0.15784324868821084	5	5	SENSITIVITY_K20_20	489	0.0489
SENSITIVITY_K20	CHD7	SH3GL2	7	0.15980275507110786	5	5	SENSITIVITY_K20_20	493	0.0493
SENSITIVITY_K20	CHD7	PRLR	8	0.16406142363778023	5	5	SENSITIVITY_K20_20	491	0.0491
SENSITIVITY_K20	CHD7	FSHR	9	0.1672949839437461	5	5	SENSITIVITY_K20_20	506	0.0506
SENSITIVITY_K20	CHD7	CDKL5	10	0.17017248908201044	5	5	SENSITIVITY_K20_20	520	0.052
SENSITIVITY_K20	CHD7	SETD2	11	0.17061964038015437	5	5	SENSITIVITY_K20_20	494	0.0494
SENSITIVITY_K20	CHD7	GIGYF2	12	0.1717760124160432	5	5	SENSITIVITY_K20_20	557	0.0557
SENSITIVITY_K20	CHD7	FIRRM	13	0.17302001839303152	5	5	SENSITIVITY_K20_20	506	0.0506
SENSITIVITY_K20	CHD7	TAB2	14	0.17754372348154734	5	5	SENSITIVITY_K20_20	480	0.048
SENSITIVITY_K20	CHD7	GTF2F2	15	0.1882064852607562	5	5	SENSITIVITY_K20_20	451	0.0451
SENSITIVITY_K20	CHD7	UGT1A1	16	0.1910671056544231	5	5	SENSITIVITY_K20_20	504	0.0504
SENSITIVITY_K20	CHD7	AP2B1	17	0.19258641117166825	5	5	SENSITIVITY_K20_20	548	0.0548
SENSITIVITY_K20	CHD7	NPSR1	18	0.19658606322396546	5	5	SENSITIVITY_K20_20	483	0.0483
SENSITIVITY_K20	CHD7	SULF1	19	0.19700645922950144	5	5	SENSITIVITY_K20_20	484	0.0484
SENSITIVITY_K20	CHD7	TAOK1	20	0.19938935291878276	5	5	SENSITIVITY_K20_20	479	0.0479
SENSITIVITY_K20	CORO1A	PNPLA2	1	0.04990864804015046	1	1	SENSITIVITY_K20_20	502	0.0502
SENSITIVITY_K20	CORO1A	CORO1B	2	0.09820389743749937	1	1	SENSITIVITY_K20_20	516	0.0516
SENSITIVITY_K20	CORO1A	MAPK11	3	0.14754720000581945	1	1	SENSITIVITY_K20_20	507	0.0507
SENSITIVITY_K20	CORO1A	CDT1	4	0.14799992347621072	1	1	SENSITIVITY_K20_20	516	0.0516
SENSITIVITY_K20	CORO1A	NLRP6	5	0.15048549217996354	1	1	SENSITIVITY_K20_20	470	0.047
SENSITIVITY_K20	CORO1A	MAPK15	6	0.20921495988450756	1	1	SENSITIVITY_K20_20	522	0.0522
SENSITIVITY_K20	CORO1A	GNB2	7	0.22800932619467973	1	1	SENSITIVITY_K20_20	497	0.0497
SENSITIVITY_K20	CORO1A	VPS28	8	0.23248749801873997	1	1	SENSITIVITY_K20_20	467	0.0467
SENSITIVITY_K20	CORO1A	CENPX	9	0.23373795951597337	1	1	SENSITIVITY_K20_20	507	0.0507
SENSITIVITY_K20	CORO1A	ADM2	10	0.2559657518749692	1	1	SENSITIVITY_K20_20	495	0.0495
SENSITIVITY_K20	CORO1A	AVPR2	11	0.27992285598039446	1	1	SENSITIVITY_K20_20	471	0.0471
SENSITIVITY_K20	CORO1A	VPS37D	12	0.2847212683364255	1	1	SENSITIVITY_K20_20	537	0.0537
SENSITIVITY_K20	CORO1A	ACHE	13	0.2952586381324433	1	1	SENSITIVITY_K20_20	485	0.0485
SENSITIVITY_K20	CORO1A	CYP2D6	14	0.3236887261714765	1	1	SENSITIVITY_K20_20	507	0.0507
SENSITIVITY_K20	CORO1A	CLDN5	15	0.32664012069945164	1	1	SENSITIVITY_K20_20	497	0.0497
SENSITIVITY_K20	CORO1A	FSTL3	16	0.3273021313895413	1	1	SENSITIVITY_K20_20	463	0.0463
SENSITIVITY_K20	CORO1A	GPIHBP1	17	0.32988980561615205	1	1	SENSITIVITY_K20_20	524	0.0524
SENSITIVITY_K20	CORO1A	PRAP1	18	0.3310310520965365	1	1	SENSITIVITY_K20_20	475	0.0475
SENSITIVITY_K20	CORO1A	CBX4	19	0.336102897612969	1	1	SENSITIVITY_K20_20	525	0.0525
SENSITIVITY_K20	CORO1A	RILP	20	0.35374967775341903	1	1	SENSITIVITY_K20_20	517	0.0517
SENSITIVITY_K20	DOCK8	CACNB4	1	0.04427689843706427	5	5	SENSITIVITY_K20_20	504	0.0504
SENSITIVITY_K20	DOCK8	COMMD1	2	0.09010175923339463	5	5	SENSITIVITY_K20_20	508	0.0508
SENSITIVITY_K20	DOCK8	PDE8B	3	0.09356278729774994	5	5	SENSITIVITY_K20_20	514	0.0514
SENSITIVITY_K20	DOCK8	CPEB3	4	0.09555619746474647	5	5	SENSITIVITY_K20_20	506	0.0506
SENSITIVITY_K20	DOCK8	STIM1	5	0.13534129430956499	5	5	SENSITIVITY_K20_20	512	0.0512
SENSITIVITY_K20	DOCK8	SRPK2	6	0.14956616546267845	5	5	SENSITIVITY_K20_20	503	0.0503
SENSITIVITY_K20	DOCK8	BMPER	7	0.15549619146561394	5	5	SENSITIVITY_K20_20	503	0.0503
SENSITIVITY_K20	DOCK8	CLNK	8	0.15585313173763385	5	5	SENSITIVITY_K20_20	499	0.0499
SENSITIVITY_K20	DOCK8	DOCK5	9	0.1559563517310448	5	5	SENSITIVITY_K20_20	508	0.0508
SENSITIVITY_K20	DOCK8	ITSN1	10	0.15951312224593892	5	5	SENSITIVITY_K20_20	470	0.047
SENSITIVITY_K20	DOCK8	PARN	11	0.16876829734938165	5	5	SENSITIVITY_K20_20	499	0.0499
SENSITIVITY_K20	DOCK8	TNRC6B	12	0.17623417453995563	5	5	SENSITIVITY_K20_20	502	0.0502
SENSITIVITY_K20	DOCK8	GAB2	13	0.18596745682742422	5	5	SENSITIVITY_K20_20	502	0.0502
SENSITIVITY_K20	DOCK8	ABCC4	14	0.19335458425064397	5	5	SENSITIVITY_K20_20	503	0.0503
SENSITIVITY_K20	DOCK8	KIF5C	15	0.2014230161928139	5	5	SENSITIVITY_K20_20	515	0.0515
SENSITIVITY_K20	DOCK8	TJP1	16	0.20589199167859923	5	5	SENSITIVITY_K20_20	472	0.0472
SENSITIVITY_K20	DOCK8	ZNF365	17	0.20878963164122033	5	5	SENSITIVITY_K20_20	500	0.05
SENSITIVITY_K20	DOCK8	SPTBN1	18	0.21177595711444042	5	5	SENSITIVITY_K20_20	485	0.0485
SENSITIVITY_K20	DOCK8	NSMCE2	19	0.21251329747005968	5	5	SENSITIVITY_K20_20	494	0.0494
SENSITIVITY_K20	DOCK8	KIF13A	20	0.22163224683540012	5	5	SENSITIVITY_K20_20	501	0.0501
SENSITIVITY_K20	ERBIN	NLK	1	0.04897138151082643	5	5	SENSITIVITY_K20_20	506	0.0506
SENSITIVITY_K20	ERBIN	SMCHD1	2	0.06562600438211447	5	5	SENSITIVITY_K20_20	483	0.0483
SENSITIVITY_K20	ERBIN	RIC1	3	0.06653437728996496	5	5	SENSITIVITY_K20_20	513	0.0513
SENSITIVITY_K20	ERBIN	CHRM2	4	0.08270551290037624	5	5	SENSITIVITY_K20_20	532	0.0532
SENSITIVITY_K20	ERBIN	LIN7A	5	0.08616297583212983	5	5	SENSITIVITY_K20_20	511	0.0511
SENSITIVITY_K20	ERBIN	CNOT4	6	0.08674200429608	5	5	SENSITIVITY_K20_20	472	0.0472
SENSITIVITY_K20	ERBIN	ATP2C1	7	0.09044714917750607	5	5	SENSITIVITY_K20_20	496	0.0496
SENSITIVITY_K20	ERBIN	ANKRD31	8	0.09499611968539169	5	5	SENSITIVITY_K20_20	532	0.0532
SENSITIVITY_K20	ERBIN	STIM2	9	0.11175251864325401	5	5	SENSITIVITY_K20_20	467	0.0467
SENSITIVITY_K20	ERBIN	SMC6	10	0.11571101106459318	5	5	SENSITIVITY_K20_20	535	0.0535
SENSITIVITY_K20	ERBIN	ANAPC10	11	0.11783756813681517	5	5	SENSITIVITY_K20_20	492	0.0492
SENSITIVITY_K20	ERBIN	EYA1	12	0.11825866263260991	5	5	SENSITIVITY_K20_20	468	0.0468
SENSITIVITY_K20	ERBIN	HOMER1	13	0.1258880265418623	5	5	SENSITIVITY_K20_20	496	0.0496
SENSITIVITY_K20	ERBIN	KYNU	14	0.12711814974460361	5	5	SENSITIVITY_K20_20	555	0.0555
SENSITIVITY_K20	ERBIN	EPS15	15	0.1278042900958931	5	5	SENSITIVITY_K20_20	461	0.0461
SENSITIVITY_K20	ERBIN	ZDHHC15	16	0.14246641345678843	5	5	SENSITIVITY_K20_20	498	0.0498
SENSITIVITY_K20	ERBIN	ITGA1	17	0.14361307917396204	5	5	SENSITIVITY_K20_20	462	0.0462
SENSITIVITY_K20	ERBIN	HSD17B4	18	0.14673712067387312	5	5	SENSITIVITY_K20_20	479	0.0479
SENSITIVITY_K20	ERBIN	FNIP1	19	0.14987015763762682	5	5	SENSITIVITY_K20_20	519	0.0519
SENSITIVITY_K20	ERBIN	ADAM23	20	0.15540638031331874	5	5	SENSITIVITY_K20_20	523	0.0523
SENSITIVITY_K20	KDM6A	IPO11	1	0.048742707760331044	5	5	SENSITIVITY_K20_20	491	0.0491
SENSITIVITY_K20	KDM6A	GALK2	2	0.08143234579611888	5	5	SENSITIVITY_K20_20	472	0.0472
SENSITIVITY_K20	KDM6A	TLK1	3	0.10040467774180793	5	5	SENSITIVITY_K20_20	523	0.0523
SENSITIVITY_K20	KDM6A	EPB41L2	4	0.10697511132624268	5	5	SENSITIVITY_K20_20	493	0.0493
SENSITIVITY_K20	KDM6A	TMCC1	5	0.11185015459607249	5	5	SENSITIVITY_K20_20	462	0.0462
SENSITIVITY_K20	KDM6A	TPH2	6	0.1163811920894784	5	5	SENSITIVITY_K20_20	540	0.054
SENSITIVITY_K20	KDM6A	CDH20	7	0.11967525479024645	5	5	SENSITIVITY_K20_20	508	0.0508
SENSITIVITY_K20	KDM6A	ZSWIM6	8	0.12032560565294327	5	5	SENSITIVITY_K20_20	497	0.0497
SENSITIVITY_K20	KDM6A	FHIP1A	9	0.12354119510114794	5	5	SENSITIVITY_K20_20	513	0.0513
SENSITIVITY_K20	KDM6A	INVS	10	0.1251292072565377	5	5	SENSITIVITY_K20_20	487	0.0487
SENSITIVITY_K20	KDM6A	VEPH1	11	0.12687704253516607	5	5	SENSITIVITY_K20_20	469	0.0469
SENSITIVITY_K20	KDM6A	MRPL33	12	0.13385268724773408	5	5	SENSITIVITY_K20_20	528	0.0528
SENSITIVITY_K20	KDM6A	CDIN1	13	0.13560002972328283	5	5	SENSITIVITY_K20_20	507	0.0507
SENSITIVITY_K20	KDM6A	RAB3C	14	0.1521452513464123	5	5	SENSITIVITY_K20_20	502	0.0502
SENSITIVITY_K20	KDM6A	FAAH2	15	0.15304331289437562	5	5	SENSITIVITY_K20_20	509	0.0509
SENSITIVITY_K20	KDM6A	RTN1	16	0.15423090950513998	5	5	SENSITIVITY_K20_20	522	0.0522
SENSITIVITY_K20	KDM6A	KMT2C	17	0.15491213826431247	5	5	SENSITIVITY_K20_20	503	0.0503
SENSITIVITY_K20	KDM6A	FAR2	18	0.15523756715580198	5	5	SENSITIVITY_K20_20	484	0.0484
SENSITIVITY_K20	KDM6A	PKIB	19	0.1587980318619745	5	5	SENSITIVITY_K20_20	474	0.0474
SENSITIVITY_K20	KDM6A	RGS5	20	0.15903826026816728	5	5	SENSITIVITY_K20_20	516	0.0516
SENSITIVITY_K20	KMT2A	ULK2	1	0.06637803579401588	5	5	SENSITIVITY_K20_20	542	0.0542
SENSITIVITY_K20	KMT2A	KNTC1	2	0.06684254657296809	5	5	SENSITIVITY_K20_20	528	0.0528
SENSITIVITY_K20	KMT2A	SHLD2	3	0.12168763293929748	5	5	SENSITIVITY_K20_20	549	0.0549
SENSITIVITY_K20	KMT2A	RAB10	4	0.12901683751290585	5	5	SENSITIVITY_K20_20	497	0.0497
SENSITIVITY_K20	KMT2A	INPP5F	5	0.1390450821049784	5	5	SENSITIVITY_K20_20	488	0.0488
SENSITIVITY_K20	KMT2A	NUP153	6	0.15296949077955063	5	5	SENSITIVITY_K20_20	521	0.0521
SENSITIVITY_K20	KMT2A	YES1	7	0.15749976761671355	5	5	SENSITIVITY_K20_20	486	0.0486
SENSITIVITY_K20	KMT2A	CKAP5	8	0.15835896386880025	5	5	SENSITIVITY_K20_20	490	0.049
SENSITIVITY_K20	KMT2A	SCN10A	9	0.16233842935138035	5	5	SENSITIVITY_K20_20	495	0.0495
SENSITIVITY_K20	KMT2A	MYOCD	10	0.16701376458257267	5	5	SENSITIVITY_K20_20	488	0.0488
SENSITIVITY_K20	KMT2A	SLC22A2	11	0.1682424214912558	5	5	SENSITIVITY_K20_20	481	0.0481
SENSITIVITY_K20	KMT2A	CD44	12	0.172950003271407	5	5	SENSITIVITY_K20_20	464	0.0464
SENSITIVITY_K20	KMT2A	TP53BP1	13	0.17374855763745034	5	5	SENSITIVITY_K20_20	507	0.0507
SENSITIVITY_K20	KMT2A	IL1R1	14	0.17865490867621342	5	5	SENSITIVITY_K20_20	521	0.0521
SENSITIVITY_K20	KMT2A	NUP214	15	0.18257546078384787	5	5	SENSITIVITY_K20_20	480	0.048
SENSITIVITY_K20	KMT2A	ADRA1A	16	0.18852888898305475	5	5	SENSITIVITY_K20_20	493	0.0493
SENSITIVITY_K20	KMT2A	VCL	17	0.2007395720151814	5	5	SENSITIVITY_K20_20	457	0.0457
SENSITIVITY_K20	KMT2A	NUP93	18	0.20467328819618022	5	5	SENSITIVITY_K20_20	509	0.0509
SENSITIVITY_K20	KMT2A	RAB27A	19	0.21223901824975092	5	5	SENSITIVITY_K20_20	522	0.0522
SENSITIVITY_K20	KMT2A	LIMA1	20	0.2164930641760476	5	5	SENSITIVITY_K20_20	482	0.0482
SENSITIVITY_K20	LRBA	RBMS3	1	0.16311777659244772	5	5	SENSITIVITY_K20_20	421	0.0421
SENSITIVITY_K20	LRBA	NALF1	2	0.17106981152206854	5	5	SENSITIVITY_K20_20	496	0.0496
SENSITIVITY_K20	LRBA	DIAPH2	3	0.18306533945696574	5	5	SENSITIVITY_K20_20	541	0.0541
SENSITIVITY_K20	LRBA	TAFA2	4	0.20834078746776216	5	5	SENSITIVITY_K20_20	510	0.051
SENSITIVITY_K20	LRBA	GRM8	5	0.21520581316075027	5	5	SENSITIVITY_K20_20	487	0.0487
SENSITIVITY_K20	LRBA	HS6ST3	6	0.21851800481180267	5	5	SENSITIVITY_K20_20	508	0.0508
SENSITIVITY_K20	LRBA	ADGRL3	7	0.2281724419696524	5	5	SENSITIVITY_K20_20	517	0.0517
SENSITIVITY_K20	LRBA	MGAT4C	8	0.22944128063022481	5	5	SENSITIVITY_K20_20	495	0.0495
SENSITIVITY_K20	LRBA	MDGA2	9	0.24544445256506922	5	5	SENSITIVITY_K20_20	479	0.0479
SENSITIVITY_K20	LRBA	SUPT3H	10	0.24660575984544306	5	5	SENSITIVITY_K20_20	510	0.051
SENSITIVITY_K20	LRBA	FBXL17	11	0.2568865854862448	5	5	SENSITIVITY_K20_20	518	0.0518
SENSITIVITY_K20	LRBA	STXBP5L	12	0.2616003034526135	5	5	SENSITIVITY_K20_20	489	0.0489
SENSITIVITY_K20	LRBA	MECOM	13	0.2657418909989221	5	5	SENSITIVITY_K20_20	452	0.0452
SENSITIVITY_K20	LRBA	ARHGAP15	14	0.2697740204655178	5	5	SENSITIVITY_K20_20	492	0.0492
SENSITIVITY_K20	LRBA	CDK14	15	0.27237764387295155	5	5	SENSITIVITY_K20_20	533	0.0533
SENSITIVITY_K20	LRBA	TRPM3	16	0.27324774973006233	5	5	SENSITIVITY_K20_20	534	0.0534
SENSITIVITY_K20	LRBA	CDH12	17	0.28255813570567145	5	5	SENSITIVITY_K20_20	507	0.0507
SENSITIVITY_K20	LRBA	CDKAL1	18	0.28383823517551415	5	5	SENSITIVITY_K20_20	496	0.0496
SENSITIVITY_K20	LRBA	ESRRG	19	0.28828893907207387	5	5	SENSITIVITY_K20_20	520	0.052
SENSITIVITY_K20	LRBA	HPSE2	20	0.3043097468475009	5	5	SENSITIVITY_K20_20	495	0.0495
SENSITIVITY_K20	MCM4	CENATAC	1	0.01591851393834085	2	2	SENSITIVITY_K20_20	515	0.0515
SENSITIVITY_K20	MCM4	SDHAF2	2	0.09556079904944785	2	2	SENSITIVITY_K20_20	492	0.0492
SENSITIVITY_K20	MCM4	SUMO2	3	0.11571319270198233	2	2	SENSITIVITY_K20_20	481	0.0481
SENSITIVITY_K20	MCM4	DEGS1	4	0.1366775413977544	2	2	SENSITIVITY_K20_20	495	0.0495
SENSITIVITY_K20	MCM4	MED20	5	0.15999586581905517	2	2	SENSITIVITY_K20_20	526	0.0526
SENSITIVITY_K20	MCM4	NCSTN	6	0.1627932559882654	2	2	SENSITIVITY_K20_20	528	0.0528
SENSITIVITY_K20	MCM4	GGCX	7	0.1693717487668968	2	2	SENSITIVITY_K20_20	497	0.0497
SENSITIVITY_K20	MCM4	POLR1E	8	0.1735812665352158	2	2	SENSITIVITY_K20_20	499	0.0499
SENSITIVITY_K20	MCM4	ALAS1	9	0.17497378661646526	2	2	SENSITIVITY_K20_20	514	0.0514
SENSITIVITY_K20	MCM4	SLC2A3	10	0.17812155359554563	2	2	SENSITIVITY_K20_20	472	0.0472
SENSITIVITY_K20	MCM4	SNU13	11	0.18998880903162063	2	2	SENSITIVITY_K20_20	478	0.0478
SENSITIVITY_K20	MCM4	SLC25A38	12	0.19167036887672487	2	2	SENSITIVITY_K20_20	525	0.0525
SENSITIVITY_K20	MCM4	RPL6	13	0.1926587131686602	2	2	SENSITIVITY_K20_20	512	0.0512
SENSITIVITY_K20	MCM4	PRPF19	14	0.19907904392945053	2	2	SENSITIVITY_K20_20	476	0.0476
SENSITIVITY_K20	MCM4	AKR1B10	15	0.20121573618776023	2	2	SENSITIVITY_K20_20	503	0.0503
SENSITIVITY_K20	MCM4	CHST4	16	0.21866224285859873	2	2	SENSITIVITY_K20_20	467	0.0467
SENSITIVITY_K20	MCM4	PDCL3	17	0.22432510972955882	2	2	SENSITIVITY_K20_20	501	0.0501
SENSITIVITY_K20	MCM4	CFAP20	18	0.2257977071689665	2	2	SENSITIVITY_K20_20	517	0.0517
SENSITIVITY_K20	MCM4	TEX101	19	0.22631529196746417	2	2	SENSITIVITY_K20_20	503	0.0503
SENSITIVITY_K20	MCM4	PPP1R3B	20	0.22744687418187726	2	2	SENSITIVITY_K20_20	499	0.0499
SENSITIVITY_K20	NSMCE3	ROMO1	1	0.05372351224484396	1	1	SENSITIVITY_K20_20	512	0.0512
SENSITIVITY_K20	NSMCE3	MYF6	2	0.1734253783763464	1	1	SENSITIVITY_K20_20	508	0.0508
SENSITIVITY_K20	NSMCE3	HCAR2	3	0.18203464094241764	1	1	SENSITIVITY_K20_20	494	0.0494
SENSITIVITY_K20	NSMCE3	UQCRQ	4	0.18304179893528244	1	1	SENSITIVITY_K20_20	509	0.0509
SENSITIVITY_K20	NSMCE3	MT1A	5	0.18506586037968173	1	1	SENSITIVITY_K20_20	494	0.0494
SENSITIVITY_K20	NSMCE3	CCL27	6	0.2060924571556031	1	1	SENSITIVITY_K20_20	498	0.0498
SENSITIVITY_K20	NSMCE3	RRAGA	7	0.22119932429407216	1	1	SENSITIVITY_K20_20	519	0.0519
SENSITIVITY_K20	NSMCE3	NOP10	8	0.2275717522499649	1	1	SENSITIVITY_K20_20	508	0.0508
SENSITIVITY_K20	NSMCE3	SLC25A2	9	0.23542498617128854	1	1	SENSITIVITY_K20_20	541	0.0541
SENSITIVITY_K20	NSMCE3	KIF2B	10	0.24316034107778225	1	1	SENSITIVITY_K20_20	491	0.0491
SENSITIVITY_K20	NSMCE3	CH25H	11	0.2630377170538938	1	1	SENSITIVITY_K20_20	449	0.0449
SENSITIVITY_K20	NSMCE3	CCL13	12	0.3009892181836453	1	1	SENSITIVITY_K20_20	475	0.0475
SENSITIVITY_K20	NSMCE3	SLPI	13	0.30681019420203515	1	1	SENSITIVITY_K20_20	484	0.0484
SENSITIVITY_K20	NSMCE3	CCL4L1	14	0.3200511867812002	1	1	SENSITIVITY_K20_20	508	0.0508
SENSITIVITY_K20	NSMCE3	CRP	15	0.3347981293430262	1	1	SENSITIVITY_K20_20	498	0.0498
SENSITIVITY_K20	NSMCE3	RPS16	16	0.33661514080433586	1	1	SENSITIVITY_K20_20	506	0.0506
SENSITIVITY_K20	NSMCE3	MOAP1	17	0.35208698560335183	1	1	SENSITIVITY_K20_20	502	0.0502
SENSITIVITY_K20	NSMCE3	PI3	18	0.3543109507367513	1	1	SENSITIVITY_K20_20	491	0.0491
SENSITIVITY_K20	NSMCE3	SST	19	0.3679495920233255	1	1	SENSITIVITY_K20_20	487	0.0487
SENSITIVITY_K20	NSMCE3	MED11	20	0.36998258103166126	1	1	SENSITIVITY_K20_20	526	0.0526
SENSITIVITY_K20	PAX5	CROCC	1	0.1809566943269837	5	5	SENSITIVITY_K20_20	511	0.0511
SENSITIVITY_K20	PAX5	STK10	2	0.220713649930867	5	5	SENSITIVITY_K20_20	517	0.0517
SENSITIVITY_K20	PAX5	TSPAN18	3	0.22131478055435047	5	5	SENSITIVITY_K20_20	469	0.0469
SENSITIVITY_K20	PAX5	MBP	4	0.22151769414851452	5	5	SENSITIVITY_K20_20	506	0.0506
SENSITIVITY_K20	PAX5	CRMP1	5	0.22859742784879566	5	5	SENSITIVITY_K20_20	537	0.0537
SENSITIVITY_K20	PAX5	NFASC	6	0.23058533208720947	5	5	SENSITIVITY_K20_20	520	0.052
SENSITIVITY_K20	PAX5	ANK1	7	0.233307357312342	5	5	SENSITIVITY_K20_20	479	0.0479
SENSITIVITY_K20	PAX5	ATP11A	8	0.2344066298745519	5	5	SENSITIVITY_K20_20	498	0.0498
SENSITIVITY_K20	PAX5	PARVB	9	0.24341030692308416	5	5	SENSITIVITY_K20_20	482	0.0482
SENSITIVITY_K20	PAX5	CTBP2	10	0.2523114892862559	5	5	SENSITIVITY_K20_20	491	0.0491
SENSITIVITY_K20	PAX5	TACC2	11	0.25544173550450155	5	5	SENSITIVITY_K20_20	475	0.0475
SENSITIVITY_K20	PAX5	KLC1	12	0.25819260658688115	5	5	SENSITIVITY_K20_20	486	0.0486
SENSITIVITY_K20	PAX5	CHST8	13	0.25938021263938377	5	5	SENSITIVITY_K20_20	527	0.0527
SENSITIVITY_K20	PAX5	TPO	14	0.26277323351167475	5	5	SENSITIVITY_K20_20	480	0.048
SENSITIVITY_K20	PAX5	RFX2	15	0.26809064290036466	5	5	SENSITIVITY_K20_20	493	0.0493
SENSITIVITY_K20	PAX5	NXN	16	0.27039310823651314	5	5	SENSITIVITY_K20_20	569	0.0569
SENSITIVITY_K20	PAX5	CRTAC1	17	0.2712482153706765	5	5	SENSITIVITY_K20_20	467	0.0467
SENSITIVITY_K20	PAX5	EIPR1	18	0.2726620635581767	5	5	SENSITIVITY_K20_20	516	0.0516
SENSITIVITY_K20	PAX5	SIPA1L3	19	0.2764148783995675	5	5	SENSITIVITY_K20_20	492	0.0492
SENSITIVITY_K20	PAX5	TTC7A	20	0.27862050176873754	5	5	SENSITIVITY_K20_20	485	0.0485
SENSITIVITY_K20	PDCD1	SYT8	1	0.1150236796377057	2	2	SENSITIVITY_K20_20	480	0.048
SENSITIVITY_K20	PDCD1	DGAT1	2	0.12014597458898847	2	2	SENSITIVITY_K20_20	488	0.0488
SENSITIVITY_K20	PDCD1	EME2	3	0.15053457560048855	2	2	SENSITIVITY_K20_20	559	0.0559
SENSITIVITY_K20	PDCD1	GUK1	4	0.18625564895970945	2	2	SENSITIVITY_K20_20	543	0.0543
SENSITIVITY_K20	PDCD1	SEMA4C	5	0.1973214493259284	2	2	SENSITIVITY_K20_20	503	0.0503
SENSITIVITY_K20	PDCD1	ERFE	6	0.1990668391419553	2	2	SENSITIVITY_K20_20	513	0.0513
SENSITIVITY_K20	PDCD1	PYCR1	7	0.20886414459499356	2	2	SENSITIVITY_K20_20	453	0.0453
SENSITIVITY_K20	PDCD1	PTK6	8	0.2146317442949386	2	2	SENSITIVITY_K20_20	513	0.0513
SENSITIVITY_K20	PDCD1	KMT5C	9	0.2372274044633166	2	2	SENSITIVITY_K20_20	462	0.0462
SENSITIVITY_K20	PDCD1	CARMIL2	10	0.26411066693770185	2	2	SENSITIVITY_K20_20	486	0.0486
SENSITIVITY_K20	PDCD1	MAP2K7	11	0.2766108815064243	2	2	SENSITIVITY_K20_20	483	0.0483
SENSITIVITY_K20	PDCD1	ABHD17A	12	0.2774979320119546	2	2	SENSITIVITY_K20_20	500	0.05
SENSITIVITY_K20	PDCD1	PKMYT1	13	0.28620088316365744	2	2	SENSITIVITY_K20_20	517	0.0517
SENSITIVITY_K20	PDCD1	AIRE	14	0.30119473201629243	2	2	SENSITIVITY_K20_20	513	0.0513
SENSITIVITY_K20	PDCD1	CARD9	15	0.3076412866178914	2	2	SENSITIVITY_K20_20	488	0.0488
SENSITIVITY_K20	PDCD1	MAPK8IP2	16	0.31899317996697846	2	2	SENSITIVITY_K20_20	454	0.0454
SENSITIVITY_K20	PDCD1	GATA5	17	0.32999084512302496	2	2	SENSITIVITY_K20_20	489	0.0489
SENSITIVITY_K20	PDCD1	TH	18	0.3516159370292827	2	2	SENSITIVITY_K20_20	529	0.0529
SENSITIVITY_K20	PDCD1	NPTX1	19	0.35283148394145375	2	2	SENSITIVITY_K20_20	481	0.0481
SENSITIVITY_K20	PDCD1	GSDMD	20	0.355788072319873	2	2	SENSITIVITY_K20_20	546	0.0546
SENSITIVITY_K20	PIK3CG	OGT	1	0.17291496307700818	4	4	SENSITIVITY_K20_20	553	0.0553
SENSITIVITY_K20	PIK3CG	KDR	2	0.2039618350104456	4	4	SENSITIVITY_K20_20	482	0.0482
SENSITIVITY_K20	PIK3CG	NMU	3	0.2066099722783124	4	4	SENSITIVITY_K20_20	522	0.0522
SENSITIVITY_K20	PIK3CG	TGFBR1	4	0.21330515487299143	4	4	SENSITIVITY_K20_20	492	0.0492
SENSITIVITY_K20	PIK3CG	PTPN22	5	0.22730955071856843	4	4	SENSITIVITY_K20_20	501	0.0501
SENSITIVITY_K20	PIK3CG	BBS4	6	0.2431308505942169	4	4	SENSITIVITY_K20_20	497	0.0497
SENSITIVITY_K20	PIK3CG	PPP3CB	7	0.24320532718820737	4	4	SENSITIVITY_K20_20	517	0.0517
SENSITIVITY_K20	PIK3CG	NCBP1	8	0.25211051001667695	4	4	SENSITIVITY_K20_20	535	0.0535
SENSITIVITY_K20	PIK3CG	IL33	9	0.2726962007667776	4	4	SENSITIVITY_K20_20	470	0.047
SENSITIVITY_K20	PIK3CG	PSMB2	10	0.2748150471403434	4	4	SENSITIVITY_K20_20	489	0.0489
SENSITIVITY_K20	PIK3CG	ACE2	11	0.2768612012539882	4	4	SENSITIVITY_K20_20	456	0.0456
SENSITIVITY_K20	PIK3CG	TNFSF11	12	0.2814336348856859	4	4	SENSITIVITY_K20_20	483	0.0483
SENSITIVITY_K20	PIK3CG	DHX9	13	0.28252093388349403	4	4	SENSITIVITY_K20_20	534	0.0534
SENSITIVITY_K20	PIK3CG	IRGM	14	0.2959182001330127	4	4	SENSITIVITY_K20_20	501	0.0501
SENSITIVITY_K20	PIK3CG	HTR2A	15	0.29878619297654846	4	4	SENSITIVITY_K20_20	524	0.0524
SENSITIVITY_K20	PIK3CG	TSG101	16	0.304932960491317	4	4	SENSITIVITY_K20_20	503	0.0503
SENSITIVITY_K20	PIK3CG	TBK1	17	0.31230985099681585	4	4	SENSITIVITY_K20_20	484	0.0484
SENSITIVITY_K20	PIK3CG	PRKAA1	18	0.3204621918790078	4	4	SENSITIVITY_K20_20	497	0.0497
SENSITIVITY_K20	PIK3CG	HIF1A	19	0.3214387823821386	4	4	SENSITIVITY_K20_20	470	0.047
SENSITIVITY_K20	PIK3CG	VAMP7	20	0.3254167876761352	4	4	SENSITIVITY_K20_20	490	0.049
SENSITIVITY_K20	PRKDC	BCL2	1	0.11273299535181583	5	5	SENSITIVITY_K20_20	499	0.0499
SENSITIVITY_K20	PRKDC	TGFBR3	2	0.14200758768346083	5	5	SENSITIVITY_K20_20	474	0.0474
SENSITIVITY_K20	PRKDC	PTPN2	3	0.17836391507533708	5	5	SENSITIVITY_K20_20	480	0.048
SENSITIVITY_K20	PRKDC	BMPR2	4	0.18572766090112783	5	5	SENSITIVITY_K20_20	499	0.0499
SENSITIVITY_K20	PRKDC	PIK3CB	5	0.1870696891161114	5	5	SENSITIVITY_K20_20	554	0.0554
SENSITIVITY_K20	PRKDC	CHRNA7	6	0.22044138752728268	5	5	SENSITIVITY_K20_20	531	0.0531
SENSITIVITY_K20	PRKDC	BMP6	7	0.22480990841140924	5	5	SENSITIVITY_K20_20	488	0.0488
SENSITIVITY_K20	PRKDC	NFE2L2	8	0.2298698390673801	5	5	SENSITIVITY_K20_20	513	0.0513
SENSITIVITY_K20	PRKDC	RAB11A	9	0.24415303396922258	5	5	SENSITIVITY_K20_20	504	0.0504
SENSITIVITY_K20	PRKDC	TACR1	10	0.24825845016288442	5	5	SENSITIVITY_K20_20	485	0.0485
SENSITIVITY_K20	PRKDC	JAK1	11	0.2519996221585144	5	5	SENSITIVITY_K20_20	499	0.0499
SENSITIVITY_K20	PRKDC	DDR2	12	0.25363311863234717	5	5	SENSITIVITY_K20_20	502	0.0502
SENSITIVITY_K20	PRKDC	EPHA4	13	0.2545726530954408	5	5	SENSITIVITY_K20_20	492	0.0492
SENSITIVITY_K20	PRKDC	SORL1	14	0.2618215204933098	5	5	SENSITIVITY_K20_20	504	0.0504
SENSITIVITY_K20	PRKDC	BMPR1A	15	0.2642127514572208	5	5	SENSITIVITY_K20_20	502	0.0502
SENSITIVITY_K20	PRKDC	NR5A2	16	0.2644227734691208	5	5	SENSITIVITY_K20_20	496	0.0496
SENSITIVITY_K20	PRKDC	CHMP3	17	0.26743445593712734	5	5	SENSITIVITY_K20_20	516	0.0516
SENSITIVITY_K20	PRKDC	ABCA1	18	0.2762718849461531	5	5	SENSITIVITY_K20_20	500	0.05
SENSITIVITY_K20	PRKDC	FOXO3	19	0.27805008171222617	5	5	SENSITIVITY_K20_20	482	0.0482
SENSITIVITY_K20	PRKDC	RBPJ	20	0.293506454728408	5	5	SENSITIVITY_K20_20	480	0.048
SENSITIVITY_K20	PSMD12	CD28	1	0.09538543791927573	3	3	SENSITIVITY_K20_20	517	0.0517
SENSITIVITY_K20	PSMD12	HAS2	2	0.12329158941501887	3	3	SENSITIVITY_K20_20	528	0.0528
SENSITIVITY_K20	PSMD12	ACTL6A	3	0.13908290254674746	3	3	SENSITIVITY_K20_20	523	0.0523
SENSITIVITY_K20	PSMD12	PSMC2	4	0.16401237737056637	3	3	SENSITIVITY_K20_20	516	0.0516
SENSITIVITY_K20	PSMD12	SKA3	5	0.16559761759625444	3	3	SENSITIVITY_K20_20	498	0.0498
SENSITIVITY_K20	PSMD12	PLEK	6	0.16746484972125356	3	3	SENSITIVITY_K20_20	524	0.0524
SENSITIVITY_K20	PSMD12	RSAD2	7	0.16872678548362247	3	3	SENSITIVITY_K20_20	508	0.0508
SENSITIVITY_K20	PSMD12	UBE2N	8	0.16931490019632708	3	3	SENSITIVITY_K20_20	518	0.0518
SENSITIVITY_K20	PSMD12	ZBTB1	9	0.17398674751460552	3	3	SENSITIVITY_K20_20	528	0.0528
SENSITIVITY_K20	PSMD12	CRTAM	10	0.1775605958673609	3	3	SENSITIVITY_K20_20	490	0.049
SENSITIVITY_K20	PSMD12	CDC23	11	0.18330533459536782	3	3	SENSITIVITY_K20_20	497	0.0497
SENSITIVITY_K20	PSMD12	RPS27L	12	0.18903273925228692	3	3	SENSITIVITY_K20_20	422	0.0422
SENSITIVITY_K20	PSMD12	CAT	13	0.20813212694481092	3	3	SENSITIVITY_K20_20	453	0.0453
SENSITIVITY_K20	PSMD12	BIRC2	14	0.2189134180391077	3	3	SENSITIVITY_K20_20	467	0.0467
SENSITIVITY_K20	PSMD12	CR2	15	0.22735248523466856	3	3	SENSITIVITY_K20_20	507	0.0507
SENSITIVITY_K20	PSMD12	SUMO1	16	0.23662469454748988	3	3	SENSITIVITY_K20_20	489	0.0489
SENSITIVITY_K20	PSMD12	YWHAZ	17	0.23857615522261955	3	3	SENSITIVITY_K20_20	531	0.0531
SENSITIVITY_K20	PSMD12	HNRNPD	18	0.24435737527809048	3	3	SENSITIVITY_K20_20	492	0.0492
SENSITIVITY_K20	PSMD12	MYB	19	0.25360446916412743	3	3	SENSITIVITY_K20_20	505	0.0505
SENSITIVITY_K20	PSMD12	ATP6AP2	20	0.25763266470424345	3	3	SENSITIVITY_K20_20	487	0.0487
SENSITIVITY_K20	PTEN	SNCA	1	0.0654718466421983	5	5	SENSITIVITY_K20_20	487	0.0487
SENSITIVITY_K20	PTEN	PIK3CA	2	0.11887869487648352	5	5	SENSITIVITY_K20_20	497	0.0497
SENSITIVITY_K20	PTEN	ATM	3	0.30058314267576797	5	5	SENSITIVITY_K20_20	457	0.0457
SENSITIVITY_K20	PTEN	ATF2	4	0.31096380159999654	5	5	SENSITIVITY_K20_20	530	0.053
SENSITIVITY_K20	PTEN	JAK2	5	0.317988334834751	5	5	SENSITIVITY_K20_20	493	0.0493
SENSITIVITY_K20	PTEN	LRRK2	6	0.31986021679770804	5	5	SENSITIVITY_K20_20	503	0.0503
SENSITIVITY_K20	PTEN	ROCK1	7	0.37364836339837115	5	5	SENSITIVITY_K20_20	523	0.0523
SENSITIVITY_K20	PTEN	CUL3	8	0.3798858615296899	5	5	SENSITIVITY_K20_20	473	0.0473
SENSITIVITY_K20	PTEN	MEF2C	9	0.3915835984719974	5	5	SENSITIVITY_K20_20	459	0.0459
SENSITIVITY_K20	PTEN	VPS54	10	0.4129430259270595	5	5	SENSITIVITY_K20_20	481	0.0481
SENSITIVITY_K20	PTEN	APC	11	0.4196267151526788	5	5	SENSITIVITY_K20_20	474	0.0474
SENSITIVITY_K20	PTEN	ROCK2	12	0.42429844890591956	5	5	SENSITIVITY_K20_20	520	0.052
SENSITIVITY_K20	PTEN	PPARG	13	0.4282150187503381	5	5	SENSITIVITY_K20_20	491	0.0491
SENSITIVITY_K20	PTEN	ITGB1	14	0.429973809893786	5	5	SENSITIVITY_K20_20	519	0.0519
SENSITIVITY_K20	PTEN	TWIST1	15	0.45371949108258963	5	5	SENSITIVITY_K20_20	501	0.0501
SENSITIVITY_K20	PTEN	NFKB1	16	0.4956510413528242	5	5	SENSITIVITY_K20_20	541	0.0541
SENSITIVITY_K20	PTEN	ATP7A	17	0.5175714791514221	5	5	SENSITIVITY_K20_20	571	0.0571
SENSITIVITY_K20	PTEN	ADAM10	18	0.5263760674075987	5	5	SENSITIVITY_K20_20	443	0.0443
SENSITIVITY_K20	PTEN	ITGA2	19	0.5311233515002417	5	5	SENSITIVITY_K20_20	520	0.052
SENSITIVITY_K20	PTEN	RB1	20	0.5325578349103973	5	5	SENSITIVITY_K20_20	517	0.0517
SENSITIVITY_K20	PTPRC	SNCA	1	0.2537112937044074	5	5	SENSITIVITY_K20_20	515	0.0515
SENSITIVITY_K20	PTPRC	PIK3CA	2	0.2713728550649615	5	5	SENSITIVITY_K20_20	478	0.0478
SENSITIVITY_K20	PTPRC	ATF2	3	0.31797317064848	5	5	SENSITIVITY_K20_20	515	0.0515
SENSITIVITY_K20	PTPRC	LRRK2	4	0.33300883461677144	5	5	SENSITIVITY_K20_20	474	0.0474
SENSITIVITY_K20	PTPRC	BMP5	5	0.3854504070634494	5	5	SENSITIVITY_K20_20	513	0.0513
SENSITIVITY_K20	PTPRC	ROCK1	6	0.40920443761245234	5	5	SENSITIVITY_K20_20	520	0.052
SENSITIVITY_K20	PTPRC	ROCK2	7	0.42238453521270075	5	5	SENSITIVITY_K20_20	486	0.0486
SENSITIVITY_K20	PTPRC	VPS54	8	0.4248450780080657	5	5	SENSITIVITY_K20_20	469	0.0469
SENSITIVITY_K20	PTPRC	CUL3	9	0.42852954661448633	5	5	SENSITIVITY_K20_20	522	0.0522
SENSITIVITY_K20	PTPRC	PIK3C3	10	0.4624303892475712	5	5	SENSITIVITY_K20_20	553	0.0553
SENSITIVITY_K20	PTPRC	ATM	11	0.4682847925279891	5	5	SENSITIVITY_K20_20	530	0.053
SENSITIVITY_K20	PTPRC	MEF2C	12	0.46874501218296166	5	5	SENSITIVITY_K20_20	454	0.0454
SENSITIVITY_K20	PTPRC	APC	13	0.4748309695874285	5	5	SENSITIVITY_K20_20	519	0.0519
SENSITIVITY_K20	PTPRC	PSMD14	14	0.4976351584436696	5	5	SENSITIVITY_K20_20	507	0.0507
SENSITIVITY_K20	PTPRC	TWIST1	15	0.49784024898789914	5	5	SENSITIVITY_K20_20	491	0.0491
SENSITIVITY_K20	PTPRC	JAK2	16	0.5046661989919337	5	5	SENSITIVITY_K20_20	494	0.0494
SENSITIVITY_K20	PTPRC	QKI	17	0.5074623440243952	5	5	SENSITIVITY_K20_20	492	0.0492
SENSITIVITY_K20	PTPRC	RB1	18	0.5077486003674413	5	5	SENSITIVITY_K20_20	475	0.0475
SENSITIVITY_K20	PTPRC	ADAM10	19	0.5274242466065547	5	5	SENSITIVITY_K20_20	512	0.0512
SENSITIVITY_K20	PTPRC	OPA1	20	0.5392263705063359	5	5	SENSITIVITY_K20_20	481	0.0481
SENSITIVITY_K20	SLC7A7	TM9SF4	1	0.02979783325482178	4	4	SENSITIVITY_K20_20	493	0.0493
SENSITIVITY_K20	SLC7A7	GM2A	2	0.04878418646743009	4	4	SENSITIVITY_K20_20	537	0.0537
SENSITIVITY_K20	SLC7A7	BCO1	3	0.06390560535877224	4	4	SENSITIVITY_K20_20	505	0.0505
SENSITIVITY_K20	SLC7A7	CNGA3	4	0.09622910973679732	4	4	SENSITIVITY_K20_20	476	0.0476
SENSITIVITY_K20	SLC7A7	NCMAP	5	0.10053490682564516	4	4	SENSITIVITY_K20_20	516	0.0516
SENSITIVITY_K20	SLC7A7	LCT	6	0.11693391019324595	4	4	SENSITIVITY_K20_20	486	0.0486
SENSITIVITY_K20	SLC7A7	RUFY1	7	0.12580271560303766	4	4	SENSITIVITY_K20_20	485	0.0485
SENSITIVITY_K20	SLC7A7	CCDC92	8	0.1317759218342566	4	4	SENSITIVITY_K20_20	517	0.0517
SENSITIVITY_K20	SLC7A7	EPHX2	9	0.13209091609643264	4	4	SENSITIVITY_K20_20	499	0.0499
SENSITIVITY_K20	SLC7A7	BEND3	10	0.1365863717625875	4	4	SENSITIVITY_K20_20	532	0.0532
SENSITIVITY_K20	SLC7A7	CACNG5	11	0.14721896018588554	4	4	SENSITIVITY_K20_20	504	0.0504
SENSITIVITY_K20	SLC7A7	ADGRE2	12	0.1519896096154611	4	4	SENSITIVITY_K20_20	499	0.0499
SENSITIVITY_K20	SLC7A7	PXYLP1	13	0.15380784119868407	4	4	SENSITIVITY_K20_20	468	0.0468
SENSITIVITY_K20	SLC7A7	COL17A1	14	0.1584670779166067	4	4	SENSITIVITY_K20_20	511	0.0511
SENSITIVITY_K20	SLC7A7	PTAFR	15	0.15931102882028503	4	4	SENSITIVITY_K20_20	507	0.0507
SENSITIVITY_K20	SLC7A7	SCAMP5	16	0.15941026085532353	4	4	SENSITIVITY_K20_20	481	0.0481
SENSITIVITY_K20	SLC7A7	MFSD2B	17	0.16335528597020538	4	4	SENSITIVITY_K20_20	483	0.0483
SENSITIVITY_K20	SLC7A7	KIF9	18	0.16975299853323514	4	4	SENSITIVITY_K20_20	485	0.0485
SENSITIVITY_K20	SLC7A7	SAMM50	19	0.17057868690460637	4	4	SENSITIVITY_K20_20	498	0.0498
SENSITIVITY_K20	SLC7A7	NELFA	20	0.1727702068647228	4	4	SENSITIVITY_K20_20	518	0.0518
SENSITIVITY_K20	SRPRA	HSPA1L	1	0.084998752869172	1	1	SENSITIVITY_K20_20	485	0.0485
SENSITIVITY_K20	SRPRA	KRT9	2	0.10190078326652337	1	1	SENSITIVITY_K20_20	492	0.0492
SENSITIVITY_K20	SRPRA	SMCP	3	0.11246687218954225	1	1	SENSITIVITY_K20_20	507	0.0507
SENSITIVITY_K20	SRPRA	RNF183	4	0.11723547109975276	1	1	SENSITIVITY_K20_20	494	0.0494
SENSITIVITY_K20	SRPRA	BRF2	5	0.126991371587011	1	1	SENSITIVITY_K20_20	507	0.0507
SENSITIVITY_K20	SRPRA	TIMM22	6	0.1310689256420965	1	1	SENSITIVITY_K20_20	500	0.05
SENSITIVITY_K20	SRPRA	TRAPPC4	7	0.13781387086720964	1	1	SENSITIVITY_K20_20	519	0.0519
SENSITIVITY_K20	SRPRA	SETD6	8	0.14010835982869937	1	1	SENSITIVITY_K20_20	473	0.0473
SENSITIVITY_K20	SRPRA	GPX7	9	0.14118116096778682	1	1	SENSITIVITY_K20_20	534	0.0534
SENSITIVITY_K20	SRPRA	IL24	10	0.14461436563546468	1	1	SENSITIVITY_K20_20	504	0.0504
SENSITIVITY_K20	SRPRA	MUC21	11	0.14827349052132002	1	1	SENSITIVITY_K20_20	475	0.0475
SENSITIVITY_K20	SRPRA	HSPB2	12	0.15254274072443985	1	1	SENSITIVITY_K20_20	535	0.0535
SENSITIVITY_K20	SRPRA	MARCKS	13	0.1534784777551672	1	1	SENSITIVITY_K20_20	529	0.0529
SENSITIVITY_K20	SRPRA	GOT1L1	14	0.15910326968619112	1	1	SENSITIVITY_K20_20	474	0.0474
SENSITIVITY_K20	SRPRA	YRDC	15	0.1604566985678613	1	1	SENSITIVITY_K20_20	478	0.0478
SENSITIVITY_K20	SRPRA	GJB2	16	0.1661605531108613	1	1	SENSITIVITY_K20_20	474	0.0474
SENSITIVITY_K20	SRPRA	ABHD1	17	0.1693300454454553	1	1	SENSITIVITY_K20_20	484	0.0484
SENSITIVITY_K20	SRPRA	AWAT1	18	0.17226273723548058	1	1	SENSITIVITY_K20_20	540	0.054
SENSITIVITY_K20	SRPRA	SSTR2	19	0.17972079626442278	1	1	SENSITIVITY_K20_20	500	0.05
SENSITIVITY_K20	SRPRA	ERAL1	20	0.18345660519352444	1	1	SENSITIVITY_K20_20	496	0.0496
SENSITIVITY_K20	TET2	MON2	1	0.04693212645375871	5	5	SENSITIVITY_K20_20	482	0.0482
SENSITIVITY_K20	TET2	HBS1L	2	0.0763622583462913	5	5	SENSITIVITY_K20_20	513	0.0513
SENSITIVITY_K20	TET2	FCHO2	3	0.09447415843250118	5	5	SENSITIVITY_K20_20	483	0.0483
SENSITIVITY_K20	TET2	DNAJC13	4	0.10130528604981248	5	5	SENSITIVITY_K20_20	497	0.0497
SENSITIVITY_K20	TET2	ARHGAP12	5	0.10612731446266789	5	5	SENSITIVITY_K20_20	519	0.0519
SENSITIVITY_K20	TET2	COL12A1	6	0.10738508458515446	5	5	SENSITIVITY_K20_20	483	0.0483
SENSITIVITY_K20	TET2	ITGB3BP	7	0.11158724960417082	5	5	SENSITIVITY_K20_20	503	0.0503
SENSITIVITY_K20	TET2	CD2AP	8	0.11303336557056286	5	5	SENSITIVITY_K20_20	543	0.0543
SENSITIVITY_K20	TET2	PIGK	9	0.11399772590530087	5	5	SENSITIVITY_K20_20	525	0.0525
SENSITIVITY_K20	TET2	CERT1	10	0.12325173429859104	5	5	SENSITIVITY_K20_20	502	0.0502
SENSITIVITY_K20	TET2	PIGN	11	0.12640540928313712	5	5	SENSITIVITY_K20_20	496	0.0496
SENSITIVITY_K20	TET2	ARFIP1	12	0.13316929778255776	5	5	SENSITIVITY_K20_20	441	0.0441
SENSITIVITY_K20	TET2	GLCE	13	0.13663597088516238	5	5	SENSITIVITY_K20_20	512	0.0512
SENSITIVITY_K20	TET2	MSH4	14	0.13841227936874512	5	5	SENSITIVITY_K20_20	495	0.0495
SENSITIVITY_K20	TET2	SAMTOR	15	0.13958237789237157	5	5	SENSITIVITY_K20_20	521	0.0521
SENSITIVITY_K20	TET2	SLCO1A2	16	0.14425710650158133	5	5	SENSITIVITY_K20_20	477	0.0477
SENSITIVITY_K20	TET2	PRKG2	17	0.14429926497884601	5	5	SENSITIVITY_K20_20	510	0.051
SENSITIVITY_K20	TET2	GRXCR1	18	0.14488971004987922	5	5	SENSITIVITY_K20_20	505	0.0505
SENSITIVITY_K20	TET2	SESTD1	19	0.15221512138978024	5	5	SENSITIVITY_K20_20	508	0.0508
SENSITIVITY_K20	TET2	PAWR	20	0.15308452881604862	5	5	SENSITIVITY_K20_20	485	0.0485
SENSITIVITY_K20	TOP2B	STXBP3	1	0.12252666448357456	4	4	SENSITIVITY_K20_20	492	0.0492
SENSITIVITY_K20	TOP2B	ABCD2	2	0.1266881395329229	4	4	SENSITIVITY_K20_20	528	0.0528
SENSITIVITY_K20	TOP2B	HGF	3	0.14101816802030168	4	4	SENSITIVITY_K20_20	493	0.0493
SENSITIVITY_K20	TOP2B	WASL	4	0.1582653917144602	4	4	SENSITIVITY_K20_20	507	0.0507
SENSITIVITY_K20	TOP2B	FGF7	5	0.17199385611968507	4	4	SENSITIVITY_K20_20	501	0.0501
SENSITIVITY_K20	TOP2B	IFIH1	6	0.19136270428705712	4	4	SENSITIVITY_K20_20	492	0.0492
SENSITIVITY_K20	TOP2B	PAQR3	7	0.19145332507280136	4	4	SENSITIVITY_K20_20	505	0.0505
SENSITIVITY_K20	TOP2B	DYNC1I2	8	0.1938894922589922	4	4	SENSITIVITY_K20_20	482	0.0482
SENSITIVITY_K20	TOP2B	PIK3R4	9	0.19438353535874084	4	4	SENSITIVITY_K20_20	504	0.0504
SENSITIVITY_K20	TOP2B	AP3S1	10	0.19852430461754297	4	4	SENSITIVITY_K20_20	525	0.0525
SENSITIVITY_K20	TOP2B	CYLD	11	0.21490520465025043	4	4	SENSITIVITY_K20_20	487	0.0487
SENSITIVITY_K20	TOP2B	FZD3	12	0.2184302714718989	4	4	SENSITIVITY_K20_20	485	0.0485
SENSITIVITY_K20	TOP2B	WASF1	13	0.23051057907091022	4	4	SENSITIVITY_K20_20	466	0.0466
SENSITIVITY_K20	TOP2B	AHR	14	0.24276423069180633	4	4	SENSITIVITY_K20_20	500	0.05
SENSITIVITY_K20	TOP2B	PDCD6IP	15	0.24514496817780737	4	4	SENSITIVITY_K20_20	475	0.0475
SENSITIVITY_K20	TOP2B	BBS7	16	0.26589906723551365	4	4	SENSITIVITY_K20_20	521	0.0521
SENSITIVITY_K20	TOP2B	TRPC1	17	0.266444174686132	4	4	SENSITIVITY_K20_20	515	0.0515
SENSITIVITY_K20	TOP2B	ACVR2A	18	0.2753282637998203	4	4	SENSITIVITY_K20_20	510	0.051
SENSITIVITY_K20	TOP2B	NUF2	19	0.27936385908458	4	4	SENSITIVITY_K20_20	503	0.0503
SENSITIVITY_K20	TOP2B	SMC2	20	0.2804285923260006	4	4	SENSITIVITY_K20_20	509	0.0509
SENSITIVITY_K20	VPS13B	INPP4B	1	0.1520149161589463	5	5	SENSITIVITY_K20_20	539	0.0539
SENSITIVITY_K20	VPS13B	USH2A	2	0.15855434466051063	5	5	SENSITIVITY_K20_20	524	0.0524
SENSITIVITY_K20	VPS13B	GPHN	3	0.18146436263192026	5	5	SENSITIVITY_K20_20	479	0.0479
SENSITIVITY_K20	VPS13B	CNTN4	4	0.19135139231985823	5	5	SENSITIVITY_K20_20	494	0.0494
SENSITIVITY_K20	VPS13B	DGKB	5	0.21620044220460166	5	5	SENSITIVITY_K20_20	507	0.0507
SENSITIVITY_K20	VPS13B	GPC6	6	0.21958178024579092	5	5	SENSITIVITY_K20_20	514	0.0514
SENSITIVITY_K20	VPS13B	ADGRB3	7	0.23056747407348482	5	5	SENSITIVITY_K20_20	496	0.0496
SENSITIVITY_K20	VPS13B	BANK1	8	0.2527635784335235	5	5	SENSITIVITY_K20_20	472	0.0472
SENSITIVITY_K20	VPS13B	PLCL1	9	0.2612398690767532	5	5	SENSITIVITY_K20_20	511	0.0511
SENSITIVITY_K20	VPS13B	NRG3	10	0.2654544535575794	5	5	SENSITIVITY_K20_20	509	0.0509
SENSITIVITY_K20	VPS13B	LAMA2	11	0.26723929785325706	5	5	SENSITIVITY_K20_20	508	0.0508
SENSITIVITY_K20	VPS13B	GRM7	12	0.27890052075787036	5	5	SENSITIVITY_K20_20	548	0.0548
SENSITIVITY_K20	VPS13B	SGCD	13	0.2984523655345839	5	5	SENSITIVITY_K20_20	440	0.044
SENSITIVITY_K20	VPS13B	SLC4A10	14	0.30312757134210344	5	5	SENSITIVITY_K20_20	496	0.0496
SENSITIVITY_K20	VPS13B	EXOC6B	15	0.3050142345000402	5	5	SENSITIVITY_K20_20	556	0.0556
SENSITIVITY_K20	VPS13B	KCNMB2	16	0.3083775556215296	5	5	SENSITIVITY_K20_20	489	0.0489
SENSITIVITY_K20	VPS13B	SOX6	17	0.31195716256365913	5	5	SENSITIVITY_K20_20	443	0.0443
SENSITIVITY_K20	VPS13B	MAPK10	18	0.3160426013470791	5	5	SENSITIVITY_K20_20	479	0.0479
SENSITIVITY_K20	VPS13B	EPHA6	19	0.32329749625950377	5	5	SENSITIVITY_K20_20	530	0.053
SENSITIVITY_K20	VPS13B	MYO16	20	0.32748802808499966	5	5	SENSITIVITY_K20_20	466	0.0466
