HGNC_id	approved_symbol	IUIS_flag	SFARI_R0_highconf_flag	SFARI_R1_highconf_flag	CoreSeed_flag	R0_group
HGNC:14825	OR4F5	0	0	0	0	Background
HGNC:31275	OR4F29	0	0	0	0	Background
HGNC:15079	OR4F16	0	0	0	0	Background
HGNC:28706	SAMD11	0	1	1	0	ASD_only
HGNC:24517	NOC2L	0	0	0	0	Background
HGNC:24023	KLHL17	0	0	0	0	Background
HGNC:25284	PLEKHN1	0	0	0	0	Background
HGNC:28208	PERM1	0	0	0	0	Background
HGNC:24149	HES4	0	0	0	0	Background
HGNC:4053	ISG15	1	0	0	0	IEI_only
HGNC:329	AGRN	0	0	0	0	Background
HGNC:40020	RNF223	0	0	0	0	Background
HGNC:26062	C1orf159	0	0	0	0	Background
HGNC:26693	TTLL10	0	0	0	0	Background
HGNC:11914	TNFRSF18	0	0	0	0	Background
HGNC:11918	TNFRSF4	1	0	0	0	IEI_only
HGNC:24188	SDF4	0	0	0	0	Background
HGNC:17978	B3GALT6	0	0	0	0	Background
HGNC:32308	C1QTNF12	0	0	0	0	Background
HGNC:19268	UBE2J2	0	0	0	0	Background
HGNC:10601	SCNN1D	0	0	0	0	Background
HGNC:16754	ACAP3	0	0	0	0	Background
HGNC:26914	PUSL1	0	0	0	0	Background
HGNC:26052	INTS11	0	0	0	0	Background
HGNC:28116	CPTP	0	0	0	0	Background
HGNC:15661	TAS1R3	0	0	0	0	Background
HGNC:3084	DVL1	0	0	0	0	Background
HGNC:7542	MXRA8	0	0	0	0	Background
HGNC:24114	AURKAIP1	0	0	0	0	Background
HGNC:20570	CCNL2	0	0	0	0	Background
HGNC:27125	MRPL20-AS1	0	0	0	0	Background
HGNC:14478	MRPL20	0	0	0	0	Background
HGNC:42950	ANKRD65	0	0	0	0	Background
HGNC:37099	TMEM278	0	0	0	0	Background
HGNC:30910	VWA1	0	0	0	0	Background
HGNC:32151	ATAD3C	0	0	0	0	Background
HGNC:24007	ATAD3B	0	0	0	0	Background
HGNC:25567	ATAD3A	1	0	0	0	IEI_only
HGNC:25186	TMEM240	0	0	0	0	Background
HGNC:25016	SSU72	0	0	0	0	Background
HGNC:57014	SSU72-AS1	0	0	0	0	Background
HGNC:42951	FNDC10	0	0	0	0	Background
HGNC:30577	MIB2	0	0	0	0	Background
HGNC:7171	MMP23B	0	0	0	0	Background
HGNC:1729	CDK11B	0	0	0	0	Background
HGNC:33941	SLC35E2B	0	0	0	0	Background
HGNC:1730	CDK11A	0	0	0	0	Background
HGNC:20863	SLC35E2A	0	0	0	0	Background
HGNC:29831	NADK	0	0	0	0	Background
HGNC:4396	GNB1	0	0	0	0	Background
HGNC:24193	CALML6	0	0	0	0	Background
HGNC:27916	TMEM52	0	0	0	0	Background
HGNC:29368	CFAP74	0	0	0	0	Background
HGNC:4084	GABRD	0	0	0	0	Background
HGNC:9412	PRKCZ	0	0	0	0	Background
HGNC:26428	FAAP20	0	0	0	0	Background
HGNC:10896	SKI	0	1	1	0	ASD_only
HGNC:25852	MORN1	0	0	0	0	Background
HGNC:30309	RER1	0	0	0	0	Background
HGNC:8851	PEX10	0	0	0	0	Background
HGNC:29037	PLCH2	0	0	0	0	Background
HGNC:19366	PANK4	0	0	0	0	Background
HGNC:19764	HES5	0	0	0	0	Background
HGNC:11912	TNFRSF14	0	0	0	0	Background
HGNC:28390	PRXL2B	0	0	0	0	Background
HGNC:14668	MMEL1	0	0	0	0	Background
HGNC:34297	TTC34	0	0	0	0	Background
HGNC:24026	ACTRT2	0	0	0	0	Background
HGNC:14000	PRDM16	0	0	0	0	Background
HGNC:15515	ARHGEF16	0	0	0	0	Background
HGNC:3232	MEGF6	0	0	0	0	Background
HGNC:27007	TPRG1L	0	0	0	0	Background
HGNC:12759	WRAP73	0	0	0	0	Background
HGNC:12003	TP73	0	0	0	0	Background
HGNC:26546	CCDC27	0	0	0	0	Background
HGNC:44204	SMIM1	0	0	0	0	Background
HGNC:29207	LRRC47	0	0	0	0	Background
HGNC:24866	CEP104	0	0	0	0	Background
HGNC:2773	DFFB	0	0	0	0	Background
HGNC:27915	C1orf174	0	0	0	0	Background
HGNC:30801	AJAP1	0	0	0	0	Background
HGNC:19104	NPHP4	0	0	0	0	Background
HGNC:6229	KCNAB2	0	0	0	0	Background
HGNC:16816	CHD5	0	0	0	0	Background
HGNC:10315	RPL22	0	0	0	0	Background
HGNC:32947	RNF207	0	0	0	0	Background
HGNC:5350	ICMT	0	0	0	0	Background
HGNC:26226	HES3	0	0	0	0	Background
HGNC:23618	GPR153	0	0	0	0	Background
HGNC:24157	ACOT7	0	0	0	0	Background
HGNC:16005	HES2	0	0	0	0	Background
HGNC:13281	ESPN	0	0	0	0	Background
HGNC:11910	TNFRSF25	0	0	0	0	Background
HGNC:29105	PLEKHG5	0	0	0	0	Background
HGNC:26265	NOL9	0	0	0	0	Background
HGNC:14448	TAS1R1	0	0	0	0	Background
HGNC:4930	ZBTB48	0	0	0	0	Background
HGNC:29041	KLHL21	0	0	0	0	Background
HGNC:22983	PHF13	0	0	0	0	Background
HGNC:20855	THAP3	0	0	0	0	Background
HGNC:25570	DNAJC11	0	0	0	0	Background
HGNC:18806	CAMTA1	0	0	0	0	Background
HGNC:12644	VAMP3	0	0	0	0	Background
HGNC:8847	PER3	0	0	0	0	Background
HGNC:12636	UTS2	0	0	0	0	Background
HGNC:11924	TNFRSF9	1	0	0	0	IEI_only
HGNC:16369	PARK7	0	0	0	0	Background
HGNC:18185	ERRFI1	0	0	0	0	Background
HGNC:17939	SLC45A1	0	0	0	0	Background
HGNC:9965	RERE	0	1	1	0	ASD_only
HGNC:3350	ENO1	0	0	0	0	Background
HGNC:1380	CA6	0	1	1	0	ASD_only
HGNC:13445	SLC2A7	0	0	0	0	Background
HGNC:11010	SLC2A5	0	0	0	0	Background
HGNC:23687	GPR157	0	0	0	0	Background
HGNC:4795	H6PD	0	0	0	0	Background
HGNC:30628	SPSB1	0	0	0	0	Background
HGNC:29681	SLC25A33	0	0	0	0	Background
HGNC:33719	TMEM201	0	0	0	0	Background
HGNC:8977	PIK3CD	1	0	0	0	IEI_only
HGNC:32346	PIK3CD-AS1	0	0	0	0	Background
HGNC:17447	CLSTN1	0	0	0	0	Background
HGNC:16913	CTNNBIP1	0	0	0	0	Background
HGNC:17497	LZIC	0	0	0	0	Background
HGNC:17877	NMNAT1	0	0	0	0	Background
HGNC:30316	RBP7	0	0	0	0	Background
HGNC:12500	UBE4B	0	0	0	0	Background
HGNC:16636	KIF1B	0	0	0	0	Background
HGNC:8891	PGD	0	0	0	0	Background
HGNC:23163	CENPS	0	0	0	0	Background
HGNC:38843	CENPS-CORT	0	0	0	0	Background
HGNC:2257	CORT	0	0	0	0	Background
HGNC:2772	DFFA	0	0	0	0	Background
HGNC:8856	PEX14	0	0	0	0	Background
HGNC:26002	CASZ1	0	1	1	0	ASD_only
HGNC:26730	CIROZ	0	0	0	0	Background
HGNC:11571	TARDBP	0	0	0	0	Background
HGNC:6902	MASP2	1	0	0	0	IEI_only
HGNC:11296	SRM	0	0	0	0	Background
HGNC:9138	EXOSC10	0	0	0	0	Background
HGNC:3942	MTOR	0	1	1	0	ASD_only
HGNC:24078	ANGPTL7	0	0	0	0	Background
HGNC:30791	UBIAD1	0	0	0	0	Background
HGNC:29251	DISP3	0	0	0	0	Background
HGNC:13581	FBXO2	0	0	0	0	Background
HGNC:24847	FBXO44	0	0	0	0	Background
HGNC:13585	FBXO6	0	0	0	0	Background
HGNC:6764	MAD2L2	1	0	0	0	IEI_only
HGNC:25054	DRAXIN	0	0	0	0	Background
HGNC:13539	AGTRAP	0	0	0	0	Background
HGNC:25262	C1orf167	0	0	0	0	Background
HGNC:7436	MTHFR	0	1	1	0	ASD_only
HGNC:2024	CLCN6	0	0	0	0	Background
HGNC:7939	NPPA	0	0	0	0	Background
HGNC:7940	NPPB	0	0	0	0	Background
HGNC:28513	KIAA2013	0	0	0	0	Background
HGNC:9081	PLOD1	0	0	0	0	Background
HGNC:16877	MFN2	0	0	0	0	Background
HGNC:25715	MIIP	0	0	0	0	Background
HGNC:11923	TNFRSF8	0	0	0	0	Background
HGNC:11917	TNFRSF1B	0	0	0	0	Background
HGNC:23595	VPS13D	0	0	0	0	Background
HGNC:17693	DHRS3	0	0	0	0	Background
HGNC:32038	AADACL4	0	0	0	0	Background
HGNC:32037	AADACL3	0	0	0	0	Background
HGNC:28567	CFAP107	0	0	0	0	Background
HGNC:22125	PRAMEF12	0	0	0	0	Background
HGNC:28840	PRAMEF1	0	0	0	0	Background
HGNC:29295	HNRNPCL1	0	0	0	0	Background
HGNC:28841	PRAMEF2	0	0	0	0	Background
HGNC:31971	PRAMEF4	0	0	0	0	Background
HGNC:27997	PRAMEF10	0	0	0	0	Background
HGNC:28415	PRAMEF7	0	0	0	0	Background
HGNC:30583	PRAMEF6	0	0	0	0	Background
HGNC:34393	PRAMEF22	0	0	0	0	Background
HGNC:14086	PRAMEF11	0	0	0	0	Background
HGNC:49179	PRAMEF25	0	0	0	0	Background
HGNC:27995	PRAMEF5	0	0	0	0	Background
HGNC:24074	PRAMEF8	0	0	0	0	Background
HGNC:26764	PRAMEF15	0	0	0	0	Background
HGNC:13262	PRAMEF13	0	0	0	0	Background
HGNC:30693	PRAMEF18	0	0	0	0	Background
HGNC:13576	PRAMEF14	0	0	0	0	Background
HGNC:24908	PRAMEF19	0	0	0	0	Background
HGNC:29485	PRAMEF17	0	0	0	0	Background
HGNC:25224	PRAMEF20	0	0	0	0	Background
HGNC:27005	LRRC38	0	0	0	0	Background
HGNC:29602	PDPN	0	0	0	0	Background
HGNC:9347	PRDM2	0	0	0	0	Background
HGNC:29173	KAZN	0	0	0	0	Background
HGNC:25488	TMEM51	0	0	0	0	Background
HGNC:32332	TMEM51-AS2	0	0	0	0	Background
HGNC:29408	FHAD1	0	0	0	0	Background
HGNC:28670	EFHD2	0	0	0	0	Background
HGNC:2523	CTRC	0	0	0	0	Background
HGNC:24609	CELA2A	0	0	0	0	Background
HGNC:29995	CELA2B	0	0	0	0	Background
HGNC:1511	CASP9	0	0	0	0	Background
HGNC:29157	DNAJC16	0	0	0	0	Background
HGNC:18407	AGMAT	0	0	0	0	Background
HGNC:24578	DDI2	0	0	0	0	Background
HGNC:29131	PLEKHM2	0	0	0	0	Background
HGNC:27653	SLC25A34	0	0	0	0	Background
HGNC:32350	TMEM82	0	0	0	0	Background
HGNC:24686	FBLIM1	0	0	0	0	Background
HGNC:17575	SPEN	0	1	1	0	ASD_only
HGNC:12936	ZBTB17	0	0	0	0	Background
HGNC:28339	SRARP	0	0	0	0	Background
HGNC:5249	HSPB7	0	0	0	0	Background
HGNC:2026	CLCNKA	0	0	0	0	Background
HGNC:2027	CLCNKB	0	0	0	0	Background
HGNC:26717	FAM131C	0	0	0	0	Background
HGNC:3386	EPHA2	0	0	0	0	Background
HGNC:26604	ARHGEF19	0	0	0	0	Background
HGNC:28127	CPLANE2	0	0	0	0	Background
HGNC:29249	FBXO42	0	0	0	0	Background
HGNC:30232	SZRD1	0	0	0	0	Background
HGNC:28026	SPATA21	0	0	0	0	Background
HGNC:25528	NECAP2	0	0	0	0	Background
HGNC:26088	NBPF1	0	0	0	0	Background
HGNC:21299	CROCC	0	0	0	0	Background
HGNC:7033	MFAP2	0	0	0	0	Background
HGNC:30213	ATP13A2	0	0	0	0	Background
HGNC:10681	SDHB	0	0	0	0	Background
HGNC:18341	PADI2	0	0	0	0	Background
HGNC:18367	PADI1	0	0	0	0	Background
HGNC:18337	PADI3	0	0	0	0	Background
HGNC:18368	PADI4	0	0	0	0	Background
HGNC:30297	RCC2	0	0	0	0	Background
HGNC:25540	ARHGEF10L	0	0	0	0	Background
HGNC:24018	ACTL8	0	0	0	0	Background
HGNC:28246	IGSF21	0	0	0	0	Background
HGNC:26791	KLHDC7A	0	0	0	0	Background
HGNC:8621	PAX7	0	0	0	0	Background
HGNC:14905	TAS1R2	0	0	0	0	Background
HGNC:406	ALDH4A1	0	0	0	0	Background
HGNC:27006	IFFO2	0	0	0	0	Background
HGNC:30313	UBR4	0	0	0	0	Background
HGNC:28957	EMC1	0	0	0	0	Background
HGNC:18477	MRTO4	0	0	0	0	Background
HGNC:390	AKR7A3	0	0	0	0	Background
HGNC:389	AKR7A2	0	0	0	0	Background
HGNC:26001	SLC66A1	0	0	0	0	Background
HGNC:1491	CAPZB	0	0	0	0	Background
HGNC:48338	MICOS10-NBL1	0	0	0	0	Background
HGNC:32068	MICOS10	0	0	0	0	Background
HGNC:7650	NBL1	0	0	0	0	Background
HGNC:5301	HTR6	0	0	0	0	Background
HGNC:27393	TMCO4	0	0	0	0	Background
HGNC:25978	RNF186	0	0	0	0	Background
HGNC:29038	OTUD3	0	0	0	0	Background
HGNC:13414	PLA2G2E	0	0	0	0	Background
HGNC:9031	PLA2G2A	0	0	0	0	Background
HGNC:9038	PLA2G5	0	0	0	0	Background
HGNC:9033	PLA2G2D	0	0	0	0	Background
HGNC:30040	PLA2G2F	0	0	0	0	Background
HGNC:9032	PLA2G2C	0	0	0	0	Background
HGNC:26354	UBXN10	0	0	0	0	Background
HGNC:26538	VWA5B1	0	0	0	0	Background
HGNC:24190	CAMK2N1	0	0	0	0	Background
HGNC:25762	MUL1	0	0	0	0	Background
HGNC:31791	FAM43B	0	0	0	0	Background
HGNC:1712	CDA	0	0	0	0	Background
HGNC:14581	PINK1	0	0	0	0	Background
HGNC:2728	DDOST	0	0	0	0	Background
HGNC:19167	KIF17	0	0	0	0	Background
HGNC:28819	SH2D5	0	0	0	0	Background
HGNC:24973	HP1BP3	0	0	0	0	Background
HGNC:3298	EIF4G3	0	0	0	0	Background
HGNC:3146	ECE1	0	0	0	0	Background
HGNC:25076	NBPF3	0	0	0	0	Background
HGNC:438	ALPL	0	0	0	0	Background
HGNC:9858	RAP1GAP	0	0	0	0	Background
HGNC:18533	USP48	0	0	0	0	Background
HGNC:32071	LDLRAD2	0	0	0	0	Background
HGNC:5273	HSPG2	0	0	0	0	Background
HGNC:15945	CELA3B	0	0	0	0	Background
HGNC:15944	CELA3A	0	0	0	0	Background
HGNC:1736	CDC42	1	0	0	0	IEI_only
HGNC:12783	WNT4	0	0	0	0	Background
HGNC:29045	ZBTB40	0	0	0	0	Background
HGNC:3391	EPHA8	0	0	0	0	Background
HGNC:1241	C1QA	1	0	0	0	IEI_only
HGNC:1245	C1QC	1	0	0	0	IEI_only
HGNC:1242	C1QB	1	0	0	0	IEI_only
HGNC:3393	EPHB2	0	1	1	0	ASD_only
HGNC:35445	LACTBL1	0	0	0	0	Background
HGNC:44651	TEX46	0	0	0	0	Background
HGNC:29079	KDM1A	0	0	0	0	Background
HGNC:14985	LUZP1	0	0	0	0	Background
HGNC:5289	HTR1D	0	0	0	0	Background
HGNC:5047	HNRNPR	0	1	1	0	ASD_only
HGNC:20814	ZNF436	0	0	0	0	Background
HGNC:25122	ZNF436-AS1	0	0	0	0	Background
HGNC:11615	TCEA3	0	0	0	0	Background
HGNC:14987	ASAP3	0	0	0	0	Background
HGNC:3114	E2F2	0	0	0	0	Background
HGNC:5362	ID3	0	0	0	0	Background
HGNC:29633	MDS2	0	0	0	0	Background
HGNC:10301	RPL11	0	0	0	0	Background
HGNC:11620	ELOA	0	0	0	0	Background
HGNC:25022	PITHD1	0	0	0	0	Background
HGNC:6738	LYPLA2	0	0	0	0	Background
HGNC:4116	GALE	0	0	0	0	Background
HGNC:5005	HMGCL	0	0	0	0	Background
HGNC:4006	FUCA1	0	0	0	0	Background
HGNC:2160	CNR2	0	0	0	0	Background
HGNC:23158	PNRC2	0	0	0	0	Background
HGNC:16713	SRSF10	0	0	0	0	Background
HGNC:26679	MYOM3	0	0	0	0	Background
HGNC:13700	IL22RA1	0	0	0	0	Background
HGNC:18584	IFNLR1	0	0	0	0	Background
HGNC:25839	GRHL3	0	0	0	0	Background
HGNC:28070	STPG1	0	0	0	0	Background
HGNC:25233	NIPAL3	0	0	0	0	Background
HGNC:3042	RCAN3	0	0	0	0	Background
HGNC:29332	NCMAP	0	0	0	0	Background
HGNC:16638	SRRM1	0	0	0	0	Background
HGNC:13518	CLIC4	0	0	0	0	Background
HGNC:10473	RUNX3	0	0	0	0	Background
HGNC:19824	SYF2	0	0	0	0	Background
HGNC:25234	RSRP1	0	0	0	0	Background
HGNC:10009	RHD	0	0	0	0	Background
HGNC:30590	TMEM50A	0	0	0	0	Background
HGNC:10008	RHCE	0	0	0	0	Background
HGNC:25572	MACO1	0	0	0	0	Background
HGNC:18640	LDLRAP1	0	0	0	0	Background
HGNC:19080	MAN1C1	0	0	0	0	Background
HGNC:15999	SELENON	0	0	0	0	Background
HGNC:28836	MTFR1L	0	0	0	0	Background
HGNC:28363	AUNIP	0	0	0	0	Background
HGNC:23146	PAQR7	0	0	0	0	Background
HGNC:6510	STMN1	0	0	0	0	Background
HGNC:8579	PAFAH2	0	0	0	0	Background
HGNC:3515	EXTL1	0	0	0	0	Background
HGNC:11013	SLC30A2	0	0	0	0	Background
HGNC:16007	TRIM63	0	0	0	0	Background
HGNC:18981	PDIK1L	0	0	0	0	Background
HGNC:25860	FAM110D	0	0	0	0	Background
HGNC:30943	ZNF593	0	0	0	0	Background
HGNC:19700	CNKSR1	0	0	0	0	Background
HGNC:23220	CATSPER4	0	0	0	0	Background
HGNC:25309	CEP85	0	0	0	0	Background
HGNC:15568	SH3BGRL3	0	0	0	0	Background
HGNC:30600	UBXN11	0	0	0	0	Background
HGNC:1804	CD52	0	0	0	0	Background
HGNC:17295	CRYBG2	0	0	0	0	Background
HGNC:28495	ZNF683	0	0	0	0	Background
HGNC:15986	LIN28A	0	0	0	0	Background
HGNC:20603	DHDDS	0	0	0	0	Background
HGNC:4986	HMGN2	0	0	0	0	Background
HGNC:10430	RPS6KA1	0	0	0	0	Background
HGNC:11110	ARID1A	0	0	0	0	Background
HGNC:26031	PIGV	0	0	0	0	Background
HGNC:20712	ZDHHC18	0	0	0	0	Background
HGNC:10773	SFN	0	0	0	0	Background
HGNC:25513	GPN2	0	0	0	0	Background
HGNC:25720	GPATCH3	0	0	0	0	Background
HGNC:8045	NUDC	0	0	0	0	Background
HGNC:7961	NR0B2	0	0	0	0	Background
HGNC:26624	KDF1	0	0	0	0	Background
HGNC:34348	TRNP1	0	0	0	0	Background
HGNC:28273	TENT5B	0	0	0	0	Background
HGNC:11071	SLC9A1	0	0	0	0	Background
HGNC:29175	WDTC1	0	0	0	0	Background
HGNC:25363	TMEM222	0	0	0	0	Background
HGNC:15584	SYTL1	0	0	0	0	Background
HGNC:6858	MAP3K6	0	0	0	0	Background
HGNC:3625	FCN3	1	0	0	0	IEI_only
HGNC:32043	CD164L2	0	0	0	0	Background
HGNC:4484	GPR3	0	0	0	0	Background
HGNC:12733	WASF2	0	0	0	0	Background
HGNC:25230	AHDC1	0	1	1	0	ASD_only
HGNC:3697	FGR	0	0	0	0	Background
HGNC:4054	IFI6	0	0	0	0	Background
HGNC:28530	FAM76A	0	0	0	0	Background
HGNC:11430	STX12	0	0	0	0	Background
HGNC:9296	PPP1R8	0	0	0	0	Background
HGNC:16839	THEMIS2	0	0	0	0	Background
HGNC:10290	RPA2	0	0	0	0	Background
HGNC:21416	SMPDL3B	0	0	0	0	Background
HGNC:25508	XKR8	0	0	0	0	Background
HGNC:3521	EYA3	0	0	0	0	Background
HGNC:9582	PTAFR	0	0	0	0	Background
HGNC:15470	DNAJC8	0	0	0	0	Background
HGNC:871	ATP5IF1	0	0	0	0	Background
HGNC:20746	SESN2	0	0	0	0	Background
HGNC:25944	MED18	0	0	0	0	Background
HGNC:25793	PHACTR4	0	0	0	0	Background
HGNC:1913	RCC1	0	0	0	0	Background
HGNC:30813	TRNAU1AP	0	0	0	0	Background
HGNC:11545	TAF12	0	0	0	0	Background
HGNC:28702	RAB42	0	0	0	0	Background
HGNC:4370	GMEB1	0	0	0	0	Background
HGNC:31675	YTHDF2	0	0	0	0	Background
HGNC:8153	OPRD1	0	0	0	0	Background
HGNC:3377	EPB41	0	0	0	0	Background
HGNC:33785	TMEM200B	0	0	0	0	Background
HGNC:10786	SRSF4	0	0	0	0	Background
HGNC:19691	MECR	0	0	0	0	Background
HGNC:9683	PTPRU	0	0	0	0	Background
HGNC:6907	MATN1	0	0	0	0	Background
HGNC:29612	LAPTM5	0	0	0	0	Background
HGNC:10660	SDC3	0	0	0	0	Background
HGNC:14957	PUM1	0	0	0	0	Background
HGNC:25743	NKAIN1	0	0	0	0	Background
HGNC:30857	SNRNP40	0	0	0	0	Background
HGNC:30246	ZCCHC17	0	0	0	0	Background
HGNC:3557	FABP3	0	0	0	0	Background
HGNC:23231	SERINC2	0	0	0	0	Background
HGNC:19168	TINAGL1	0	0	0	0	Background
HGNC:4848	HCRTR1	0	0	0	0	Background
HGNC:30009	PEF1	0	0	0	0	Background
HGNC:2193	COL16A1	0	0	0	0	Background
HGNC:944	ADGRB2	0	0	0	0	Background
HGNC:26338	SPOCD1	0	0	0	0	Background
HGNC:9635	PTP4A2	0	0	0	0	Background
HGNC:18116	KHDRBS1	0	0	0	0	Background
HGNC:25510	TMEM39B	0	1	1	0	ASD_only
HGNC:6399	KPNA6	0	0	0	0	Background
HGNC:30685	TXLNA	0	0	0	0	Background
HGNC:28163	CCDC28B	0	0	0	0	Background
HGNC:25545	IQCC	0	0	0	0	Background
HGNC:32576	DCDC2B	0	0	0	0	Background
HGNC:28837	TMEM234	0	0	0	0	Background
HGNC:3272	EIF3I	0	0	0	0	Background
HGNC:28133	FAM167B	0	0	0	0	Background
HGNC:6524	LCK	1	0	0	0	IEI_only
HGNC:4852	HDAC1	0	0	0	0	Background
HGNC:7142	MARCKSL1	0	0	0	0	Background
HGNC:15473	TSSK3	0	0	0	0	Background
HGNC:44652	FAM229A	0	0	0	0	Background
HGNC:25501	BSDC1	0	0	0	0	Background
HGNC:37057	ZBTB8B	0	0	0	0	Background
HGNC:24172	ZBTB8A	0	0	0	0	Background
HGNC:24094	TSLIG1	0	0	0	0	Background
HGNC:9887	RBBP4	0	0	0	0	Background
HGNC:28897	SYNC	0	0	0	0	Background
HGNC:29301	NHSL3	0	0	0	0	Background
HGNC:12840	YARS1	0	0	0	0	Background
HGNC:25768	S100PBP	0	0	0	0	Background
HGNC:20240	FNDC5	0	0	0	0	Background
HGNC:5144	HPCA	0	0	0	0	Background
HGNC:24143	TMEM54	0	0	0	0	Background
HGNC:26886	RNF19B	0	0	0	0	Background
HGNC:362	AK2	1	0	0	0	IEI_only
HGNC:29957	AZIN2	0	0	0	0	Background
HGNC:25574	TRIM62	0	0	0	0	Background
HGNC:18079	ZNF362	0	0	0	0	Background
HGNC:30005	A3GALT2	0	0	0	0	Background
HGNC:3183	PHC2	0	0	0	0	Background
HGNC:13093	ZSCAN20	0	0	0	0	Background
HGNC:19290	CSMD2	0	0	0	0	Background
HGNC:24954	HMGB4	0	0	0	0	Background
HGNC:28250	C1orf94	0	0	0	0	Background
HGNC:25154	SMIM12	0	0	0	0	Background
HGNC:4287	GJB5	0	0	0	0	Background
HGNC:4286	GJB4	0	0	0	0	Background
HGNC:4285	GJB3	0	0	0	0	Background
HGNC:4278	GJA4	0	0	0	0	Background
HGNC:30368	DLGAP3	0	1	1	0	ASD_only
HGNC:40021	TMEM35B	0	0	0	0	Background
HGNC:13050	ZMYM6	0	0	0	0	Background
HGNC:26253	ZMYM1	0	0	0	0	Background
HGNC:10774	SFPQ	0	0	0	0	Background
HGNC:13055	ZMYM4	0	0	0	0	Background
HGNC:30071	KIAA0319L	0	0	0	0	Background
HGNC:17597	NCDN	0	0	0	0	Background
HGNC:30774	TFAP2E	0	0	0	0	Background
HGNC:9539	PSMB2	0	0	0	0	Background
HGNC:26800	C1orf216	0	0	0	0	Background
HGNC:19715	CLSPN	0	0	0	0	Background
HGNC:18424	AGO4	0	1	1	0	ASD_only
HGNC:3262	AGO1	0	1	1	0	ASD_only
HGNC:18421	AGO3	0	1	1	0	ASD_only
HGNC:11725	TEKT2	0	0	0	0	Background
HGNC:21304	ADPRS	0	0	0	0	Background
HGNC:2216	COL8A2	0	0	0	0	Background
HGNC:19942	TRAPPC3	0	0	0	0	Background
HGNC:25514	MAP7D1	0	0	0	0	Background
HGNC:22964	THRAP3	0	0	0	0	Background
HGNC:26236	MNMIP1	0	0	0	0	Background
HGNC:25558	EVA1B	0	0	0	0	Background
HGNC:21373	STK40	0	0	0	0	Background
HGNC:17562	LSM10	0	0	0	0	Background
HGNC:29971	OSCP1	0	0	0	0	Background
HGNC:14504	MRPS15	0	0	0	0	Background
HGNC:2439	CSF3R	1	0	0	0	IEI_only
HGNC:4581	GRIK3	0	1	1	0	ASD_only
HGNC:26259	ZC3H12A	0	0	0	0	Background
HGNC:25674	MEAF6	0	0	0	0	Background
HGNC:30587	SNIP1	0	0	0	0	Background
HGNC:14353	DNALI1	0	0	0	0	Background
HGNC:29925	GNL2	0	0	0	0	Background
HGNC:21679	RSPO1	0	0	0	0	Background
HGNC:26039	AIRIM	0	0	0	0	Background
HGNC:14629	CDCA8	0	0	0	0	Background
HGNC:19987	EPHA10	0	0	0	0	Background
HGNC:26452	MANEAL	0	0	0	0	Background
HGNC:28905	YRDC	0	0	0	0	Background
HGNC:24789	C1orf122	0	0	0	0	Background
HGNC:7428	MTF1	0	1	1	0	ASD_only
HGNC:6077	INPP5B	0	0	0	0	Background
HGNC:10767	SF3A3	0	0	0	0	Background
HGNC:3704	FHL3	0	0	0	0	Background
HGNC:24329	UTP11	0	0	0	0	Background
HGNC:9214	POU3F1	0	0	0	0	Background
HGNC:19902	RRAGC	0	0	0	0	Background
HGNC:7554	MYCBP	0	0	0	0	Background
HGNC:19155	GJA9	0	0	0	0	Background
HGNC:16083	RHBDL2	0	0	0	0	Background
HGNC:25744	AKIRIN1	0	0	0	0	Background
HGNC:7712	NDUFS5	0	0	0	0	Background
HGNC:13664	MACF1	0	0	0	0	Background
HGNC:21650	BMP8A	0	0	0	0	Background
HGNC:8557	PABPC4	0	0	0	0	Background
HGNC:4882	HEYL	0	0	0	0	Background
HGNC:17819	NT5C1A	0	0	0	0	Background
HGNC:18212	HPCAL4	0	0	0	0	Background
HGNC:9258	PPIE	0	0	0	0	Background
HGNC:1075	BMP8B	0	0	0	0	Background
HGNC:18606	OXCT2	0	0	0	0	Background
HGNC:20286	TRIT1	0	0	0	0	Background
HGNC:7555	MYCL	0	0	0	0	Background
HGNC:25897	MFSD2A	0	0	0	0	Background
HGNC:20040	CAP1	0	0	0	0	Background
HGNC:9325	PPT1	0	0	0	0	Background
HGNC:10025	RLF	0	0	0	0	Background
HGNC:23312	TMCO2	0	0	0	0	Background
HGNC:12877	ZMPSTE24	0	0	0	0	Background
HGNC:2218	COL9A2	0	0	0	0	Background
HGNC:25082	SMAP2	0	1	1	0	ASD_only
HGNC:28053	ZFP69B	0	0	0	0	Background
HGNC:24708	ZFP69	0	0	0	0	Background
HGNC:26115	EXO5	0	0	0	0	Background
HGNC:28418	ZNF684	0	0	0	0	Background
HGNC:21292	RIMS3	0	1	1	0	ASD_only
HGNC:7806	NFYC	0	0	0	0	Background
HGNC:6298	KCNQ4	0	0	0	0	Background
HGNC:18696	CITED4	0	0	0	0	Background
HGNC:2519	CTPS1	1	0	0	0	IEI_only
HGNC:26313	SLFNL1	0	0	0	0	Background
HGNC:19003	SCMH1	0	0	0	0	Background
HGNC:24814	FOXO6	0	0	0	0	Background
HGNC:3177	EDN2	0	0	0	0	Background
HGNC:13561	HIVEP3	0	1	1	0	ASD_only
HGNC:4683	GUCA2B	0	0	0	0	Background
HGNC:4682	GUCA2A	0	0	0	0	Background
HGNC:29178	FOXJ3	0	0	0	0	Background
HGNC:28725	RIMKLA	0	0	0	0	Background
HGNC:21192	ZMYND12	0	0	0	0	Background
HGNC:25686	PPCS	0	0	0	0	Background
HGNC:26103	CCDC30	0	0	0	0	Background
HGNC:14651	PPIH	0	0	0	0	Background
HGNC:8014	YBX1	0	0	0	0	Background
HGNC:2040	CLDN19	0	0	0	0	Background
HGNC:19316	P3H1	0	0	0	0	Background
HGNC:28795	C1orf50	0	0	0	0	Background
HGNC:29204	SVBP	0	0	0	0	Background
HGNC:15743	ERMAP	0	0	0	0	Background
HGNC:28028	ZNF691	0	0	0	0	Background
HGNC:11005	SLC2A1	0	0	0	0	Background
HGNC:34347	CFAP144	0	0	0	0	Background
HGNC:15531	EBNA1BP2	0	0	0	0	Background
HGNC:26485	CFAP57	0	0	0	0	Background
HGNC:28275	TMEM125	0	0	0	0	Background
HGNC:28755	C1orf210	0	0	0	0	Background
HGNC:11809	TIE1	0	0	0	0	Background
HGNC:7217	MPL	0	0	0	0	Background
HGNC:1723	CDC20	0	0	0	0	Background
HGNC:14418	ELOVL1	0	0	0	0	Background
HGNC:19971	MED8	0	0	0	0	Background
HGNC:29040	SZT2	0	0	0	0	Background
HGNC:26948	HYI	0	0	0	0	Background
HGNC:9670	PTPRF	0	0	0	0	Background
HGNC:22978	KDM4A	0	0	0	0	Background
HGNC:10866	ST3GAL3	0	0	0	0	Background
HGNC:727	ARTN	0	0	0	0	Background
HGNC:16853	IPO13	0	0	0	0	Background
HGNC:3004	DPH2	0	0	0	0	Background
HGNC:861	ATP6V0B	0	0	0	0	Background
HGNC:925	B4GALT2	0	0	0	0	Background
HGNC:28688	CCDC24	0	0	0	0	Background
HGNC:11056	SLC6A9	0	0	0	0	Background
HGNC:18830	KLF17	0	0	0	0	Background
HGNC:18291	DMAP1	0	0	0	0	Background
HGNC:17276	ERI3	0	0	0	0	Background
HGNC:25552	RNF220	0	0	0	0	Background
HGNC:26186	TMEM53	0	0	0	0	Background
HGNC:34345	ARMH1	0	0	0	0	Background
HGNC:6393	KIF2C	0	0	0	0	Background
HGNC:10441	RPS8	0	0	0	0	Background
HGNC:17106	BEST4	0	0	0	0	Background
HGNC:2154	PLK3	0	0	0	0	Background
HGNC:32315	DYNLT4	0	0	0	0	Background
HGNC:27145	BTBD19	0	0	0	0	Background
HGNC:9586	PTCH2	0	0	0	0	Background
HGNC:3259	EIF2B3	0	0	0	0	Background
HGNC:26117	HECTD3	0	0	0	0	Background
HGNC:12591	UROD	0	0	0	0	Background
HGNC:29299	ZSWIM5	0	0	0	0	Background
HGNC:28242	HPDL	0	0	0	0	Background
HGNC:7527	MUTYH	0	0	0	0	Background
HGNC:15954	TOE1	0	0	0	0	Background
HGNC:11732	TESK2	0	0	0	0	Background
HGNC:24525	MMACHC	0	0	0	0	Background
HGNC:9352	PRDX1	0	0	0	0	Background
HGNC:380	AKR1A1	0	0	0	0	Background
HGNC:7644	NASP	0	0	0	0	Background
HGNC:26574	CCDC17	0	0	0	0	Background
HGNC:28843	GPBP1L1	0	0	0	0	Background
HGNC:28035	TMEM69	0	0	0	0	Background
HGNC:6108	IPP	0	0	0	0	Background
HGNC:19035	MAST2	0	0	0	0	Background
HGNC:8981	PIK3R3	0	0	0	0	Background
HGNC:20657	TSPAN1	0	0	0	0	Background
HGNC:19139	POMGNT1	0	1	1	0	ASD_only
HGNC:32327	LURAP1	0	0	0	0	Background
HGNC:9826	RAD54L	0	0	0	0	Background
HGNC:16917	LRRC41	0	0	0	0	Background
HGNC:12590	UQCRH	0	0	0	0	Background
HGNC:31802	NSUN4	0	0	0	0	Background
HGNC:3553	FAAH	0	0	0	0	Background
HGNC:19026	DMBX1	0	0	0	0	Background
HGNC:26488	KNCN	0	0	0	0	Background
HGNC:7110	MKNK1	0	0	0	0	Background
HGNC:29800	MOB3C	0	0	0	0	Background
HGNC:18803	ATPAF1	0	0	0	0	Background
HGNC:29051	EFCAB14	0	0	0	0	Background
HGNC:29589	TEX38	0	0	0	0	Background
HGNC:2644	CYP4B1	0	0	0	0	Background
HGNC:2642	CYP4A11	0	0	0	0	Background
HGNC:20244	CYP4X1	0	0	0	0	Background
HGNC:20583	CYP4Z1	0	0	0	0	Background
HGNC:20575	CYP4A22	0	0	0	0	Background
HGNC:16887	PDZK1IP1	0	0	0	0	Background
HGNC:11556	TAL1	0	0	0	0	Background
HGNC:10879	STIL	0	0	0	0	Background
HGNC:18170	CMPK1	0	0	0	0	Background
HGNC:3808	FOXE3	0	0	0	0	Background
HGNC:3803	FOXD2	0	0	0	0	Background
HGNC:44200	TRABD2B	0	0	0	0	Background
HGNC:22146	SLC5A9	0	0	0	0	Background
HGNC:18309	SPATA6	0	0	0	0	Background
HGNC:25892	AGBL4	0	1	1	0	ASD_only
HGNC:25668	BEND5	0	0	0	0	Background
HGNC:3315	ELAVL4	0	0	0	0	Background
HGNC:13908	DMRTA2	0	0	0	0	Background
HGNC:3578	FAF1	0	0	0	0	Background
HGNC:1789	CDKN2C	0	0	0	0	Background
HGNC:28096	C1orf185	0	0	0	0	Background
HGNC:10056	RNF11	0	0	0	0	Background
HGNC:18657	TTC39A	0	0	0	0	Background
HGNC:3419	EPS15	0	0	0	0	Background
HGNC:16386	OSBPL9	0	0	0	0	Background
HGNC:7995	NRDC	0	0	0	0	Background
HGNC:9778	RAB3B	0	0	0	0	Background
HGNC:24626	TXNDC12	0	0	0	0	Background
HGNC:25160	KTI12	0	0	0	0	Background
HGNC:30547	BTF3L4	0	0	0	0	Background
HGNC:6775	ZFYVE9	0	0	0	0	Background
HGNC:29386	CC2D1B	0	0	0	0	Background
HGNC:8487	ORC1	0	0	0	0	Background
HGNC:25930	PRPF38A	0	0	0	0	Background
HGNC:28981	TUT4	0	0	0	0	Background
HGNC:4559	GPX7	0	0	0	0	Background
HGNC:28757	SHISAL2A	0	0	0	0	Background
HGNC:25716	COA7	0	0	0	0	Background
HGNC:25820	ZYG11B	0	0	0	0	Background
HGNC:32058	ZYG11A	0	0	0	0	Background
HGNC:23408	ECHDC2	0	0	0	0	Background
HGNC:10606	SCP2	0	1	1	0	ASD_only
HGNC:23174	PODN	0	0	0	0	Background
HGNC:10945	SLC1A7	0	0	0	0	Background
HGNC:2330	CPT2	0	1	1	0	ASD_only
HGNC:26059	CZIB	0	0	0	0	Background
HGNC:6815	MAGOH	0	0	0	0	Background
HGNC:6700	LRP8	0	0	0	0	Background
HGNC:13913	DMRTB1	0	0	0	0	Background
HGNC:29525	GLIS1	0	1	1	0	ASD_only
HGNC:25525	NDC1	0	0	0	0	Background
HGNC:25231	YIPF1	0	0	0	0	Background
HGNC:2883	DIO1	0	0	0	0	Background
HGNC:25019	IFT25	0	0	0	0	Background
HGNC:28792	LRRC42	0	0	0	0	Background
HGNC:32069	LDLRAD1	0	0	0	0	Background
HGNC:1239	TMEM59	0	0	0	0	Background
HGNC:26494	TCEANC2	0	0	0	0	Background
HGNC:27297	CDCP2	0	0	0	0	Background
HGNC:32220	CYB5RL	0	0	0	0	Background
HGNC:14034	MRPL37	0	0	0	0	Background
HGNC:15674	SSBP3	0	0	0	0	Background
HGNC:32328	SSBP3-AS1	0	0	0	0	Background
HGNC:18156	ACOT11	0	0	0	0	Background
HGNC:25032	FAM151A	0	0	0	0	Background
HGNC:49180	MROH7-TTC4	0	0	0	0	Background
HGNC:24802	MROH7	0	0	0	0	Background
HGNC:12394	TTC4	0	0	0	0	Background
HGNC:30563	PARS2	0	0	0	0	Background
HGNC:26067	TTC22	0	0	0	0	Background
HGNC:26854	CIMAP2	0	0	0	0	Background
HGNC:2859	DHCR24	0	0	0	0	Background
HGNC:27296	TMEM61	0	0	0	0	Background
HGNC:16512	BSND	0	0	0	0	Background
HGNC:20001	PCSK9	0	0	0	0	Background
HGNC:12623	USP24	0	0	0	0	Background
HGNC:9229	PLPP3	0	0	0	0	Background
HGNC:9377	PRKAA2	0	0	0	0	Background
HGNC:27295	FYB2	0	0	0	0	Background
HGNC:1352	C8A	1	0	0	0	IEI_only
HGNC:1353	C8B	1	0	0	0	IEI_only
HGNC:2661	DAB1	0	0	0	0	Background
HGNC:29661	OMA1	0	0	0	0	Background
HGNC:11530	TACSTD2	0	0	0	0	Background
HGNC:29401	MYSM1	1	0	0	0	IEI_only
HGNC:6204	JUN	0	0	0	0	Background
HGNC:25610	FGGY	0	0	0	0	Background
HGNC:19884	HOOK1	0	0	0	0	Background
HGNC:2634	CYP2J2	0	0	0	0	Background
HGNC:28547	C1orf87	0	0	0	0	Background
HGNC:7784	NFIA	0	1	1	0	ASD_only
HGNC:24142	TM2D1	0	0	0	0	Background
HGNC:28881	PATJ	0	1	1	0	ASD_only
HGNC:25595	L1TD1	0	0	0	0	Background
HGNC:27263	KANK4	0	0	0	0	Background
HGNC:12607	USP1	0	0	0	0	Background
HGNC:19190	DOCK7	0	0	0	0	Background
HGNC:491	ANGPTL3	0	0	0	0	Background
HGNC:16040	ATG4C	0	0	0	0	Background
HGNC:3804	FOXD3	0	0	0	0	Background
HGNC:23157	ALG6	0	0	0	0	Background
HGNC:6157	ITGB3BP	0	0	0	0	Background
HGNC:29379	EFCAB7	0	0	0	0	Background
HGNC:13225	DLEU2L	0	0	0	0	Background
HGNC:8905	PGM1	0	0	0	0	Background
HGNC:10256	ROR1	0	0	0	0	Background
HGNC:28559	UBE2U	0	0	0	0	Background
HGNC:29314	CACHD1	0	0	0	0	Background
HGNC:25577	RAVER2	0	0	0	0	Background
HGNC:6190	JAK1	1	0	0	0	IEI_only
HGNC:363	AK4	0	0	0	0	Background
HGNC:15469	DNAJC6	0	0	0	0	Background
HGNC:6554	LEPR	0	0	0	0	Background
HGNC:29477	LEPROT	0	0	0	0	Background
HGNC:8781	PDE4B	0	0	0	0	Background
HGNC:25412	SGIP1	0	0	0	0	Background
HGNC:26882	DYNLT5	0	0	0	0	Background
HGNC:6088	INSL5	0	0	0	0	Background
HGNC:26252	DNAI4	0	0	0	0	Background
HGNC:29657	MIER1	0	0	0	0	Background
HGNC:20800	SLC35D1	0	0	0	0	Background
HGNC:32044	C1orf141	0	0	0	0	Background
HGNC:19100	IL23R	1	0	0	0	IEI_only
HGNC:5972	IL12RB2	1	0	0	0	IEI_only
HGNC:17860	SERBP1	0	0	0	0	Background
HGNC:4095	GADD45A	0	0	0	0	Background
HGNC:19663	GNG12	0	0	0	0	Background
HGNC:687	DIRAS3	0	0	0	0	Background
HGNC:30238	WLS	0	0	0	0	Background
HGNC:10294	RPE65	0	0	0	0	Background
HGNC:22949	DEPDC1	0	0	0	0	Background
HGNC:18531	LRRC7	0	0	0	0	Background
HGNC:26004	LRRC40	0	0	0	0	Background
HGNC:10782	SRSF11	0	1	1	0	ASD_only
HGNC:25374	ANKRD13C	0	0	0	0	Background
HGNC:4906	ANKRD13C-DT	0	0	0	0	Background
HGNC:2501	CTH	0	0	0	0	Background
HGNC:9595	PTGER3	0	0	0	0	Background
HGNC:13058	ZRANB2	0	0	0	0	Background
HGNC:17302	NEGR1	0	1	1	0	ASD_only
HGNC:28318	LRRIQ3	0	0	0	0	Background
HGNC:3825	FPGT	0	0	0	0	Background
HGNC:42952	FPGT-TNNI3K	0	0	0	0	Background
HGNC:19661	TNNI3K	0	0	0	0	Background
HGNC:25255	LRRC53	0	0	0	0	Background
HGNC:25346	ERICH3	0	0	0	0	Background
HGNC:2419	CRYZ	0	0	0	0	Background
HGNC:24757	TYW3	0	0	0	0	Background
HGNC:28838	LHX8	0	0	0	0	Background
HGNC:28524	SLC44A5	0	0	0	0	Background
HGNC:89	ACADM	0	0	0	0	Background
HGNC:9796	RABGGTB	0	0	0	0	Background
HGNC:7327	MSH4	0	0	0	0	Background
HGNC:19769	ASB17	0	0	0	0	Background
HGNC:19343	ST6GALNAC3	0	0	0	0	Background
HGNC:19342	ST6GALNAC5	0	0	0	0	Background
HGNC:8965	PIGK	0	0	0	0	Background
HGNC:365	AK5	0	0	0	0	Background
HGNC:24523	ZZZ3	0	0	0	0	Background
HGNC:20059	USP33	0	0	0	0	Background
HGNC:24741	MIGA1	0	0	0	0	Background
HGNC:29557	NEXN	0	0	0	0	Background
HGNC:4004	FUBP1	0	0	0	0	Background
HGNC:14886	DNAJB4	0	0	0	0	Background
HGNC:18177	GIPC2	0	0	0	0	Background
HGNC:9600	PTGFR	0	0	0	0	Background
HGNC:17817	IFI44L	0	0	0	0	Background
HGNC:16938	IFI44	0	0	0	0	Background
HGNC:20822	ADGRL4	0	0	0	0	Background
HGNC:18582	ADGRL2	0	0	0	0	Background
HGNC:26242	TTLL7	0	0	0	0	Background
HGNC:9381	PRKACB	0	0	0	0	Background
HGNC:24582	SAMD13	0	0	0	0	Background
HGNC:28875	DNASE2B	0	0	0	0	Background
HGNC:30350	RPF1	0	0	0	0	Background
HGNC:4408	GNG5	0	0	0	0	Background
HGNC:2496	CTBS	0	0	0	0	Background
HGNC:26647	LINC01555	0	0	0	0	Background
HGNC:16509	SSX2IP	0	0	0	0	Background
HGNC:14298	LPAR3	0	0	0	0	Background
HGNC:13357	MCOLN2	0	0	0	0	Background
HGNC:30711	DNAI3	0	0	0	0	Background
HGNC:13358	MCOLN3	0	0	0	0	Background
HGNC:25841	SYDE2	0	0	0	0	Background
HGNC:24871	C1orf52	0	0	0	0	Background
HGNC:989	BCL10	1	0	0	0	IEI_only
HGNC:2715	DDAH1	0	0	0	0	Background
HGNC:2654	CCN1	0	0	0	0	Background
HGNC:26089	ZNHIT6	0	0	0	0	Background
HGNC:20821	COL24A1	0	0	0	0	Background
HGNC:29225	ODF2L	0	0	0	0	Background
HGNC:2016	CLCA2	0	0	0	0	Background
HGNC:2015	CLCA1	0	0	0	0	Background
HGNC:2018	CLCA4	0	0	0	0	Background
HGNC:10833	SH3GLB1	0	0	0	0	Background
HGNC:17705	SELENOF	0	0	0	0	Background
HGNC:5193	HS2ST1	0	0	0	0	Background
HGNC:6644	LMO4	0	0	0	0	Background
HGNC:9406	PKN2	0	0	0	0	Background
HGNC:4648	GTF2B	0	0	0	0	Background
HGNC:33238	KYAT3	0	0	0	0	Background
HGNC:25073	RBMXL1	0	0	0	0	Background
HGNC:4184	GBP3	0	0	0	0	Background
HGNC:4182	GBP1	0	0	0	0	Background
HGNC:4183	GBP2	0	0	0	0	Background
HGNC:29606	GBP7	0	0	0	0	Background
HGNC:20480	GBP4	0	0	0	0	Background
HGNC:19895	GBP5	0	0	0	0	Background
HGNC:25395	GBP6	0	0	0	0	Background
HGNC:30692	LRRC8B	0	0	0	0	Background
HGNC:25075	LRRC8C	0	0	0	0	Background
HGNC:16992	LRRC8D	0	0	0	0	Background
HGNC:14104	ZNF326	0	0	0	0	Background
HGNC:954	BARHL2	0	0	0	0	Background
HGNC:29222	ZNF644	0	0	0	0	Background
HGNC:20193	HFM1	0	0	0	0	Background
HGNC:1745	CDC7	0	0	0	0	Background
HGNC:11774	TGFBR3	0	0	0	0	Background
HGNC:1105	BRDT	0	0	0	0	Background
HGNC:23758	EPHX4	0	0	0	0	Background
HGNC:21019	BTBD8	0	0	0	0	Background
HGNC:24032	C1orf146	0	0	0	0	Background
HGNC:14373	GLMN	0	0	0	0	Background
HGNC:25791	RPAP2	0	0	0	0	Background
HGNC:4237	GFI1	1	0	0	0	IEI_only
HGNC:3501	EVI5	0	0	0	0	Background
HGNC:10360	RPL5	0	0	0	0	Background
HGNC:32213	DIPK1A	0	0	0	0	Background
HGNC:29535	MTF2	0	0	0	0	Background
HGNC:24251	TMED5	0	0	0	0	Background
HGNC:30370	CCDC18	0	0	0	0	Background
HGNC:3017	DR1	0	0	0	0	Background
HGNC:20851	FNBP1L	0	0	0	0	Background
HGNC:973	BCAR3	0	0	0	0	Background
HGNC:24013	DNTTIP2	0	0	0	0	Background
HGNC:4312	GCLM	0	0	0	0	Background
HGNC:34	ABCA4	0	0	0	0	Background
HGNC:30207	ARHGAP29	0	0	0	0	Background
HGNC:67	ABCD3	0	0	0	0	Background
HGNC:3541	F3	0	0	0	0	Background
HGNC:28689	SLC44A3	0	0	0	0	Background
HGNC:2157	CNN3	0	0	0	0	Background
HGNC:28287	ALG14	0	0	0	0	Background
HGNC:26477	TLCD4	0	0	0	0	Background
HGNC:49388	TLCD4-RWDD3	0	0	0	0	Background
HGNC:21393	RWDD3	0	0	0	0	Background
HGNC:54313	LINC02790	0	0	0	0	Background
HGNC:17662	PTBP2	0	1	1	0	ASD_only
HGNC:3012	DPYD	0	1	1	0	ASD_only
HGNC:14971	SNX7	0	0	0	0	Background
HGNC:31703	PLPPR5	0	0	0	0	Background
HGNC:23496	PLPPR4	0	0	0	0	Background
HGNC:15846	PALMD	0	0	0	0	Background
HGNC:27622	FRRS1	0	0	0	0	Background
HGNC:321	AGL	0	0	0	0	Background
HGNC:11023	SLC35A3	0	0	0	0	Background
HGNC:23363	SLC71A1	0	0	0	0	Background
HGNC:25403	SASS6	0	0	0	0	Background
HGNC:25502	TRMT13	0	0	0	0	Background
HGNC:28228	LRRC39	0	0	0	0	Background
HGNC:2698	DBT	0	0	0	0	Background
HGNC:17981	RTCA	0	0	0	0	Background
HGNC:1718	CDC14A	0	0	0	0	Background
HGNC:4539	GPR88	0	0	0	0	Background
HGNC:12663	VCAM1	0	0	0	0	Background
HGNC:3516	EXTL2	0	0	0	0	Background
HGNC:19306	SLC30A7	0	0	0	0	Background
HGNC:24270	DPH5	0	0	0	0	Background
HGNC:3165	S1PR1	0	0	0	0	Background
HGNC:17990	OLFM3	0	0	0	0	Background
HGNC:2186	COL11A1	0	0	0	0	Background
HGNC:18666	RNPC3	0	0	0	0	Background
HGNC:478	AMY2B	0	0	0	0	Background
HGNC:477	AMY2A	0	0	0	0	Background
HGNC:474	AMY1A	0	0	0	0	Background
HGNC:475	AMY1B	0	0	0	0	Background
HGNC:476	AMY1C	0	0	0	0	Background
HGNC:18241	PRMT6	0	0	0	0	Background
HGNC:23319	NTNG1	0	1	1	0	ASD_only
HGNC:12659	VAV3	0	0	0	0	Background
HGNC:20662	SLC25A24	0	0	0	0	Background
HGNC:26550	NBPF4	0	0	0	0	Background
HGNC:31988	NBPF6	0	0	0	0	Background
HGNC:27637	EEIG2	0	0	0	0	Background
HGNC:26400	HENMT1	0	0	0	0	Background
HGNC:25512	PRPF38B	0	0	0	0	Background
HGNC:26668	FNDC7	0	0	0	0	Background
HGNC:11446	STXBP3	0	0	0	0	Background
HGNC:28398	AKNAD1	0	0	0	0	Background
HGNC:29501	GPSM2	0	0	0	0	Background
HGNC:29675	CLCC1	0	0	0	0	Background
HGNC:29141	WDR47	0	0	0	0	Background
HGNC:11546	TAF13	0	0	0	0	Background
HGNC:30187	TMEM167B	0	0	0	0	Background
HGNC:32331	CFAP276	0	0	0	0	Background
HGNC:29618	ELAPOR1	0	0	0	0	Background
HGNC:10537	SARS1	0	0	0	0	Background
HGNC:3231	CELSR2	0	0	0	0	Background
HGNC:24472	PSRC1	0	0	0	0	Background
HGNC:30434	MYBPHL	0	0	0	0	Background
HGNC:11186	SORT1	0	0	0	0	Background
HGNC:9534	PSMA5	0	0	0	0	Background
HGNC:27638	SYPL2	0	0	0	0	Background
HGNC:28713	ATXN7L2	0	0	0	0	Background
HGNC:26804	CYB561D1	0	0	0	0	Background
HGNC:20824	AMIGO1	0	0	0	0	Background
HGNC:13300	GPR61	0	0	0	0	Background
HGNC:4387	GNAI3	0	0	0	0	Background
HGNC:4394	GNAT2	0	0	0	0	Background
HGNC:469	AMPD2	0	0	0	0	Background
HGNC:4636	GSTM4	0	0	0	0	Background
HGNC:4634	GSTM2	0	0	0	0	Background
HGNC:4632	GSTM1	0	1	1	0	ASD_only
HGNC:4637	GSTM5	0	0	0	0	Background
HGNC:4635	GSTM3	0	0	0	0	Background
HGNC:21297	EPS8L3	0	0	0	0	Background
HGNC:2432	CSF1	0	0	0	0	Background
HGNC:344	AHCYL1	0	0	0	0	Background
HGNC:25916	STRIP1	0	0	0	0	Background
HGNC:449	ALX3	0	0	0	0	Background
HGNC:32309	UBL4B	0	0	0	0	Background
HGNC:31399	SLC6A17	0	0	0	0	Background
HGNC:6236	KCNC4	0	0	0	0	Background
HGNC:14959	RBM15	0	0	0	0	Background
HGNC:10925	SLC16A4	0	0	0	0	Background
HGNC:17955	LAMTOR5	0	0	0	0	Background
HGNC:18454	PROK1	0	0	0	0	Background
HGNC:6219	KCNA10	0	0	0	0	Background
HGNC:6220	KCNA2	0	0	0	0	Background
HGNC:6221	KCNA3	0	0	0	0	Background
HGNC:1686	CD53	0	0	0	0	Background
HGNC:30299	LRIF1	0	0	0	0	Background
HGNC:28769	DRAM2	0	0	0	0	Background
HGNC:24289	CEPT1	0	0	0	0	Background
HGNC:26192	DENND2D	0	0	0	0	Background
HGNC:1933	CHI3L2	0	0	0	0	Background
HGNC:17432	CHIA	0	0	0	0	Background
HGNC:27009	CIMAP3	0	0	0	0	Background
HGNC:8524	OVGP1	0	0	0	0	Background
HGNC:29652	WDR77	0	0	0	0	Background
HGNC:840	ATP5PB	0	0	0	0	Background
HGNC:28344	C1orf162	0	0	0	0	Background
HGNC:51375	TMIGD3	0	0	0	0	Background
HGNC:9855	RAP1A	0	0	0	0	Background
HGNC:28045	INKA2	0	0	0	0	Background
HGNC:2743	DDX20	0	0	0	0	Background
HGNC:6239	KCND3	0	1	1	0	ASD_only
HGNC:25330	CTTNBP2NL	0	0	0	0	Background
HGNC:12781	WNT2B	0	0	0	0	Background
HGNC:18441	ST7L	0	0	0	0	Background
HGNC:1488	CAPZA1	0	0	0	0	Background
HGNC:7200	MOV10	0	0	0	0	Background
HGNC:669	RHOC	0	0	0	0	Background
HGNC:20785	PPM1J	0	0	0	0	Background
HGNC:21590	TAFA3	0	0	0	0	Background
HGNC:10922	SLC16A1	0	0	0	0	Background
HGNC:20889	LRIG2	0	0	0	0	Background
HGNC:29647	MAGI3	0	0	0	0	Background
HGNC:8939	PHTF1	0	0	0	0	Background
HGNC:25642	RSBN1	0	0	0	0	Background
HGNC:9652	PTPN22	0	0	0	0	Background
HGNC:33624	BCL2L15	0	0	0	0	Background
HGNC:572	AP4B1	0	0	0	0	Background
HGNC:17641	DCLRE1B	1	0	0	0	IEI_only
HGNC:19006	HIPK1	0	0	0	0	Background
HGNC:24956	OLFML3	0	0	0	0	Background
HGNC:18638	SYT6	0	0	0	0	Background
HGNC:16290	TRIM33	0	1	1	0	ASD_only
HGNC:975	BCAS2	0	0	0	0	Background
HGNC:24748	DENND2C	0	0	0	0	Background
HGNC:468	AMPD1	0	1	1	0	ASD_only
HGNC:7989	NRAS	1	0	0	0	IEI_only
HGNC:29905	CSDE1	0	1	1	0	ASD_only
HGNC:26119	SIKE1	0	0	0	0	Background
HGNC:11487	SYCP1	0	0	0	0	Background
HGNC:12372	TSHB	0	0	0	0	Background
HGNC:20659	TSPAN2	0	0	0	0	Background
HGNC:7808	NGF	0	0	0	0	Background
HGNC:15512	VANGL1	0	0	0	0	Background
HGNC:1513	CASQ2	0	0	0	0	Background
HGNC:7818	NHLH2	0	0	0	0	Background
HGNC:20301	SLC22A15	0	1	1	0	ASD_only
HGNC:26787	MAB21L3	0	0	0	0	Background
HGNC:799	ATP1A1	0	1	1	0	ASD_only
HGNC:1688	CD58	0	0	0	0	Background
HGNC:5950	IGSF3	0	0	0	0	Background
HGNC:32040	LINC02868	0	0	0	0	Background
HGNC:1639	CD2	0	0	0	0	Background
HGNC:9601	PTGFRN	0	0	0	0	Background
HGNC:5949	CD101	0	0	0	0	Background
HGNC:12398	TTF2	0	0	0	0	Background
HGNC:19018	TRIM45	0	0	0	0	Background
HGNC:28873	VTCN1	0	0	0	0	Background
HGNC:6822	MAN1A2	0	0	0	0	Background
HGNC:24712	TENT5C	0	0	0	0	Background
HGNC:18010	GDAP2	0	0	0	0	Background
HGNC:12755	WDR3	0	0	0	0	Background
HGNC:26620	SPAG17	0	0	0	0	Background
HGNC:11594	TBX15	0	0	0	0	Background
HGNC:12730	WARS2	0	0	0	0	Background
HGNC:4810	HAO2	0	0	0	0	Background
HGNC:5218	HSD3B2	0	0	0	0	Background
HGNC:5217	HSD3B1	0	0	0	0	Background
HGNC:32034	ZNF697	0	0	0	0	Background
HGNC:8923	PHGDH	0	0	0	0	Background
HGNC:5008	HMGCS2	0	0	0	0	Background
HGNC:22977	REG4	0	0	0	0	Background
HGNC:208	ADAM30	0	0	0	0	Background
HGNC:7882	NOTCH2	0	0	0	0	Background
HGNC:24805	RUMY2	0	0	0	0	Background
HGNC:3614	FCGR1BP	0	0	0	0	Background
HGNC:33996	PPIAL4G	0	0	0	0	Background
HGNC:33593	RUMY4	0	0	0	0	Background
HGNC:32000	NBPF20	0	0	0	0	Background
HGNC:31991	NBPF9	0	0	0	0	Background
HGNC:15580	PDE4DIP	0	0	0	0	Background
HGNC:31992	NBPF10	0	0	0	0	Background
HGNC:4887	HJV	0	0	0	0	Background
HGNC:16952	TXNIP	0	0	0	0	Background
HGNC:28466	POLR3GL	0	0	0	0	Background
HGNC:27639	ANKRD34A	0	0	0	0	Background
HGNC:28715	LIX1L	0	0	0	0	Background
HGNC:9905	RBM8A	0	0	0	0	Background
HGNC:8853	PEX11B	0	0	0	0	Background
HGNC:6135	ITGA10	0	0	0	0	Background
HGNC:26323	ANKRD35	0	0	0	0	Background
HGNC:16861	PIAS3	0	0	0	0	Background
HGNC:26618	NUDT17	0	0	0	0	Background
HGNC:30076	POLR3C	1	0	0	0	IEI_only
HGNC:18154	RNF115	0	0	0	0	Background
HGNC:17013	CD160	0	0	0	0	Background
HGNC:8821	PDZK1	0	0	0	0	Background
HGNC:31984	GPHRA	0	0	0	0	Background
HGNC:31993	NBPF11	0	0	0	0	Background
HGNC:24297	NBPF12	0	0	0	0	Background
HGNC:9379	PRKAB2	0	0	0	0	Background
HGNC:3773	FMO5	0	0	0	0	Background
HGNC:1916	CHD1L	0	0	0	0	Background
HGNC:1008	BCL9	0	0	0	0	Background
HGNC:29609	ACP6	0	0	0	0	Background
HGNC:4279	GJA5	0	0	0	0	Background
HGNC:4281	GJA8	0	0	0	0	Background
HGNC:13840	GPHRB	0	0	0	0	Background
HGNC:24369	PPIAL4A	0	0	0	0	Background
HGNC:25232	NBPF14	0	0	0	0	Background
HGNC:33998	PPIAL4D	0	0	0	0	Background
HGNC:28791	NBPF15	0	0	0	0	Background
HGNC:33995	PPIAL4C	0	0	0	0	Background
HGNC:3613	FCGR1A	0	0	0	0	Background
HGNC:24700	H2BC18	0	0	0	0	Background
HGNC:25311	H3C13	0	0	0	0	Background
HGNC:20503	H3C14	0	0	0	0	Background
HGNC:20505	H3C15	0	0	0	0	Background
HGNC:4760	H2BC21	0	0	0	0	Background
HGNC:4738	H2AC20	0	0	0	0	Background
HGNC:20508	H2AC21	0	0	0	0	Background
HGNC:24263	BOLA1	0	0	0	0	Background
HGNC:20566	SV2A	0	0	0	0	Background
HGNC:10771	SF3B4	0	0	0	0	Background
HGNC:24307	MTMR11	0	0	0	0	Background
HGNC:16683	OTUD7B	0	0	0	0	Background
HGNC:14579	VPS45	1	0	0	0	IEI_only
HGNC:24310	PLEKHO1	0	0	0	0	Background
HGNC:16673	ANP32E	0	0	0	0	Background
HGNC:1372	CA14	0	0	0	0	Background
HGNC:29509	APH1A	0	1	1	0	ASD_only
HGNC:26258	C1orf54	0	0	0	0	Background
HGNC:25200	CIART	0	0	0	0	Background
HGNC:14046	MRPS21	0	0	0	0	Background
HGNC:17348	PRPF3	0	0	0	0	Background
HGNC:29039	RPRD2	0	0	0	0	Background
HGNC:30740	TARS2	0	0	0	0	Background
HGNC:3153	ECM1	0	0	0	0	Background
HGNC:19706	ADAMTSL4	0	0	0	0	Background
HGNC:32041	ADAMTSL4-AS1	0	0	0	0	Background
HGNC:6943	MCL1	0	0	0	0	Background
HGNC:3360	ENSA	0	0	0	0	Background
HGNC:24882	GOLPH3L	0	0	0	0	Background
HGNC:25245	HORMAD1	0	0	0	0	Background
HGNC:2545	CTSS	0	0	0	0	Background
HGNC:2536	CTSK	0	0	0	0	Background
HGNC:700	ARNT	0	0	0	0	Background
HGNC:10761	SETDB1	0	1	1	0	ASD_only
HGNC:14076	CERS2	0	0	0	0	Background
HGNC:547	ANXA9	0	0	0	0	Background
HGNC:25648	MINDY1	0	0	0	0	Background
HGNC:13420	PRUNE1	0	0	0	0	Background
HGNC:16976	BNIPL	0	0	0	0	Background
HGNC:26045	C1orf56	0	0	0	0	Background
HGNC:17719	CDC42SE1	0	0	0	0	Background
HGNC:16997	MLLT11	0	0	0	0	Background
HGNC:28441	GABPB2	0	0	0	0	Background
HGNC:10740	SEMA6C	0	0	0	0	Background
HGNC:26277	TIPE2	0	0	0	0	Background
HGNC:23136	SCNM1	0	0	0	0	Background
HGNC:32070	LYSMD1	0	0	0	0	Background
HGNC:11874	TMOD4	0	0	0	0	Background
HGNC:11644	VPS72	0	0	0	0	Background
HGNC:8994	PIP5K1A	0	0	0	0	Background
HGNC:9561	PSMD4	0	0	0	0	Background
HGNC:54048	ZNF687-AS1	0	0	0	0	Background
HGNC:29277	ZNF687	0	0	0	0	Background
HGNC:8984	PI4KB	0	0	0	0	Background
HGNC:9986	RFX5	1	0	0	0	IEI_only
HGNC:10719	SELENBP1	0	0	0	0	Background
HGNC:9541	PSMB4	1	0	0	0	IEI_only
HGNC:18801	POGZ	0	1	1	0	ASD_only
HGNC:17429	CGN	0	0	0	0	Background
HGNC:12422	TUFT1	0	0	0	0	Background
HGNC:20073	SNX27	0	0	0	0	Background
HGNC:11967	CELF3	0	0	0	0	Background
HGNC:26686	RIIAD1	0	0	0	0	Background
HGNC:14277	MRPL9	0	0	0	0	Background
HGNC:8097	OAZ3	0	0	0	0	Background
HGNC:11713	TDRKH	0	0	0	0	Background
HGNC:31814	LINGO4	0	0	0	0	Background
HGNC:10260	RORC	1	0	0	0	IEI_only
HGNC:37210	C2CD4D	0	0	0	0	Background
HGNC:26755	THEM5	0	0	0	0	Background
HGNC:17947	THEM4	0	0	0	0	Background
HGNC:10487	S100A10	0	0	0	0	Background
HGNC:10488	S100A11	0	0	0	0	Background
HGNC:31796	TCHHL1	0	0	0	0	Background
HGNC:11791	TCHH	0	0	0	0	Background
HGNC:26809	RPTN	0	0	0	0	Background
HGNC:20846	HRNR	0	0	0	0	Background
HGNC:3748	FLG	0	0	0	0	Background
HGNC:33276	FLG2	0	0	0	0	Background
HGNC:1230	CRNN	0	0	0	0	Background
HGNC:16614	LCE5A	0	0	0	0	Background
HGNC:29875	CRCT1	0	0	0	0	Background
HGNC:29463	LCE3E	0	0	0	0	Background
HGNC:16615	LCE3D	0	0	0	0	Background
HGNC:16612	LCE3C	0	0	0	0	Background
HGNC:29462	LCE3B	0	0	0	0	Background
HGNC:29461	LCE3A	0	0	0	0	Background
HGNC:16518	LCE2D	0	0	0	0	Background
HGNC:29460	LCE2C	0	0	0	0	Background
HGNC:16610	LCE2B	0	0	0	0	Background
HGNC:29469	LCE2A	0	0	0	0	Background
HGNC:16613	LCE4A	0	0	0	0	Background
HGNC:29468	KPLCE	0	0	0	0	Background
HGNC:31823	KPRP	0	0	0	0	Background
HGNC:29467	LCE1F	0	0	0	0	Background
HGNC:29466	LCE1E	0	0	0	0	Background
HGNC:29465	LCE1D	0	0	0	0	Background
HGNC:29464	LCE1C	0	0	0	0	Background
HGNC:16611	LCE1B	0	0	0	0	Background
HGNC:29459	LCE1A	0	0	0	0	Background
HGNC:31824	LCE6A	0	0	0	0	Background
HGNC:6962	SMCP	0	0	0	0	Background
HGNC:6187	IVL	0	0	0	0	Background
HGNC:23173	SPRR4	0	0	0	0	Background
HGNC:11259	SPRR1A	0	0	0	0	Background
HGNC:11268	SPRR3	0	0	0	0	Background
HGNC:11260	SPRR1B	0	0	0	0	Background
HGNC:11264	SPRR2D	0	0	0	0	Background
HGNC:11261	SPRR2A	0	0	0	0	Background
HGNC:11262	SPRR2B	0	0	0	0	Background
HGNC:11265	SPRR2E	0	0	0	0	Background
HGNC:11266	SPRR2F	0	0	0	0	Background
HGNC:11267	SPRR2G	0	0	0	0	Background
HGNC:32046	LELP1	0	0	0	0	Background
HGNC:32057	PRR9	0	0	0	0	Background
HGNC:6663	LORICRIN	0	0	0	0	Background
HGNC:30014	PGLYRP3	0	0	0	0	Background
HGNC:30015	PGLYRP4	0	0	0	0	Background
HGNC:10499	S100A9	0	0	0	0	Background
HGNC:10489	S100A12	0	0	0	0	Background
HGNC:10498	S100A8	0	0	0	0	Background
HGNC:21657	S100A7A	0	0	0	0	Background
HGNC:21655	S100A7L2	0	0	0	0	Background
HGNC:10497	S100A7	0	0	0	0	Background
HGNC:10496	S100A6	0	0	0	0	Background
HGNC:10495	S100A5	0	0	0	0	Background
HGNC:10494	S100A4	0	0	0	0	Background
HGNC:10493	S100A3	0	0	0	0	Background
HGNC:10492	S100A2	0	0	0	0	Background
HGNC:20441	S100A16	0	0	0	0	Background
HGNC:18901	S100A14	0	0	0	0	Background
HGNC:10490	S100A13	0	0	0	0	Background
HGNC:10486	S100A1	0	0	0	0	Background
HGNC:24511	CHTOP	0	0	0	0	Background
HGNC:17145	SNAPIN	0	0	0	0	Background
HGNC:6037	ILF2	0	1	1	0	ASD_only
HGNC:7943	NPR1	0	0	0	0	Background
HGNC:26153	INTS3	0	0	0	0	Background
HGNC:10997	SLC27A3	0	0	0	0	Background
HGNC:30778	GATAD2B	0	0	0	0	Background
HGNC:29044	DENND4B	0	0	0	0	Background
HGNC:27301	CRTC2	0	0	0	0	Background
HGNC:12876	SLC39A1	0	0	0	0	Background
HGNC:18854	CREB3L4	0	0	0	0	Background
HGNC:6201	JTB	0	0	0	0	Background
HGNC:9762	RAB13	0	0	0	0	Background
HGNC:10416	RPS27	0	0	0	0	Background
HGNC:29915	NUP210L	0	0	0	0	Background
HGNC:12012	TPM3	0	0	0	0	Background
HGNC:32305	CFAP141	0	0	0	0	Background
HGNC:29876	LTAP1	0	0	0	0	Background
HGNC:29877	UBAP2L	0	1	1	0	ASD_only
HGNC:16915	HAX1	1	0	0	0	IEI_only
HGNC:16029	AQP10	0	0	0	0	Background
HGNC:13534	ATP8B2	0	0	0	0	Background
HGNC:6019	IL6R	1	0	0	0	IEI_only
HGNC:27004	SHE	0	0	0	0	Background
HGNC:25316	TDRD10	0	0	0	0	Background
HGNC:15698	UBE2Q1	0	0	0	0	Background
HGNC:1962	CHRNB2	0	0	0	0	Background
HGNC:225	ADAR	1	0	0	0	IEI_only
HGNC:6292	KCNN3	0	0	0	0	Background
HGNC:9141	PMVK	1	0	0	0	IEI_only
HGNC:21199	PBXIP1	0	0	0	0	Background
HGNC:30257	PYGO2	0	0	0	0	Background
HGNC:10840	SHC1	0	0	0	0	Background
HGNC:19083	CKS1B	0	0	0	0	Background
HGNC:24671	FLAD1	0	0	0	0	Background
HGNC:14429	LENEP	0	0	0	0	Background
HGNC:18668	ZBTB7B	0	0	0	0	Background
HGNC:26562	DCST2	0	0	0	0	Background
HGNC:26539	DCST1	0	0	0	0	Background
HGNC:193	ADAM15	0	0	0	0	Background
HGNC:3224	EFNA4	0	0	0	0	Background
HGNC:3223	EFNA3	0	0	0	0	Background
HGNC:3221	EFNA1	0	0	0	0	Background
HGNC:30657	SLC50A1	0	0	0	0	Background
HGNC:3007	DPM3	0	0	0	0	Background
HGNC:28942	KRTCAP2	0	0	0	0	Background
HGNC:19019	TRIM46	0	0	0	0	Background
HGNC:7508	MUC1	0	0	0	0	Background
HGNC:11787	THBS3	0	0	0	0	Background
HGNC:7504	MTX1	0	0	0	0	Background
HGNC:4177	GBA1	0	0	0	0	Background
HGNC:1233	ENTREP3	0	0	0	0	Background
HGNC:10565	SCAMP3	0	0	0	0	Background
HGNC:2069	CLK2	0	0	0	0	Background
HGNC:19183	HCN3	0	0	0	0	Background
HGNC:9020	PKLR	0	0	0	0	Background
HGNC:3631	FDPS	0	0	0	0	Background
HGNC:17153	RUSC1	0	0	0	0	Background
HGNC:19088	ASH1L	0	1	1	0	ASD_only
HGNC:29678	MSTO1	0	0	0	0	Background
HGNC:30935	YY1AP1	0	0	0	0	Background
HGNC:2673	DAP3	0	0	0	0	Background
HGNC:25973	GON4L	0	0	0	0	Background
HGNC:19239	SYT11	0	0	0	0	Background
HGNC:10023	RIT1	0	0	0	0	Background
HGNC:29145	KHDC4	0	0	0	0	Background
HGNC:14666	RXFP4	0	0	0	0	Background
HGNC:682	ARHGEF2	0	0	0	0	Background
HGNC:11324	SSR2	0	0	0	0	Background
HGNC:1237	UBQLN4	0	0	0	0	Background
HGNC:29796	LAMTOR2	1	0	0	0	IEI_only
HGNC:18238	RAB25	0	0	0	0	Background
HGNC:33482	MEX3A	0	0	0	0	Background
HGNC:6636	LMNA	0	0	0	0	Background
HGNC:10729	SEMA4A	0	0	0	0	Background
HGNC:29036	SLC25A44	0	0	0	0	Background
HGNC:42953	PMF1-BGLAP	0	0	0	0	Background
HGNC:9112	PMF1	0	0	0	0	Background
HGNC:1043	BGLAP	0	0	0	0	Background
HGNC:30132	PAQR6	0	0	0	0	Background
HGNC:24644	SMG5	0	0	0	0	Background
HGNC:28196	TMEM79	0	0	0	0	Background
HGNC:29436	GLMP	0	0	0	0	Background
HGNC:30666	VHLL	0	0	0	0	Background
HGNC:1616	CCT3	0	0	0	0	Background
HGNC:30636	TSACC	0	0	0	0	Background
HGNC:14572	RHBG	0	0	0	0	Background
HGNC:30780	MIR9-1HG	0	0	0	0	Background
HGNC:6997	MEF2D	0	0	0	0	Background
HGNC:20669	IQGAP3	0	1	1	0	ASD_only
HGNC:32348	TTC24	0	0	0	0	Background
HGNC:18453	NAXE	0	0	0	0	Background
HGNC:25982	GPATCH4	0	0	0	0	Background
HGNC:17410	HAPLN2	0	0	0	0	Background
HGNC:23059	BCAN	0	0	0	0	Background
HGNC:7756	NES	0	0	0	0	Background
HGNC:2339	CRABP2	0	0	0	0	Background
HGNC:25745	ISG20L2	0	0	0	0	Background
HGNC:24273	METTL25B	0	0	0	0	Background
HGNC:14037	MRPL24	0	0	0	0	Background
HGNC:4856	HDGF	0	0	0	0	Background
HGNC:9343	PRCC	0	0	0	0	Background
HGNC:10821	SH2D2A	0	0	0	0	Background
HGNC:8031	NTRK1	0	1	1	0	ASD_only
HGNC:6093	INSRR	0	0	0	0	Background
HGNC:33631	PEAR1	0	0	0	0	Background
HGNC:26556	LRRC71	0	0	0	0	Background
HGNC:14580	ARHGEF11	0	0	0	0	Background
HGNC:33834	ETV3L	0	0	0	0	Background
HGNC:3492	ETV3	0	0	0	0	Background
HGNC:18508	FCRL5	0	0	0	0	Background
HGNC:18507	FCRL4	0	0	0	0	Background
HGNC:18506	FCRL3	0	0	0	0	Background
HGNC:14875	FCRL2	0	0	0	0	Background
HGNC:18509	FCRL1	0	0	0	0	Background
HGNC:1690	CD5L	0	0	0	0	Background
HGNC:15734	KIRREL1	0	0	0	0	Background
HGNC:1637	CD1D	0	0	0	0	Background
HGNC:1634	CD1A	0	0	0	0	Background
HGNC:1636	CD1C	0	0	0	0	Background
HGNC:1635	CD1B	0	0	0	0	Background
HGNC:1638	CD1E	0	0	0	0	Background
HGNC:14816	OR10T2	0	0	0	0	Background
HGNC:14826	OR10K2	0	0	0	0	Background
HGNC:14693	OR10K1	0	0	0	0	Background
HGNC:14820	OR10R2	0	0	0	0	Background
HGNC:14823	OR6Y1	0	0	0	0	Background
HGNC:15036	OR6P1	0	0	0	0	Background
HGNC:14995	OR10X1	0	0	0	0	Background
HGNC:14996	OR10Z1	0	0	0	0	Background
HGNC:11272	SPTA1	0	0	0	0	Background
HGNC:15029	OR6K2	0	0	0	0	Background
HGNC:15030	OR6K3	0	0	0	0	Background
HGNC:15033	OR6K6	0	0	0	0	Background
HGNC:15034	OR6N1	0	0	0	0	Background
HGNC:15035	OR6N2	0	0	0	0	Background
HGNC:7183	MNDA	0	0	0	0	Background
HGNC:28894	PYHIN1	0	1	1	0	ASD_only
HGNC:5395	IFI16	0	0	0	0	Background
HGNC:357	AIM2	0	0	0	0	Background
HGNC:17601	CADM3	0	0	0	0	Background
HGNC:4035	ACKR1	0	0	0	0	Background
HGNC:3609	FCER1A	0	0	0	0	Background
HGNC:14992	OR10J3	0	0	0	0	Background
HGNC:8175	OR10J1	0	0	0	0	Background
HGNC:14993	OR10J5	0	0	0	0	Background
HGNC:584	APCS	0	0	0	0	Background
HGNC:2367	CRP	0	0	0	0	Background
HGNC:21480	DUSP23	0	0	0	0	Background
HGNC:31910	FCRL6	0	1	1	0	ASD_only
HGNC:21391	SLAMF8	0	0	0	0	Background
HGNC:27647	SNHG28	0	0	0	0	Background
HGNC:32063	VSIG8	0	0	0	0	Background
HGNC:17229	CFAP45	0	0	0	0	Background
HGNC:11554	TAGLN2	0	0	0	0	Background
HGNC:18132	IGSF9	0	0	0	0	Background
HGNC:18430	SLAMF9	0	0	0	0	Background
HGNC:18858	PIGM	0	0	0	0	Background
HGNC:6256	KCNJ10	0	1	1	0	ASD_only
HGNC:6270	KCNJ9	0	0	0	0	Background
HGNC:17813	IGSF8	0	0	0	0	Background
HGNC:800	ATP1A2	0	0	0	0	Background
HGNC:14073	ATP1A4	0	0	0	0	Background
HGNC:1512	CASQ1	0	0	0	0	Background
HGNC:8822	PEA15	0	0	0	0	Background
HGNC:24891	DCAF8	0	0	0	0	Background
HGNC:9713	PEX19	0	0	0	0	Background
HGNC:2230	COPA	1	0	0	0	IEI_only
HGNC:17091	NCSTN	1	0	0	0	IEI_only
HGNC:7817	NHLH1	0	0	0	0	Background
HGNC:15511	VANGL2	0	0	0	0	Background
HGNC:21392	SLAMF6	0	0	0	0	Background
HGNC:1704	CD84	0	0	0	0	Background
HGNC:10903	SLAMF1	0	0	0	0	Background
HGNC:1683	CD48	0	0	0	0	Background
HGNC:21394	SLAMF7	0	0	0	0	Background
HGNC:6730	LY9	0	0	0	0	Background
HGNC:18171	CD244	0	0	0	0	Background
HGNC:18259	ITLN1	0	0	0	0	Background
HGNC:20599	ITLN2	0	0	0	0	Background
HGNC:14685	F11R	0	0	0	0	Background
HGNC:35410	TSTD1	0	0	0	0	Background
HGNC:12593	USF1	0	0	0	0	Background
HGNC:27414	ARHGAP30	0	0	0	0	Background
HGNC:19688	NECTIN4	0	0	0	0	Background
HGNC:28489	KLHDC9	0	0	0	0	Background
HGNC:8867	PFDN2	0	0	0	0	Background
HGNC:7828	NIT1	0	0	0	0	Background
HGNC:2755	DEDD	0	0	0	0	Background
HGNC:26941	UFC1	0	0	0	0	Background
HGNC:12620	USP21	0	0	0	0	Background
HGNC:9280	PPOX	0	0	0	0	Background
HGNC:926	B4GALT3	0	0	0	0	Background
HGNC:220	ADAMTS4	0	0	0	0	Background
HGNC:7708	NDUFS2	0	0	0	0	Background
HGNC:3611	FCER1G	0	0	0	0	Background
HGNC:601	APOA2	0	0	0	0	Background
HGNC:25756	TOMM40L	0	0	0	0	Background
HGNC:7969	NR1I3	0	0	0	0	Background
HGNC:20448	PCP4L1	0	0	0	0	Background
HGNC:7225	MPZ	0	0	0	0	Background
HGNC:10682	SDHC	0	0	0	0	Background
HGNC:32325	CFAP126	0	0	0	0	Background
HGNC:3616	FCGR2A	0	0	0	0	Background
HGNC:5239	HSPA6	0	0	0	0	Background
HGNC:3619	FCGR3A	1	0	0	0	IEI_only
HGNC:3618	FCGR2B	0	0	0	0	Background
HGNC:3620	FCGR3B	0	0	0	0	Background
HGNC:18504	FCRLA	0	0	0	0	Background
HGNC:26431	FCRLB	0	0	0	0	Background
HGNC:3067	DUSP12	0	0	0	0	Background
HGNC:791	ATF6	0	0	0	0	Background
HGNC:24558	OLFML2B	0	0	0	0	Background
HGNC:16859	NOS1AP	0	0	0	0	Background
HGNC:34351	C1orf226	0	0	0	0	Background
HGNC:27648	SPATA46	0	0	0	0	Background
HGNC:30416	SH2D1B	0	0	0	0	Background
HGNC:19683	UHMK1	0	0	0	0	Background
HGNC:12457	UAP1	0	0	0	0	Background
HGNC:2731	DDR2	0	0	0	0	Background
HGNC:5215	HSD17B7	0	0	0	0	Background
HGNC:28736	CCDC190	0	0	0	0	Background
HGNC:10000	RGS4	0	0	0	0	Background
HGNC:10001	RGS5	0	0	0	0	Background
HGNC:14621	NUF2	0	0	0	0	Background
HGNC:8632	PBX1	0	1	1	0	ASD_only
HGNC:6653	LMX1A	0	0	0	0	Background
HGNC:10479	RXRG	0	0	0	0	Background
HGNC:32156	LRRC52	0	0	0	0	Background
HGNC:7064	MGST3	0	0	0	0	Background
HGNC:412	ALDH9A1	0	0	0	0	Background
HGNC:18188	TMCO1	0	0	0	0	Background
HGNC:12562	UCK2	0	0	0	0	Background
HGNC:13495	FAM78B	0	0	0	0	Background
HGNC:18800	POGK	0	0	0	0	Background
HGNC:30631	TADA1	0	0	0	0	Background
HGNC:18131	ILDR2	0	0	0	0	Background
HGNC:25929	MAEL	0	0	0	0	Background
HGNC:4445	GPA33	0	0	0	0	Background
HGNC:25034	STYXL2	0	0	0	0	Background
HGNC:9212	POU2F1	0	0	0	0	Background
HGNC:1677	CD247	1	0	0	0	IEI_only
HGNC:2351	CREG1	0	0	0	0	Background
HGNC:28310	RCSD1	0	0	0	0	Background
HGNC:7226	MPZL1	0	0	0	0	Background
HGNC:21285	ADCY10	0	0	0	0	Background
HGNC:24515	MPC2	0	0	0	0	Background
HGNC:30002	DCAF6	0	0	0	0	Background
HGNC:23694	GPR161	0	0	0	0	Background
HGNC:30231	TIPRL	0	0	0	0	Background
HGNC:25140	SFT2D2	0	0	0	0	Background
HGNC:11596	TBX19	0	0	0	0	Background
HGNC:10646	XCL2	0	0	0	0	Background
HGNC:10645	XCL1	0	0	0	0	Background
HGNC:3011	DPT	0	0	0	0	Background
HGNC:804	ATP1B1	0	0	0	0	Background
HGNC:20461	NME7	0	0	0	0	Background
HGNC:1065	BLZF1	0	0	0	0	Background
HGNC:28051	CCDC181	0	0	0	0	Background
HGNC:10938	SLC19A2	0	0	0	0	Background
HGNC:3542	F5	0	0	0	0	Background
HGNC:10721	SELP	0	0	0	0	Background
HGNC:25565	FIRRM	0	0	0	0	Background
HGNC:10720	SELL	0	0	0	0	Background
HGNC:10718	SELE	0	0	0	0	Background
HGNC:28793	METTL18	0	0	0	0	Background
HGNC:19285	SCYL3	0	0	0	0	Background
HGNC:17060	KIFAP3	0	0	0	0	Background
HGNC:31932	NTMT2	0	0	0	0	Background
HGNC:25676	GORAB	0	0	0	0	Background
HGNC:9142	PRRX1	0	0	0	0	Background
HGNC:26287	MROH9	0	0	0	0	Background
HGNC:3771	FMO3	0	0	0	0	Background
HGNC:24024	FMO6P	0	0	0	0	Background
HGNC:3770	FMO2	0	0	0	0	Background
HGNC:3769	FMO1	0	0	0	0	Background
HGNC:3772	FMO4	0	0	0	0	Background
HGNC:24903	PRRC2C	0	0	0	0	Background
HGNC:7610	MYOC	0	0	0	0	Background
HGNC:12645	VAMP4	0	0	0	0	Background
HGNC:24248	METTL13	0	0	0	0	Background
HGNC:29125	DNM3	0	0	0	0	Background
HGNC:8960	PIGC	0	0	0	0	Background
HGNC:29591	C1orf105	0	0	0	0	Background
HGNC:1240	SUCO	0	0	0	0	Background
HGNC:11936	FASLG	1	0	0	0	IEI_only
HGNC:11932	TNFSF18	0	0	0	0	Background
HGNC:11934	TNFSF4	0	0	0	0	Background
HGNC:16753	PRDX6	0	0	0	0	Background
HGNC:28664	SLC9C2	0	0	0	0	Background
HGNC:24786	ANKRD45	0	0	0	0	Background
HGNC:25056	KLHL20	0	1	1	0	ASD_only
HGNC:17879	CENPL	0	0	0	0	Background
HGNC:25538	DARS2	0	0	0	0	Background
HGNC:28365	ZBTB37	0	0	0	0	Background
HGNC:775	SERPINC1	0	0	0	0	Background
HGNC:29434	RC3H1	0	0	0	0	Background
HGNC:24663	RABGAP1L	0	0	0	0	Background
HGNC:4508	GPR52	0	0	0	0	Background
HGNC:30423	CACYBP	0	0	0	0	Background
HGNC:14049	MRPS14	0	0	0	0	Background
HGNC:22942	TNN	0	0	0	0	Background
HGNC:28950	KIAA0040	0	0	0	0	Background
HGNC:11953	TNR	0	0	0	0	Background
HGNC:17440	COP1	0	0	0	0	Background
HGNC:14615	PAPPA2	0	0	0	0	Background
HGNC:773	ASTN1	0	0	1	0	Background
HGNC:13746	BRINP2	0	0	0	0	Background
HGNC:30301	SEC16B	0	0	0	0	Background
HGNC:9874	RASAL2	0	0	0	0	Background
HGNC:25366	TEX35	0	0	0	0	Background
HGNC:33805	C1orf220	0	0	0	0	Background
HGNC:30279	RALGPS2	0	0	0	0	Background
HGNC:489	ANGPTL1	0	0	0	0	Background
HGNC:23017	FAM20B	0	0	0	0	Background
HGNC:11997	TOR3A	0	0	0	0	Background
HGNC:77	ABL2	0	0	0	0	Background
HGNC:11177	SOAT1	0	0	0	0	Background
HGNC:26564	AXDND1	0	0	0	0	Background
HGNC:13394	NPHS2	0	0	0	0	Background
HGNC:20614	TDRD5	0	0	0	0	Background
HGNC:28274	FAM163A	0	0	0	0	Background
HGNC:24055	TOR1AIP2	0	0	0	0	Background
HGNC:29456	TOR1AIP1	0	0	0	0	Background
HGNC:24238	CEP350	0	0	0	0	Background
HGNC:9756	QSOX1	0	0	0	0	Background
HGNC:21734	LHX4	0	0	0	0	Background
HGNC:23339	ACBD6	0	0	0	0	Background
HGNC:12827	XPR1	0	0	0	0	Background
HGNC:29327	KIAA1614	0	0	0	0	Background
HGNC:11441	STX6	0	0	0	0	Background
HGNC:4975	MR1	0	0	0	0	Background
HGNC:5393	IER5	0	0	0	0	Background
HGNC:1392	CACNA1E	0	1	1	0	ASD_only
HGNC:18190	ZNF648	0	0	0	0	Background
HGNC:4341	GLUL	0	0	0	0	Background
HGNC:30233	TEDDM1	0	0	0	0	Background
HGNC:18636	RGSL1	0	0	0	0	Background
HGNC:10050	RNASEL	1	0	0	0	IEI_only
HGNC:9997	RGS16	0	0	0	0	Background
HGNC:16810	RGS8	0	0	0	0	Background
HGNC:16781	NPL	0	0	0	0	Background
HGNC:2750	DHX9	0	0	0	0	Background
HGNC:16788	SHCBP1L	0	0	0	0	Background
HGNC:6492	LAMC1	0	0	0	0	Background
HGNC:6493	LAMC2	0	0	0	0	Background
HGNC:16789	NMNAT2	0	0	0	0	Background
HGNC:16792	SMG7	0	0	0	0	Background
HGNC:7661	NCF2	1	0	0	0	IEI_only
HGNC:708	ARPC5	1	0	0	0	IEI_only
HGNC:30281	RGL1	0	0	0	0	Background
HGNC:32152	APOBEC4	0	0	0	0	Background
HGNC:16790	COLGALT2	0	0	0	0	Background
HGNC:16791	TSEN15	0	0	0	0	Background
HGNC:15494	C1orf21	0	0	0	0	Background
HGNC:16787	EDEM3	0	0	0	0	Background
HGNC:16784	NIBAN1	0	0	0	0	Background
HGNC:10061	RNF2	0	0	0	0	Background
HGNC:16782	TRMT1L	0	0	0	0	Background
HGNC:16785	SWT1	0	0	0	0	Background
HGNC:16951	IVNS1ABP	0	0	0	0	Background
HGNC:19194	HMCN1	0	0	0	0	Background
HGNC:9364	PRG4	0	0	0	0	Background
HGNC:12017	TPR	0	0	0	0	Background
HGNC:24299	ODR4	0	0	0	0	Background
HGNC:8759	PDC	0	0	0	0	Background
HGNC:9605	PTGS2	0	1	1	0	ASD_only
HGNC:9035	PLA2G4A	0	0	0	0	Background
HGNC:22393	BRINP3	0	0	0	0	Background
HGNC:14261	RGS18	0	0	0	0	Background
HGNC:26839	RGS21	0	0	0	0	Background
HGNC:9991	RGS1	0	0	0	0	Background
HGNC:9995	RGS13	0	0	0	0	Background
HGNC:9998	RGS2	0	0	0	0	Background
HGNC:19678	UCHL5	0	0	0	0	Background
HGNC:11313	RO60	0	0	0	0	Background
HGNC:16065	GLRX2	0	0	0	0	Background
HGNC:16783	CDC73	0	0	0	0	Background
HGNC:917	B3GALT2	0	0	0	0	Background
HGNC:18866	KCNT2	0	0	0	0	Background
HGNC:4883	CFH	1	0	0	0	IEI_only
HGNC:16980	CFHR3	1	0	0	0	IEI_only
HGNC:4888	CFHR1	1	0	0	0	IEI_only
HGNC:4890	CFHR2	1	0	0	0	IEI_only
HGNC:16979	CFHR4	1	0	0	0	IEI_only
HGNC:24668	CFHR5	1	0	0	0	IEI_only
HGNC:3534	F13B	0	0	0	0	Background
HGNC:19048	ASPM	0	1	1	0	ASD_only
HGNC:24819	ZBTB41	0	0	0	0	Background
HGNC:2343	CRB1	0	0	0	0	Background
HGNC:28404	DENND1B	0	0	0	0	Background
HGNC:30003	C1orf53	0	0	0	0	Background
HGNC:14222	LHX9	0	0	0	0	Background
HGNC:13386	NEK7	0	0	0	0	Background
HGNC:18265	ATP6V1G3	0	0	0	0	Background
HGNC:9666	PTPRC	1	1	1	1	Overlap_raw
HGNC:7984	NR5A2	0	0	0	0	Background
HGNC:13075	ZNF281	0	0	0	0	Background
HGNC:19181	KIF14	0	1	1	0	ASD_only
HGNC:25360	DDX59	0	0	0	0	Background
HGNC:29188	CAMSAP2	0	0	0	0	Background
HGNC:4480	GPR25	0	0	0	0	Background
HGNC:25599	INAVA	0	0	0	0	Background
HGNC:29442	KIF21B	0	0	0	0	Background
HGNC:1397	CACNA1S	0	0	0	0	Background
HGNC:33169	ASCL5	0	0	0	0	Background
HGNC:18823	TMEM9	0	0	0	0	Background
HGNC:24607	IGFN1	0	0	0	0	Background
HGNC:9023	PKP1	0	0	0	0	Background
HGNC:11949	TNNT2	0	0	0	0	Background
HGNC:6472	LAD1	0	0	0	0	Background
HGNC:11945	TNNI1	0	0	0	0	Background
HGNC:8934	PHLDA3	0	0	0	0	Background
HGNC:2469	CSRP1	0	0	0	0	Background
HGNC:15989	NAV1	0	0	0	0	Background
HGNC:19425	IPO9	0	0	0	0	Background
HGNC:27139	SHISA4	0	0	0	0	Background
HGNC:6647	LMOD1	0	0	0	0	Background
HGNC:17315	TIMM17A	0	0	0	0	Background
HGNC:10078	RNPEP	0	0	0	0	Background
HGNC:3318	ELF3	0	0	0	0	Background
HGNC:14923	GPR37L1	0	0	0	0	Background
HGNC:25192	ARL8A	0	0	0	0	Background
HGNC:9659	PTPN7	0	0	0	0	Background
HGNC:19719	LGR6	0	0	0	0	Background
HGNC:25009	UBE2T	1	0	0	0	IEI_only
HGNC:7619	PPP1R12B	0	0	0	0	Background
HGNC:11510	SYT2	0	0	0	0	Background
HGNC:18039	KDM5B	0	1	1	0	ASD_only
HGNC:49418	MGAT4EP	0	0	0	0	Background
HGNC:9797	RABIF	0	0	0	0	Background
HGNC:19360	KLHL12	0	0	0	0	Background
HGNC:24040	ADIPOR1	0	0	0	0	Background
HGNC:13397	CYB5R1	0	0	0	0	Background
HGNC:20173	TMEM183A	0	0	0	0	Background
HGNC:9248	PPFIA4	0	0	0	0	Background
HGNC:7612	MYOG	0	0	0	0	Background
HGNC:262	ADORA1	0	0	0	0	Background
HGNC:7552	MYBPH	0	0	0	0	Background
HGNC:1932	CHI3L1	0	0	0	0	Background
HGNC:1936	CHIT1	0	0	0	0	Background
HGNC:1131	BTG2	0	0	0	0	Background
HGNC:3774	FMOD	0	0	0	0	Background
HGNC:9357	PRELP	0	0	0	0	Background
HGNC:8158	OPTC	0	0	0	0	Background
HGNC:817	ATP2B4	0	0	0	0	Background
HGNC:26005	LAX1	0	0	0	0	Background
HGNC:29093	ZC3H11A	0	1	1	0	ASD_only
HGNC:33273	ZBED6	0	0	0	0	Background
HGNC:11161	SNRPE	0	0	0	0	Background
HGNC:11192	SOX13	0	0	0	0	Background
HGNC:25575	ETNK2	0	0	0	0	Background
HGNC:9958	REN	0	0	0	0	Background
HGNC:6341	KISS1	0	0	0	0	Background
HGNC:24766	GOLT1A	0	0	0	0	Background
HGNC:17053	PLEKHA6	0	0	0	0	Background
HGNC:14951	PPP1R15B	0	0	0	0	Background
HGNC:8972	PIK3C2B	0	0	0	0	Background
HGNC:6974	MDM4	0	0	0	0	Background
HGNC:16914	LRRN2	0	0	0	0	Background
HGNC:29866	NFASC	0	0	0	0	Background
HGNC:2172	CNTN2	0	0	0	0	Background
HGNC:32349	TMEM81	0	0	0	0	Background
HGNC:9888	RBBP5	0	1	1	0	ASD_only
HGNC:29043	DSTYK	0	0	0	0	Background
HGNC:24239	TMCC2	0	0	0	0	Background
HGNC:29558	NUAK2	0	0	0	0	Background
HGNC:25573	KLHDC8A	0	0	0	0	Background
HGNC:18725	LEMD1	0	0	0	0	Background
HGNC:8751	CDK18	0	0	0	0	Background
HGNC:25433	SLC60A1	0	0	0	0	Background
HGNC:3326	ELK4	0	0	0	0	Background
HGNC:8642	SLC45A3	0	0	0	0	Background
HGNC:29923	NUCKS1	0	0	0	0	Background
HGNC:9789	RAB29	0	0	0	0	Background
HGNC:19429	SLC41A1	0	0	0	0	Background
HGNC:26518	PM20D1	0	0	0	0	Background
HGNC:14469	SLC26A9	0	0	0	0	Background
HGNC:24044	RUMY1	0	0	0	0	Background
HGNC:896	AVPR1B	0	1	1	0	ASD_only
HGNC:2530	CTSE	0	0	0	0	Background
HGNC:19751	SRGAP2	0	0	0	0	Background
HGNC:14552	IKBKE	1	0	0	0	IEI_only
HGNC:32061	IKBKE-AS1	0	0	0	0	Background
HGNC:17609	RASSF5	0	1	1	0	ASD_only
HGNC:6583	EIF2D	0	0	0	0	Background
HGNC:3094	DYRK3	0	0	0	0	Background
HGNC:6887	MAPKAPK2	0	0	0	0	Background
HGNC:5962	IL10	1	0	0	0	IEI_only
HGNC:5990	IL19	0	0	0	0	Background
HGNC:6002	IL20	0	0	0	0	Background
HGNC:11346	IL24	0	0	0	0	Background
HGNC:14315	FCMR	0	0	0	0	Background
HGNC:8968	PIGR	0	0	0	0	Background
HGNC:24692	FCAMR	0	0	0	0	Background
HGNC:28667	C1orf116	0	0	0	0	Background
HGNC:25035	YOD1	0	0	0	0	Background
HGNC:8873	PFKFB2	0	0	0	0	Background
HGNC:1328	C4BPB	0	0	0	0	Background
HGNC:1325	C4BPA	0	0	0	0	Background
HGNC:2665	CD55	1	0	0	0	IEI_only
HGNC:2336	CR2	1	0	0	0	IEI_only
HGNC:2334	CR1	0	0	0	0	Background
HGNC:2335	CR1L	0	0	0	0	Background
HGNC:6953	CD46	1	0	0	0	IEI_only
HGNC:1662	CD34	0	0	0	0	Background
HGNC:9100	PLXNA2	0	0	0	0	Background
HGNC:14585	CAMK1G	0	0	0	0	Background
HGNC:6490	LAMB3	0	0	0	0	Background
HGNC:30229	G0S2	0	0	0	0	Background
HGNC:5208	HSD11B1	0	1	1	0	ASD_only
HGNC:30766	TRAF3IP3	0	0	0	0	Background
HGNC:26319	C1orf74	0	0	0	0	Background
HGNC:6121	IRF6	0	0	0	0	Background
HGNC:28440	UTP25	0	0	0	0	Background
HGNC:23143	SYT14	0	0	0	0	Background
HGNC:25236	SERTAD4	0	0	0	0	Background
HGNC:18270	HHAT	0	0	0	0	Background
HGNC:6250	KCNH1	0	0	0	0	Background
HGNC:25594	RCOR3	0	0	0	0	Background
HGNC:12035	TRAF5	0	0	0	0	Background
HGNC:19689	RD3	0	0	0	0	Background
HGNC:11012	SLC30A1	0	0	0	0	Background
HGNC:7745	NEK2	0	0	0	0	Background
HGNC:28985	LPGAT1	0	0	0	0	Background
HGNC:24484	INTS7	0	0	0	0	Background
HGNC:30288	DTL	0	0	0	0	Background
HGNC:9309	PPP2R5A	0	0	0	0	Background
HGNC:25593	PACC1	0	0	0	0	Background
HGNC:30384	NENF	0	0	0	0	Background
HGNC:785	ATF3	0	0	0	0	Background
HGNC:26541	GARIN4	0	0	0	0	Background
HGNC:28915	BATF3	0	0	0	0	Background
HGNC:24548	NSL1	0	0	0	0	Background
HGNC:27010	TATDN3	0	0	0	0	Background
HGNC:33709	SPATA45	0	0	0	0	Background
HGNC:24682	FLVCR1	0	0	0	0	Background
HGNC:25723	VASH2	0	0	0	0	Background
HGNC:30534	ANGEL2	0	0	0	0	Background
HGNC:10439	RPS6KC1	0	0	0	0	Background
HGNC:9459	PROX1	0	0	0	0	Background
HGNC:20982	SMYD2	0	0	0	0	Background
HGNC:9647	PTPN14	0	0	0	0	Background
HGNC:1857	CENPF	0	0	0	0	Background
HGNC:6277	KCNK2	0	0	0	0	Background
HGNC:21305	KCTD3	0	0	0	0	Background
HGNC:12601	USH2A	0	1	1	0	ASD_only
HGNC:3474	ESRRG	0	0	0	0	Background
HGNC:25499	GPATCH2	0	0	0	0	Background
HGNC:25184	SPATA17	0	0	0	0	Background
HGNC:24255	RRP15	0	0	0	0	Background
HGNC:11768	TGFB2	0	0	0	0	Background
HGNC:32045	LINC02869	0	0	0	0	Background
HGNC:20440	LYPLAL1	0	0	0	0	Background
HGNC:25355	SLC30A10	0	0	0	0	Background
HGNC:3418	EPRS1	0	0	0	0	Background
HGNC:1096	BPNT1	0	0	0	0	Background
HGNC:29685	IARS2	0	0	0	0	Background
HGNC:17168	RAB3GAP2	0	0	0	0	Background
HGNC:6896	MARK1	0	1	1	0	ASD_only
HGNC:25873	C1orf115	0	0	0	0	Background
HGNC:26064	MTARC2	0	0	0	0	Background
HGNC:26189	MTARC1	0	0	0	0	Background
HGNC:4978	HLX	0	0	0	0	Background
HGNC:3065	DUSP10	0	0	0	0	Background
HGNC:25842	HHIPL2	0	0	0	0	Background
HGNC:11532	TAF1A	0	0	0	0	Background
HGNC:24008	MIA3	0	0	0	0	Background
HGNC:25761	AIDA	0	0	0	0	Background
HGNC:26512	BROX	0	0	0	0	Background
HGNC:34395	FAM177B	0	0	0	0	Background
HGNC:19711	DISP1	0	0	0	0	Background
HGNC:11851	TLR5	0	0	0	0	Background
HGNC:25470	SUSD4	0	0	0	0	Background
HGNC:26654	CCDC185	0	0	0	0	Background
HGNC:1485	CAPN8	0	0	0	0	Background
HGNC:1479	CAPN2	0	0	0	0	Background
HGNC:12000	TP53BP2	0	0	0	0	Background
HGNC:29046	FBXO28	0	0	0	0	Background
HGNC:13709	DEGS1	0	0	0	0	Background
HGNC:8070	NVL	0	0	0	0	Background
HGNC:25013	CNIH4	0	0	0	0	Background
HGNC:21208	WDR26	0	0	0	0	Background
HGNC:26802	CNIH3	0	0	0	0	Background
HGNC:2945	DNAH14	0	0	0	0	Background
HGNC:6518	LBR	0	0	0	0	Background
HGNC:18271	ENAH	0	0	0	0	Background
HGNC:11304	SRP9	0	0	0	0	Background
HGNC:3401	EPHX1	0	0	0	0	Background
HGNC:29118	TMEM63A	0	0	0	0	Background
HGNC:6552	LEFTY1	0	0	0	0	Background
HGNC:30262	PYCR2	0	0	0	0	Background
HGNC:3122	LEFTY2	0	0	0	0	Background
HGNC:26643	SDE2	0	0	0	0	Background
HGNC:4764	H3-3A	0	0	0	0	Background
HGNC:15453	ACBD3	0	0	0	0	Background
HGNC:13363	MIXL1	0	0	0	0	Background
HGNC:30830	LIN9	0	0	0	0	Background
HGNC:270	PARP1	0	0	0	0	Background
HGNC:30491	STUM	0	0	0	0	Background
HGNC:6179	ITPKB	1	0	0	0	IEI_only
HGNC:9509	PSEN2	0	0	0	0	Background
HGNC:16812	COQ8A	0	0	0	0	Background
HGNC:1737	CDC42BPA	0	0	0	0	Background
HGNC:28652	ZNF678	0	0	0	0	Background
HGNC:30669	SNAP47	0	0	0	0	Background
HGNC:25724	JMJD4	0	0	0	0	Background
HGNC:29625	PRSS38	0	0	0	0	Background
HGNC:12778	WNT9A	0	0	0	0	Background
HGNC:15983	WNT3A	0	0	0	0	Background
HGNC:652	ARF1	1	0	0	0	IEI_only
HGNC:19032	C1orf35	0	0	0	0	Background
HGNC:16686	MRPL55	0	0	0	0	Background
HGNC:4693	GUK1	0	0	0	0	Background
HGNC:17494	GJC2	0	0	0	0	Background
HGNC:32062	IBA57-DT	0	0	0	0	Background
HGNC:27302	IBA57	0	0	0	0	Background
HGNC:32047	OBSCN-AS1	0	0	0	0	Background
HGNC:15719	OBSCN	0	0	0	0	Background
HGNC:16281	TRIM11	0	0	0	0	Background
HGNC:13430	TRIM17	0	0	0	0	Background
HGNC:4778	H3-4	0	0	0	0	Background
HGNC:20507	H2AC25	0	0	0	0	Background
HGNC:20514	H2BC26	0	0	0	0	Background
HGNC:27146	RNF187	0	0	0	0	Background
HGNC:17794	RHOU	0	0	0	0	Background
HGNC:32307	TMEM78	0	0	0	0	Background
HGNC:9781	RAB4A	0	0	0	0	Background
HGNC:29578	CCSAP	0	0	0	0	Background
HGNC:129	ACTA1	0	0	0	0	Background
HGNC:18016	NUP133	0	1	1	0	ASD_only
HGNC:41	ABCB10	0	0	0	0	Background
HGNC:17304	TAF5L	0	0	0	0	Background
HGNC:28967	URB2	0	0	0	0	Background
HGNC:4124	GALNT2	0	0	0	0	Background
HGNC:19405	PGBD5	0	0	0	0	Background
HGNC:6546	COG2	0	0	0	0	Background
HGNC:333	AGT	0	0	0	0	Background
HGNC:1486	CAPN9	0	0	0	0	Background
HGNC:25900	C1orf198	0	0	0	0	Background
HGNC:26204	TTC13	0	0	0	0	Background
HGNC:29561	ARV1	0	0	0	0	Background
HGNC:25057	FAM89A	0	0	0	0	Background
HGNC:31859	TRIM67	0	0	0	0	Background
HGNC:25332	FSAF1	0	0	0	0	Background
HGNC:4416	GNPAT	0	0	0	0	Background
HGNC:24659	EXOC8	0	0	0	0	Background
HGNC:25356	SPRTN	0	0	0	0	Background
HGNC:1232	EGLN1	0	0	0	0	Background
HGNC:12380	TSNAX	0	0	0	0	Background
HGNC:49177	TSNAX-DISC1	0	0	0	0	Background
HGNC:2888	DISC1	0	1	1	0	ASD_only
HGNC:23800	SIPA1L2	0	0	0	0	Background
HGNC:29265	MAP10	0	0	0	0	Background
HGNC:28204	NTPCR	0	0	0	0	Background
HGNC:8736	PCNX2	0	0	0	0	Background
HGNC:29798	MAP3K21	0	0	0	0	Background
HGNC:6272	KCNK1	0	0	0	0	Background
HGNC:23616	SLC35F3	0	0	0	0	Background
HGNC:18025	COA6	0	0	0	0	Background
HGNC:11568	TARBP1	0	0	0	0	Background
HGNC:21729	IRF2BP2	1	0	0	0	IEI_only
HGNC:20947	TOMM20	0	0	0	0	Background
HGNC:28965	RBM34	0	0	0	0	Background
HGNC:15550	ARID4B	0	0	0	0	Background
HGNC:4249	GGPS1	0	0	0	0	Background
HGNC:11582	TBCE	0	0	0	0	Background
HGNC:28596	B3GALNT2	0	0	0	0	Background
HGNC:4407	GNG4	0	0	0	0	Background
HGNC:1968	LYST	1	0	0	0	IEI_only
HGNC:7821	NID1	0	0	0	0	Background
HGNC:11862	GPR137B	0	0	0	0	Background
HGNC:14355	ERO1B	0	0	0	0	Background
HGNC:14341	EDARADD	0	0	0	0	Background
HGNC:6569	LGALS8	0	0	0	0	Background
HGNC:25517	HEATR1	0	0	0	0	Background
HGNC:164	ACTN2	0	0	0	0	Background
HGNC:7468	MTR	0	0	0	0	Background
HGNC:31864	MT1HL1	0	0	0	0	Background
HGNC:10484	RYR2	0	0	0	0	Background
HGNC:15770	ZP4	0	0	0	0	Background
HGNC:37168	MTRNR2L11	0	0	0	0	Background
HGNC:1952	CHRM3	0	1	1	0	ASD_only
HGNC:14074	FMN2	0	0	0	0	Background
HGNC:17655	GREM2	0	0	0	0	Background
HGNC:10003	RGS7	0	1	1	0	ASD_only
HGNC:3700	FH	0	0	0	0	Background
HGNC:6381	KMO	0	0	0	0	Background
HGNC:14007	OPN3	0	0	0	0	Background
HGNC:1941	CHML	0	0	0	0	Background
HGNC:26570	WDR64	0	0	0	0	Background
HGNC:3511	EXO1	0	0	0	0	Background
HGNC:13353	MAP1LC3C	0	0	0	0	Background
HGNC:26879	PLD5	0	0	0	0	Background
HGNC:28920	CEP170	0	0	0	0	Background
HGNC:10671	SDCCAG8	0	0	0	0	Background
HGNC:393	AKT3	0	0	0	0	Background
HGNC:13030	ZBTB18	0	0	0	0	Background
HGNC:30435	SPMIP3	0	0	0	0	Background
HGNC:292	ADSS2	0	1	1	0	ASD_only
HGNC:28491	CATSPERE	0	0	0	0	Background
HGNC:24264	DESI2	0	0	0	0	Background
HGNC:26970	COX20	0	0	0	0	Background
HGNC:5048	HNRNPU	0	1	1	0	ASD_only
HGNC:58101	EFCAB2-AS1	0	0	0	0	Background
HGNC:28166	DRC8	0	0	0	0	Background
HGNC:25484	KIF26B	0	0	0	0	Background
HGNC:15513	SMYD3	0	0	0	0	Background
HGNC:18559	TFB2M	0	0	0	0	Background
HGNC:26486	CNST	0	0	0	0	Background
HGNC:24275	SCCPDH	0	0	0	0	Background
HGNC:24618	AHCTF1	0	0	0	0	Background
HGNC:30954	ZNF695	0	0	0	0	Background
HGNC:49200	ZNF670-ZNF695	0	0	0	0	Background
HGNC:25736	ZNF669	0	0	0	0	Background
HGNC:33759	LINC02897	0	0	0	0	Background
HGNC:12907	ZNF124	0	0	0	0	Background
HGNC:23713	ZNF496	0	0	0	0	Background
HGNC:16400	NLRP3	1	0	0	0	IEI_only
HGNC:31249	OR2B11	0	0	0	0	Background
HGNC:29583	GCSAML	0	0	0	0	Background
HGNC:15005	OR2C3	0	0	0	0	Background
HGNC:15007	OR2G2	0	0	0	0	Background
HGNC:15008	OR2G3	0	0	0	0	Background
HGNC:14999	OR13G1	0	0	0	0	Background
HGNC:15027	OR6F1	0	0	0	0	Background
HGNC:15024	OR14A2	0	0	0	0	Background
HGNC:15025	OR14K1	0	0	0	0	Background
HGNC:8182	OR1C1	0	1	1	0	ASD_only
HGNC:15022	OR14A16	0	0	0	0	Background
HGNC:14998	OR11L1	0	0	0	0	Background
HGNC:24150	TRIM58	0	0	0	0	Background
HGNC:15021	OR2W3	0	0	0	0	Background
HGNC:15020	OR2T8	0	0	0	0	Background
HGNC:15001	OR2AJ1	0	0	0	0	Background
HGNC:19578	OR2L13	0	0	0	0	Background
HGNC:15014	OR2L8	0	0	0	0	Background
HGNC:19569	OR2AK2	0	0	0	0	Background
HGNC:15011	OR2L5	0	0	0	0	Background
HGNC:8266	OR2L2	0	0	0	0	Background
HGNC:15009	OR2L3	0	0	0	0	Background
HGNC:19576	OR2M5	0	0	0	0	Background
HGNC:8268	OR2M2	0	0	0	0	Background
HGNC:8269	OR2M3	0	0	0	0	Background
HGNC:8270	OR2M4	0	1	1	0	ASD_only
HGNC:31255	OR2T33	0	0	0	0	Background
HGNC:19592	OR2T12	0	0	0	0	Background
HGNC:19594	OR2M7	0	0	0	0	Background
HGNC:15026	OR14C36	0	0	0	0	Background
HGNC:15016	OR2T4	0	0	0	0	Background
HGNC:15018	OR2T6	0	0	0	0	Background
HGNC:8277	OR2T1	0	0	0	0	Background
HGNC:15019	OR2T7	0	0	0	0	Background
HGNC:14725	OR2T2	0	0	0	0	Background
HGNC:14727	OR2T3	0	0	0	0	Background
HGNC:15017	OR2T5	0	0	0	0	Background
HGNC:27019	OR2G6	0	0	0	0	Background
HGNC:31253	OR2T29	0	0	0	0	Background
HGNC:31256	OR2T34	0	0	0	0	Background
HGNC:19573	OR2T10	0	1	1	0	ASD_only
HGNC:19574	OR2T11	0	0	0	0	Background
HGNC:31257	OR2T35	0	0	0	0	Background
HGNC:31252	OR2T27	0	0	0	0	Background
HGNC:19575	OR14I1	0	0	0	0	Background
HGNC:44208	LYPD8	0	0	0	0	Background
HGNC:29360	SH3BP5L	0	0	0	0	Background
HGNC:26179	ZNF672	0	0	0	0	Background
HGNC:26049	ZNF692	0	0	0	0	Background
HGNC:19399	PGBD2	0	0	0	0	Background
HGNC:33340	FAM110C	0	0	0	0	Background
HGNC:29546	SH3YL1	0	0	0	0	Background
HGNC:122	ACP1	0	0	0	0	Background
HGNC:27683	ALKAL2	0	0	0	0	Background
HGNC:25257	TMEM18	0	0	0	0	Background
HGNC:13741	SNTG2	0	1	1	0	ASD_only
HGNC:12015	TPO	0	1	1	0	ASD_only
HGNC:14966	PXDN	0	1	1	0	ASD_only
HGNC:7623	MYT1L	0	1	1	0	ASD_only
HGNC:12383	EIPR1	0	0	0	0	Background
HGNC:24284	TRAPPC12	0	0	0	0	Background
HGNC:30576	ADI1	0	0	0	0	Background
HGNC:18466	RNASEH1	0	0	0	0	Background
HGNC:10440	RPS7	0	0	0	0	Background
HGNC:17213	COLEC11	0	0	0	0	Background
HGNC:17377	ALLC	0	0	0	0	Background
HGNC:32696	DCDC2C	0	0	0	0	Background
HGNC:11191	SOX11	0	0	0	0	Background
HGNC:27015	CMPK2	0	1	1	0	ASD_only
HGNC:30908	RSAD2	0	0	0	0	Background
HGNC:20457	RNF144A	0	0	0	0	Background
HGNC:5361	ID2	0	0	0	0	Background
HGNC:29508	KIDINS220	0	0	0	0	Background
HGNC:25193	MBOAT2	0	0	0	0	Background
HGNC:2721	ASAP2	0	1	1	0	ASD_only
HGNC:23927	ITGB1BP1	0	0	0	0	Background
HGNC:2326	CPSF3	0	0	0	0	Background
HGNC:27696	IAH1	0	0	0	0	Background
HGNC:195	ADAM17	1	0	0	0	IEI_only
HGNC:12854	YWHAQ	0	0	0	0	Background
HGNC:11533	TAF1B	0	0	0	0	Background
HGNC:17923	GRHL1	0	0	0	0	Background
HGNC:11811	KLF11	0	0	0	0	Background
HGNC:18525	CYS1	0	0	0	0	Background
HGNC:10452	RRM2	0	0	0	0	Background
HGNC:5145	HPCAL1	0	0	0	0	Background
HGNC:8109	ODC1	0	0	0	0	Background
HGNC:25862	NOL10	0	0	0	0	Background
HGNC:18264	ATP6V1C2	0	0	0	0	Background
HGNC:30168	PDIA6	0	0	0	0	Background
HGNC:6246	KCNF1	0	0	0	0	Background
HGNC:26324	CIMIP5	0	0	0	0	Background
HGNC:28503	SLC66A3	0	0	0	0	Background
HGNC:10252	ROCK2	0	0	0	0	Background
HGNC:3120	E2F6	0	0	0	0	Background
HGNC:24885	GREB1	0	0	0	0	Background
HGNC:8040	NTSR2	0	0	0	0	Background
HGNC:13345	LPIN1	0	0	0	0	Background
HGNC:30809	TRIB2	0	0	0	0	Background
HGNC:20743	LRATD1	0	0	0	0	Background
HGNC:15625	NBAS	1	0	0	0	IEI_only
HGNC:2734	DDX1	0	0	0	0	Background
HGNC:52596	LINC01804	0	0	0	0	Background
HGNC:7559	MYCN	0	0	0	0	Background
HGNC:25373	CYRIA	0	0	0	0	Background
HGNC:34417	RAD51AP2	0	0	0	0	Background
HGNC:12722	VSNL1	0	0	0	0	Background
HGNC:20466	SMC6	0	0	0	0	Background
HGNC:26881	GEN1	0	0	0	0	Background
HGNC:14907	MSGN1	0	0	0	0	Background
HGNC:6302	KCNS3	0	1	1	0	ASD_only
HGNC:19979	RDH14	0	0	0	0	Background
HGNC:38831	NT5C1B-RDH14	0	0	0	0	Background
HGNC:17818	NT5C1B	0	0	0	0	Background
HGNC:8111	OSR1	0	0	0	0	Background
HGNC:32954	TTC32	0	0	0	0	Background
HGNC:29250	WDR35	0	0	0	0	Background
HGNC:6909	MATN3	0	0	0	0	Background
HGNC:6924	LAPTM4A	0	0	0	0	Background
HGNC:10658	SDC1	0	0	0	0	Background
HGNC:14958	PUM2	0	0	0	0	Background
HGNC:668	RHOB	0	0	0	0	Background
HGNC:24979	HS1BP3	0	0	0	0	Background
HGNC:4222	GDF7	0	0	0	0	Background
HGNC:26145	LDAH	0	0	0	0	Background
HGNC:603	APOB	0	0	0	0	Background
HGNC:45037	TDRD15	0	0	0	0	Background
HGNC:29404	KLHL29	0	0	0	0	Background
HGNC:29230	ATAD2B	0	0	0	0	Background
HGNC:27265	UBXN2A	0	0	0	0	Background
HGNC:37207	MFSD2B	0	0	0	0	Background
HGNC:26157	WDCP	0	0	0	0	Background
HGNC:3712	FKBP1B	0	0	0	0	Background
HGNC:30096	SF3B6	0	0	0	0	Background
HGNC:24736	FAM228B	0	0	0	0	Background
HGNC:19373	TP53I3	0	0	0	0	Background
HGNC:31103	PFN4	0	0	0	0	Background
HGNC:34418	FAM228A	0	0	0	0	Background
HGNC:6184	ITSN2	0	0	0	0	Background
HGNC:7668	NCOA1	0	1	1	0	ASD_only
HGNC:33782	PTRHD1	0	0	0	0	Background
HGNC:28152	CENPO	0	0	0	0	Background
HGNC:234	ADCY3	0	1	1	0	ASD_only
HGNC:30290	DNAJC27	0	0	0	0	Background
HGNC:29155	EFR3B	0	0	0	0	Background
HGNC:9201	POMC	0	0	0	0	Background
HGNC:2978	DNMT3A	0	1	1	0	ASD_only
HGNC:3058	DTNB	0	0	0	0	Background
HGNC:23805	ASXL2	0	0	0	0	Background
HGNC:6321	KIF3C	0	0	0	0	Background
HGNC:44025	TRMT112P6	0	0	0	0	Background
HGNC:9759	RAB10	0	0	0	0	Background
HGNC:27172	GAREM2	0	0	0	0	Background
HGNC:4801	HADHA	0	0	0	0	Background
HGNC:4803	HADHB	0	0	0	0	Background
HGNC:18989	ADGRF3	0	0	0	0	Background
HGNC:29361	SELENOI	0	0	0	0	Background
HGNC:24245	DRC1	0	0	0	0	Background
HGNC:8515	OTOF	0	0	0	0	Background
HGNC:27938	CIMIP2C	0	0	0	0	Background
HGNC:33703	CIB4	0	0	0	0	Background
HGNC:6278	KCNK3	0	0	0	0	Background
HGNC:26055	SLC35F6	0	0	0	0	Background
HGNC:1851	CENPA	0	0	0	0	Background
HGNC:20637	DPYSL5	0	0	0	0	Background
HGNC:6892	MAPRE3	0	0	0	0	Background
HGNC:25983	TMEM214	0	0	0	0	Background
HGNC:26147	AGBL5	0	0	0	0	Background
HGNC:32483	OST4	0	0	0	0	Background
HGNC:19880	EMILIN1	0	0	0	0	Background
HGNC:6315	KHK	0	0	0	0	Background
HGNC:16962	CGREF1	0	0	0	0	Background
HGNC:17553	ABHD1	0	0	0	0	Background
HGNC:9356	PREB	0	0	0	0	Background
HGNC:28677	PRR30	0	0	0	0	Background
HGNC:18602	TCF23	0	0	0	0	Background
HGNC:11041	SLC5A6	0	0	0	0	Background
HGNC:24090	ATRAID	0	0	0	0	Background
HGNC:1424	CAD	0	0	0	0	Background
HGNC:11014	SLC30A3	0	0	0	0	Background
HGNC:24844	DNAJC5G	0	0	0	0	Background
HGNC:16008	TRIM54	0	0	0	0	Background
HGNC:12516	UCN	0	0	0	0	Background
HGNC:7224	MPV17	0	0	0	0	Background
HGNC:4665	GTF3C2	0	0	0	0	Background
HGNC:3260	EIF2B4	0	0	0	0	Background
HGNC:14979	SNX17	0	0	0	0	Background
HGNC:26498	ZNF513	0	0	0	0	Background
HGNC:9278	PPM1G	0	0	0	0	Background
HGNC:7993	NRBP1	0	0	0	0	Background
HGNC:28943	KRTCAP3	0	0	0	0	Background
HGNC:30391	IFT172	0	0	0	0	Background
HGNC:20239	FNDC4	0	0	0	0	Background
HGNC:4196	GCKR	0	0	0	0	Background
HGNC:25275	SPATA31H1	0	0	0	0	Background
HGNC:29380	ZNF512	0	0	0	0	Background
HGNC:25833	CCDC121	0	0	0	0	Background
HGNC:17030	GPN1	0	0	0	0	Background
HGNC:30632	SUPT7L	0	0	0	0	Background
HGNC:13813	SLC4A1AP	0	0	0	0	Background
HGNC:50858	LINC01460	0	0	0	0	Background
HGNC:14487	MRPL33	0	0	0	0	Background
HGNC:30325	RBKS	0	0	0	0	Background
HGNC:1106	BABAM2	0	0	0	0	Background
HGNC:3798	FOSL2	0	0	0	0	Background
HGNC:30041	PLB1	0	0	0	0	Background
HGNC:9282	PPP1CB	0	0	0	0	Background
HGNC:30613	SPDYA	0	0	0	0	Background
HGNC:26070	TRMT61B	0	0	0	0	Background
HGNC:28945	WDR43	0	0	0	0	Background
HGNC:33715	TOGARAM2	0	0	0	0	Background
HGNC:34383	PCARE	0	0	0	0	Background
HGNC:26108	CLIP4	0	0	0	0	Background
HGNC:427	ALK	0	0	0	0	Background
HGNC:18329	YPEL5	0	0	0	0	Background
HGNC:29532	LBH	0	0	0	0	Background
HGNC:26756	LCLAT1	0	0	0	0	Background
HGNC:16663	CAPN13	0	0	0	0	Background
HGNC:22946	GALNT14	0	1	1	0	ASD_only
HGNC:16664	CAPN14	0	0	0	0	Background
HGNC:3244	EHD3	0	0	0	0	Background
HGNC:12805	XDH	0	0	0	0	Background
HGNC:14014	MEMO1	0	1	1	0	ASD_only
HGNC:24590	DPY30	0	0	0	0	Background
HGNC:11233	SPAST	0	1	1	0	ASD_only
HGNC:19305	SLC30A6	0	0	0	0	Background
HGNC:16412	NLRC4	1	0	0	0	IEI_only
HGNC:28145	YIPF4	0	0	0	0	Background
HGNC:13516	BIRC6	0	1	1	0	ASD_only
HGNC:25986	TTC27	0	0	0	0	Background
HGNC:6714	LTBP1	0	0	0	0	Background
HGNC:14545	RASGRP3	0	0	0	0	Background
HGNC:24520	TSLIG3A	0	0	0	0	Background
HGNC:2359	CRIM1	0	0	0	0	Background
HGNC:3660	FEZ2	0	0	0	0	Background
HGNC:12697	VIT	0	0	0	0	Background
HGNC:11424	STRN	0	0	0	0	Background
HGNC:29273	HEATR5B	0	0	0	0	Background
HGNC:26768	GPATCH11	0	0	0	0	Background
HGNC:9437	EIF2AK2	0	0	0	0	Background
HGNC:33433	SULT6B1	0	0	0	0	Background
HGNC:49288	CEBPZOS	0	0	0	0	Background
HGNC:24218	CEBPZ	0	0	0	0	Background
HGNC:28816	NDUFAF7	0	0	0	0	Background
HGNC:9408	PRKD3	0	0	0	0	Background
HGNC:9753	QPCT	0	0	0	0	Background
HGNC:16943	CDC42EP3	0	0	0	0	Background
HGNC:26567	RMDN2	0	0	0	0	Background
HGNC:2597	CYP1B1	0	0	0	0	Background
HGNC:24047	ATL2	0	0	0	0	Background
HGNC:25127	HNRNPLL	0	0	0	0	Background
HGNC:24063	GALM	0	0	0	0	Background
HGNC:10789	SRSF7	0	0	0	0	Background
HGNC:20044	GEMIN6	0	0	0	0	Background
HGNC:20086	DHX57	0	0	0	0	Background
HGNC:30166	MORN2	0	0	0	0	Background
HGNC:37252	ARHGEF33	0	0	0	0	Background
HGNC:11187	SOS1	0	0	0	0	Background
HGNC:19287	CDKL4	0	0	0	0	Background
HGNC:6865	MAP4K3	0	0	0	0	Background
HGNC:28517	TMEM178A	0	0	0	0	Background
HGNC:14890	THUMPD2	0	0	0	0	Background
HGNC:11068	SLC8A1	0	0	0	0	Background
HGNC:42966	LINC02898	0	0	0	0	Background
HGNC:25123	PKDCC	0	0	0	0	Background
HGNC:1316	EML4	0	0	0	0	Background
HGNC:2289	COX7A2L	0	0	0	0	Background
HGNC:18306	KCNG3	0	0	0	0	Background
HGNC:23784	MTA3	0	0	0	0	Background
HGNC:24884	OXER1	0	0	0	0	Background
HGNC:4796	HAAO	0	0	0	0	Background
HGNC:19217	THADA	0	0	0	0	Background
HGNC:1108	ZFP36L2	0	0	0	0	Background
HGNC:30506	PLEKHH2	0	0	0	0	Background
HGNC:24595	DYNC2LI1	0	0	0	0	Background
HGNC:13886	ABCG5	0	0	0	0	Background
HGNC:13887	ABCG8	0	0	0	0	Background
HGNC:15714	LRPPRC	0	0	0	0	Background
HGNC:9276	PPM1B	0	0	0	0	Background
HGNC:11025	SLC3A1	0	0	0	0	Background
HGNC:30228	PREPL	0	0	0	0	Background
HGNC:26276	CAMKMT	0	0	0	0	Background
HGNC:10889	SIX3	0	0	0	0	Background
HGNC:10888	SIX2	0	0	0	0	Background
HGNC:25521	SRBD1	0	0	0	0	Background
HGNC:9401	PRKCE	0	0	0	0	Background
HGNC:3374	EPAS1	0	0	0	0	Background
HGNC:53812	LINC02583	0	0	0	0	Background
HGNC:18125	ATP6V1E2	0	0	0	0	Background
HGNC:17736	RHOQ	0	0	0	0	Background
HGNC:8962	PIGF	0	0	0	0	Background
HGNC:14312	CRIPT	0	0	0	0	Background
HGNC:16852	SOCS5	0	0	0	0	Background
HGNC:49261	LINC01118	0	0	0	0	Background
HGNC:49262	LINC01119	0	0	0	0	Background
HGNC:18451	MCFD2	0	0	0	0	Background
HGNC:19750	TTC7A	1	0	0	0	IEI_only
HGNC:26850	STPG4	0	0	0	0	Background
HGNC:1445	CALM2	0	0	0	0	Background
HGNC:11529	EPCAM	0	0	0	0	Background
HGNC:7325	MSH2	0	0	0	0	Background
HGNC:6274	KCNK12	0	0	0	0	Background
HGNC:7329	MSH6	1	0	0	0	IEI_only
HGNC:13590	FBXO11	0	1	1	0	ASD_only
HGNC:5281	FOXN2	0	0	0	0	Background
HGNC:30595	PPP1R21	0	0	0	0	Background
HGNC:17003	STON1	0	0	0	0	Background
HGNC:30651	STON1-GTF2A1L	0	0	0	0	Background
HGNC:30727	GTF2A1L	0	0	0	0	Background
HGNC:6585	LHCGR	0	0	0	0	Background
HGNC:3969	FSHR	0	0	0	0	Background
HGNC:8008	NRXN1	0	1	1	0	ASD_only
HGNC:16013	ASB3	0	0	0	0	Background
HGNC:40043	GPR75-ASB3	0	0	0	0	Background
HGNC:32363	CHAC2	0	0	0	0	Background
HGNC:25222	ERLEC1	0	0	0	0	Background
HGNC:4526	GPR75	0	0	0	0	Background
HGNC:20635	PSME4	0	0	0	0	Background
HGNC:180	ACYP2	0	0	0	0	Background
HGNC:14521	TSPYL6	0	0	0	0	Background
HGNC:26861	CIMIP6	0	0	0	0	Background
HGNC:11275	SPTBN1	0	1	1	0	ASD_only
HGNC:35412	EML6	0	0	0	0	Background
HGNC:14085	RTN4	0	0	0	0	Background
HGNC:26453	CLHC1	0	0	0	0	Background
HGNC:10417	RPS27A	0	0	0	0	Background
HGNC:7441	MTIF2	0	0	0	0	Background
HGNC:25523	CCDC88A	0	0	0	0	Background
HGNC:30540	CFAP36	0	0	0	0	Background
HGNC:23166	PNPT1	0	0	0	0	Background
HGNC:3218	EFEMP1	0	0	0	0	Background
HGNC:29400	CCDC85A	0	0	0	0	Background
HGNC:12719	VRK2	0	0	0	0	Background
HGNC:20748	FANCL	1	0	0	0	IEI_only
HGNC:13221	BCL11A	0	1	1	0	ASD_only
HGNC:14982	PAPOLG	0	1	1	0	ASD_only
HGNC:9954	REL	1	0	0	0	IEI_only
HGNC:26505	PUS10	0	0	0	0	Background
HGNC:8855	PEX13	0	0	0	0	Background
HGNC:29387	SANBR	0	0	0	0	Background
HGNC:34439	DEMA1	0	0	0	0	Background
HGNC:20437	AHSA2P	0	0	0	0	Background
HGNC:20066	USP34	0	0	0	0	Background
HGNC:12825	XPO1	0	1	1	0	ASD_only
HGNC:25808	FAM161A	0	0	0	0	Background
HGNC:1617	CCT4	0	1	1	0	ASD_only
HGNC:23024	COMMD1	0	0	0	0	Background
HGNC:15629	B3GNT2	0	0	0	0	Background
HGNC:26623	TMEM17	0	0	0	0	Background
HGNC:29144	EHBP1	0	0	0	0	Background
HGNC:8521	OTX1	0	1	1	0	ASD_only
HGNC:28027	WDPCP	0	0	0	0	Background
HGNC:6970	MDH1	0	0	0	0	Background
HGNC:12527	UGP2	0	0	0	0	Background
HGNC:18652	VPS54	0	0	0	0	Background
HGNC:8827	PELI1	0	0	0	0	Background
HGNC:25012	LGALSL	0	0	0	0	Background
HGNC:25951	AFTPH	0	0	0	0	Background
HGNC:30784	SERTAD2	0	0	0	0	Background
HGNC:10942	SLC1A4	0	0	0	0	Background
HGNC:29076	CEP68	0	0	0	0	Background
HGNC:9758	RAB1A	0	0	0	0	Background
HGNC:169	ACTR2	0	0	0	0	Background
HGNC:17722	SPRED2	0	0	0	0	Background
HGNC:7000	MEIS1	0	0	0	0	Background
HGNC:24648	ETAA1	0	0	0	0	Background
HGNC:29911	C1D	0	0	0	0	Background
HGNC:25176	DNAAF10	0	0	0	0	Background
HGNC:32790	PNO1	0	0	0	0	Background
HGNC:9317	PPP3R1	0	0	0	0	Background
HGNC:24546	CNRIP1	0	0	0	0	Background
HGNC:9070	PLEK	0	0	0	0	Background
HGNC:33857	FBXO48	0	0	0	0	Background
HGNC:28724	APLF	0	0	0	0	Background
HGNC:4524	PROKR1	0	0	0	0	Background
HGNC:28951	ARHGAP25	0	0	0	0	Background
HGNC:20869	BMP10	0	0	0	0	Background
HGNC:24588	GKN2	0	0	0	0	Background
HGNC:23217	GKN1	0	0	0	0	Background
HGNC:21014	ANTXR1	0	0	0	0	Background
HGNC:4241	GFPT1	0	0	0	0	Background
HGNC:16287	NFU1	0	0	0	0	Background
HGNC:19679	AAK1	0	0	0	0	Background
HGNC:542	ANXA4	0	0	0	0	Background
HGNC:23843	GMCL1	0	0	0	0	Background
HGNC:30240	SNRNP27	0	0	0	0	Background
HGNC:6761	MXD1	0	0	0	0	Background
HGNC:26321	ASPRV1	0	0	0	0	Background
HGNC:8647	PCBP1	0	0	0	0	Background
HGNC:26056	C2orf42	0	0	0	0	Background
HGNC:11802	TIA1	0	0	0	0	Background
HGNC:20588	PCYOX1	0	0	0	0	Background
HGNC:11163	SNRPG	0	0	0	0	Background
HGNC:25911	TIMCC	0	0	0	0	Background
HGNC:11765	TGFA	0	0	0	0	Background
HGNC:244	ADD2	0	0	0	0	Background
HGNC:24669	FIGLA	0	0	0	0	Background
HGNC:25357	CLEC4F	0	0	0	0	Background
HGNC:17935	CD207	0	0	0	0	Background
HGNC:12661	VAX2	0	0	0	0	Background
HGNC:853	ATP6V1B1	0	0	0	0	Background
HGNC:25691	ANKRD53	0	0	0	0	Background
HGNC:30712	TEX261	0	0	0	0	Background
HGNC:17174	NAGK	0	0	0	0	Background
HGNC:16732	MCEE	0	0	0	0	Background
HGNC:7213	MPHOSPH10	0	0	0	0	Background
HGNC:29200	PAIP2B	0	0	0	0	Background
HGNC:17894	ZNF638	0	0	0	0	Background
HGNC:3097	DYSF	0	0	0	0	Background
HGNC:20581	CYP26B1	0	0	0	0	Background
HGNC:17085	EXOC6B	0	1	1	0	ASD_only
HGNC:11257	SPR	0	0	0	0	Background
HGNC:3340	EMX1	0	0	0	0	Background
HGNC:16073	SFXN5	0	0	0	0	Background
HGNC:24845	RAB11FIP5	0	1	1	0	ASD_only
HGNC:31839	NOTO	0	0	0	0	Background
HGNC:16258	SMYD5	0	0	0	0	Background
HGNC:16047	PRADC1	0	0	0	0	Background
HGNC:1622	CCT7	0	0	0	0	Background
HGNC:29409	FBXO41	0	0	0	0	Background
HGNC:3241	EGR4	0	0	0	0	Background
HGNC:428	ALMS1	0	0	0	0	Background
HGNC:18069	NAT8	0	0	0	0	Background
HGNC:24259	TPRKB	0	0	0	0	Background
HGNC:3066	DUSP11	0	0	0	0	Background
HGNC:34349	C2orf78	0	0	0	0	Background
HGNC:16950	STAMBP	0	0	0	0	Background
HGNC:145	ACTG2	0	0	0	0	Background
HGNC:2858	DGUOK	0	0	0	0	Background
HGNC:28313	TET3	0	0	0	0	Background
HGNC:24415	BOLA3	0	0	0	0	Background
HGNC:16015	MOB1A	0	0	0	0	Background
HGNC:7434	MTHFD2	0	0	0	0	Background
HGNC:18168	SLC4A5	0	0	0	0	Background
HGNC:2711	DCTN1	0	0	0	0	Background
HGNC:34350	C2orf81	0	0	0	0	Background
HGNC:25770	WDR54	0	0	0	0	Background
HGNC:10466	RTKN	0	0	0	0	Background
HGNC:13324	INO80B	0	0	0	0	Background
HGNC:12737	WBP1	0	0	0	0	Background
HGNC:24862	MOGS	1	0	0	0	IEI_only
HGNC:16684	MRPL53	0	0	0	0	Background
HGNC:25889	CCDC142	0	0	0	0	Background
HGNC:25759	TTC31	0	0	0	0	Background
HGNC:15525	LBX2	0	0	0	0	Background
HGNC:17615	PCGF1	0	0	0	0	Background
HGNC:5057	TLX2	0	0	0	0	Background
HGNC:20410	DQX1	0	0	0	0	Background
HGNC:891	AUP1	0	0	0	0	Background
HGNC:14348	HTRA2	0	0	0	0	Background
HGNC:13869	LOXL3	0	0	0	0	Background
HGNC:2990	DOK1	0	0	0	0	Background
HGNC:25183	M1AP	0	0	0	0	Background
HGNC:10734	SEMA4F	0	0	0	0	Background
HGNC:4923	HK2	0	0	0	0	Background
HGNC:18755	POLE4	0	0	0	0	Background
HGNC:11526	TACR1	0	0	0	0	Background
HGNC:25816	EVA1A	0	0	0	0	Background
HGNC:14052	MRPL19	0	0	0	0	Background
HGNC:1317	GCFC2	0	0	0	0	Background
HGNC:19411	LRRTM4	0	0	0	0	Background
HGNC:29595	REG3G	0	0	0	0	Background
HGNC:9952	REG1B	0	0	0	0	Background
HGNC:9951	REG1A	0	0	0	0	Background
HGNC:8601	REG3A	0	0	0	0	Background
HGNC:2510	CTNNA2	0	0	0	0	Background
HGNC:19408	LRRTM1	0	0	0	0	Background
HGNC:11449	SUCLG1	0	0	0	0	Background
HGNC:2951	DNAH6	0	0	0	0	Background
HGNC:27013	TRABD2A	0	0	0	0	Background
HGNC:11879	TMSB10	0	0	0	0	Background
HGNC:20589	KCMF1	0	0	0	0	Background
HGNC:11640	TCF7L1	0	0	0	0	Background
HGNC:15450	TGOLN2	0	0	0	0	Background
HGNC:25991	RETSAT	0	0	0	0	Background
HGNC:26158	ELMOD3	0	0	0	0	Background
HGNC:1474	CAPG	0	0	0	0	Background
HGNC:30439	SH2D6	0	0	0	0	Background
HGNC:6904	MAT2A	0	0	0	0	Background
HGNC:4247	GGCX	0	0	0	0	Background
HGNC:12647	VAMP8	0	0	0	0	Background
HGNC:12646	VAMP5	0	0	0	0	Background
HGNC:28037	RNF181	0	0	0	0	Background
HGNC:24677	TMEM150A	0	0	0	0	Background
HGNC:20071	USP39	0	0	0	0	Background
HGNC:34353	C2orf68	0	0	0	0	Background
HGNC:10801	SFTPB	0	0	0	0	Background
HGNC:4414	GNLY	0	0	0	0	Background
HGNC:24126	ATOH8	0	0	0	0	Background
HGNC:10872	ST3GAL5	0	0	0	0	Background
HGNC:17264	POLR1A	0	0	0	0	Background
HGNC:24717	PTCD3	0	0	0	0	Background
HGNC:6047	IMMT	0	0	0	0	Background
HGNC:14489	MRPL35	0	0	0	0	Background
HGNC:25786	REEP1	0	0	0	0	Background
HGNC:20815	KDM3A	0	0	0	0	Background
HGNC:29865	CHMP3	0	0	0	0	Background
HGNC:38847	RNF103-CHMP3	0	0	0	0	Background
HGNC:12859	RNF103	0	0	0	0	Background
HGNC:25850	RMND5A	0	0	0	0	Background
HGNC:1706	CD8A	1	0	0	0	IEI_only
HGNC:1707	CD8B	0	0	0	0	Background
HGNC:32414	RGPD1	0	0	0	0	Background
HGNC:9072	PLGLB1	0	0	0	0	Background
HGNC:9073	PLGLB2	0	0	0	0	Background
HGNC:32415	RGPD2	0	0	0	0	Background
HGNC:28039	KRCC1	0	0	0	0	Background
HGNC:20986	SMYD1	0	0	0	0	Background
HGNC:3555	FABP1	0	0	0	0	Background
HGNC:25602	THNSL2	0	0	0	0	Background
HGNC:26341	SPMIP9	0	0	0	0	Background
HGNC:3255	EIF2AK3	0	0	0	0	Background
HGNC:10297	RPIA	0	0	0	0	Background
HGNC:37488	IGKV1OR2-118	0	0	0	0	Background
HGNC:5829	IGKV3D-7	0	0	0	0	Background
HGNC:31012	TEKT4	0	0	0	0	Background
HGNC:6817	MAL	0	0	0	0	Background
HGNC:14498	MRPS5	0	0	0	0	Background
HGNC:25894	ZNF514	0	0	0	0	Background
HGNC:12991	ZNF2	0	0	0	0	Background
HGNC:20685	PROM2	0	0	0	0	Background
HGNC:15523	KCNIP3	0	0	0	0	Background
HGNC:24252	FAHD2A	0	0	0	0	Background
HGNC:19015	TRIM43	0	0	0	0	Background
HGNC:32946	ANKRD36C	0	0	0	0	Background
HGNC:27168	GPAT2	0	0	0	0	Background
HGNC:282	ADRA2B	0	0	0	0	Background
HGNC:31704	ASTL	0	0	0	0	Background
HGNC:3068	DUSP2	0	0	0	0	Background
HGNC:18063	STARD7	0	0	0	0	Background
HGNC:26038	TMEM127	0	0	0	0	Background
HGNC:14280	CIAO1	0	0	0	0	Background
HGNC:30859	SNRNP200	0	0	0	0	Background
HGNC:29371	ITPRIPL1	0	0	0	0	Background
HGNC:1112	NCAPH	0	0	0	0	Background
HGNC:17361	ARID5A	0	0	0	0	Background
HGNC:25473	KANSL3	0	0	0	0	Background
HGNC:19263	LMAN2L	0	0	0	0	Background
HGNC:105	CNNM4	0	0	0	0	Background
HGNC:104	CNNM3	0	0	0	0	Background
HGNC:24470	ANKRD23	0	0	0	0	Background
HGNC:28640	ANKRD39	0	0	0	0	Background
HGNC:10731	SEMA4C	0	0	0	0	Background
HGNC:28036	FAM178B	0	0	0	0	Background
HGNC:25318	FAHD2B	0	0	0	0	Background
HGNC:24079	ANKRD36	0	0	0	0	Background
HGNC:2269	COX5B	0	0	0	0	Background
HGNC:168	ACTR1B	0	0	0	0	Background
HGNC:12858	ZAP70	1	0	0	0	IEI_only
HGNC:30366	TMEM131	0	0	0	0	Background
HGNC:28385	VWA3B	0	0	0	0	Background
HGNC:2150	CNGA3	0	0	0	0	Background
HGNC:6074	INPP4A	0	0	0	0	Background
HGNC:33848	COA5	0	0	0	0	Background
HGNC:16046	UNC50	0	0	0	0	Background
HGNC:7047	MGAT4A	0	0	0	0	Background
HGNC:33454	CRACDL	0	0	0	0	Background
HGNC:14927	TSGA10	0	0	0	0	Background
HGNC:28436	C2orf15	0	0	0	0	Background
HGNC:29569	LIPT1	0	0	0	0	Background
HGNC:25207	MITD1	0	0	0	0	Background
HGNC:14036	MRPL30	0	0	0	0	Background
HGNC:29615	LYG2	0	0	0	0	Background
HGNC:27014	LYG1	0	0	0	0	Background
HGNC:24110	TXNDC9	0	0	0	0	Background
HGNC:30793	EIF5B	0	0	0	0	Background
HGNC:14060	REV1	0	0	0	0	Background
HGNC:6473	AFF3	0	0	0	0	Background
HGNC:24788	LONRF2	0	0	0	0	Background
HGNC:24422	CYCSP7	0	0	0	0	Background
HGNC:19650	CHST10	0	0	0	0	Background
HGNC:32203	NMS	0	0	0	0	Background
HGNC:28860	PDCL3	0	0	0	0	Background
HGNC:7895	NPAS2	0	1	1	0	ASD_only
HGNC:10334	RPL31	0	0	0	0	Background
HGNC:17791	TBC1D8	0	0	0	0	Background
HGNC:25217	CNOT11	0	0	0	0	Background
HGNC:23137	RNF149	0	0	0	0	Background
HGNC:14272	CREG2	0	0	0	0	Background
HGNC:37253	RFX8	0	0	0	0	Background
HGNC:6866	MAP4K4	0	1	1	0	ASD_only
HGNC:5994	IL1R2	0	1	1	0	ASD_only
HGNC:5993	IL1R1	1	0	0	0	IEI_only
HGNC:5999	IL1RL2	0	0	0	0	Background
HGNC:5998	IL1RL1	0	0	0	0	Background
HGNC:5988	IL18R1	0	0	0	0	Background
HGNC:5989	IL18RAP	0	0	0	0	Background
HGNC:11077	SLC9A4	0	0	0	0	Background
HGNC:11072	SLC9A2	0	0	0	0	Background
HGNC:28158	SLC67A2	0	0	0	0	Background
HGNC:26391	TMEM182	0	0	0	0	Background
HGNC:9216	POU3F3	0	0	0	0	Background
HGNC:14501	MRPS9	0	0	0	0	Background
HGNC:4503	GPR45	0	0	0	0	Background
HGNC:16836	TGFBRAP1	0	0	0	0	Background
HGNC:28772	TSLIG2	0	0	0	0	Background
HGNC:3703	FHL2	0	0	0	0	Background
HGNC:7665	NCK2	0	0	0	0	Background
HGNC:24642	ECRG4	0	0	0	0	Background
HGNC:17729	UXS1	0	0	0	0	Background
HGNC:32416	RGPD3	0	0	0	0	Background
HGNC:10861	ST6GAL2	0	0	0	0	Background
HGNC:32417	RGPD4	0	0	0	0	Background
HGNC:14025	SLC5A7	0	0	0	0	Background
HGNC:33543	SULT1C3	0	0	0	0	Background
HGNC:11456	SULT1C2	0	0	0	0	Background
HGNC:11457	SULT1C4	0	0	0	0	Background
HGNC:23218	GCC2	0	0	0	0	Background
HGNC:6616	LIMS1	0	0	0	0	Background
HGNC:9848	RANBP2	1	0	0	0	IEI_only
HGNC:26531	CCDC138	0	0	0	0	Background
HGNC:2895	EDAR	0	0	0	0	Background
HGNC:24699	SH3RF3	0	1	1	0	ASD_only
HGNC:14349	SEPTIN10	0	0	0	0	Background
HGNC:26149	SOWAHC	0	0	0	0	Background
HGNC:32418	RGPD5	0	0	0	0	Background
HGNC:30047	LIMS3	0	0	0	0	Background
HGNC:6818	MALL	0	0	0	0	Background
HGNC:7905	NPHP1	0	0	0	0	Background
HGNC:39941	LIMS4	0	0	0	0	Background
HGNC:32419	RGPD6	0	0	0	0	Background
HGNC:1148	BUB1	0	0	0	0	Background
HGNC:25621	ACOXL	0	0	0	0	Background
HGNC:994	BCL2L11	0	0	0	0	Background
HGNC:19988	ANAPC1	0	0	0	0	Background
HGNC:7027	MERTK	0	0	0	0	Background
HGNC:25913	TMEM87B	0	0	0	0	Background
HGNC:26740	FBLN7	0	0	0	0	Background
HGNC:30941	ZC3H8	0	0	0	0	Background
HGNC:24762	ZC3H6	0	0	0	0	Background
HGNC:9849	RGPD8	0	0	0	0	Background
HGNC:21586	TTL	0	0	0	0	Background
HGNC:20454	POLR1B	0	0	0	0	Background
HGNC:17840	CHCHD5	0	0	0	0	Background
HGNC:10946	SLC20A1	0	0	0	0	Background
HGNC:27678	NT5DC4	0	0	0	0	Background
HGNC:26877	CKAP2L	0	0	0	0	Background
HGNC:5991	IL1A	0	0	0	0	Background
HGNC:5992	IL1B	0	0	0	0	Background
HGNC:15563	IL37	0	0	0	0	Background
HGNC:15741	IL36G	0	0	0	0	Background
HGNC:15562	IL36A	0	0	0	0	Background
HGNC:15564	IL36B	0	0	0	0	Background
HGNC:15561	IL36RN	1	0	0	0	IEI_only
HGNC:15552	IL1F10	0	0	0	0	Background
HGNC:6000	IL1RN	1	0	0	0	IEI_only
HGNC:19096	PSD4	0	0	0	0	Background
HGNC:8622	PAX8	0	0	0	0	Background
HGNC:17907	ZNG1B	0	0	0	0	Background
HGNC:18521	FOXD4L1	0	0	0	0	Background
HGNC:9799	RABL2A	0	0	0	0	Background
HGNC:23617	SLC35F5	0	0	0	0	Background
HGNC:170	ACTR3	0	0	0	0	Background
HGNC:20823	DPP10	0	1	1	0	ASD_only
HGNC:2741	DDX18	0	0	0	0	Background
HGNC:25611	CCDC93	0	0	0	0	Background
HGNC:20452	INSIG2	0	0	0	0	Background
HGNC:3342	EN1	0	0	0	0	Background
HGNC:6895	MARCO	0	0	0	0	Background
HGNC:24181	C1QL2	0	0	0	0	Background
HGNC:24592	STEAP3	0	0	0	0	Background
HGNC:27017	C2orf76	0	0	0	0	Background
HGNC:2690	DBI	0	0	0	0	Background
HGNC:18216	TMEM37	0	0	0	0	Background
HGNC:10608	SCTR	0	0	0	0	Background
HGNC:33720	CFAP221	0	0	0	0	Background
HGNC:28143	TMEM177	0	0	0	0	Background
HGNC:9656	PTPN4	0	0	0	0	Background
HGNC:19819	EPB41L5	0	0	0	0	Background
HGNC:18896	TMEM185B	0	0	0	0	Background
HGNC:9840	RALB	0	0	0	0	Background
HGNC:6067	INHBB	0	0	0	0	Background
HGNC:4318	GLI2	0	0	0	0	Background
HGNC:17925	TFCP2L1	0	0	0	0	Background
HGNC:17088	CLASP1	0	1	1	0	ASD_only
HGNC:17838	NIFK	0	0	0	0	Background
HGNC:12379	TSN	0	0	0	0	Background
HGNC:18748	CNTNAP5	0	1	1	0	ASD_only
HGNC:4704	GYPC	0	0	0	0	Background
HGNC:52387	TEX51	0	0	0	0	Background
HGNC:1052	BIN1	0	0	0	0	Background
HGNC:33480	CYP27C1	0	0	0	0	Background
HGNC:3435	ERCC3	0	0	0	0	Background
HGNC:6854	MAP3K2	0	0	0	0	Background
HGNC:9451	PROC	0	0	0	0	Background
HGNC:25467	IWS1	0	0	0	0	Background
HGNC:7607	MYO7B	0	0	0	0	Background
HGNC:16084	LIMS2	0	0	0	0	Background
HGNC:4471	GPR17	0	0	0	0	Background
HGNC:25651	WDR33	0	0	0	0	Background
HGNC:28767	SFT2D3	0	0	0	0	Background
HGNC:9191	POLR2D	0	0	0	0	Background
HGNC:28658	AMMECR1L	0	0	0	0	Background
HGNC:29813	SAP130	0	0	0	0	Background
HGNC:15663	UGGT1	0	0	0	0	Background
HGNC:5201	HS6ST1	0	0	0	0	Background
HGNC:16525	RAB6C	0	0	0	0	Background
HGNC:33905	POTEF	0	0	0	0	Background
HGNC:25267	CCDC74B	0	0	0	0	Background
HGNC:32949	SMPD4	0	0	0	0	Background
HGNC:25886	MZT2B	0	0	0	0	Background
HGNC:20765	TUBA3E	0	0	0	0	Background
HGNC:28178	VMA22	0	0	0	0	Background
HGNC:30856	IMP4	0	0	0	0	Background
HGNC:9649	PTPN18	0	0	0	0	Background
HGNC:37093	POTEI	0	0	0	0	Background
HGNC:33983	CFC1B	0	0	0	0	Background
HGNC:27164	PRSS40B	0	0	0	0	Background
HGNC:37319	PRSS40A	0	0	0	0	Background
HGNC:18292	CFC1	0	0	0	0	Background
HGNC:37094	POTEJ	0	0	0	0	Background
HGNC:23623	GPR148	0	0	0	0	Background
HGNC:26771	AMER3	0	0	0	0	Background
HGNC:684	ARHGEF4	0	0	0	0	Background
HGNC:27016	FAM168B	0	0	0	0	Background
HGNC:19236	PLEKHB2	0	0	0	0	Background
HGNC:33895	POTEE	0	0	0	0	Background
HGNC:39955	CYP4F31P	0	0	0	0	Background
HGNC:33187	MZT2A	0	0	0	0	Background
HGNC:24071	TUBA3D	0	0	0	0	Background
HGNC:25197	CCDC74A	0	0	0	0	Background
HGNC:40003	NBEAP2	0	0	0	0	Background
HGNC:33824	CDRT15P3	0	0	0	0	Background
HGNC:35167	ANKRD30BL	0	0	0	0	Background
HGNC:4496	GPR39	0	0	0	0	Background
HGNC:28431	LYPD1	0	0	0	0	Background
HGNC:29847	NCKAP5	0	1	1	0	ASD_only
HGNC:7049	MGAT5	0	0	0	0	Background
HGNC:25380	TMEM163	0	0	0	0	Background
HGNC:19288	ACMSD	0	0	0	0	Background
HGNC:1600	CCNT2	0	0	0	0	Background
HGNC:26249	MAP3K19	0	0	0	0	Background
HGNC:17063	RAB3GAP1	0	0	0	0	Background
HGNC:25249	ZRANB3	0	0	0	0	Background
HGNC:9757	R3HDM1	0	0	0	0	Background
HGNC:14860	UBXN4	0	0	0	0	Background
HGNC:6530	LCT	0	0	0	0	Background
HGNC:6949	MCM6	0	1	1	0	ASD_only
HGNC:2678	DARS1	0	0	0	0	Background
HGNC:2561	CXCR4	1	0	0	0	IEI_only
HGNC:29348	THSD7B	0	0	0	0	Background
HGNC:5028	HNMT	0	0	0	0	Background
HGNC:27934	SPOPL	0	0	0	0	Background
HGNC:8076	NXPH2	0	0	0	0	Background
HGNC:6693	LRP1B	0	0	0	0	Background
HGNC:6469	KYNU	0	0	0	0	Background
HGNC:21030	ARHGAP15	0	0	0	0	Background
HGNC:20887	QTMAN	0	0	0	0	Background
HGNC:14881	ZEB2	0	0	0	0	Background
HGNC:173	ACVR2A	0	0	0	0	Background
HGNC:8490	ORC4	0	0	0	0	Background
HGNC:20444	MBD5	0	1	1	0	ASD_only
HGNC:24543	EPC2	0	1	1	0	ASD_only
HGNC:6325	KIF5C	0	1	1	0	ASD_only
HGNC:27018	LYPD6B	0	0	0	0	Background
HGNC:28751	LYPD6	0	0	0	0	Background
HGNC:25221	MMADHC	0	0	0	0	Background
HGNC:671	RND3	0	0	0	0	Background
HGNC:24790	RBM43	0	0	0	0	Background
HGNC:7854	NMI	0	0	0	0	Background
HGNC:11898	TNFAIP6	0	0	0	0	Background
HGNC:23207	RIF1	0	0	0	0	Background
HGNC:7720	NEB	0	0	0	0	Background
HGNC:696	ARL5A	0	0	0	0	Background
HGNC:1404	CACNB4	0	0	0	0	Background
HGNC:11358	STAM2	0	0	0	0	Background
HGNC:18267	FMNL2	0	0	0	0	Background
HGNC:16463	PRPF40A	0	0	0	0	Background
HGNC:24048	ARL6IP6	0	0	0	0	Background
HGNC:24201	RPRM	0	0	0	0	Background
HGNC:23242	GALNT13	0	1	1	0	ASD_only
HGNC:6264	KCNJ3	0	0	0	0	Background
HGNC:7981	NR4A2	0	1	1	0	ASD_only
HGNC:4456	GPD2	0	1	1	0	ASD_only
HGNC:4127	GALNT5	0	0	0	0	Background
HGNC:29208	ERMN	0	1	1	0	ASD_only
HGNC:9506	CYTIP	0	0	0	0	Background
HGNC:18123	ACVR1C	0	0	0	0	Background
HGNC:171	ACVR1	0	0	0	0	Background
HGNC:23061	UPP2	0	0	0	0	Background
HGNC:25191	CCDC148	0	0	0	0	Background
HGNC:9026	PKP4	0	0	0	0	Background
HGNC:21490	DAPL1	0	0	0	0	Background
HGNC:29364	TANC1	0	0	0	0	Background
HGNC:26697	WDSUB1	0	0	0	0	Background
HGNC:963	BAZ2B	0	1	1	0	ASD_only
HGNC:17393	MARCHF7	0	0	0	0	Background
HGNC:30843	CD302	0	0	0	0	Background
HGNC:38828	LY75-CD302	0	0	0	0	Background
HGNC:6729	LY75	0	0	0	0	Background
HGNC:9042	PLA2R1	0	0	0	0	Background
HGNC:6161	ITGB6	0	0	0	0	Background
HGNC:9907	RBMS1	0	0	0	0	Background
HGNC:11562	TANK	0	0	0	0	Background
HGNC:16889	PSMD14	0	0	0	0	Background
HGNC:11590	TBR1	0	1	1	0	ASD_only
HGNC:13811	SLC4A10	0	1	1	0	ASD_only
HGNC:3009	DPP4	0	1	1	0	ASD_only
HGNC:4191	GCG	0	0	0	0	Background
HGNC:3590	FAP	0	0	0	0	Background
HGNC:18873	IFIH1	1	0	0	0	IEI_only
HGNC:15990	GCA	0	0	0	0	Background
HGNC:18863	KCNH7	0	0	0	0	Background
HGNC:13285	FIGN	0	0	0	0	Background
HGNC:4565	GRB14	0	0	0	0	Background
HGNC:23571	COBLL1	0	0	0	0	Background
HGNC:26836	SLC38A11	0	0	0	0	Background
HGNC:10590	SCN3A	0	0	0	0	Background
HGNC:10588	SCN2A	0	1	1	0	ASD_only
HGNC:30729	CSRNP3	0	0	0	0	Background
HGNC:4125	GALNT3	0	0	0	0	Background
HGNC:25660	TTC21B	0	0	0	0	Background
HGNC:10585	SCN1A	0	1	1	0	ASD_only
HGNC:10597	SCN9A	0	1	1	0	ASD_only
HGNC:10594	SCN7A	0	0	0	0	Background
HGNC:14303	XIRP2	0	0	0	0	Background
HGNC:916	B3GALT1	0	0	0	0	Background
HGNC:17717	STK39	0	1	1	0	ASD_only
HGNC:23826	CERS6	0	0	0	0	Background
HGNC:20203	NOSTRIN	0	0	0	0	Background
HGNC:24031	SPC25	0	0	0	0	Background
HGNC:28906	G6PC2	0	0	0	0	Background
HGNC:42	ABCB11	0	0	0	0	Background
HGNC:16888	DHRS9	0	0	0	0	Background
HGNC:6694	LRP2	0	1	1	0	ASD_only
HGNC:970	BBS5	0	0	0	0	Background
HGNC:16905	KLHL41	0	0	0	0	Background
HGNC:26150	FASTKD1	0	0	0	0	Background
HGNC:14650	PPIG	0	0	0	0	Background
HGNC:25064	CFAP210	0	0	0	0	Background
HGNC:28316	PHOSPHO2	0	0	0	0	Background
HGNC:27506	KLHL23	0	0	0	0	Background
HGNC:11316	SSB	0	0	0	0	Background
HGNC:25006	METTL5	0	0	0	0	Background
HGNC:30467	UBR3	0	1	1	0	ASD_only
HGNC:15576	MYO3B	0	0	0	0	Background
HGNC:49270	LINC01124	0	0	0	0	Background
HGNC:14529	SP5	0	0	0	0	Background
HGNC:44395	ERICH2	0	0	0	0	Background
HGNC:4092	GAD1	0	0	0	0	Background
HGNC:17500	GORASP2	0	0	0	0	Background
HGNC:11841	TLK1	0	0	0	0	Background
HGNC:25856	METTL8	0	0	0	0	Background
HGNC:25784	DCAF17	0	0	0	0	Background
HGNC:20797	CYBRD1	0	0	0	0	Background
HGNC:2964	DYNC1I2	0	0	0	0	Background
HGNC:10982	SLC25A12	0	1	1	0	ASD_only
HGNC:4821	HAT1	0	0	0	0	Background
HGNC:32583	METAP1D	0	0	0	0	Background
HGNC:2914	DLX1	0	0	0	0	Background
HGNC:2915	DLX2	0	1	1	0	ASD_only
HGNC:6142	ITGA6	0	0	0	0	Background
HGNC:8809	PDK1	0	0	0	0	Background
HGNC:16626	RAPGEF4	0	1	1	0	ASD_only
HGNC:17797	MAP3K20	0	0	0	0	Background
HGNC:14628	CDCA7	1	0	0	0	IEI_only
HGNC:11208	SP3	0	0	0	0	Background
HGNC:28833	OLA1	0	0	0	0	Background
HGNC:30690	SP9	0	0	0	0	Background
HGNC:24217	CIRSR	0	0	0	0	Background
HGNC:30382	SCRN3	0	0	0	0	Background
HGNC:22951	GPR155	0	0	0	0	Background
HGNC:12736	WIPF1	1	0	0	0	IEI_only
HGNC:1955	CHRNA1	0	0	0	0	Background
HGNC:1943	CHN1	0	0	0	0	Background
HGNC:784	ATF2	0	0	0	0	Background
HGNC:843	ATP5MC3	0	0	0	0	Background
HGNC:21610	LNPK	0	0	0	0	Background
HGNC:3507	EVX2	0	0	0	0	Background
HGNC:5136	HOXD13	0	0	0	0	Background
HGNC:5135	HOXD12	0	0	0	0	Background
HGNC:5134	HOXD11	0	0	0	0	Background
HGNC:5133	HOXD10	0	0	0	0	Background
HGNC:5140	HOXD9	0	0	0	0	Background
HGNC:5139	HOXD8	0	0	0	0	Background
HGNC:5137	HOXD3	0	0	0	0	Background
HGNC:5138	HOXD4	0	0	0	0	Background
HGNC:5132	HOXD1	0	0	0	0	Background
HGNC:7506	MTX2	0	0	0	0	Background
HGNC:24941	HNRNPA3	0	0	0	0	Background
HGNC:7782	NFE2L2	1	0	0	0	IEI_only
HGNC:327	AGPS	0	0	0	0	Background
HGNC:26425	IFT70B	0	0	0	0	Background
HGNC:25853	IFT70A	0	0	0	0	Background
HGNC:8773	PDE11A	0	0	0	0	Background
HGNC:24468	RBM45	0	0	0	0	Background
HGNC:16388	OSBPL6	0	0	0	0	Background
HGNC:9438	PRKRA	0	0	0	0	Background
HGNC:29502	PJVK	0	0	0	0	Background
HGNC:3723	FKBP7	0	0	0	0	Background
HGNC:14338	PLEKHA3	0	0	0	0	Background
HGNC:12403	TTN	0	1	1	0	ASD_only
HGNC:26821	CCDC141	0	0	0	0	Background
HGNC:18379	SESTD1	0	0	0	0	Background
HGNC:26332	ZNF385B	0	1	1	0	ASD_only
HGNC:29322	CWC22	0	0	0	0	Background
HGNC:12479	UBE2E3	0	0	0	0	Background
HGNC:6140	ITGA4	0	0	0	0	Background
HGNC:21699	CERKL	0	0	0	0	Background
HGNC:7762	NEUROD1	0	0	0	0	Background
HGNC:11319	ITPRID2	0	0	0	0	Background
HGNC:14940	PPP1R1C	0	0	0	0	Background
HGNC:8774	PDE1A	0	0	0	0	Background
HGNC:24637	DNAJC10	0	0	0	0	Background
HGNC:3959	FRZB	0	0	0	0	Background
HGNC:7666	NCKAP1	0	1	1	0	ASD_only
HGNC:18894	DUSP19	0	0	0	0	Background
HGNC:29797	NUP35	0	0	0	0	Background
HGNC:21711	ZNF804A	0	1	1	0	ASD_only
HGNC:21675	FSIP2	0	0	0	0	Background
HGNC:29528	ZC3H15	0	0	0	0	Background
HGNC:6150	ITGAV	0	0	0	0	Background
HGNC:29412	FAM171B	0	0	0	0	Background
HGNC:30990	ZSWIM2	0	0	0	0	Background
HGNC:16709	CALCRL	0	0	0	0	Background
HGNC:11760	TFPI	0	0	0	0	Background
HGNC:18649	GULP1	0	0	0	0	Background
HGNC:15760	DIRC1	0	0	0	0	Background
HGNC:2201	COL3A1	0	0	0	0	Background
HGNC:2210	COL5A2	0	0	0	0	Background
HGNC:25725	WDR75	0	0	0	0	Background
HGNC:10909	SLC40A1	0	0	0	0	Background
HGNC:24910	ASNSD1	0	0	0	0	Background
HGNC:26350	ANKAR	0	0	0	0	Background
HGNC:23075	OSGEPL1	0	0	0	0	Background
HGNC:16036	ORMDL1	0	0	0	0	Background
HGNC:9121	PMS1	0	0	0	0	Background
HGNC:28191	AKAP19	0	0	0	0	Background
HGNC:4223	MSTN	0	0	0	0	Background
HGNC:4908	HIBCH	0	0	0	0	Background
HGNC:6071	INPP1	0	1	1	0	ASD_only
HGNC:24711	MFSD6	0	0	0	0	Background
HGNC:33700	NEMP2	0	0	0	0	Background
HGNC:7626	NAB1	0	0	0	0	Background
HGNC:4331	GLS	0	0	0	0	Background
HGNC:11362	STAT1	1	0	0	0	IEI_only
HGNC:11365	STAT4	1	0	0	0	IEI_only
HGNC:7596	MYO1B	0	0	0	0	Background
HGNC:26232	NABP1	0	0	0	0	Background
HGNC:10690	CAVIN2	0	0	0	0	Background
HGNC:11867	TMEFF2	0	0	0	0	Background
HGNC:20861	SLC39A10	0	0	0	0	Background
HGNC:18661	DNAH7	0	0	0	0	Background
HGNC:11396	STK17B	0	0	0	0	Background
HGNC:29853	HECW2	0	1	1	0	ASD_only
HGNC:26834	CCDC150	0	0	0	0	Background
HGNC:4666	GTF3C3	0	0	0	0	Background
HGNC:33809	C2orf66	0	0	0	0	Background
HGNC:25712	PGAP1	0	0	0	0	Background
HGNC:25259	ANKRD44	0	0	0	0	Background
HGNC:10768	SF3B1	0	1	1	0	ASD_only
HGNC:25819	COQ10B	0	0	0	0	Background
HGNC:5261	HSPD1	0	0	0	0	Background
HGNC:5269	HSPE1	0	0	0	0	Background
HGNC:49184	HSPE1-MOB4	0	0	0	0	Background
HGNC:17261	MOB4	0	0	0	0	Background
HGNC:26402	RFTN2	0	0	0	0	Background
HGNC:25133	MARS2	0	0	0	0	Background
HGNC:14273	BOLL	0	0	0	0	Background
HGNC:9063	PLCL1	0	0	0	0	Background
HGNC:21637	SATB2	0	1	1	0	ASD_only
HGNC:48661	FTCDNL1	0	0	0	0	Background
HGNC:26799	C2orf69	1	0	0	0	IEI_only
HGNC:26754	TYW5	0	0	0	0	Background
HGNC:26198	MAIP1	0	0	0	0	Background
HGNC:24574	SPATS2L	0	0	0	0	Background
HGNC:26446	KCTD18	0	0	0	0	Background
HGNC:30812	SGO2	0	0	0	0	Background
HGNC:553	AOX1	0	0	0	0	Background
HGNC:18380	BZW1	0	0	0	0	Background
HGNC:2068	CLK1	0	0	0	0	Background
HGNC:9262	PPIL3	0	0	0	0	Background
HGNC:13390	NIF3L1	0	0	0	0	Background
HGNC:8488	ORC2	0	0	0	0	Background
HGNC:28593	HYCC2	0	0	0	0	Background
HGNC:7698	NDUFB3	0	0	0	0	Background
HGNC:1876	CFLAR	0	0	0	0	Background
HGNC:1500	CASP10	1	0	0	0	IEI_only
HGNC:1509	CASP8	1	0	0	0	IEI_only
HGNC:14439	FLACC1	0	0	0	0	Background
HGNC:13206	TRAK2	0	0	0	0	Background
HGNC:13205	STRADB	0	0	0	0	Background
HGNC:14438	CATSPERT	0	0	0	0	Background
HGNC:14432	TMEM237	0	0	0	0	Background
HGNC:13680	MPP4	0	0	0	0	Background
HGNC:443	ALS2	0	0	0	0	Background
HGNC:14434	CDK15	0	0	0	0	Background
HGNC:4045	FZD7	0	0	0	0	Background
HGNC:51250	KIAA2012	0	0	0	0	Background
HGNC:12502	SUMO1	0	0	0	0	Background
HGNC:29926	NOP58	0	0	0	0	Background
HGNC:1078	BMPR2	0	0	0	0	Background
HGNC:14440	FAM117B	0	0	0	0	Background
HGNC:14442	ICA1L	0	0	0	0	Background
HGNC:14098	WDR12	0	0	0	0	Background
HGNC:14435	CARF	0	0	0	0	Background
HGNC:20681	NBEAL1	0	0	0	0	Background
HGNC:20576	CYP20A1	0	0	0	0	Background
HGNC:24011	ABI2	0	0	0	0	Background
HGNC:14436	RAPH1	0	0	0	0	Background
HGNC:1653	CD28	1	0	0	0	IEI_only
HGNC:2505	CTLA4	1	0	0	0	IEI_only
HGNC:5351	ICOS	1	0	0	0	IEI_only
HGNC:14446	PARD3B	0	1	1	0	ASD_only
HGNC:8005	NRP2	0	1	1	0	ASD_only
HGNC:25997	INO80D	0	0	0	0	Background
HGNC:7707	NDUFS1	0	0	0	0	Background
HGNC:3208	EEF1B2	0	0	0	0	Background
HGNC:4463	CMKLR2	0	0	0	0	Background
HGNC:29313	ZDBF2	0	0	0	0	Background
HGNC:202	ADAM23	0	0	0	0	Background
HGNC:23279	DYTN	0	0	0	0	Background
HGNC:17836	MDH1B	0	0	0	0	Background
HGNC:29160	FASTKD2	0	0	0	0	Background
HGNC:21011	CPO	0	0	0	0	Background
HGNC:6350	KLF7	0	0	0	0	Background
HGNC:2345	CREB1	0	0	0	0	Background
HGNC:30476	METTL21A	0	0	0	0	Background
HGNC:26868	CCNYL1	0	0	0	0	Background
HGNC:4043	FZD5	0	0	0	0	Background
HGNC:34006	PLEKHM3	0	0	0	0	Background
HGNC:2411	CRYGD	0	0	0	0	Background
HGNC:2410	CRYGC	0	0	0	0	Background
HGNC:2409	CRYGB	0	0	0	0	Background
HGNC:2408	CRYGA	0	0	0	0	Background
HGNC:34352	C2orf80	0	0	0	0	Background
HGNC:5382	IDH1	0	0	0	0	Background
HGNC:23785	PIKFYVE	0	0	0	0	Background
HGNC:9609	PTH2R	0	0	0	0	Background
HGNC:6839	MAP2	0	0	0	0	Background
HGNC:26582	UNC80	0	1	1	0	ASD_only
HGNC:10293	RPE	0	0	0	0	Background
HGNC:26310	KANSL1L	0	0	0	0	Background
HGNC:88	ACADL	0	0	0	0	Background
HGNC:7582	MYL1	0	0	0	0	Background
HGNC:6508	LANCL1	0	0	0	0	Background
HGNC:2323	CPS1	0	0	0	0	Background
HGNC:3432	ERBB4	0	0	0	0	Background
HGNC:13177	IKZF2	1	0	0	0	IEI_only
HGNC:23225	SPAG16	0	0	0	0	Background
HGNC:37203	VWC2L	0	0	0	0	Background
HGNC:952	BARD1	0	0	0	0	Background
HGNC:14637	ABCA12	0	0	0	0	Background
HGNC:794	ATIC	0	0	0	0	Background
HGNC:3778	FN1	0	0	0	0	Background
HGNC:25478	MREG	0	0	0	0	Background
HGNC:18281	PECR	0	0	0	0	Background
HGNC:25130	TMEM169	0	0	0	0	Background
HGNC:12833	XRCC5	0	0	0	0	Background
HGNC:29269	MARCHF4	0	0	0	0	Background
HGNC:11102	SMARCAL1	1	0	0	0	IEI_only
HGNC:10348	RPL37A	0	0	0	0	Background
HGNC:5471	IGFBP2	0	0	0	0	Background
HGNC:5474	IGFBP5	0	0	0	0	Background
HGNC:11951	TNP1	0	0	0	0	Background
HGNC:52740	TESHL	0	0	0	0	Background
HGNC:17805	DIRC3	0	0	0	0	Background
HGNC:11973	TNS1	0	0	0	0	Background
HGNC:24804	RUFY4	0	0	0	0	Background
HGNC:6027	CXCR2	1	0	0	0	IEI_only
HGNC:6026	CXCR1	0	0	0	0	Background
HGNC:705	ARPC2	0	0	0	0	Background
HGNC:19680	GPBAR1	0	0	0	0	Background
HGNC:18	AAMP	0	0	0	0	Background
HGNC:9153	PNKD	0	0	0	0	Background
HGNC:23410	TMBIM1	0	0	0	0	Background
HGNC:25062	CATIP	0	0	0	0	Background
HGNC:10907	SLC11A1	0	0	0	0	Background
HGNC:21614	CTDSP1	0	0	0	0	Background
HGNC:12690	VIL1	0	1	1	0	ASD_only
HGNC:20063	USP37	0	0	0	0	Background
HGNC:10445	CNOT9	0	0	0	0	Background
HGNC:9062	PLCD4	0	1	1	0	ASD_only
HGNC:12927	ZNF142	0	0	0	0	Background
HGNC:1020	BCS1L	0	0	0	0	Background
HGNC:14662	RNF25	0	1	1	0	ASD_only
HGNC:17209	STK36	0	0	0	0	Background
HGNC:28976	TTLL4	0	0	0	0	Background
HGNC:2605	CYP27A1	0	0	0	0	Background
HGNC:9387	PRKAG3	0	0	0	0	Background
HGNC:12785	WNT6	0	0	0	0	Background
HGNC:13829	WNT10A	0	0	0	0	Background
HGNC:1776	CDK5R2	0	0	0	0	Background
HGNC:18562	FEV	0	0	0	0	Background
HGNC:2395	CRYBA2	0	0	0	0	Background
HGNC:25325	CFAP65	0	0	0	0	Background
HGNC:5956	IHH	0	0	0	0	Background
HGNC:25737	NHEJ1	1	0	0	0	IEI_only
HGNC:20601	SLC23A3	0	0	0	0	Background
HGNC:25220	CNPPD1	0	0	0	0	Background
HGNC:28450	RETREG2	0	0	0	0	Background
HGNC:25206	ZFAND2B	0	0	0	0	Background
HGNC:47	ABCB6	0	0	0	0	Background
HGNC:22408	ATG9A	0	0	0	0	Background
HGNC:25527	ANKZF1	0	0	0	0	Background
HGNC:28129	GLB1L	0	0	0	0	Background
HGNC:11394	STK16	0	0	0	0	Background
HGNC:12407	TUBA4A	0	0	0	0	Background
HGNC:5228	DNAJB2	0	0	0	0	Background
HGNC:9676	PTPRN	0	0	0	0	Background
HGNC:33762	RESP18	0	0	0	0	Background
HGNC:2981	DNPEP	0	0	0	0	Background
HGNC:2770	DES	0	0	0	0	Background
HGNC:16901	SPEG	0	0	0	0	Background
HGNC:22923	GMPPA	0	0	0	0	Background
HGNC:21263	ASIC4	0	0	0	0	Background
HGNC:24291	CHPF	0	0	0	0	Background
HGNC:33704	TMEM198	0	0	0	0	Background
HGNC:29092	OBSL1	0	0	0	0	Background
HGNC:6065	INHA	0	0	0	0	Background
HGNC:19184	STK11IP	0	0	0	0	Background
HGNC:11029	SLC4A3	0	0	0	0	Background
HGNC:3388	EPHA4	0	0	0	0	Background
HGNC:8617	PAX3	0	0	0	0	Background
HGNC:26514	CCDC140	0	0	0	0	Background
HGNC:19953	SGPP2	0	0	0	0	Background
HGNC:17800	FARSB	0	0	0	0	Background
HGNC:18210	MOGAT1	0	0	0	0	Background
HGNC:3570	ACSL3	0	0	0	0	Background
HGNC:6244	KCNE4	0	0	0	0	Background
HGNC:10575	SCG2	0	0	0	0	Background
HGNC:18971	AP1S3	1	0	0	0	IEI_only
HGNC:20451	WDFY1	0	0	0	0	Background
HGNC:16650	MRPL44	0	0	0	0	Background
HGNC:8951	SERPINE2	0	0	0	0	Background
HGNC:26224	FAM124B	0	0	0	0	Background
HGNC:2553	CUL3	0	1	1	0	ASD_only
HGNC:23479	DOCK10	0	0	0	0	Background
HGNC:29291	NYAP2	0	0	0	0	Background
HGNC:6125	IRS1	0	0	0	0	Background
HGNC:23081	RHBDD1	0	0	0	0	Background
HGNC:2206	COL4A4	0	0	0	0	Background
HGNC:2204	COL4A3	0	0	0	0	Background
HGNC:24858	MFF	0	0	0	0	Background
HGNC:26230	TM4SF20	0	0	0	0	Background
HGNC:5175	AGFG1	0	0	0	0	Background
HGNC:25344	SLC19A4P	0	0	0	0	Background
HGNC:16266	SLC19A3	0	0	0	0	Background
HGNC:10619	CCL20	0	0	0	0	Background
HGNC:26383	DAW1	0	0	0	0	Background
HGNC:30619	SPHKAP	0	0	0	0	Background
HGNC:26084	PID1	0	0	0	0	Background
HGNC:24456	DNER	0	1	1	0	ASD_only
HGNC:12306	TRIP12	0	1	1	0	ASD_only
HGNC:27020	FBXO36	0	0	0	0	Background
HGNC:26417	SLC16A14	0	0	0	0	Background
HGNC:5401	SP110	1	0	0	0	IEI_only
HGNC:17133	SP140	0	0	0	0	Background
HGNC:25105	SP140L	0	0	0	0	Background
HGNC:11206	SP100	0	0	0	0	Background
HGNC:20292	CAB39	0	0	0	0	Background
HGNC:6175	ITM2C	0	0	0	0	Background
HGNC:4511	GPR55	0	0	0	0	Background
HGNC:17884	SPATA3	0	0	0	0	Background
HGNC:27418	C2orf72	0	0	0	0	Background
HGNC:9554	PSMD1	0	0	0	0	Background
HGNC:5294	HTR2B	0	0	0	0	Background
HGNC:20730	ARMC9	0	0	0	0	Background
HGNC:18811	B3GNT7	0	0	0	0	Background
HGNC:7667	NUCLEOLIN	0	0	0	0	Background
HGNC:4518	NMUR1	0	0	0	0	Background
HGNC:28563	TEX44	0	0	0	0	Background
HGNC:9623	PTMA	0	0	0	0	Background
HGNC:8788	PDE6D	0	0	0	0	Background
HGNC:16760	COPS7B	0	0	0	0	Background
HGNC:7941	NPPC	0	0	0	0	Background
HGNC:28648	DIS3L2	0	0	0	0	Background
HGNC:439	ALPP	0	0	0	0	Background
HGNC:441	ALPG	0	0	0	0	Background
HGNC:437	ALPI	1	0	0	0	IEI_only
HGNC:3147	ECEL1	0	0	0	0	Background
HGNC:39433	PRSS56	0	0	0	0	Background
HGNC:1965	CHRND	0	0	0	0	Background
HGNC:1967	CHRNG	0	0	0	0	Background
HGNC:14523	TIGD1	0	0	0	0	Background
HGNC:3293	EIF4E2	0	0	0	0	Background
HGNC:29556	EFHD1	0	0	0	0	Background
HGNC:11960	GIGYF2	0	1	1	0	ASD_only
HGNC:6259	KCNJ13	0	0	0	0	Background
HGNC:33763	SNORC	0	0	0	0	Background
HGNC:7807	NGEF	0	0	0	0	Background
HGNC:7759	NEU2	0	0	0	0	Background
HGNC:6079	INPP5D	0	0	0	0	Background
HGNC:21498	ATG16L1	0	0	0	0	Background
HGNC:10521	SAG	0	0	0	0	Background
HGNC:2851	DGKD	0	0	0	0	Background
HGNC:20069	USP40	0	0	0	0	Background
HGNC:12530	UGT1A1	0	0	0	0	Background
HGNC:12531	UGT1A10	0	0	0	0	Background
HGNC:12541	UGT1A9	0	0	0	0	Background
HGNC:12539	UGT1A7	0	0	0	0	Background
HGNC:12538	UGT1A6	0	0	0	0	Background
HGNC:12537	UGT1A5	0	0	0	0	Background
HGNC:12536	UGT1A4	0	0	0	0	Background
HGNC:12535	UGT1A3	0	0	0	0	Background
HGNC:12540	UGT1A8	0	0	0	0	Background
HGNC:27936	MROH2A	0	0	0	0	Background
HGNC:25444	HJURP	0	0	0	0	Background
HGNC:17961	TRPM8	0	0	0	0	Background
HGNC:11256	SPP2	0	1	1	0	ASD_only
HGNC:698	ARL4C	0	0	0	0	Background
HGNC:10826	SH3BP4	0	0	0	0	Background
HGNC:16922	AGAP1	0	1	1	0	ASD_only
HGNC:4186	GBX2	0	0	0	0	Background
HGNC:19770	ASB18	0	0	0	0	Background
HGNC:26195	DRC11	0	0	0	0	Background
HGNC:23692	ACKR3	0	0	0	0	Background
HGNC:24335	COPS8	0	0	0	0	Background
HGNC:2213	COL6A3	0	0	0	0	Background
HGNC:29643	MLPH	0	0	0	0	Background
HGNC:17945	PRLH	0	0	0	0	Background
HGNC:16523	RAB17	0	0	0	0	Background
HGNC:56028	RAB17-DT	0	0	0	0	Background
HGNC:6702	LRRFIP1	0	0	0	0	Background
HGNC:24756	RBM44	0	0	0	0	Background
HGNC:9843	RAMP1	0	0	0	0	Background
HGNC:12480	UBE2F	0	0	0	0	Background
HGNC:48339	UBE2F-SCLY	0	0	0	0	Background
HGNC:18161	SCLY	0	0	0	0	Background
HGNC:27937	ESPNL	0	0	0	0	Background
HGNC:24770	KLHL30	0	0	0	0	Background
HGNC:26727	ERFE	0	0	0	0	Background
HGNC:15566	ILKAP	0	0	0	0	Background
HGNC:27177	LINC02610	0	0	0	0	Background
HGNC:18254	HES6	0	0	0	0	Background
HGNC:8846	PER2	0	1	1	0	ASD_only
HGNC:17861	IFT54	0	0	0	0	Background
HGNC:16011	ASB1	0	0	0	0	Background
HGNC:20670	TWIST2	0	0	0	0	Background
HGNC:14063	HDAC4	0	1	1	0	ASD_only
HGNC:54064	HDAC4-AS1	0	0	0	0	Background
HGNC:33810	LINC02991	0	0	0	0	Background
HGNC:7684	NDUFA10	0	0	0	0	Background
HGNC:15041	OR6B2	0	0	0	0	Background
HGNC:33866	PRR21	0	0	0	0	Background
HGNC:15042	OR6B3	0	0	0	0	Background
HGNC:21314	COPS9	0	0	0	0	Background
HGNC:22644	OTOS	0	0	0	0	Background
HGNC:4449	GPC1	0	0	0	0	Background
HGNC:56102	GPC1-AS1	0	0	0	0	Background
HGNC:20987	ANKMY1	0	0	0	0	Background
HGNC:33237	DUSP28	0	0	0	0	Background
HGNC:10079	RNPEPL1	0	0	0	0	Background
HGNC:1477	CAPN10	0	0	0	0	Background
HGNC:4492	GPR35	0	0	0	0	Background
HGNC:6096	AQP12B	0	0	0	0	Background
HGNC:19941	AQP12A	0	0	0	0	Background
HGNC:888	KIF1A	0	1	1	0	ASD_only
HGNC:341	AGXT	0	0	0	0	Background
HGNC:26216	MAB21L4	0	0	0	0	Background
HGNC:51677	CROCC2	0	0	0	0	Background
HGNC:24696	SNED1	0	0	0	0	Background
HGNC:28785	MTERF4	0	0	0	0	Background
HGNC:17270	PASK	0	0	0	0	Background
HGNC:9295	PPP1R7	0	0	0	0	Background
HGNC:31677	ANO7	0	0	0	0	Background
HGNC:4857	HDLBP	0	1	1	0	ASD_only
HGNC:7729	SEPTIN2	0	0	0	0	Background
HGNC:16460	FARP2	0	0	0	0	Background
HGNC:11404	STK25	0	0	0	0	Background
HGNC:1087	BOK	0	0	0	0	Background
HGNC:23187	THAP4	0	0	0	0	Background
HGNC:20790	ATG4B	0	0	0	0	Background
HGNC:3061	DTYMK	0	0	0	0	Background
HGNC:19421	ING5	0	0	0	0	Background
HGNC:28358	D2HGDH	0	0	0	0	Background
HGNC:24869	GAL3ST2	0	0	0	0	Background
HGNC:21328	NEU4	0	0	0	0	Background
HGNC:8760	PDCD1	1	1	1	1	Overlap_raw
HGNC:26585	RTP5	0	0	0	0	Background
HGNC:54200	FAM240C	0	0	0	0	Background
HGNC:1939	CHL1	0	0	0	0	Background
HGNC:2176	CNTN6	0	1	1	0	ASD_only
HGNC:2174	CNTN4	0	1	1	0	ASD_only
HGNC:6017	IL5RA	0	0	0	0	Background
HGNC:17341	TRNT1	1	0	0	0	IEI_only
HGNC:30185	CRBN	0	0	0	0	Background
HGNC:20376	SUMF1	0	0	0	0	Background
HGNC:20980	LRRN1	0	0	0	0	Background
HGNC:10762	SETMAR	0	0	0	0	Background
HGNC:6180	ITPR1	0	1	1	0	ASD_only
HGNC:1046	BHLHE40	0	0	0	0	Background
HGNC:25564	ARL8B	0	0	0	0	Background
HGNC:18967	EDEM1	0	0	0	0	Background
HGNC:4599	GRM7	0	1	1	0	ASD_only
HGNC:6633	LMCD1	0	0	0	0	Background
HGNC:24809	SSUH2	0	0	0	0	Background
HGNC:1529	CAV3	0	0	0	0	Background
HGNC:8529	OXTR	0	1	1	0	ASD_only
HGNC:18278	RAD18	0	0	0	0	Background
HGNC:19744	SRGAP3	0	1	1	0	ASD_only
HGNC:24493	THUMPD3	0	0	0	0	Background
HGNC:25566	SETD5	0	1	1	0	ASD_only
HGNC:29568	LHFPL4	0	0	0	0	Background
HGNC:26190	MTMR14	0	0	0	0	Background
HGNC:24336	CPNE9	0	0	0	0	Background
HGNC:14255	BRPF1	0	0	0	0	Background
HGNC:8125	OGG1	0	0	0	0	Background
HGNC:1459	CAMK1	0	0	0	0	Background
HGNC:19422	TADA3	0	0	0	0	Background
HGNC:707	ARPC4	0	0	0	0	Background
HGNC:38830	ARPC4-TTLL3	0	0	0	0	Background
HGNC:24483	TTLL3	0	0	0	0	Background
HGNC:28437	RPUSD3	0	0	0	0	Background
HGNC:24229	CIDEC	0	0	0	0	Background
HGNC:26926	JAGN1	1	0	0	0	IEI_only
HGNC:18439	IL17RE	0	0	0	0	Background
HGNC:18358	IL17RC	1	0	0	0	IEI_only
HGNC:14630	CRELD1	0	0	0	0	Background
HGNC:26591	PRRT3	0	0	0	0	Background
HGNC:23999	EMC3	0	0	0	0	Background
HGNC:3585	FANCD2	1	0	0	0	IEI_only
HGNC:28623	FANCD2OS	0	0	0	0	Background
HGNC:23057	BRK1	0	0	0	0	Background
HGNC:12687	VHL	0	0	0	0	Background
HGNC:6113	IRAK2	0	0	0	0	Background
HGNC:28988	TATDN2	0	0	0	0	Background
HGNC:18129	GHRL	0	0	0	0	Background
HGNC:10697	SEC13	0	0	0	0	Background
HGNC:815	ATP2B2	0	1	1	0	ASD_only
HGNC:11044	SLC6A11	0	0	0	0	Background
HGNC:11042	SLC6A1	0	1	1	0	ASD_only
HGNC:5182	HRH1	0	0	0	0	Background
HGNC:16935	ATG7	0	0	0	0	Background
HGNC:28966	VGLL4	0	0	0	0	Background
HGNC:25187	TAMM41	0	0	0	0	Background
HGNC:11823	TIMP4	0	0	0	0	Background
HGNC:9236	PPARG	0	0	0	0	Background
HGNC:28422	TSEN2	0	0	0	0	Background
HGNC:40375	MKRN2OS	0	0	0	0	Background
HGNC:7113	MKRN2	0	0	0	0	Background
HGNC:9829	RAF1	0	0	0	0	Background
HGNC:25620	TMEM40	0	0	0	0	Background
HGNC:30689	CAND2	0	0	0	0	Background
HGNC:10336	RPL32	0	0	0	0	Background
HGNC:29112	IQSEC1	0	0	0	0	Background
HGNC:30052	NUP210	0	0	0	0	Background
HGNC:19086	HDAC11	0	0	0	0	Background
HGNC:3601	FBLN2	0	0	0	0	Background
HGNC:12786	WNT7A	0	0	0	0	Background
HGNC:32178	TPRXL	0	0	0	0	Background
HGNC:26467	CHCHD4	0	0	0	0	Background
HGNC:28472	TMEM43	0	0	0	0	Background
HGNC:12816	XPC	0	0	0	0	Background
HGNC:17874	LSM3	0	0	0	0	Background
HGNC:11052	SLC6A6	0	0	0	0	Background
HGNC:28033	CCDC174	0	0	0	0	Background
HGNC:25320	FAM194C	0	0	0	0	Background
HGNC:19117	FGD5	0	0	0	0	Background
HGNC:7972	NR2C2	0	0	0	0	Background
HGNC:14511	MRPS25	0	0	0	0	Background
HGNC:20759	RBSN	0	0	0	0	Background
HGNC:1484	CAPN7	0	0	0	0	Background
HGNC:10827	SH3BP5	0	0	0	0	Background
HGNC:28343	METTL6	0	0	0	0	Background
HGNC:20907	EAF1	0	0	0	0	Background
HGNC:2226	COLQ	0	0	0	0	Background
HGNC:17856	HACL1	0	0	0	0	Background
HGNC:1122	BTD	0	0	0	0	Background
HGNC:29024	ANKRD28	0	0	0	0	Background
HGNC:21531	GALNT15	0	0	0	0	Background
HGNC:27717	DPH3	0	0	0	0	Background
HGNC:25128	OXNAD1	0	0	0	0	Background
HGNC:30278	RFTN1	0	0	0	0	Background
HGNC:2685	DAZL	0	0	0	0	Background
HGNC:9064	PLCL2	0	0	0	0	Background
HGNC:19166	TBC1D5	0	1	1	0	ASD_only
HGNC:10541	SATB1	0	1	1	0	ASD_only
HGNC:18864	KCNH8	0	0	0	0	Background
HGNC:26330	EFHB	0	0	0	0	Background
HGNC:9783	RAB5A	0	0	0	0	Background
HGNC:28406	PP2D1	0	0	0	0	Background
HGNC:8638	KAT2B	0	1	1	0	ASD_only
HGNC:25088	SGO1	0	0	0	0	Background
HGNC:26191	ZNF385D	0	0	0	0	Background
HGNC:12478	UBE2E2	0	0	0	0	Background
HGNC:12477	UBE2E1	0	0	0	0	Background
HGNC:17899	NKIRAS1	0	0	0	0	Background
HGNC:10306	RPL15	0	0	0	0	Background
HGNC:7963	NR1D2	0	0	0	0	Background
HGNC:11799	THRB	0	0	0	0	Background
HGNC:9865	RARB	0	0	0	0	Background
HGNC:11990	TOP2B	1	1	1	1	Overlap_raw
HGNC:17646	NGLY1	0	0	0	0	Background
HGNC:26063	OXSM	0	0	0	0	Background
HGNC:27708	LINC00692	0	0	0	0	Background
HGNC:28105	LRRC3B	0	0	0	0	Background
HGNC:18592	NEK10	0	0	0	0	Background
HGNC:11033	SLC4A7	0	0	0	0	Background
HGNC:3372	EOMES	0	0	0	0	Background
HGNC:28783	CMC1	0	0	0	0	Background
HGNC:24002	AZI2	0	0	0	0	Background
HGNC:23574	ZCWPW2	0	0	0	0	Background
HGNC:13427	RBMS3	0	0	0	0	Background
HGNC:11773	TGFBR2	1	0	0	0	IEI_only
HGNC:27949	GADL1	0	0	0	0	Background
HGNC:30611	STT3B	0	0	0	0	Background
HGNC:16395	OSBPL10	0	0	0	0	Background
HGNC:34513	ZNF860	0	0	0	0	Background
HGNC:28956	GPD1L	0	0	0	0	Background
HGNC:19179	CMTM8	0	0	0	0	Background
HGNC:19178	CMTM7	0	0	0	0	Background
HGNC:19177	CMTM6	0	0	0	0	Background
HGNC:18745	DYNC1LI1	0	0	0	0	Background
HGNC:23817	CNOT10	0	0	0	0	Background
HGNC:32669	TRIM71	0	0	0	0	Background
HGNC:1605	CCR4	0	0	0	0	Background
HGNC:4298	GLB1	0	0	0	0	Background
HGNC:33865	TMPPE	0	0	0	0	Background
HGNC:2379	CRTAP	0	0	0	0	Background
HGNC:29061	SUSD5	0	0	0	0	Background
HGNC:13598	FBXL2	0	0	0	0	Background
HGNC:12507	UBP1	0	0	0	0	Background
HGNC:17078	CLASP2	0	0	0	0	Background
HGNC:8766	PDCD6IP	0	0	0	0	Background
HGNC:16968	ARPP21	0	0	0	0	Background
HGNC:11353	STAC	0	0	0	0	Background
HGNC:19005	DCLK3	0	0	0	0	Background
HGNC:29011	TRANK1	0	0	0	0	Background
HGNC:19735	EPM2AIP1	0	0	0	0	Background
HGNC:7127	MLH1	0	0	0	0	Background
HGNC:6703	LRRFIP2	0	0	0	0	Background
HGNC:4427	GOLGA4	0	0	0	0	Background
HGNC:24082	APRG1	0	0	0	0	Background
HGNC:6145	ITGA9	0	0	0	0	Background
HGNC:16890	CTDSPL	0	0	0	0	Background
HGNC:30906	VILL	0	0	0	0	Background
HGNC:9060	PLCD1	0	0	0	0	Background
HGNC:2899	DLEC1	0	0	0	0	Background
HGNC:82	ACAA1	0	0	0	0	Background
HGNC:7562	MYD88	1	0	0	0	IEI_only
HGNC:8508	OXSR1	0	0	0	0	Background
HGNC:8494	SLC22A13	0	0	0	0	Background
HGNC:8495	SLC22A14	0	0	0	0	Background
HGNC:12839	XYLB	0	0	0	0	Background
HGNC:174	ACVR2B	0	0	0	0	Background
HGNC:3347	EXOG	0	0	0	0	Background
HGNC:10593	SCN5A	0	0	0	0	Background
HGNC:10582	SCN10A	0	0	0	0	Background
HGNC:10583	SCN11A	0	0	0	0	Background
HGNC:30914	WDR48	0	0	0	0	Background
HGNC:16769	GORASP1	0	0	0	0	Background
HGNC:30761	TTC21A	0	0	0	0	Background
HGNC:14300	CSRNP1	0	0	0	0	Background
HGNC:14301	XIRP1	0	0	0	0	Background
HGNC:2558	CX3CR1	0	1	1	0	ASD_only
HGNC:1609	CCR8	0	0	0	0	Background
HGNC:26054	SLC25A38	0	0	0	0	Background
HGNC:6502	RPSA	1	0	0	0	IEI_only
HGNC:7189	MOBP	0	0	0	0	Background
HGNC:19156	MYRIP	0	0	0	0	Background
HGNC:30792	EIF1B	0	0	0	0	Background
HGNC:3365	ENTPD3	0	0	0	0	Background
HGNC:10305	RPL14	0	0	0	0	Background
HGNC:26910	ZNF619	0	0	0	0	Background
HGNC:28742	ZNF620	0	0	0	0	Background
HGNC:24787	ZNF621	0	0	0	0	Background
HGNC:2514	CTNNB1	0	1	1	0	ASD_only
HGNC:15784	ULK4	0	0	0	0	Background
HGNC:29947	TRAK1	0	0	0	0	Background
HGNC:1569	CCK	0	0	0	0	Background
HGNC:28387	LYZL4	0	0	0	0	Background
HGNC:12694	VIPR1	0	0	0	0	Background
HGNC:16828	SEC22C	0	0	0	0	Background
HGNC:15593	SS18L2	0	0	0	0	Background
HGNC:7833	NKTR	0	0	0	0	Background
HGNC:26955	ZBTB47	0	0	0	0	Background
HGNC:30372	KLHL40	0	0	0	0	Background
HGNC:13242	HHATL	0	0	0	0	Background
HGNC:26358	CCDC13	0	0	0	0	Background
HGNC:29527	HIGD1A	0	0	0	0	Background
HGNC:1565	ACKR2	0	0	0	0	Background
HGNC:38708	KRABD1	0	0	0	0	Background
HGNC:2653	CYP8B1	0	0	0	0	Background
HGNC:31930	ZNF662	0	0	0	0	Background
HGNC:24485	GASK1A	0	0	0	0	Background
HGNC:25902	POMGNT2	0	0	0	0	Background
HGNC:30598	SNRK	0	0	0	0	Background
HGNC:25519	ANO10	0	0	0	0	Background
HGNC:21396	ABHD5	0	0	0	0	Background
HGNC:24746	TOPAZ1	0	0	0	0	Background
HGNC:25241	TCAIM	0	0	0	0	Background
HGNC:21018	ZNF445	0	0	0	0	Background
HGNC:27713	ZNF852	0	0	0	0	Background
HGNC:12955	ZKSCAN7	0	0	0	0	Background
HGNC:26720	ZNF660	0	0	0	0	Background
HGNC:12988	ZNF197	0	0	0	0	Background
HGNC:13099	ZNF35	0	0	0	0	Background
HGNC:23718	ZNF502	0	0	0	0	Background
HGNC:23717	ZNF501	0	0	0	0	Background
HGNC:29198	KIAA1143	0	0	0	0	Background
HGNC:17273	KIF15	0	0	0	0	Background
HGNC:28444	TMEM42	0	0	0	0	Background
HGNC:11780	TGM4	0	0	0	0	Background
HGNC:18470	ZDHHC3	0	0	0	0	Background
HGNC:28112	EXOSC7	0	0	0	0	Background
HGNC:11891	CLEC3B	0	0	0	0	Background
HGNC:24357	CDCP1	0	0	0	0	Background
HGNC:30293	TMEM158	0	0	0	0	Background
HGNC:17095	LARS2	0	0	0	0	Background
HGNC:6612	LIMD1	0	0	0	0	Background
HGNC:17059	SACM1L	0	0	0	0	Background
HGNC:30927	SLC6A20	0	0	0	0	Background
HGNC:6741	LZTFL1	0	0	0	0	Background
HGNC:1610	CCR9	0	0	0	0	Background
HGNC:14673	FYCO1	0	0	0	0	Background
HGNC:16647	CXCR6	0	0	0	0	Background
HGNC:1625	XCR1	0	0	0	0	Background
HGNC:1604	CCR3	0	0	0	0	Background
HGNC:1602	CCR1	0	0	0	0	Background
HGNC:1603	CCR2	1	0	0	0	IEI_only
HGNC:1606	CCR5	0	0	0	0	Background
HGNC:1612	CCRL2	0	0	0	0	Background
HGNC:6720	LTF	0	0	0	0	Background
HGNC:15572	RTP3	0	0	0	0	Background
HGNC:14676	LRRC2	0	0	0	0	Background
HGNC:15571	LRRC2-AS1	0	0	0	0	Background
HGNC:11701	CRIPTO	0	0	0	0	Background
HGNC:20605	ALS2CL	0	0	0	0	Background
HGNC:30800	TMIE	0	0	0	0	Background
HGNC:17910	PRSS50	0	0	0	0	Background
HGNC:37325	PRSS46P	0	0	0	0	Background
HGNC:30717	PRSS45P	0	0	0	0	Background
HGNC:30716	PRSS42P	0	0	0	0	Background
HGNC:7584	MYL3	0	0	0	0	Background
HGNC:9608	PTH1R	0	0	0	0	Background
HGNC:28332	CCDC12	0	0	0	0	Background
HGNC:31928	NBEAL2	1	0	0	0	IEI_only
HGNC:18420	SETD2	0	1	1	0	ASD_only
HGNC:16666	KIF9	0	0	0	0	Background
HGNC:29120	KLHL18	0	0	0	0	Background
HGNC:14406	PTPN23	0	0	0	0	Background
HGNC:30634	SCAP	0	0	0	0	Background
HGNC:25976	ELP6	0	0	0	0	Background
HGNC:2467	CSPG5	0	0	0	0	Background
HGNC:11104	SMARCC1	0	0	0	0	Background
HGNC:16716	DHX30	0	0	0	0	Background
HGNC:6862	MAP4	0	0	0	0	Background
HGNC:1725	CDC25A	0	0	0	0	Background
HGNC:1472	CAMP	0	0	0	0	Background
HGNC:16747	ZNF589	0	0	0	0	Background
HGNC:20567	NME6	0	0	0	0	Background
HGNC:33160	SPINK8	0	0	0	0	Background
HGNC:20729	FBXW12	0	0	0	0	Background
HGNC:9103	PLXNB1	0	1	1	0	ASD_only
HGNC:25714	CCDC51	0	0	0	0	Background
HGNC:26932	TMA7	0	0	0	0	Background
HGNC:33499	ATRIP	0	0	0	0	Background
HGNC:12269	TREX1	1	0	0	0	IEI_only
HGNC:30376	SHISA5	0	0	0	0	Background
HGNC:8875	PFKFB4	0	0	0	0	Background
HGNC:18414	UCN2	0	0	0	0	Background
HGNC:2214	COL7A1	0	0	0	0	Background
HGNC:12585	UQCRC1	0	0	0	0	Background
HGNC:32372	TMEM89	0	0	0	0	Background
HGNC:14472	SLC26A6	0	0	0	0	Background
HGNC:3230	CELSR3	0	0	0	0	Background
HGNC:15486	NCKIPSD	0	0	0	0	Background
HGNC:17313	IP6K2	0	0	0	0	Background
HGNC:9391	PRKAR2A	0	0	0	0	Background
HGNC:1421	SLC25A20	0	0	0	0	Background
HGNC:34425	ARIH2OS	0	0	0	0	Background
HGNC:690	ARIH2	0	0	0	0	Background
HGNC:28858	P4HTM	0	0	0	0	Background
HGNC:12758	WDR6	0	0	0	0	Background
HGNC:25536	DALRD3	0	0	0	0	Background
HGNC:29918	NDUFAF3	0	0	0	0	Background
HGNC:6053	IMPDH2	0	0	0	0	Background
HGNC:24713	QRICH1	0	1	1	0	ASD_only
HGNC:9751	QARS1	0	0	0	0	Background
HGNC:12617	USP19	0	0	0	0	Background
HGNC:6487	LAMB2	0	0	0	0	Background
HGNC:25760	CCDC71	0	0	0	0	Background
HGNC:28557	KLHDC8B	0	0	0	0	Background
HGNC:44666	CIMIP7	0	0	0	0	Background
HGNC:27945	IHO1	0	0	0	0	Background
HGNC:24771	C3orf62	0	0	0	0	Background
HGNC:12627	USP4	0	0	0	0	Background
HGNC:4553	GPX1	0	1	1	0	ASD_only
HGNC:667	RHOA	0	0	0	0	Background
HGNC:11692	TCTA	0	0	0	0	Background
HGNC:473	AMT	0	1	1	0	ASD_only
HGNC:18317	NICN1	0	0	0	0	Background
HGNC:2666	DAG1	0	0	0	0	Background
HGNC:1117	BSN	0	0	0	0	Background
HGNC:586	APEH	0	0	0	0	Background
HGNC:7380	MST1	0	0	0	0	Background
HGNC:21148	RNF123	0	0	0	0	Background
HGNC:24075	AMIGO3	0	0	0	0	Background
HGNC:22932	GMPPB	0	0	0	0	Background
HGNC:18360	IP6K1	0	0	0	0	Background
HGNC:34527	CDHR4	0	0	0	0	Background
HGNC:32480	INKA1	0	0	0	0	Background
HGNC:12471	UBA7	0	0	1	0	Background
HGNC:30764	TRAIP	0	0	0	0	Background
HGNC:28788	CAMKV	0	0	0	0	Background
HGNC:7381	MST1R	0	0	0	0	Background
HGNC:28207	MON1A	0	0	0	0	Background
HGNC:9903	RBM6	0	0	0	0	Background
HGNC:9902	RBM5	0	0	0	0	Background
HGNC:10728	SEMA3F	0	0	0	0	Background
HGNC:4393	GNAT1	0	0	0	0	Background
HGNC:4385	GNAI2	0	0	0	0	Background
HGNC:26781	LSMEM2	0	0	0	0	Background
HGNC:5457	IFRD2	0	0	0	0	Background
HGNC:5322	HYAL3	0	0	0	0	Background
HGNC:30252	NAA80	0	0	0	0	Background
HGNC:5320	HYAL1	0	0	0	0	Background
HGNC:5321	HYAL2	0	0	0	0	Background
HGNC:17034	TUSC2	0	0	0	0	Background
HGNC:9882	RASSF1	0	0	0	0	Background
HGNC:19412	ZMYND10	0	0	0	0	Background
HGNC:24969	NPRL2	0	0	0	0	Background
HGNC:30253	CYB561D2	0	0	0	0	Background
HGNC:30055	TMEM115	0	0	0	0	Background
HGNC:1400	CACNA2D2	0	0	0	0	Background
HGNC:24837	C3orf18	0	0	0	0	Background
HGNC:24923	HEMK1	0	0	0	0	Background
HGNC:1984	CISH	0	0	0	0	Background
HGNC:6888	MAPKAPK3	0	0	0	0	Background
HGNC:2989	DOCK3	0	0	0	0	Background
HGNC:15461	MANF	0	0	0	0	Background
HGNC:24303	RBM15B	0	0	0	0	Background
HGNC:30911	DCAF1	0	0	0	0	Background
HGNC:29123	RAD54L2	0	0	0	0	Background
HGNC:30247	TEX264	0	0	0	0	Background
HGNC:4594	GRM2	0	0	0	0	Background
HGNC:35158	IQCF6	0	0	0	0	Background
HGNC:31816	IQCF3	0	0	0	0	Background
HGNC:31815	IQCF2	0	0	0	0	Background
HGNC:35159	IQCF5	0	0	0	0	Background
HGNC:28607	IQCF1	0	0	0	0	Background
HGNC:16829	RRP9	0	0	0	0	Background
HGNC:273	PARP3	0	0	0	0	Background
HGNC:13301	GPR62	0	0	0	0	Background
HGNC:8652	PCBP4	0	0	0	0	Background
HGNC:28235	ABHD14B	0	0	0	0	Background
HGNC:24538	ABHD14A	0	0	0	0	Background
HGNC:38856	ABHD14A-ACY1	0	0	0	0	Background
HGNC:177	ACY1	0	0	0	0	Background
HGNC:10331	RPL29	0	0	0	0	Background
HGNC:3073	DUSP7	0	0	0	0	Background
HGNC:34426	LINC00696	0	0	0	0	Background
HGNC:24488	POC1A	0	0	0	0	Background
HGNC:396	ALAS1	0	0	0	0	Background
HGNC:15633	TLR9	0	0	0	0	Background
HGNC:9621	TWF2	0	0	0	0	Background
HGNC:26506	PPM1M	0	0	0	0	Background
HGNC:28826	WDR82	0	0	0	0	Background
HGNC:24247	GLYCTK	0	0	0	0	Background
HGNC:2940	DNAH1	0	0	0	0	Background
HGNC:950	BAP1	0	0	0	0	Background
HGNC:18458	PHF7	0	1	1	0	ASD_only
HGNC:30400	SEMA3G	0	0	0	0	Background
HGNC:11943	TNNC1	0	0	0	0	Background
HGNC:18006	NISCH	0	0	0	0	Background
HGNC:18628	STAB1	0	0	0	0	Background
HGNC:25717	NT5DC2	0	0	0	0	Background
HGNC:37257	UQCC5	0	0	0	0	Background
HGNC:30064	PBRM1	0	0	0	0	Background
HGNC:29931	GNL3	0	0	0	0	Background
HGNC:24870	GLT8D1	0	0	0	0	Background
HGNC:23401	SPCS1	0	0	0	0	Background
HGNC:11399	NEK4	0	0	0	0	Background
HGNC:6166	ITIH1	0	0	0	0	Background
HGNC:6168	ITIH3	0	0	0	0	Background
HGNC:6169	ITIH4	0	0	0	0	Background
HGNC:22144	MUSTN1	0	0	0	0	Background
HGNC:38834	STIMATE-MUSTN1	0	0	0	0	Background
HGNC:30526	STIMATE	0	0	0	0	Background
HGNC:20255	SFMBT1	0	0	0	0	Background
HGNC:30220	RFT1	0	0	0	0	Background
HGNC:9399	PRKCD	1	0	0	0	IEI_only
HGNC:11834	TKT	0	0	0	0	Background
HGNC:18714	DCP1A	0	0	0	0	Background
HGNC:1391	CACNA1D	0	1	1	0	ASD_only
HGNC:24288	CHDH	0	0	0	0	Background
HGNC:18015	IL17RB	0	0	0	0	Background
HGNC:14672	ACTR8	0	0	0	0	Background
HGNC:30394	SELENOK	0	0	0	0	Background
HGNC:15460	CACNA2D3	0	1	1	0	ASD_only
HGNC:25023	LRTM1	0	0	0	0	Background
HGNC:12784	WNT5A	0	0	0	0	Background
HGNC:31922	ERC2	0	0	0	0	Background
HGNC:27709	CCDC66	0	0	0	0	Background
HGNC:30314	TASOR	0	0	0	0	Background
HGNC:683	ARHGEF3	0	0	0	0	Background
HGNC:23221	SPATA12	0	0	0	0	Background
HGNC:17616	IL17RD	0	0	0	0	Background
HGNC:4877	HESX1	0	0	0	0	Background
HGNC:24035	APPL1	0	0	0	0	Background
HGNC:19766	ASB14	0	1	1	0	ASD_only
HGNC:2943	DNAH12	0	0	0	0	Background
HGNC:25386	PDE12	0	0	0	0	Background
HGNC:655	ARF4	0	0	0	0	Background
HGNC:26635	DENND6A	0	0	0	0	Background
HGNC:16643	SLMAP	0	0	0	0	Background
HGNC:3755	FLNB	0	0	0	0	Background
HGNC:2959	DNASE1L3	1	0	0	0	IEI_only
HGNC:21398	ABHD6	0	0	0	0	Background
HGNC:30327	RPP14	0	0	0	0	Background
HGNC:53111	HTD2	0	0	0	0	Background
HGNC:23326	PXK	0	0	0	0	Background
HGNC:8808	PDHB	0	0	0	0	Background
HGNC:22235	KCTD6	0	0	0	0	Background
HGNC:120	ACOX2	0	0	0	0	Background
HGNC:30827	FAM107A	0	0	0	0	Background
HGNC:18665	FAM3D	0	0	0	0	Background
HGNC:24763	CFAP20DC	0	0	0	0	Background
HGNC:3701	FHIT	0	1	1	0	ASD_only
HGNC:9671	PTPRG	0	0	0	0	Background
HGNC:25024	CEP15	0	0	0	0	Background
HGNC:13506	FEZF2	0	1	1	0	ASD_only
HGNC:1426	CADPS	0	1	1	0	ASD_only
HGNC:16507	SYNPR	0	0	0	0	Background
HGNC:33706	SNTN	0	0	0	0	Background
HGNC:25190	C3orf49	0	0	0	0	Background
HGNC:29874	THOC7	0	0	0	0	Background
HGNC:10560	ATXN7	0	0	0	0	Background
HGNC:9564	PSMD6	0	1	1	0	ASD_only
HGNC:20340	PRICKLE2	0	1	1	0	ASD_only
HGNC:13202	ADAMTS9	0	0	0	0	Background
HGNC:946	MAGI1	0	0	0	0	Background
HGNC:20661	SLC25A26	0	0	0	0	Background
HGNC:17360	LRIG1	0	0	0	0	Background
HGNC:30691	KBTBD8	0	0	0	0	Background
HGNC:11450	SUCLG2	0	0	0	0	Background
HGNC:21587	TAFA1	0	0	0	0	Background
HGNC:21591	TAFA4	0	0	0	0	Background
HGNC:28526	EOGT	0	0	0	0	Background
HGNC:11870	TMF1	0	0	0	0	Background
HGNC:12470	UBA3	0	0	0	0	Background
HGNC:16937	ARL6IP5	0	0	0	0	Background
HGNC:6649	LMOD3	0	0	0	0	Background
HGNC:24886	FRMD4B	0	0	0	0	Background
HGNC:7105	MITF	0	0	0	0	Background
HGNC:3823	FOXP1	0	1	1	0	ASD_only
HGNC:31837	EIF4E3	0	0	0	0	Background
HGNC:4482	GPR27	0	0	0	0	Background
HGNC:18455	PROK2	0	0	0	0	Background
HGNC:10480	RYBP	0	0	0	0	Background
HGNC:25543	SHQ1	0	0	0	0	Background
HGNC:33383	GXYLT2	0	0	0	0	Background
HGNC:18296	PPP4R2	0	0	0	0	Background
HGNC:25493	EBLN2	0	0	0	0	Background
HGNC:17704	PDZRN3	0	0	0	0	Background
HGNC:2173	CNTN3	0	1	1	0	ASD_only
HGNC:33626	FRG2C	0	0	0	0	Background
HGNC:29448	ZNF717	0	0	0	0	Background
HGNC:10250	ROBO2	0	1	1	0	ASD_only
HGNC:10249	ROBO1	0	0	0	0	Background
HGNC:4180	GBE1	0	1	1	0	ASD_only
HGNC:29849	CADM2	0	1	1	0	ASD_only
HGNC:24327	VGLL3	0	0	0	0	Background
HGNC:24537	CHMP2B	0	0	0	0	Background
HGNC:9210	POU1F1	0	0	0	0	Background
HGNC:5292	HTR1F	0	0	0	0	Background
HGNC:1888	CGGBP1	0	0	0	0	Background
HGNC:25612	ZNF654	0	0	0	0	Background
HGNC:28384	C3orf38	0	0	0	0	Background
HGNC:3387	EPHA3	0	0	0	0	Background
HGNC:9456	PROS1	0	0	0	0	Background
HGNC:25419	ARL13B	0	0	0	0	Background
HGNC:19300	STX19	0	0	0	0	Background
HGNC:27309	DHFR2	0	0	0	0	Background
HGNC:26208	NSUN3	0	0	0	0	Background
HGNC:37169	MTRNR2L12	0	0	0	0	Background
HGNC:19296	EPHA6	0	0	0	0	Background
HGNC:13210	ARL6	0	0	0	0	Background
HGNC:34427	CRYBG3	0	0	0	0	Background
HGNC:19441	RIOX2	0	0	0	0	Background
HGNC:15431	OR5AC2	0	0	0	0	Background
HGNC:8346	OR5H1	0	0	0	0	Background
HGNC:31286	OR5H14	0	0	0	0	Background
HGNC:31287	OR5H15	0	0	0	0	Background
HGNC:14767	OR5H6	0	0	0	0	Background
HGNC:14752	OR5H2	0	0	0	0	Background
HGNC:31291	OR5K4	0	0	0	0	Background
HGNC:31290	OR5K3	0	0	0	0	Background
HGNC:8349	OR5K1	0	0	0	0	Background
HGNC:14774	OR5K2	0	0	0	0	Background
HGNC:1322	CLDND1	0	0	0	0	Background
HGNC:2321	CPOX	0	0	0	0	Background
HGNC:4469	GPR15	0	0	0	0	Background
HGNC:18080	ST3GAL6	0	0	0	0	Background
HGNC:24627	DCBLD2	0	0	0	0	Background
HGNC:2215	COL8A1	0	0	0	0	Background
HGNC:28666	CMSS1	0	0	0	0	Background
HGNC:24589	FILIP1L	0	0	0	0	Background
HGNC:30443	CDC50CP	0	0	0	0	Background
HGNC:25622	TBC1D23	0	0	0	0	Background
HGNC:29878	NIT2	0	0	0	0	Background
HGNC:11985	TOMM70	0	0	0	0	Background
HGNC:28014	LNP1	0	0	0	0	Background
HGNC:25480	TMEM45A	0	0	0	0	Background
HGNC:19241	ADGRG7	0	0	0	0	Background
HGNC:11758	TFG	0	0	0	0	Background
HGNC:17265	ABI3BP	0	0	0	0	Background
HGNC:18362	IMPG2	0	0	0	0	Background
HGNC:30402	SENP7	0	0	0	0	Background
HGNC:26022	TRMT10C	0	0	0	0	Background
HGNC:30023	PCNP	0	0	0	0	Background
HGNC:16740	ZBTB11	0	0	0	0	Background
HGNC:10325	RPL24	0	0	0	0	Background
HGNC:26244	CEP97	0	0	0	0	Background
HGNC:28238	NXPE3	0	0	0	0	Background
HGNC:29805	NFKBIZ	0	0	0	0	Background
HGNC:27022	ZPLD1	0	0	0	0	Background
HGNC:400	ALCAM	0	0	0	0	Background
HGNC:1542	CBLB	1	0	0	0	IEI_only
HGNC:30703	CCDC54	0	0	0	0	Background
HGNC:14422	BBX	0	0	0	0	Background
HGNC:1682	CD47	0	0	0	0	Background
HGNC:17367	IFT57	0	0	0	0	Background
HGNC:4905	HHLA2	0	0	0	0	Background
HGNC:31073	MYH15	0	0	0	0	Background
HGNC:29302	CIP2A	0	0	0	0	Background
HGNC:30938	DZIP3	0	0	0	0	Background
HGNC:20388	RETNLB	0	0	0	0	Background
HGNC:30698	TRAT1	0	0	0	0	Background
HGNC:4680	GUCA1C	0	0	0	0	Background
HGNC:7198	MORC1	0	0	0	0	Background
HGNC:19197	DPPA2	0	0	0	0	Background
HGNC:19200	DPPA4	0	0	0	0	Background
HGNC:17664	NECTIN3	0	0	0	0	Background
HGNC:16892	CD96	0	0	0	0	Background
HGNC:20710	ZBED2	0	0	0	0	Background
HGNC:26462	PLCXD2	0	0	0	0	Background
HGNC:29573	PHLDB2	0	0	0	0	Background
HGNC:25656	ABHD10	0	0	0	0	Background
HGNC:29868	TAGLN3	0	0	0	0	Background
HGNC:30846	TMPRSS7	0	0	0	0	Background
HGNC:26255	C3orf52	0	0	0	0	Background
HGNC:20253	GCSAM	0	0	0	0	Background
HGNC:31401	SLC9C1	0	0	0	0	Background
HGNC:7203	CD200	0	0	0	0	Background
HGNC:21087	BTLA	0	0	0	0	Background
HGNC:20962	ATG3	0	0	0	0	Background
HGNC:20792	SLC35A5	0	0	0	0	Background
HGNC:30649	CCDC80	0	0	0	0	Background
HGNC:24665	CD200R1L	0	0	0	0	Background
HGNC:24235	CD200R1	0	0	0	0	Background
HGNC:25007	GTPBP8	0	0	0	0	Background
HGNC:24496	RMP64	0	0	0	0	Background
HGNC:17173	BOC	0	0	0	0	Background
HGNC:25631	CFAP44	0	0	0	0	Background
HGNC:25083	SPICE1	0	0	0	0	Background
HGNC:25967	SIDT1	0	0	0	0	Background
HGNC:30494	USF3	0	0	0	0	Background
HGNC:29533	NAA50	0	0	0	0	Background
HGNC:851	ATP6V1A	0	0	0	0	Background
HGNC:25252	GRAMD1C	0	0	0	0	Background
HGNC:28654	ZDHHC23	0	0	0	0	Background
HGNC:29272	CCDC191	0	0	0	0	Background
HGNC:25771	QTRT2	0	0	0	0	Background
HGNC:3024	DRD3	0	1	1	0	ASD_only
HGNC:13155	ZNF80	0	0	0	0	Background
HGNC:26838	TIGIT	0	0	0	0	Background
HGNC:13503	ZBTB20	0	1	1	0	ASD_only
HGNC:4140	GAP43	0	0	0	0	Background
HGNC:6705	LSAMP	0	0	0	0	Background
HGNC:16669	IGSF11	0	0	0	0	Background
HGNC:26553	TEX55	0	0	0	0	Background
HGNC:12578	UPK1B	0	0	0	0	Background
HGNC:927	B4GALT4	0	0	0	0	Background
HGNC:29216	ARHGAP31	0	0	0	0	Background
HGNC:25600	TMEM39A	0	0	0	0	Background
HGNC:22954	POGLUT1	0	0	0	0	Background
HGNC:1321	TIMMDC1	0	0	0	0	Background
HGNC:1700	CD80	0	0	0	0	Background
HGNC:269	ADPRH	0	0	0	0	Background
HGNC:17661	PLA1A	0	0	0	0	Background
HGNC:17648	POPDC2	0	0	0	0	Background
HGNC:2264	COX17	0	0	0	0	Background
HGNC:24010	CFAP91	0	0	0	0	Background
HGNC:7968	NR1I2	0	0	0	0	Background
HGNC:4617	GSK3B	0	0	0	0	Background
HGNC:20844	GPR156	0	0	0	0	Background
HGNC:26968	LRRC58	0	0	0	0	Background
HGNC:3972	FSTL1	0	0	0	0	Background
HGNC:7699	NDUFB4	0	0	0	0	Background
HGNC:4892	HGD	0	0	0	0	Background
HGNC:18072	RABL3	0	0	0	0	Background
HGNC:4650	GTF2E1	0	0	0	0	Background
HGNC:30757	STXBP5L	0	0	0	0	Background
HGNC:9186	POLQ	0	0	0	0	Background
HGNC:30146	ARGFX	0	0	0	0	Background
HGNC:29816	FBXO40	0	1	1	0	ASD_only
HGNC:4844	HCLS1	0	0	0	0	Background
HGNC:4429	GOLGB1	0	0	0	0	Background
HGNC:28949	IQCB1	0	0	0	0	Background
HGNC:23115	EAF2	0	0	0	0	Background
HGNC:10921	SLC15A2	0	0	0	0	Background
HGNC:28741	ILDR1	0	0	0	0	Background
HGNC:1705	CD86	0	0	0	0	Background
HGNC:1514	CASR	0	0	0	0	Background
HGNC:2481	CSTA	0	0	0	0	Background
HGNC:31136	MIX23	0	0	0	0	Background
HGNC:17865	FAM162A	0	0	0	0	Background
HGNC:17826	WDR5B	0	0	0	0	Background
HGNC:6394	KPNA1	0	0	0	0	Background
HGNC:24118	PARP9	0	0	0	0	Background
HGNC:30323	DTX3L	0	0	0	0	Background
HGNC:26876	PARP15	0	0	0	0	Background
HGNC:29232	PARP14	0	0	0	0	Background
HGNC:16389	HSPBAP1	0	0	0	0	Background
HGNC:16628	SLC49A4	0	0	0	0	Background
HGNC:10737	SEMA5B	0	0	0	0	Background
HGNC:24811	PDIA5	0	0	0	0	Background
HGNC:20260	SEC22A	0	0	0	0	Background
HGNC:236	ADCY5	0	1	1	0	ASD_only
HGNC:9640	HACD2	0	0	0	0	Background
HGNC:7590	MYLK	0	0	0	0	Background
HGNC:25766	CCDC14	0	0	0	0	Background
HGNC:17692	ROPN1	0	0	0	0	Background
HGNC:4814	KALRN	0	0	0	0	Background
HGNC:12563	UMPS	0	0	0	0	Background
HGNC:6160	ITGB5	0	0	0	0	Background
HGNC:7511	MUC13	0	0	0	0	Background
HGNC:29227	HEG1	0	0	0	0	Background
HGNC:15595	SLC12A8	0	0	0	0	Background
HGNC:12933	ZNF148	0	0	0	0	Background
HGNC:11175	SNX4	0	0	0	0	Background
HGNC:16397	OSBPL11	0	0	0	0	Background
HGNC:33721	ALG1L1P	0	0	0	0	Background
HGNC:31927	ROPN1B	0	0	0	0	Background
HGNC:31046	SLC41A3	0	0	0	0	Background
HGNC:3978	ALDH1L1	0	0	0	0	Background
HGNC:14536	KLF15	0	0	0	0	Background
HGNC:26842	CFAP100	0	0	0	0	Background
HGNC:28160	ZXDC	0	0	0	0	Background
HGNC:26444	UROC1	0	0	0	0	Background
HGNC:21755	CHST13	0	0	0	0	Background
HGNC:28534	C3orf22	0	0	0	0	Background
HGNC:20667	TXNRD3	0	0	0	0	Background
HGNC:28184	CHCHD6	0	0	0	0	Background
HGNC:9099	PLXNA1	0	0	0	0	Background
HGNC:32481	PRR23E	0	0	0	0	Background
HGNC:30413	TPRA1	0	0	0	0	Background
HGNC:6944	MCM2	0	0	0	0	Background
HGNC:17936	PODXL2	0	0	0	0	Background
HGNC:18275	ABTB1	0	0	0	0	Background
HGNC:17038	MGLL	0	0	0	0	Background
HGNC:25731	KBTBD12	0	0	0	0	Background
HGNC:18276	SEC61A1	1	0	0	0	IEI_only
HGNC:10474	RUVBL1	0	0	0	0	Background
HGNC:24614	EEFSEC	0	0	0	0	Background
HGNC:23699	DNAJB8	0	0	0	0	Background
HGNC:4171	GATA2	1	0	0	0	IEI_only
HGNC:17099	LINC01565	0	0	0	0	Background
HGNC:10381	RPN1	0	0	0	0	Background
HGNC:9788	RAB7A	0	0	0	0	Background
HGNC:21497	ACAD9	0	0	0	0	Background
HGNC:29231	CFAP92	0	0	0	0	Background
HGNC:25692	EFCC1	0	0	0	0	Background
HGNC:4444	GP9	0	0	0	0	Background
HGNC:19983	RAB43	0	1	1	0	ASD_only
HGNC:42969	ISY1-RAB43	0	0	0	0	Background
HGNC:29201	ISY1	0	0	0	0	Background
HGNC:13164	CNBP	0	0	0	0	Background
HGNC:2236	COPG1	1	0	0	0	IEI_only
HGNC:24446	HMCES	0	0	0	0	Background
HGNC:4722	H1-10	0	0	0	0	Background
HGNC:28061	EFCAB12	0	0	0	0	Background
HGNC:6919	MBD4	0	1	1	0	ASD_only
HGNC:13556	IFT122	0	0	0	0	Background
HGNC:10012	RHO	0	0	0	0	Background
HGNC:18463	H1-8	0	0	0	0	Background
HGNC:9107	PLXND1	0	0	0	0	Background
HGNC:29116	TMCC1	0	0	0	0	Background
HGNC:12298	TRH	0	0	0	0	Background
HGNC:26674	COL6A5	0	0	0	0	Background
HGNC:27023	COL6A6	0	0	0	0	Background
HGNC:8982	PIK3R4	0	0	0	0	Background
HGNC:13211	ATP2C1	0	0	0	0	Background
HGNC:25021	ASTE1	0	0	0	0	Background
HGNC:18593	NEK11	0	0	0	0	Background
HGNC:26442	NUDT16	0	0	0	0	Background
HGNC:10379	MRPL3	0	0	0	0	Background
HGNC:2317	CPNE4	0	0	0	0	Background
HGNC:125	ACP3	0	0	0	0	Background
HGNC:30343	DNAJC13	0	0	0	0	Background
HGNC:30211	ACAD11	0	0	0	0	Background
HGNC:7907	NPHP3	0	0	0	0	Background
HGNC:1611	ACKR4	0	0	0	0	Background
HGNC:23230	UBA5	0	0	0	0	Background
HGNC:28451	TMEM108	0	0	0	0	Background
HGNC:1041	BFSP2	0	0	0	0	Background
HGNC:26928	CDV3	0	0	0	0	Background
HGNC:17008	TOPBP1	0	0	0	0	Background
HGNC:11740	TF	0	0	0	0	Background
HGNC:24085	SRPRB	0	0	0	0	Background
HGNC:14902	RAB6B	0	0	0	0	Background
HGNC:26170	C3orf36	0	0	0	0	Background
HGNC:10955	SLCO2A1	0	0	0	0	Background
HGNC:10481	RYK	0	0	0	0	Background
HGNC:17812	AMOTL2	0	0	0	0	Background
HGNC:24540	ANAPC13	0	0	0	0	Background
HGNC:25815	CEP63	0	0	0	0	Background
HGNC:3392	EPHB1	0	0	0	0	Background
HGNC:26576	KY	0	0	0	0	Background
HGNC:9307	PPP2R3A	0	0	0	0	Background
HGNC:25544	MSL2	0	0	0	0	Background
HGNC:8654	PCCB	0	1	1	0	ASD_only
HGNC:11354	STAG1	0	0	0	0	Background
HGNC:28480	SLC35G2	0	0	0	0	Background
HGNC:7664	NCK1	0	0	0	0	Background
HGNC:6004	IL20RB	0	0	0	0	Background
HGNC:11193	SOX14	0	0	0	0	Background
HGNC:2039	CLDN18	0	0	0	0	Background
HGNC:26551	DZIP1L	0	0	0	0	Background
HGNC:17968	A4GNT	0	0	0	0	Background
HGNC:15594	DBR1	1	0	0	0	IEI_only
HGNC:24999	ARMC8	0	0	0	0	Background
HGNC:21343	NME9	0	0	0	0	Background
HGNC:7227	MRAS	0	0	0	0	Background
HGNC:24295	ESYT3	0	0	0	0	Background
HGNC:29972	CEP70	0	0	0	0	Background
HGNC:18703	FAIM	0	0	0	0	Background
HGNC:8976	PIK3CB	0	0	0	0	Background
HGNC:1092	FOXL2	0	0	0	0	Background
HGNC:34428	FOXL2NB	0	0	0	0	Background
HGNC:37172	PRR23A	0	0	0	0	Background
HGNC:14508	MRPS22	0	0	0	0	Background
HGNC:33764	PRR23B	0	0	0	0	Background
HGNC:37173	PRR23C	0	0	0	0	Background
HGNC:2232	COPB2	0	0	0	0	Background
HGNC:9920	RBP2	0	0	0	0	Background
HGNC:9919	RBP1	0	0	0	0	Background
HGNC:20989	NMNAT3	0	0	0	0	Background
HGNC:17448	CLSTN2	0	0	0	0	Background
HGNC:19014	TRIM42	0	0	0	0	Background
HGNC:25554	SLC25A36	0	0	0	0	Background
HGNC:30630	SPSB4	0	0	0	0	Background
HGNC:26303	PXYLP1	0	0	0	0	Background
HGNC:26636	ZBTB38	0	0	0	0	Background
HGNC:9872	RASA2	0	0	0	0	Background
HGNC:10070	RNF7	0	0	0	0	Background
HGNC:17031	GRK7	0	0	0	0	Background
HGNC:806	ATP1B3	0	0	0	0	Background
HGNC:11751	TFDP2	0	0	0	0	Background
HGNC:28635	GK5	0	0	0	0	Background
HGNC:30654	XRN1	0	0	0	0	Background
HGNC:882	ATR	0	0	0	0	Background
HGNC:9090	PLS1	0	0	0	0	Background
HGNC:12333	TRPC1	0	0	0	0	Background
HGNC:8739	PCOLCE2	0	0	0	0	Background
HGNC:30131	PAQR9	0	0	0	0	Background
HGNC:30855	U2SURP	0	0	0	0	Background
HGNC:1970	CHST2	0	0	0	0	Background
HGNC:20653	SLC9A9	0	1	1	0	ASD_only
HGNC:28490	DIPK2A	0	1	1	0	ASD_only
HGNC:9082	PLOD2	0	0	0	0	Background
HGNC:16497	PLSCR4	0	0	0	0	Background
HGNC:16494	PLSCR2	0	0	0	0	Background
HGNC:9092	PLSCR1	0	0	0	0	Background
HGNC:19952	PLSCR5	0	0	0	0	Background
HGNC:20393	ZIC4	0	0	0	0	Background
HGNC:12872	ZIC1	0	0	0	0	Background
HGNC:336	AGTR1	0	0	0	0	Background
HGNC:2299	CPB1	0	0	0	0	Background
HGNC:2298	CPA3	0	0	0	0	Background
HGNC:4699	GYG1	0	0	0	0	Background
HGNC:11099	HLTF	0	0	0	0	Background
HGNC:15597	HPS3	0	0	0	0	Background
HGNC:2295	CP	0	0	0	0	Background
HGNC:25181	TM4SF18	0	0	0	0	Background
HGNC:11853	TM4SF1	0	0	0	0	Background
HGNC:11856	TM4SF4	0	0	0	0	Background
HGNC:24042	WWTR1	0	0	0	0	Background
HGNC:24993	COMMD2	0	0	0	0	Background
HGNC:29642	ANKUB1	0	0	0	0	Background
HGNC:10057	RNF13	0	0	0	0	Background
HGNC:8882	PFN2	0	0	0	0	Background
HGNC:29095	TSC22D2	0	0	0	0	Background
HGNC:10759	SERP1	0	0	0	0	Background
HGNC:3254	EIF2A	0	0	0	0	Background
HGNC:18136	SELENOT	0	0	0	0	Background
HGNC:28602	ERICH6	0	0	0	0	Background
HGNC:10858	SIAH2	0	0	0	0	Background
HGNC:35475	MINDY4B	0	0	0	0	Background
HGNC:12605	CLRN1	0	0	0	0	Background
HGNC:16050	MED12L	0	1	1	0	ASD_only
HGNC:30057	GPR171	0	0	0	0	Background
HGNC:16442	P2RY14	0	0	0	0	Background
HGNC:4538	GPR87	0	0	0	0	Background
HGNC:4537	P2RY13	0	0	0	0	Background
HGNC:18124	P2RY12	0	0	0	0	Background
HGNC:26384	IGSF10	0	0	0	0	Background
HGNC:24427	AADACL2	0	0	0	0	Background
HGNC:17	AADAC	0	0	0	0	Background
HGNC:4542	SUCNR1	0	0	0	0	Background
HGNC:6923	MBNL1	0	0	0	0	Background
HGNC:34386	TMEM14EP	0	0	0	0	Background
HGNC:8539	P2RY1	0	0	0	0	Background
HGNC:9862	RAP2B	0	0	0	0	Background
HGNC:37259	LINC02877	0	0	0	0	Background
HGNC:24490	ARHGEF26	0	0	0	0	Background
HGNC:14410	DHX36	0	0	0	0	Background
HGNC:23627	GPR149	0	0	0	0	Background
HGNC:7154	MME	0	0	0	0	Background
HGNC:29185	PLCH1	0	0	0	0	Background
HGNC:26434	MISO1	0	0	0	0	Background
HGNC:95	SLC33A1	0	0	0	0	Background
HGNC:4378	GMPS	0	0	0	0	Background
HGNC:6228	KCNAB1	0	0	0	0	Background
HGNC:11325	SSR3	0	0	0	0	Background
HGNC:23696	TIPARP	0	0	0	0	Background
HGNC:33765	LEKR1	0	0	0	0	Background
HGNC:20569	CCNL1	0	0	0	0	Background
HGNC:25735	VEPH1	0	0	0	0	Background
HGNC:9692	PTX3	0	0	0	0	Background
HGNC:25146	SLC66A1LP	0	0	0	0	Background
HGNC:10854	SHOX2	0	0	0	0	Background
HGNC:24152	RSRC1	0	0	0	0	Background
HGNC:7125	MLF1	0	0	0	0	Background
HGNC:13780	GFM1	0	0	0	0	Background
HGNC:13347	LXN	0	0	0	0	Background
HGNC:9867	RARRES1	0	0	0	0	Background
HGNC:25874	MFSD1	0	0	0	0	Background
HGNC:38842	IQCJ-SCHIP1	0	0	0	0	Background
HGNC:32406	IQCJ	0	0	0	0	Background
HGNC:15678	SCHIP1	0	0	0	0	Background
HGNC:5969	IL12A	0	0	0	0	Background
HGNC:49224	LINC01100	0	0	0	0	Background
HGNC:40048	C3orf80	0	0	0	0	Background
HGNC:56756	TRIM59-IFT80	0	0	0	0	Background
HGNC:29262	IFT80	0	0	0	0	Background
HGNC:14013	SMC4	0	0	0	0	Background
HGNC:30834	TRIM59	0	0	0	0	Background
HGNC:6397	KPNA4	0	0	0	0	Background
HGNC:22974	ARL14	0	0	0	0	Background
HGNC:16381	PPM1L	0	0	0	0	Background
HGNC:918	B3GALNT1	0	0	0	0	Background
HGNC:24250	NMD3	0	0	0	0	Background
HGNC:24045	SPTSSB	0	0	0	0	Background
HGNC:34071	OTOL1	0	0	0	0	Background
HGNC:10856	SI	0	0	0	0	Background
HGNC:23501	SLITRK3	0	0	0	0	Background
HGNC:983	BCHE	0	0	0	0	Background
HGNC:26245	ZBBX	0	0	0	0	Background
HGNC:8945	SERPINI2	0	0	0	0	Background
HGNC:26587	WDR49	0	0	0	0	Background
HGNC:8761	PDCD10	0	0	0	0	Background
HGNC:8943	SERPINI1	0	0	0	0	Background
HGNC:15448	GOLIM4	0	0	0	0	Background
HGNC:3498	MECOM	1	0	0	0	IEI_only
HGNC:24022	ACTRT3	0	0	0	0	Background
HGNC:14955	MYNN	0	0	0	0	Background
HGNC:28408	LRRC34	0	0	0	0	Background
HGNC:34298	LRRIQ4	0	0	0	0	Background
HGNC:26261	LRRC31	0	0	0	0	Background
HGNC:25394	SAMD7	0	0	0	0	Background
HGNC:11846	SEC62	0	0	0	0	Background
HGNC:23693	GPR160	0	0	0	0	Background
HGNC:15682	PHC3	0	0	0	0	Background
HGNC:9404	PRKCI	0	0	0	0	Background
HGNC:10897	SKIL	0	0	0	0	Background
HGNC:8514	CLDN11	0	0	0	0	Background
HGNC:29326	SLC7A14	0	0	0	0	Background
HGNC:27610	RPL22L1	0	0	0	0	Background
HGNC:3301	EIF5A2	0	0	0	0	Background
HGNC:11006	SLC2A2	0	0	0	0	Background
HGNC:30765	TNIK	0	0	0	0	Background
HGNC:9067	PLD1	0	0	0	0	Background
HGNC:34295	TMEM212	0	0	0	0	Background
HGNC:24670	FNDC3B	0	0	0	0	Background
HGNC:4267	GHSR	0	0	0	0	Background
HGNC:11925	TNFSF10	0	0	0	0	Background
HGNC:29260	NCEH1	0	0	0	0	Background
HGNC:3155	ECT2	0	0	0	0	Background
HGNC:29935	SPATA16	0	0	0	0	Background
HGNC:14291	NLGN1	0	1	1	0	ASD_only
HGNC:23219	NAALADL2	0	1	1	0	ASD_only
HGNC:29529	TBL1XR1	0	1	1	0	ASD_only
HGNC:6286	KCNMB2	0	0	0	0	Background
HGNC:29983	ZMAT3	0	0	0	0	Background
HGNC:8975	PIK3CA	0	0	0	0	Background
HGNC:6287	KCNMB3	0	0	0	0	Background
HGNC:30950	ZNF639	0	0	0	0	Background
HGNC:18262	MFN1	0	0	0	0	Background
HGNC:20731	GNB4	0	0	0	0	Background
HGNC:24124	ACTL6A	0	0	0	0	Background
HGNC:16652	MRPL47	0	0	0	0	Background
HGNC:7700	NDUFB5	0	0	0	0	Background
HGNC:12611	USP13	0	0	0	0	Background
HGNC:30024	PEX5L	0	0	0	0	Background
HGNC:24697	TTC14	0	0	0	0	Background
HGNC:25244	CCDC39	0	0	0	0	Background
HGNC:4023	FXR1	0	0	0	0	Background
HGNC:30528	DNAJC19	0	0	0	0	Background
HGNC:11195	SOX2	0	0	0	0	Background
HGNC:13553	ATP11B	0	0	0	0	Background
HGNC:18184	DCUN1D1	0	0	0	0	Background
HGNC:6936	MCCC1	0	0	0	0	Background
HGNC:14582	LAMP3	0	0	0	0	Background
HGNC:30319	MCF2L2	0	0	0	0	Background
HGNC:15684	B3GNT5	0	0	0	0	Background
HGNC:18653	KLHL6	0	0	0	0	Background
HGNC:25947	KLHL24	0	0	0	0	Background
HGNC:25489	YEATS2	0	1	1	0	ASD_only
HGNC:25753	MAP6D1	0	0	0	0	Background
HGNC:18253	PARL	0	0	0	0	Background
HGNC:56	ABCC5	0	0	0	0	Background
HGNC:24004	HTR3D	0	0	0	0	Background
HGNC:24003	HTR3C	0	0	0	0	Background
HGNC:24005	HTR3E	0	0	0	0	Background
HGNC:3261	EIF2B5	0	0	0	0	Background
HGNC:3087	DVL3	0	1	1	0	ASD_only
HGNC:564	AP2M1	0	1	1	0	ASD_only
HGNC:72	ABCF3	0	0	0	0	Background
HGNC:25144	VWA5B2	0	0	0	0	Background
HGNC:23056	ALG3	0	0	0	0	Background
HGNC:13275	ECE2	0	0	0	0	Background
HGNC:24197	CAMK2N2	0	0	0	0	Background
HGNC:9559	PSMD2	0	0	0	0	Background
HGNC:3296	EIF4G1	0	0	0	0	Background
HGNC:28308	FAM131A	0	0	0	0	Background
HGNC:2020	CLCN2	0	0	0	0	Background
HGNC:9195	POLR2H	0	0	0	0	Background
HGNC:11795	THPO	0	0	0	0	Background
HGNC:1949	CHRD	0	0	0	0	Background
HGNC:52894	LINC02054	0	0	0	0	Background
HGNC:3394	EPHB3	0	0	0	0	Background
HGNC:29639	MAGEF1	0	0	0	0	Background
HGNC:29122	VPS8	0	0	0	0	Background
HGNC:33731	C3orf70	0	0	0	0	Background
HGNC:3247	EHHADH	0	0	0	0	Background
HGNC:6852	MAP3K13	0	0	0	0	Background
HGNC:30544	TMEM41A	0	0	0	0	Background
HGNC:18483	LIPH	0	0	0	0	Background
HGNC:23116	SENP2	0	0	0	0	Background
HGNC:28867	IGF2BP2	0	0	0	0	Background
HGNC:32674	IGF2BP2-AS1	0	0	0	0	Background
HGNC:10781	TRA2B	0	0	0	0	Background
HGNC:3494	ETV5	0	0	0	0	Background
HGNC:2853	DGKG	0	0	0	0	Background
HGNC:2417	CRYGS	0	0	0	0	Background
HGNC:25546	TBCCD1	0	0	0	0	Background
HGNC:14889	DNAJB11	0	0	0	0	Background
HGNC:349	AHSG	0	0	0	0	Background
HGNC:3658	FETUB	0	0	0	0	Background
HGNC:5181	HRG	0	0	0	0	Background
HGNC:6383	KNG1	0	0	0	0	Background
HGNC:3284	EIF4A2	0	0	0	0	Background
HGNC:9972	RFC4	0	0	0	0	Background
HGNC:13633	ADIPOQ	0	0	0	0	Background
HGNC:10860	ST6GAL1	0	0	0	0	Background
HGNC:17094	RPL39L	0	0	0	0	Background
HGNC:28580	RTP1	0	0	0	0	Background
HGNC:6901	MASP1	0	0	0	0	Background
HGNC:23992	RTP4	0	0	0	0	Background
HGNC:11329	SST	0	0	0	0	Background
HGNC:32486	RTP2	0	0	0	0	Background
HGNC:1001	BCL6	0	0	0	0	Background
HGNC:6679	LPP	0	0	0	0	Background
HGNC:24759	TPRG1	0	0	0	0	Background
HGNC:15979	TP63	0	0	0	0	Background
HGNC:19317	P3H2	0	0	0	0	Background
HGNC:2032	CLDN1	0	0	0	0	Background
HGNC:2037	CLDN16	0	0	0	0	Background
HGNC:33705	TMEM207	0	0	0	0	Background
HGNC:5995	IL1RAP	0	0	0	0	Background
HGNC:40049	GMNC	0	0	0	0	Background
HGNC:29961	OSTN	0	0	0	0	Background
HGNC:30894	UTS2B	0	0	0	0	Background
HGNC:18111	CCDC50	0	0	0	0	Background
HGNC:33512	PYDC2	0	0	0	0	Background
HGNC:3668	FGF12	0	0	0	0	Background
HGNC:30438	MB21D2	0	0	0	0	Background
HGNC:14922	PLAAT1	0	0	0	0	Background
HGNC:31789	ATP13A5	0	0	0	0	Background
HGNC:25422	ATP13A4	0	0	0	0	Background
HGNC:8140	OPA1	0	0	0	0	Background
HGNC:5192	HES1	0	0	0	0	Background
HGNC:2313	CPN2	0	0	0	0	Background
HGNC:20818	LRRC15	0	0	0	0	Background
HGNC:4443	GP5	0	0	0	0	Background
HGNC:24113	ATP13A3	0	0	0	0	Background
HGNC:25120	TMEM44	0	0	0	0	Background
HGNC:25652	LSG1	0	0	0	0	Background
HGNC:26888	FAM43A	0	0	0	0	Background
HGNC:26639	XXYLT1	0	0	0	0	Background
HGNC:16469	ACAP2	0	1	1	0	ASD_only
HGNC:9288	PPP1R2	0	0	0	0	Background
HGNC:612	APOD	0	0	0	0	Background
HGNC:23282	MUC20	0	0	0	0	Background
HGNC:7514	MUC4	0	1	1	0	ASD_only
HGNC:19297	TNK2	0	0	0	0	Background
HGNC:11763	TFRC	1	0	0	0	IEI_only
HGNC:20713	ZDHHC19	0	0	0	0	Background
HGNC:29955	SLC51A	0	0	0	0	Background
HGNC:8754	PCYT1A	0	0	0	0	Background
HGNC:28482	DYNLT2B	0	0	0	0	Background
HGNC:49190	TM4SF19-DYNLT2B	0	0	0	0	Background
HGNC:25167	TM4SF19	0	1	1	0	ASD_only
HGNC:29119	UBXN7	0	0	0	0	Background
HGNC:26661	RNF168	1	0	0	0	IEI_only
HGNC:27407	SMCO1	0	0	0	0	Background
HGNC:28786	WDR53	0	0	0	0	Background
HGNC:29148	FBXO45	0	0	0	0	Background
HGNC:24613	NRROS	0	0	0	0	Background
HGNC:26046	PIGX	0	0	0	0	Background
HGNC:28209	CEP19	0	0	0	0	Background
HGNC:8591	PAK2	0	1	1	0	ASD_only
HGNC:28407	SENP5	0	0	0	0	Background
HGNC:7659	NCBP2	0	0	0	0	Background
HGNC:30596	PIGZ	0	0	0	0	Background
HGNC:7037	MELTF	0	0	0	0	Background
HGNC:2900	DLG1	0	1	1	0	ASD_only
HGNC:1027	BDH1	0	0	0	0	Background
HGNC:28991	RUBCN	0	0	0	0	Background
HGNC:25407	FYTTD1	0	0	0	0	Background
HGNC:28637	LRCH3	0	0	0	0	Background
HGNC:25251	DRC9	0	0	0	0	Background
HGNC:10345	RPL35A	0	0	0	0	Background
HGNC:15991	LMLN	0	0	0	0	Background
HGNC:27196	ZNF595	0	0	0	0	Background
HGNC:37138	ZNF732	0	0	0	0	Background
HGNC:12926	ZNF141	0	0	0	0	Background
HGNC:29425	ZNF721	0	0	0	0	Background
HGNC:25985	PIGG	0	0	0	0	Background
HGNC:8786	PDE6B	0	0	0	0	Background
HGNC:846	ATP5ME	0	0	0	0	Background
HGNC:7586	MYL5	0	0	0	0	Background
HGNC:26177	SLC49A3	0	0	0	0	Background
HGNC:10066	PCGF3	0	0	0	0	Background
HGNC:2309	CPLX1	0	0	0	0	Background
HGNC:4113	GAK	0	0	0	0	Background
HGNC:28709	TMEM175	0	0	0	0	Background
HGNC:2856	DGKQ	0	0	0	0	Background
HGNC:10993	SLC26A1	0	0	0	0	Background
HGNC:5391	IDUA	0	0	0	0	Background
HGNC:3693	FGFRL1	0	0	0	0	Background
HGNC:27729	RNF212	0	0	0	0	Background
HGNC:11253	SPON2	0	0	0	0	Background
HGNC:2494	CTBP1	0	0	0	0	Background
HGNC:13731	MAEA	0	0	0	0	Background
HGNC:29304	UVSSA	0	0	0	0	Background
HGNC:24975	NKX1-1	0	0	0	0	Background
HGNC:31860	FAM53A	0	0	0	0	Background
HGNC:10904	SLBP	0	0	0	0	Background
HGNC:25137	TMEM129	0	0	0	0	Background
HGNC:11524	TACC3	0	0	0	0	Background
HGNC:3690	FGFR3	0	0	0	0	Background
HGNC:6556	LETM1	0	0	0	0	Background
HGNC:12766	NSD2	0	1	1	0	ASD_only
HGNC:12768	NELFA	0	0	0	0	Background
HGNC:34437	NICOL1	0	0	0	0	Background
HGNC:26742	ASPNAT	0	0	0	0	Background
HGNC:18870	POLN	0	0	0	0	Background
HGNC:28719	HAUS3	0	0	0	0	Background
HGNC:13906	MXD4	0	0	0	0	Background
HGNC:29334	ZFYVE28	0	0	0	0	Background
HGNC:10067	RNF4	0	0	0	0	Background
HGNC:16822	FAM193A	0	0	0	0	Background
HGNC:19118	TNIP2	0	0	0	0	Background
HGNC:10825	SH3BP2	1	0	0	0	IEI_only
HGNC:243	ADD1	0	0	0	0	Background
HGNC:16894	SLC75A1	0	0	0	0	Background
HGNC:16821	NOP14	0	0	0	0	Background
HGNC:4543	GRK4	0	1	1	0	ASD_only
HGNC:4851	HTT	0	0	0	0	Background
HGNC:33741	MSANTD1	0	0	0	0	Background
HGNC:9994	RGS12	0	0	0	0	Background
HGNC:4894	HGFAC	0	0	0	0	Background
HGNC:26594	DOK7	0	0	0	0	Background
HGNC:6701	LRPAP1	0	0	0	0	Background
HGNC:26644	LINC00955	0	0	0	0	Background
HGNC:283	ADRA2C	0	0	0	0	Background
HGNC:19656	OTOP1	0	0	0	0	Background
HGNC:28201	TMEM128	0	0	0	0	Background
HGNC:26021	LYAR	0	0	0	0	Background
HGNC:19883	ZBTB49	0	0	0	0	Background
HGNC:18790	NSG1	0	0	0	0	Background
HGNC:15942	STX18	0	0	0	0	Background
HGNC:7391	MSX1	0	0	0	0	Background
HGNC:24435	CYTL1	0	0	0	0	Background
HGNC:14217	STK32B	0	0	0	0	Background
HGNC:13716	LINC01587	0	0	0	0	Background
HGNC:19747	EVC2	0	0	0	0	Background
HGNC:3497	EVC	0	0	0	0	Background
HGNC:2365	CRMP1	0	0	0	0	Background
HGNC:33766	C4orf50	0	0	0	0	Background
HGNC:26460	JAKMIP1	0	0	0	0	Background
HGNC:12762	WFS1	0	0	0	0	Background
HGNC:9306	PPP2R2C	0	0	0	0	Background
HGNC:29623	MAN2B2	1	0	0	0	IEI_only
HGNC:24549	MRFAP1	0	0	0	0	Background
HGNC:10504	S100P	0	0	0	0	Background
HGNC:28796	MRFAP1L1	0	0	0	0	Background
HGNC:24206	BLOC1S4	0	0	0	0	Background
HGNC:28992	KIAA0232	0	1	1	0	ASD_only
HGNC:29246	TBC1D14	0	0	0	0	Background
HGNC:26900	CFAP184	0	0	0	0	Background
HGNC:30781	TADA2B	0	0	0	0	Background
HGNC:19696	GRPEL1	0	0	0	0	Background
HGNC:16698	SORCS2	0	0	0	0	Background
HGNC:33131	PSAPL1	0	0	0	0	Background
HGNC:24017	AFAP1	0	0	0	0	Background
HGNC:19195	ABLIM2	0	0	0	0	Background
HGNC:26009	SH3TC1	0	0	0	0	Background
HGNC:30406	HTRA3	0	0	0	0	Background
HGNC:121	ACOX3	0	0	0	0	Background
HGNC:26653	TRMT44	0	0	0	0	Background
HGNC:4528	GPR78	0	0	0	0	Background
HGNC:2333	CPZ	0	1	1	0	ASD_only
HGNC:5017	HMX1	0	0	0	0	Background
HGNC:43746	FAM90A26	0	0	0	0	Background
HGNC:44438	USP17L10	0	0	0	0	Background
HGNC:44441	USP17L13	0	0	0	0	Background
HGNC:44439	USP17L11	0	0	0	0	Background
HGNC:44440	USP17L12	0	0	0	0	Background
HGNC:44443	USP17L15	0	0	0	0	Background
HGNC:44445	USP17L17	0	0	0	0	Background
HGNC:44446	USP17L18	0	0	0	0	Background
HGNC:44447	USP17L19	0	0	0	0	Background
HGNC:44448	USP17L20	0	0	0	0	Background
HGNC:44449	USP17L21	0	0	0	0	Background
HGNC:44450	USP17L22	0	0	0	0	Background
HGNC:44451	USP17L23	0	0	0	0	Background
HGNC:44453	USP17L24	0	0	0	0	Background
HGNC:44452	USP17L25	0	0	0	0	Background
HGNC:44454	USP17L26	0	0	0	0	Background
HGNC:37177	USP17L5	0	0	0	0	Background
HGNC:44455	USP17L27	0	0	0	0	Background
HGNC:44456	USP17L28	0	0	0	0	Background
HGNC:44457	USP17L29	0	0	0	0	Background
HGNC:44458	USP17L30	0	0	0	0	Background
HGNC:18108	DEFB131A	0	0	0	0	Background
HGNC:13446	SLC2A9	0	0	0	0	Background
HGNC:3026	DRD5	0	0	0	0	Background
HGNC:12754	WDR1	1	0	0	0	IEI_only
HGNC:29365	ZNF518B	0	0	0	0	Background
HGNC:17438	CLNK	0	0	0	0	Background
HGNC:5194	HS3ST1	0	0	0	0	Background
HGNC:9768	RAB28	0	0	0	0	Background
HGNC:951	NKX3-2	0	0	0	0	Background
HGNC:31792	BOD1L1	0	0	0	0	Background
HGNC:21745	CPEB2	0	0	0	0	Background
HGNC:14342	C1QTNF7	0	0	0	0	Background
HGNC:29253	CC2D2A	0	0	0	0	Background
HGNC:13602	FBXL5	0	0	0	0	Background
HGNC:27740	ZBED11	0	0	0	0	Background
HGNC:1118	BST1	0	1	1	0	ASD_only
HGNC:1667	CD38	0	1	1	0	ASD_only
HGNC:19695	FGFBP1	0	0	0	0	Background
HGNC:29451	FGFBP2	0	0	0	0	Background
HGNC:9454	PROM1	0	0	0	0	Background
HGNC:26887	TAPT1	0	0	0	0	Background
HGNC:6533	LDB2	0	0	0	0	Background
HGNC:9752	QDPR	0	0	0	0	Background
HGNC:33939	CLRN2	0	0	0	0	Background
HGNC:18449	LAP3	0	0	0	0	Background
HGNC:24628	MED28	0	0	0	0	Background
HGNC:29235	FAM184B	0	0	0	0	Background
HGNC:25987	DCAF16	0	0	0	0	Background
HGNC:24304	NCAPG	0	0	0	0	Background
HGNC:30776	LCORL	0	0	0	0	Background
HGNC:11086	SLIT2	0	0	0	0	Background
HGNC:28442	PACRGL	0	0	0	0	Background
HGNC:30083	KCNIP4	0	0	0	0	Background
HGNC:13839	ADGRA3	0	0	0	0	Background
HGNC:9237	PPARGC1A	0	0	0	0	Background
HGNC:2738	DHX15	0	0	0	0	Background
HGNC:11181	SOD3	0	0	0	0	Background
HGNC:25405	CCDC149	0	0	0	0	Background
HGNC:18710	LGI2	0	0	0	0	Background
HGNC:30605	SEPSECS	0	0	0	0	Background
HGNC:18215	PI4K2B	0	0	0	0	Background
HGNC:22917	ZCCHC4	0	0	0	0	Background
HGNC:19990	ANAPC4	0	0	0	0	Background
HGNC:11020	SLC34A2	0	0	0	0	Background
HGNC:29108	SEL1L3	0	0	0	0	Background
HGNC:37260	SMIM20	0	0	0	0	Background
HGNC:5724	RBPJ	0	0	0	0	Background
HGNC:1570	CCKAR	0	0	0	0	Background
HGNC:25624	TBC1D19	0	0	0	0	Background
HGNC:19205	STIM2	0	0	0	0	Background
HGNC:8659	PCDH7	0	0	0	0	Background
HGNC:16924	ARAP2	0	0	0	0	Background
HGNC:37261	DTHD1	0	0	0	0	Background
HGNC:29229	NWD2	0	0	0	0	Background
HGNC:25618	PGCKA1	0	0	0	0	Background
HGNC:27379	RELL1	0	0	0	0	Background
HGNC:8906	PGM2	0	0	0	0	Background
HGNC:11578	TBC1D1	0	0	0	0	Background
HGNC:9691	PTTG2	0	0	0	0	Background
HGNC:16516	KLF3	0	0	0	0	Background
HGNC:15634	TLR10	0	0	0	0	Background
HGNC:11847	TLR1	0	0	0	0	Background
HGNC:16711	TLR6	0	0	0	0	Background
HGNC:25087	FAM114A1	0	0	0	0	Background
HGNC:26260	TMEM156	0	0	0	0	Background
HGNC:6356	KLHL5	0	0	0	0	Background
HGNC:18340	WDR19	0	0	0	0	Background
HGNC:9969	RFC1	0	0	0	0	Background
HGNC:15527	KLB	0	0	0	0	Background
HGNC:10369	RPL9	0	0	0	0	Background
HGNC:16429	LIAS	0	0	0	0	Background
HGNC:12525	UGDH	0	0	0	0	Background
HGNC:27321	SMIM14	0	0	0	0	Background
HGNC:4914	UBE2K	0	0	0	0	Background
HGNC:29088	PDS5A	0	0	0	0	Background
HGNC:29851	N4BP2	0	0	0	0	Background
HGNC:686	RHOH	1	0	0	0	IEI_only
HGNC:14079	CHRNA9	0	0	0	0	Background
HGNC:30358	RBM47	0	0	0	0	Background
HGNC:25857	NSUN7	0	0	0	0	Background
HGNC:582	APBB2	0	0	0	0	Background
HGNC:12513	UCHL1	0	0	0	0	Background
HGNC:29191	LIMCH1	0	0	0	0	Background
HGNC:9143	PHOX2B	0	0	0	0	Background
HGNC:25541	TMEM33	0	0	0	0	Background
HGNC:27723	DCAF4L1	0	0	0	0	Background
HGNC:1329	SLC30A9	0	0	0	0	Background
HGNC:23815	BEND4	0	0	0	0	Background
HGNC:25159	SHISA3	0	0	0	0	Background
HGNC:13531	ATP8A1	0	0	0	0	Background
HGNC:31673	GRXCR1	0	0	0	0	Background
HGNC:22394	KCTD8	0	0	0	0	Background
HGNC:26825	YIPF7	0	0	0	0	Background
HGNC:25799	GUF1	0	0	0	0	Background
HGNC:21526	GNPDA2	0	0	0	0	Background
HGNC:4086	GABRG1	0	0	0	0	Background
HGNC:4076	GABRA2	0	0	0	0	Background
HGNC:24381	COX7B2	0	0	0	0	Background
HGNC:4078	GABRA4	0	1	1	0	ASD_only
HGNC:4081	GABRB1	0	0	0	0	Background
HGNC:26036	COMMD8	0	0	0	0	Background
HGNC:13549	ATP10D	0	0	0	0	Background
HGNC:19012	CORIN	0	0	0	0	Background
HGNC:18726	NFXL1	0	0	0	0	Background
HGNC:27194	NIPAL1	0	0	0	0	Background
HGNC:2148	CNGA1	0	0	0	0	Background
HGNC:12434	TXK	0	0	0	0	Background
HGNC:11719	TEC	0	0	0	0	Background
HGNC:29282	SLAIN2	0	0	0	0	Background
HGNC:22980	SLC10A4	0	0	0	0	Background
HGNC:20436	ZAR1	0	0	0	0	Background
HGNC:29127	FRYL	0	0	0	0	Background
HGNC:16074	OCIAD1	0	0	0	0	Background
HGNC:28685	OCIAD2	0	0	0	0	Background
HGNC:26133	CWH43	0	0	0	0	Background
HGNC:28998	DCUN1D4	0	0	0	0	Background
HGNC:34299	LRRC66	0	0	0	0	Background
HGNC:10806	SGCB	0	0	0	0	Background
HGNC:29579	SPATA18	0	0	0	0	Background
HGNC:20075	USP46	0	0	0	0	Background
HGNC:42970	ERVMER34-1	0	0	0	0	Background
HGNC:23804	RASL11B	0	0	0	0	Background
HGNC:30676	SCFD2	0	1	1	0	ASD_only
HGNC:19124	FIP1L1	0	0	0	0	Background
HGNC:6657	LNX1	0	0	0	0	Background
HGNC:1935	CHIC2	0	0	0	0	Background
HGNC:24959	GSX2	0	0	0	0	Background
HGNC:8803	PDGFRA	0	0	0	0	Background
HGNC:6342	KIT	0	0	0	0	Background
HGNC:6307	KDR	0	0	0	0	Background
HGNC:25812	SRD5A3	0	0	0	0	Background
HGNC:30760	TMEM165	0	0	0	0	Background
HGNC:2082	CLOCK	0	0	0	0	Background
HGNC:29524	PDCL2	0	0	0	0	Background
HGNC:7859	NMU	0	0	0	0	Background
HGNC:30380	EXOC1	0	0	0	0	Background
HGNC:29086	CEP135	0	1	1	0	ASD_only
HGNC:29219	CRACD	0	0	0	0	Background
HGNC:23993	AASDH	0	0	0	0	Background
HGNC:9238	PPAT	0	0	0	0	Background
HGNC:8587	PAICS	0	0	0	0	Background
HGNC:11303	SRP72	1	0	0	0	IEI_only
HGNC:23592	ARL9	0	0	0	0	Background
HGNC:43771	SPMAP2L	0	0	0	0	Background
HGNC:24961	HOPX	0	0	0	0	Background
HGNC:11245	SPINK2	0	0	0	0	Background
HGNC:9966	REST	0	0	0	0	Background
HGNC:28473	NOA1	0	0	0	0	Background
HGNC:9188	POLR2B	0	0	0	0	Background
HGNC:5476	IGFBP7	0	0	0	0	Background
HGNC:20974	ADGRL3	0	0	0	0	Background
HGNC:27365	TECRL	0	0	0	0	Background
HGNC:3389	EPHA5	0	0	0	0	Background
HGNC:1854	CENPC	0	0	0	0	Background
HGNC:24133	STAP1	0	0	0	0	Background
HGNC:25581	UBA6	0	0	0	0	Background
HGNC:4421	GNRHR	0	0	0	0	Background
HGNC:24059	TMPRSS11D	0	0	0	0	Background
HGNC:27954	TMPRSS11A	0	0	0	0	Background
HGNC:29994	TMPRSS11F	0	0	0	0	Background
HGNC:37262	TMPRSS11BNL	0	0	0	0	Background
HGNC:25398	TMPRSS11B	0	0	0	0	Background
HGNC:30626	YTHDC1	0	0	0	0	Background
HGNC:24465	TMPRSS11E	0	0	0	0	Background
HGNC:12547	UGT2B17	0	0	0	0	Background
HGNC:12546	UGT2B15	0	0	0	0	Background
HGNC:12544	UGT2B10	0	0	0	0	Background
HGNC:28528	UGT2A3	0	0	0	0	Background
HGNC:12554	UGT2B7	0	0	0	0	Background
HGNC:12545	UGT2B11	0	0	0	0	Background
HGNC:13479	UGT2B28	0	0	0	0	Background
HGNC:12553	UGT2B4	0	0	0	0	Background
HGNC:28183	UGT2A2	0	0	0	0	Background
HGNC:12542	UGT2A1	0	0	0	0	Background
HGNC:17845	SULT1B1	0	0	0	0	Background
HGNC:11377	SULT1E1	0	0	0	0	Background
HGNC:2445	CSN1S1	0	0	0	0	Background
HGNC:2447	CSN2	0	0	0	0	Background
HGNC:11369	STATH	0	0	0	0	Background
HGNC:5284	HTN3	0	0	0	0	Background
HGNC:5283	HTN1	0	0	0	0	Background
HGNC:33193	PRR27	0	0	0	0	Background
HGNC:26043	ODAM	0	0	0	0	Background
HGNC:19215	FDCSP	0	0	0	0	Background
HGNC:2446	CSN3	0	0	0	0	Background
HGNC:30710	CABS1	0	0	0	0	Background
HGNC:19216	SMR3A	0	0	0	0	Background
HGNC:17326	SMR3B	0	0	0	0	Background
HGNC:17279	OPRPN	0	0	0	0	Background
HGNC:7518	MUC7	0	0	0	0	Background
HGNC:33188	AMTN	0	0	0	0	Background
HGNC:452	AMBN	0	0	0	0	Background
HGNC:3344	ENAM	0	0	0	0	Background
HGNC:5713	JCHAIN	0	0	0	0	Background
HGNC:24477	UTP3	0	0	0	0	Background
HGNC:30285	RUFY3	0	0	0	0	Background
HGNC:4610	GRSF1	0	0	0	0	Background
HGNC:29801	MOB1B	0	0	0	0	Background
HGNC:2704	DCK	0	0	0	0	Background
HGNC:11030	SLC4A4	0	0	0	0	Background
HGNC:4187	GC	0	0	0	0	Background
HGNC:4525	NPFFR2	0	0	0	0	Background
HGNC:219	ADAMTS3	0	0	0	0	Background
HGNC:26801	COX18	0	0	0	0	Background
HGNC:23575	ANKRD17	0	1	1	0	ASD_only
HGNC:399	ALB	0	0	0	0	Background
HGNC:317	AFP	0	0	0	0	Background
HGNC:316	AFM	0	0	0	0	Background
HGNC:20796	RASSF6	0	0	0	0	Background
HGNC:6025	CXCL8	0	0	0	0	Background
HGNC:10643	CXCL6	0	0	0	0	Background
HGNC:8862	PF4V1	0	0	0	0	Background
HGNC:4602	CXCL1	0	0	0	0	Background
HGNC:8861	PF4	0	0	0	0	Background
HGNC:9240	PPBP	0	0	0	0	Background
HGNC:10642	CXCL5	0	0	0	0	Background
HGNC:4604	CXCL3	0	0	0	0	Background
HGNC:4603	CXCL2	0	0	0	0	Background
HGNC:31865	MTHFD2L	0	0	0	0	Background
HGNC:17470	EPGN	0	0	0	0	Background
HGNC:3443	EREG	0	0	0	0	Background
HGNC:651	AREG	0	0	0	0	Background
HGNC:1121	BTC	0	0	0	0	Background
HGNC:24536	PARM1	0	0	0	0	Background
HGNC:17479	RCHY1	0	0	0	0	Background
HGNC:23189	THAP6	0	0	0	0	Background
HGNC:26300	ODAPH	0	0	0	0	Background
HGNC:1782	CDKL2	0	0	0	0	Background
HGNC:30291	G3BP2	0	1	1	0	ASD_only
HGNC:30904	USO1	0	0	0	0	Background
HGNC:9244	PPEF2	0	0	0	0	Background
HGNC:736	NAAA	0	0	0	0	Background
HGNC:25537	SDAD1	0	0	0	0	Background
HGNC:7098	CXCL9	0	0	0	0	Background
HGNC:725	ART3	0	0	0	0	Background
HGNC:10637	CXCL10	0	0	0	0	Background
HGNC:10638	CXCL11	0	0	0	0	Background
HGNC:17359	NUP54	0	0	0	0	Background
HGNC:1665	SCARB2	0	0	0	0	Background
HGNC:34343	FAM47E	0	0	0	0	Background
HGNC:44667	FAM47E-STBD1	0	0	0	0	Background
HGNC:24854	STBD1	0	0	0	0	Background
HGNC:26374	CCDC158	0	0	0	0	Background
HGNC:30422	SHROOM3	0	0	0	0	Background
HGNC:32958	SOWAHB	0	0	0	0	Background
HGNC:25589	SEPTIN11	0	0	0	0	Background
HGNC:1595	CCNI	0	0	0	0	Background
HGNC:1593	CCNG2	0	0	0	0	Background
HGNC:10639	CXCL13	0	0	0	0	Background
HGNC:18042	CNOT6L	0	0	0	0	Background
HGNC:14275	MRPL1	0	0	0	0	Background
HGNC:19185	FRAS1	0	0	0	0	Background
HGNC:541	ANXA3	0	0	0	0	Background
HGNC:18041	BMP2K	0	0	0	0	Background
HGNC:30130	PAQR3	0	0	0	0	Background
HGNC:28125	NAA11	0	0	0	0	Background
HGNC:4291	GK2	0	0	0	0	Background
HGNC:21732	ANTXR2	0	0	0	0	Background
HGNC:13993	PRDM8	0	0	0	0	Background
HGNC:3683	FGF5	0	0	0	0	Background
HGNC:28554	CFAP299	0	0	0	0	Background
HGNC:1070	BMP3	0	0	0	0	Background
HGNC:9416	PRKG2	0	0	0	0	Background
HGNC:24881	RASGEF1B	0	0	0	0	Background
HGNC:5036	HNRNPD	0	1	1	0	ASD_only
HGNC:5037	HNRNPDL	0	0	0	0	Background
HGNC:24599	ENOPH1	0	0	0	0	Background
HGNC:37263	TMEM150C	0	0	0	0	Background
HGNC:21088	SCD5	0	0	0	0	Background
HGNC:17052	SEC31A	0	0	0	0	Background
HGNC:23192	THAP9	0	0	0	0	Background
HGNC:25397	LIN54	0	0	0	0	Background
HGNC:16702	COPS4	0	0	0	0	Background
HGNC:19254	PLAC8	0	0	0	0	Background
HGNC:25223	COQ2	0	0	0	0	Background
HGNC:5164	HPSE	0	0	0	0	Background
HGNC:18536	HELQ	0	0	0	0	Background
HGNC:16633	MRPS18C	0	0	0	0	Background
HGNC:25829	ABRAXAS1	0	0	0	0	Background
HGNC:28157	GPAT3	0	0	0	0	Background
HGNC:7839	NKX6-1	0	0	0	0	Background
HGNC:1800	CDS1	0	0	0	0	Background
HGNC:20751	WDFY3	0	1	1	0	ASD_only
HGNC:25361	ARHGAP24	0	0	0	0	Background
HGNC:6872	MAPK10	0	0	0	0	Background
HGNC:9646	PTPN13	0	0	0	0	Background
HGNC:30603	SLC10A6	0	0	0	0	Background
HGNC:28386	C4orf36	0	0	0	0	Background
HGNC:7135	AFF1	0	0	0	0	Background
HGNC:18644	KLHL8	0	0	0	0	Background
HGNC:18685	HSD17B13	0	0	0	0	Background
HGNC:22960	HSD17B11	0	0	0	0	Background
HGNC:8056	NUDT9	0	0	0	0	Background
HGNC:11220	SPARCL1	0	1	1	0	ASD_only
HGNC:3054	DSPP	0	0	0	0	Background
HGNC:2932	DMP1	0	0	0	0	Background
HGNC:5341	IBSP	0	0	0	0	Background
HGNC:13361	MEPE	0	0	0	0	Background
HGNC:11255	SPP1	0	0	0	0	Background
HGNC:9009	PKD2	0	0	0	0	Background
HGNC:74	ABCG2	0	0	0	0	Background
HGNC:25415	PPM1K	0	0	0	0	Background
HGNC:26072	HERC6	0	0	0	0	Background
HGNC:24368	HERC5	0	0	0	0	Background
HGNC:44317	PYURF	0	0	0	0	Background
HGNC:4876	HERC3	0	0	0	0	Background
HGNC:28213	PIGY	0	0	0	0	Background
HGNC:19968	NAP1L5	0	0	0	0	Background
HGNC:19367	FAM13A	0	0	0	0	Background
HGNC:18333	TIGD2	0	0	0	0	Background
HGNC:27733	GPRIN3	0	0	0	0	Background
HGNC:11138	SNCA	0	0	0	0	Background
HGNC:7178	MMRN1	0	0	0	0	Background
HGNC:29349	CCSER1	0	1	1	0	ASD_only
HGNC:58853	CCSER1-AS1	0	0	0	0	Background
HGNC:58854	GRID2-AS1	0	0	0	0	Background
HGNC:4576	GRID2	0	1	1	0	ASD_only
HGNC:797	ATOH1	0	0	0	0	Background
HGNC:18398	SMARCAD1	0	0	0	0	Background
HGNC:17890	HPGDS	0	0	0	0	Background
HGNC:17468	PDLIM5	0	0	0	0	Background
HGNC:1077	BMPR1B	0	0	0	0	Background
HGNC:12569	UNC5C	0	0	0	0	Background
HGNC:8807	PDHA2	0	0	0	0	Background
HGNC:28712	STPG2	0	0	0	0	Background
HGNC:9859	RAP1GDS1	0	0	0	0	Background
HGNC:17753	TSPAN5	0	0	0	0	Background
HGNC:3287	EIF4E	0	1	1	0	ASD_only
HGNC:15789	METAP1	0	0	0	0	Background
HGNC:253	ADH5	0	0	0	0	Background
HGNC:252	ADH4	0	0	0	0	Background
HGNC:255	ADH6	0	0	0	0	Background
HGNC:249	ADH1A	0	0	0	0	Background
HGNC:250	ADH1B	0	0	0	0	Background
HGNC:256	ADH7	0	0	0	0	Background
HGNC:25274	C4orf17	0	0	0	0	Background
HGNC:28403	TRMT10A	0	0	0	0	Background
HGNC:7467	MTTP	0	0	0	0	Background
HGNC:27741	C4orf54	0	0	0	0	Background
HGNC:16500	DAPP1	0	1	1	0	ASD_only
HGNC:15606	LAMTOR3	0	0	0	0	Background
HGNC:25881	DNAJB14	0	0	0	0	Background
HGNC:4741	H2AZ1	0	0	0	0	Background
HGNC:30555	DDIT4L	0	0	0	0	Background
HGNC:16041	EMCN	0	0	0	0	Background
HGNC:9314	PPP3CA	0	0	0	0	Background
HGNC:58118	PPP3CA-DT	0	0	0	0	Background
HGNC:18233	BANK1	0	0	0	0	Background
HGNC:20862	SLC39A8	0	0	0	0	Background
HGNC:7794	NFKB1	1	0	0	0	IEI_only
HGNC:6831	MANBA	0	0	0	0	Background
HGNC:12476	UBE2D3	0	0	0	0	Background
HGNC:24212	CISD2	0	0	0	0	Background
HGNC:24244	SLC9B1	0	0	0	0	Background
HGNC:25143	SLC9B2	0	0	0	0	Background
HGNC:32389	BDH2	0	0	0	0	Background
HGNC:1856	CENPE	0	0	0	0	Background
HGNC:11528	TACR3	0	0	0	0	Background
HGNC:24593	CXXC4	0	0	0	0	Background
HGNC:25941	TET2	1	1	1	1	Overlap_raw
HGNC:28883	PPA2	0	0	0	0	Background
HGNC:25968	ARHGEF38	0	0	0	0	Background
HGNC:25067	INTS12	0	0	0	0	Background
HGNC:25806	GSTCD	0	0	0	0	Background
HGNC:27405	NPNT	0	0	0	0	Background
HGNC:28261	TBCK	0	1	1	0	ASD_only
HGNC:10648	AIMP1	0	0	0	0	Background
HGNC:2892	DKK2	0	0	0	0	Background
HGNC:8603	PAPSS1	0	0	0	0	Background
HGNC:28395	SGMS2	0	0	0	0	Background
HGNC:20582	CYP2U1	0	0	0	0	Background
HGNC:4799	HADH	0	0	0	0	Background
HGNC:6551	LEF1	0	0	0	0	Background
HGNC:10340	RPL34	0	0	0	0	Background
HGNC:24448	OSTC	0	0	0	0	Background
HGNC:14404	ETNPPL	0	0	0	0	Background
HGNC:18603	COL25A1	0	0	0	0	Background
HGNC:10704	SEC24B	0	0	0	0	Background
HGNC:26076	MCUB	0	0	0	0	Background
HGNC:1507	CASP6	0	0	0	0	Background
HGNC:18554	PLA2G12A	0	0	0	0	Background
HGNC:5394	CFI	1	0	0	0	IEI_only
HGNC:14264	GAR1	0	0	0	0	Background
HGNC:10450	RRH	0	0	0	0	Background
HGNC:24783	LRIT3	0	0	0	0	Background
HGNC:3229	EGF	0	0	0	0	Background
HGNC:15829	ELOVL6	0	0	0	0	Background
HGNC:3355	ENPEP	0	0	0	0	Background
HGNC:9005	PITX2	0	0	0	0	Background
HGNC:26813	FAM241A	0	0	0	0	Background
HGNC:28808	AP1AR	0	0	0	0	Background
HGNC:19075	TIFA	0	0	0	0	Background
HGNC:20917	ALPK1	1	0	0	0	IEI_only
HGNC:13805	NEUROG2	0	0	0	0	Background
HGNC:25654	ZGRF1	0	0	0	0	Background
HGNC:24912	LARP7	0	0	0	0	Background
HGNC:493	ANK2	0	1	1	0	ASD_only
HGNC:1462	CAMK2D	0	0	0	0	Background
HGNC:26286	ARSJ	0	0	0	0	Background
HGNC:12555	UGT8	0	0	0	0	Background
HGNC:20779	NDST4	0	0	0	0	Background
HGNC:37170	MTRNR2L13	0	0	0	0	Background
HGNC:28371	TRAM1L1	0	0	0	0	Background
HGNC:7682	NDST3	0	0	0	0	Background
HGNC:9477	PRSS12	0	0	0	0	Background
HGNC:29330	METTL14	0	0	0	0	Background
HGNC:10706	SEC24D	0	0	0	0	Background
HGNC:17732	SYNPO2	0	0	0	0	Background
HGNC:1330	MYOZ2	0	0	0	0	Background
HGNC:29710	MRPL42P1	0	0	0	0	Background
HGNC:29255	USP53	0	0	0	0	Background
HGNC:19225	ARLN	0	0	0	0	Background
HGNC:3556	FABP2	0	0	0	0	Background
HGNC:8784	PDE5A	0	0	0	0	Background
HGNC:6763	MAD2L1	0	0	0	0	Background
HGNC:9349	PRDM5	0	0	0	0	Background
HGNC:26256	NDNF	0	0	0	0	Background
HGNC:19315	TNIP3	0	0	0	0	Background
HGNC:15565	QRFPR	0	0	0	0	Background
HGNC:543	ANXA5	0	0	0	0	Background
HGNC:55077	SMIM43	0	0	0	0	Background
HGNC:9137	EXOSC9	0	0	0	0	Background
HGNC:1578	CCNA2	0	0	0	0	Background
HGNC:18758	BBS7	0	0	0	0	Background
HGNC:12335	TRPC3	0	0	0	0	Background
HGNC:26953	BLTP1	0	0	0	0	Background
HGNC:30713	ADAD1	0	0	0	0	Background
HGNC:6001	IL2	0	0	0	0	Background
HGNC:6005	IL21	1	0	0	0	IEI_only
HGNC:26648	BBS12	0	0	0	0	Background
HGNC:3676	FGF2	0	0	0	0	Background
HGNC:8053	NUDT6	0	0	0	0	Background
HGNC:18119	AFG2A	0	0	0	0	Background
HGNC:11269	SPRY1	0	0	0	0	Background
HGNC:29223	ANKRD50	0	0	0	0	Background
HGNC:23109	FAT4	1	0	0	0	IEI_only
HGNC:29239	INTU	0	0	0	0	Background
HGNC:25319	SLC25A31	0	0	0	0	Background
HGNC:17041	HSPA4L	0	0	0	0	Background
HGNC:11397	PLK4	0	0	0	0	Background
HGNC:28486	MFSD8	0	0	0	0	Background
HGNC:26111	ABHD18	0	0	0	0	Background
HGNC:24704	LARP1B	0	0	0	0	Background
HGNC:16089	PGRMC2	0	0	0	0	Background
HGNC:30027	JADE1	0	0	0	0	Background
HGNC:26406	SCLT1	0	0	0	0	Background
HGNC:27025	C4orf33	0	0	0	0	Background
HGNC:13404	PCDH10	0	1	1	0	ASD_only
HGNC:31955	PABPC4L	0	0	0	0	Background
HGNC:14268	PCDH18	0	0	0	0	Background
HGNC:11059	SLC7A11	0	0	0	0	Background
HGNC:14254	NOCT	0	0	0	0	Background
HGNC:3317	ELF2	0	0	0	0	Background
HGNC:29969	MGARP	0	0	0	0	Background
HGNC:7705	NDUFC1	0	0	0	0	Background
HGNC:30782	NAA15	0	1	1	0	ASD_only
HGNC:16075	RAB33B	0	0	0	0	Background
HGNC:30412	SETD7	0	0	0	0	Background
HGNC:7063	MGST2	0	0	0	0	Background
HGNC:16272	MAML3	0	0	0	0	Background
HGNC:20335	SCOC	0	0	0	0	Background
HGNC:2060	CLGN	0	0	0	0	Background
HGNC:43619	MGAT4D	0	0	0	0	Background
HGNC:28111	ELMOD2	0	0	0	0	Background
HGNC:12517	UCP1	0	0	0	0	Background
HGNC:21710	TBC1D9	0	0	0	0	Background
HGNC:23138	RNF150	0	0	0	0	Background
HGNC:15462	NOAZFP	0	0	0	0	Background
HGNC:5977	IL15	0	0	0	0	Background
HGNC:6075	INPP4B	0	0	0	0	Background
HGNC:20067	USP38	0	0	0	0	Background
HGNC:4066	GAB1	0	0	0	0	Background
HGNC:11101	SMARCA5	0	0	0	0	Background
HGNC:25172	FREM3	0	0	0	0	Background
HGNC:4705	GYPE	0	0	0	0	Background
HGNC:4703	GYPB	0	0	0	0	Background
HGNC:4702	GYPA	0	0	0	0	Background
HGNC:14866	HHIP	0	0	0	0	Background
HGNC:24077	ANAPC10	0	0	0	0	Background
HGNC:69	ABCE1	0	1	1	0	ASD_only
HGNC:24949	OTUD4	0	0	0	0	Background
HGNC:6767	SMAD1	0	0	0	0	Background
HGNC:18871	MMAA	0	0	0	0	Background
HGNC:37264	C4orf51	0	0	0	0	Background
HGNC:27193	ZNF827	0	1	1	0	ASD_only
HGNC:17017	LSM6	0	0	0	0	Background
HGNC:53638	REELD1	0	0	0	0	Background
HGNC:23088	SLC10A7	0	0	0	0	Background
HGNC:9219	POU4F2	0	0	0	0	Background
HGNC:29936	TTC29	0	0	0	0	Background
HGNC:3179	EDNRA	0	0	0	0	Background
HGNC:25587	TMEM184C	0	0	0	0	Background
HGNC:25099	PRMT9	0	0	1	0	Background
HGNC:26099	ARHGAP10	0	0	0	0	Background
HGNC:7979	NR3C2	0	1	1	0	ASD_only
HGNC:19002	DCLK2	0	0	0	0	Background
HGNC:1742	LRBA	1	1	1	1	Overlap_raw
HGNC:6758	MAB21L2	0	0	0	0	Background
HGNC:10421	RPS3A	0	0	0	0	Background
HGNC:30418	SH3D19	0	0	0	0	Background
HGNC:24635	PRSS48	0	0	0	0	Background
HGNC:34237	FHIP1A	0	0	0	0	Background
HGNC:8849	GATB	0	0	0	0	Background
HGNC:16712	FBXW7	0	0	0	0	Background
HGNC:26489	TMEM154	0	0	0	0	Background
HGNC:18335	TIGD4	0	0	0	0	Background
HGNC:21496	ARFIP1	0	0	0	0	Background
HGNC:29363	FHDC1	0	0	0	0	Background
HGNC:15974	TRIM2	0	0	0	0	Background
HGNC:24839	MND1	0	0	0	0	Background
HGNC:29146	TMEM131L	0	0	0	0	Background
HGNC:11848	TLR2	0	0	0	0	Background
HGNC:27735	RNF175	0	0	0	0	Background
HGNC:10777	SFRP2	0	0	0	0	Background
HGNC:23111	DCHS2	0	0	0	0	Background
HGNC:9089	PLRG1	0	0	0	0	Background
HGNC:3662	FGB	0	0	0	0	Background
HGNC:3661	FGA	0	1	1	0	ASD_only
HGNC:3694	FGG	0	0	0	0	Background
HGNC:6685	LRAT	0	0	0	0	Background
HGNC:28401	RBM46	0	0	0	0	Background
HGNC:7957	NPY2R	0	0	0	0	Background
HGNC:26118	MAP9	0	0	0	0	Background
HGNC:4685	GUCY1A1	0	0	0	0	Background
HGNC:4687	GUCY1B1	0	0	0	0	Background
HGNC:17537	ASIC5	0	0	0	0	Background
HGNC:11708	TDO2	0	1	1	0	ASD_only
HGNC:2542	CTSO	0	0	0	0	Background
HGNC:53187	LINC02272	0	0	0	0	Background
HGNC:8801	PDGFC	0	0	0	0	Background
HGNC:4329	GLRB	0	0	0	0	Background
HGNC:4572	GRIA2	0	1	1	0	ASD_only
HGNC:25312	GASK1B	0	0	0	0	Background
HGNC:25633	TMEM144	0	0	0	0	Background
HGNC:19718	RXFP1	0	0	0	0	Background
HGNC:27320	C4orf46	0	0	0	0	Background
HGNC:3483	ETFDH	0	0	0	0	Background
HGNC:9257	PPID	0	0	0	0	Background
HGNC:29280	FNIP2	0	0	0	0	Background
HGNC:26342	SPMIP2	0	0	0	0	Background
HGNC:16854	RAPGEF2	0	0	0	0	Background
HGNC:21386	FSTL5	0	0	0	0	Background
HGNC:25126	NAF1	0	0	0	0	Background
HGNC:7956	NPY1R	0	0	0	0	Background
HGNC:7958	NPY5R	0	0	0	0	Background
HGNC:25313	TKTL2	0	0	0	0	Background
HGNC:25638	TMA16	0	0	0	0	Background
HGNC:26077	MARCHF1	0	0	0	0	Background
HGNC:24339	TRIM61	0	0	0	0	Background
HGNC:26466	FAM218A	0	0	0	0	Background
HGNC:21162	TRIM60	0	0	0	0	Background
HGNC:26775	TMEM192	0	0	0	0	Background
HGNC:6353	KLHL2	0	0	0	0	Background
HGNC:10545	MSMO1	0	0	0	0	Background
HGNC:2303	CPE	0	0	0	0	Background
HGNC:11843	TLL1	0	0	0	0	Background
HGNC:13565	SPOCK3	0	0	0	0	Background
HGNC:534	ANXA10	0	0	0	0	Background
HGNC:25942	DDX60	0	0	0	0	Background
HGNC:26429	DDX60L	0	0	0	0	Background
HGNC:17068	PALLD	0	0	0	0	Background
HGNC:25891	CBR4	0	0	0	0	Background
HGNC:17650	SH3RF1	0	0	0	0	Background
HGNC:7744	NEK1	0	0	0	0	Background
HGNC:2021	CLCN3	0	0	0	0	Background
HGNC:26051	HPF1	0	0	0	0	Background
HGNC:29083	MFAP3L	0	0	0	0	Background
HGNC:17929	AADAT	0	0	0	0	Background
HGNC:33844	GALNTL6	0	0	0	0	Background
HGNC:4129	GALNT7	0	0	0	0	Background
HGNC:5000	HMGB2	0	0	0	0	Background
HGNC:10532	SAP30	0	0	0	0	Background
HGNC:17036	SCRG1	0	0	0	0	Background
HGNC:4808	HAND2	0	0	0	0	Background
HGNC:13587	FBXO8	0	0	0	0	Background
HGNC:29356	CEP44	0	0	0	0	Background
HGNC:5154	HPGD	0	0	0	0	Background
HGNC:4328	GLRA3	0	0	0	0	Background
HGNC:207	ADAM29	0	0	0	0	Background
HGNC:4460	GPM6A	0	0	0	0	Background
HGNC:16661	WDR17	0	0	0	0	Background
HGNC:17333	SPATA4	0	0	0	0	Background
HGNC:17180	ASB5	0	0	0	0	Background
HGNC:26212	SPCS3	0	0	0	0	Background
HGNC:12682	VEGFC	0	0	0	0	Background
HGNC:24573	NEIL3	0	0	0	0	Background
HGNC:318	AGA	0	0	0	0	Background
HGNC:27731	LINC01098	0	0	0	0	Background
HGNC:29944	TENM3	0	0	0	0	Background
HGNC:2710	DCTD	0	0	0	0	Background
HGNC:24148	WWC2	0	0	0	0	Background
HGNC:2044	CLDN22	0	0	0	0	Background
HGNC:37200	CLDN24	0	0	0	0	Background
HGNC:24325	CDKN2AIP	0	0	0	0	Background
HGNC:6063	ING2	0	0	0	0	Background
HGNC:23750	RWDD4	0	0	0	0	Background
HGNC:25751	TRAPPC11	0	0	0	0	Background
HGNC:25450	STOX2	0	0	0	0	Background
HGNC:23409	ENPP6	0	0	0	0	Background
HGNC:6117	IRF2	0	0	0	0	Background
HGNC:1504	CASP3	0	0	0	0	Background
HGNC:26575	PRIMPOL	0	0	0	0	Background
HGNC:21348	CENPU	0	0	0	0	Background
HGNC:3569	ACSL1	0	0	0	0	Background
HGNC:33783	HELT	0	0	0	0	Background
HGNC:10990	SLC25A4	0	0	0	0	Background
HGNC:29276	CFAP97	0	0	0	0	Background
HGNC:21883	SNX25	0	0	0	0	Background
HGNC:25434	LRP2BP	0	0	0	0	Background
HGNC:29593	ANKRD37	0	0	0	0	Background
HGNC:25640	UFSP2	0	0	0	0	Background
HGNC:34346	CFAP96	0	0	0	0	Background
HGNC:28504	CCDC110	0	0	0	0	Background
HGNC:58917	CCDC110-AS1	0	0	0	0	Background
HGNC:20767	PDLIM3	0	0	0	0	Background
HGNC:24098	SORBS2	0	0	0	0	Background
HGNC:11849	TLR3	1	0	0	0	IEI_only
HGNC:24527	FAM149A	0	0	0	0	Background
HGNC:23198	CYP4V2	0	0	0	0	Background
HGNC:6371	KLKB1	0	0	0	0	Background
HGNC:3529	F11	0	0	0	0	Background
HGNC:7463	MTNR1A	0	0	0	0	Background
HGNC:3595	FAT1	0	1	1	0	ASD_only
HGNC:30949	ZFP42	0	0	0	0	Background
HGNC:26378	TRIML2	0	0	0	0	Background
HGNC:26698	TRIML1	0	0	0	0	Background
HGNC:3954	FRG1	0	1	1	0	ASD_only
HGNC:19136	FRG2	0	0	0	0	Background
HGNC:37266	DUX4L7	0	0	0	0	Background
HGNC:37265	DUX4L6	0	0	0	0	Background
HGNC:38689	DUX4L5	0	0	0	0	Background
HGNC:38686	DUX4L4	0	0	0	0	Background
HGNC:50800	DUX4	0	0	0	0	Background
HGNC:38688	DUX4L3	0	0	0	0	Background
HGNC:37267	DUX4L2	0	0	0	0	Background
HGNC:29399	PLEKHG4B	0	0	0	0	Background
HGNC:37268	LRRC14B	0	0	0	0	Background
HGNC:30520	CCDC127	0	0	0	0	Background
HGNC:10680	SDHA	0	0	0	0	Background
HGNC:8765	PDCD6	0	0	0	0	Background
HGNC:346	AHRR	0	0	0	0	Background
HGNC:25175	EXOC3-AS1	0	0	0	0	Background
HGNC:30378	EXOC3	0	1	1	0	ASD_only
HGNC:24524	SLC9A3-OT1	0	0	0	0	Background
HGNC:11073	SLC9A3	0	0	0	0	Background
HGNC:25547	CEP72	0	0	0	0	Background
HGNC:24164	TPPP	0	0	0	0	Background
HGNC:19158	ZDHHC11	0	0	0	0	Background
HGNC:32962	ZDHHC11B	0	0	0	0	Background
HGNC:25818	BRD9	0	0	0	0	Background
HGNC:12307	TRIP13	0	0	0	0	Background
HGNC:17046	NKD2	0	0	0	0	Background
HGNC:10915	SLC12A7	0	0	0	0	Background
HGNC:27960	SLC6A19	0	0	0	0	Background
HGNC:26441	SLC6A18	0	0	0	0	Background
HGNC:11730	TERT	1	0	0	0	IEI_only
HGNC:24308	CLPTM1L	0	0	0	0	Background
HGNC:11049	SLC6A3	0	1	1	0	ASD_only
HGNC:25718	LPCAT1	0	0	0	0	Background
HGNC:14490	MRPL36	0	0	0	0	Background
HGNC:7713	NDUFS6	0	0	0	0	Background
HGNC:6129	IRX4	0	0	0	0	Background
HGNC:14359	IRX2	0	0	0	0	Background
HGNC:24226	IRX2-DT	0	0	0	0	Background
HGNC:14358	IRX1	0	0	0	0	Background
HGNC:17108	ADAMTS16	0	0	0	0	Background
HGNC:29154	ICE1	0	0	0	0	Background
HGNC:28760	MED10	0	0	0	0	Background
HGNC:37269	UBE2QL1	0	0	0	0	Background
HGNC:25994	NSUN2	0	0	0	0	Background
HGNC:11284	SRD5A1	0	0	0	0	Background
HGNC:16705	TENT4A	0	0	0	0	Background
HGNC:233	ADCY2	0	0	0	0	Background
HGNC:27028	CFAP90	0	0	0	0	Background
HGNC:7473	MTRR	0	0	0	0	Background
HGNC:28758	FASTKD3	0	0	0	0	Background
HGNC:10736	SEMA5A	0	1	1	0	ASD_only
HGNC:14909	TAS2R1	0	0	0	0	Background
HGNC:27029	ATPSCKMT	0	0	0	0	Background
HGNC:1618	CCT5	0	0	0	0	Background
HGNC:25090	CMBL	0	0	0	0	Background
HGNC:30550	MARCHF6	0	0	0	0	Background
HGNC:24060	ROPN1L	0	0	0	0	Background
HGNC:53080	LINC02213	0	0	0	0	Background
HGNC:35240	ANKRD33B	0	0	0	0	Background
HGNC:2672	DAP	0	0	0	0	Background
HGNC:2516	CTNND2	0	1	1	0	ASD_only
HGNC:2950	DNAH5	0	0	0	0	Background
HGNC:12303	TRIO	0	1	1	0	ASD_only
HGNC:25629	OTULINL	0	0	0	0	Background
HGNC:25118	OTULIN	1	0	0	0	IEI_only
HGNC:15492	ANKH	0	0	0	0	Background
HGNC:13604	FBXL7	0	0	0	0	Background
HGNC:33609	MARCHF11	0	0	0	0	Background
HGNC:30958	ZNF622	0	0	0	0	Background
HGNC:25964	RETREG1	0	0	0	0	Background
HGNC:7593	MYO10	0	0	0	0	Background
HGNC:957	BASP1	0	0	0	0	Background
HGNC:1757	CDH18	0	0	0	0	Background
HGNC:1751	CDH12	0	0	0	0	Background
HGNC:13994	PRDM9	0	0	0	0	Background
HGNC:26630	LINC02899	0	0	0	0	Background
HGNC:1749	CDH10	0	1	1	0	ASD_only
HGNC:1768	CDH9	0	1	1	0	ASD_only
HGNC:1765	CDH6	0	0	0	0	Background
HGNC:17904	DROSHA	0	0	0	0	Background
HGNC:25639	C5orf22	0	0	0	0	Background
HGNC:18486	PDZD2	0	0	0	0	Background
HGNC:15452	GOLPH3	0	0	0	0	Background
HGNC:18191	MTMR12	0	0	0	0	Background
HGNC:17277	ZFR	0	0	0	0	Background
HGNC:19985	SUB1	0	0	0	0	Background
HGNC:7945	NPR3	0	0	0	0	Background
HGNC:11572	TARS1	0	0	0	0	Background
HGNC:14605	ADAMTS12	0	0	0	0	Background
HGNC:24883	RXFP3	0	0	0	0	Background
HGNC:16472	SLC45A2	0	0	0	0	Background
HGNC:451	AMACR	0	0	0	0	Background
HGNC:49198	C1QTNF3-AMACR	0	0	0	0	Background
HGNC:14326	C1QTNF3	0	0	0	0	Background
HGNC:14873	RAI14	0	0	0	0	Background
HGNC:26355	TTC23L	0	0	0	0	Background
HGNC:9806	RAD1	0	0	0	0	Background
HGNC:24170	BRIX1	0	0	0	0	Background
HGNC:27030	DNAJC21	1	0	0	0	IEI_only
HGNC:14412	AGXT2	0	0	0	0	Background
HGNC:9446	PRLR	0	0	0	0	Background
HGNC:26293	SPEF2	0	0	0	0	Background
HGNC:6024	IL7R	1	0	0	0	IEI_only
HGNC:28375	CAPSL	0	0	0	0	Background
HGNC:26625	UGT3A1	0	0	0	0	Background
HGNC:27266	UGT3A2	0	0	0	0	Background
HGNC:25287	LMBRD2	0	0	0	0	Background
HGNC:10901	SKP2	0	0	0	0	Background
HGNC:26404	NADK2	0	0	0	0	Background
HGNC:26353	RANBP3L	0	0	0	0	Background
HGNC:10941	SLC1A3	0	0	0	0	Background
HGNC:28862	NIPBL	0	1	1	0	ASD_only
HGNC:25801	CPLANE1	0	0	0	0	Background
HGNC:8063	NUP155	0	1	1	0	ASD_only
HGNC:25495	WDR70	0	0	0	0	Background
HGNC:4232	GDNF	0	0	0	0	Background
HGNC:26810	EGFLAM	0	0	0	0	Background
HGNC:6597	LIFR	0	0	0	0	Background
HGNC:8507	OSMR	0	0	0	0	Background
HGNC:28611	RICTOR	0	0	0	0	Background
HGNC:4036	FYB1	0	0	0	0	Background
HGNC:1358	C9	1	0	0	0	IEI_only
HGNC:2662	DAB2	0	0	0	0	Background
HGNC:9596	PTGER4	0	0	0	0	Background
HGNC:29959	TTC33	0	0	0	0	Background
HGNC:9376	PRKAA1	0	0	0	0	Background
HGNC:10347	RPL37	0	0	0	0	Background
HGNC:16394	CARD6	0	0	0	0	Background
HGNC:1346	C7	1	0	0	0	IEI_only
HGNC:26857	MROH2B	0	0	0	0	Background
HGNC:1339	C6	1	0	0	0	IEI_only
HGNC:31822	PLCXD3	0	0	0	0	Background
HGNC:8527	OXCT1	0	0	0	0	Background
HGNC:27750	RIMOC1	0	0	0	0	Background
HGNC:13583	FBXO4	0	0	0	0	Background
HGNC:4263	GHR	0	0	0	0	Background
HGNC:34438	CCDC152	0	0	0	0	Background
HGNC:10751	SELENOP	0	0	0	0	Background
HGNC:33463	ANXA2R	0	0	0	0	Background
HGNC:12915	ZBTB35	0	0	0	0	Background
HGNC:28646	NIM1K	0	0	0	0	Background
HGNC:5007	HMGCS1	0	0	0	0	Background
HGNC:17700	CCL28	0	0	0	0	Background
HGNC:26139	TMEM267	0	0	0	0	Background
HGNC:24738	C5orf34	0	0	0	0	Background
HGNC:16945	PAIP1	0	0	0	0	Background
HGNC:7863	NNT	0	0	0	0	Background
HGNC:3666	FGF10	0	0	0	0	Background
HGNC:8769	MRPS30	0	0	0	0	Background
HGNC:4845	HCN1	0	0	0	0	Background
HGNC:30465	EMB	0	0	0	0	Background
HGNC:26124	PARP8	0	0	0	0	Background
HGNC:6132	ISL1	0	0	0	0	Background
HGNC:52974	LINC02118	0	0	0	0	Background
HGNC:6134	ITGA1	0	0	0	0	Background
HGNC:8829	PELO	0	0	0	0	Background
HGNC:6137	ITGA2	0	0	0	0	Background
HGNC:7193	MOCS2	0	0	0	0	Background
HGNC:3971	FST	0	0	0	0	Background
HGNC:7711	NDUFS4	0	0	0	0	Background
HGNC:25945	ARL15	0	0	0	0	Background
HGNC:5248	HSPB3	0	0	0	0	Background
HGNC:19245	SNX18	0	0	0	0	Background
HGNC:3466	ESM1	0	0	0	0	Background
HGNC:4711	GZMK	0	0	0	0	Background
HGNC:4708	GZMA	0	0	0	0	Background
HGNC:24222	CDC20B	0	0	0	0	Background
HGNC:33100	GPX8	0	0	0	0	Background
HGNC:40050	MCIDAS	0	0	0	0	Background
HGNC:18576	CCNO	0	0	0	0	Background
HGNC:15815	DHX29	0	0	0	0	Background
HGNC:18734	MTREX	0	0	0	0	Background
HGNC:9228	PLPP1	0	0	0	0	Background
HGNC:26907	SLC38A9	0	0	0	0	Background
HGNC:18700	DDX4	0	0	0	0	Background
HGNC:18969	IL31RA	0	0	0	0	Background
HGNC:6021	IL6ST	1	0	0	0	IEI_only
HGNC:25681	ANKRD55	0	0	0	0	Background
HGNC:52772	LINC01948	0	0	0	0	Background
HGNC:51252	C5orf67	0	0	0	0	Background
HGNC:6848	MAP3K1	0	0	0	0	Background
HGNC:28508	SETD9	0	0	0	0	Background
HGNC:26678	MIER3	0	0	0	0	Background
HGNC:29520	GPBP1	0	0	0	0	Background
HGNC:17780	ACTBL2	0	0	0	0	Background
HGNC:19699	PLK2	0	0	0	0	Background
HGNC:26588	GAPT	0	0	0	0	Background
HGNC:52963	LINC02108	0	0	0	0	Background
HGNC:30269	RAB3C	0	0	0	0	Background
HGNC:8783	PDE4D	0	0	0	0	Background
HGNC:24902	DEPDC1B	0	0	0	0	Background
HGNC:26292	ELOVL7	0	0	0	0	Background
HGNC:3439	ERCC8	0	0	0	0	Background
HGNC:28086	NDUFAF2	0	0	0	0	Background
HGNC:33861	SMIM15	0	0	0	0	Background
HGNC:29316	ZSWIM6	0	0	0	0	Background
HGNC:26744	LINC03122	0	0	0	0	Background
HGNC:6318	KIF2A	0	0	0	0	Background
HGNC:30217	DIMT1	0	0	0	0	Background
HGNC:20628	IPO11	0	0	0	0	Background
HGNC:24233	CKS1BP3	0	0	0	0	Background
HGNC:35155	LRRC70	0	0	0	0	Background
HGNC:5286	HTR1A	0	0	0	0	Background
HGNC:27752	RNF180	0	0	0	0	Background
HGNC:23271	RGS7BP	0	0	0	0	Background
HGNC:34236	SHISAL2B	0	0	0	0	Background
HGNC:26716	SREK1IP1	0	0	0	0	Background
HGNC:10664	CWC27	0	0	0	0	Background
HGNC:222	ADAMTS6	0	0	0	0	Background
HGNC:29479	CENPK	0	0	0	0	Background
HGNC:28954	PPWD1	0	0	0	0	Background
HGNC:660	TRIM23	0	1	1	0	ASD_only
HGNC:25828	TRAPPC13	0	0	0	0	Background
HGNC:53826	SHLD3	0	0	0	0	Background
HGNC:23567	SGTB	0	0	0	0	Background
HGNC:16058	NLN	0	0	0	0	Background
HGNC:15842	ERBIN	1	1	1	1	Overlap_raw
HGNC:17882	SREK1	0	0	0	0	Background
HGNC:19037	MAST4	0	0	0	0	Background
HGNC:6726	CD180	0	0	0	0	Background
HGNC:53086	LINC02219	0	0	0	0	Background
HGNC:8979	PIK3R1	1	0	0	0	IEI_only
HGNC:19089	SLC30A5	0	0	0	0	Background
HGNC:1579	CCNB1	0	0	0	0	Background
HGNC:17268	CENPH	0	0	0	0	Background
HGNC:16631	KGD4	0	0	0	0	Background
HGNC:1778	CDK7	0	0	0	0	Background
HGNC:28924	CCDC125	0	0	0	0	Background
HGNC:49151	AK6	0	0	0	0	Background
HGNC:9807	RAD17	0	0	0	0	Background
HGNC:26401	MARVELD2	0	0	0	0	Background
HGNC:8104	OCLN	0	0	0	0	Background
HGNC:31394	GTF2H2C	0	0	0	0	Background
HGNC:10756	SERF1B	0	0	0	0	Background
HGNC:11118	SMN2	0	0	0	0	Background
HGNC:10755	SERF1A	0	0	0	0	Background
HGNC:11117	SMN1	0	0	0	0	Background
HGNC:7634	NAIP	0	0	0	0	Background
HGNC:4656	GTF2H2	0	0	0	0	Background
HGNC:13652	BDP1	0	0	0	0	Background
HGNC:6937	MCCC2	0	0	0	0	Background
HGNC:24323	CARTPT	0	0	0	0	Background
HGNC:6836	MAP1B	0	1	1	0	ASD_only
HGNC:14512	MRPS27	0	0	0	0	Background
HGNC:25734	PTCD2	0	0	0	0	Background
HGNC:18316	ZNF366	0	0	0	0	Background
HGNC:6401	TNPO1	0	0	0	0	Background
HGNC:25180	FCHO2	0	0	0	0	Background
HGNC:27031	TMEM171	0	0	0	0	Background
HGNC:28187	TMEM174	0	0	0	0	Background
HGNC:3802	FOXD1	0	0	0	0	Background
HGNC:1125	BTF3	0	0	0	0	Background
HGNC:13208	ANKRA2	0	0	0	0	Background
HGNC:25758	UTP15	0	0	0	0	Background
HGNC:30322	ARHGEF28	0	0	0	0	Background
HGNC:3345	ENC1	0	0	0	0	Background
HGNC:4879	HEXB	0	0	0	0	Background
HGNC:29682	GFM2	0	0	0	0	Background
HGNC:30728	NSA2	0	0	0	0	Background
HGNC:29138	FAM169A	0	0	0	0	Background
HGNC:17973	GCNT4	0	0	0	0	Background
HGNC:26853	ANKRD31	0	0	0	0	Background
HGNC:5006	HMGCR	0	0	0	0	Background
HGNC:2205	CERT1	0	0	0	0	Background
HGNC:9183	POLK	0	0	0	0	Background
HGNC:32525	ANKDD1B	0	0	0	0	Background
HGNC:26658	POC5	0	0	0	0	Background
HGNC:30670	SV2C	0	0	0	0	Background
HGNC:6111	IQGAP2	0	0	0	0	Background
HGNC:3539	F2RL2	0	0	0	0	Background
HGNC:3537	F2R	0	0	0	0	Background
HGNC:3538	F2RL1	0	0	0	0	Background
HGNC:30367	S100Z	0	0	0	0	Background
HGNC:2356	CRHBP	0	0	0	0	Background
HGNC:24684	AGGF1	0	0	0	0	Background
HGNC:20711	ZBED3	0	0	0	0	Background
HGNC:8794	PDE8B	0	0	0	0	Background
HGNC:25601	WDR41	0	0	0	0	Background
HGNC:8518	OTP	0	0	0	0	Background
HGNC:11579	TBCA	0	0	0	0	Background
HGNC:566	AP3B1	1	0	0	0	IEI_only
HGNC:10563	SCAMP1	0	0	0	0	Background
HGNC:6588	LHFPL2	0	0	0	0	Background
HGNC:714	ARSB	0	0	0	0	Background
HGNC:24475	DMGDH	0	0	0	0	Background
HGNC:1048	BHMT2	0	0	0	0	Background
HGNC:1047	BHMT	0	0	0	0	Background
HGNC:28916	JMY	0	0	0	0	Background
HGNC:17512	HOMER1	0	1	1	0	ASD_only
HGNC:26776	TENT2	0	0	0	0	Background
HGNC:14305	CMYA5	0	0	0	0	Background
HGNC:24812	MTX3	0	0	0	0	Background
HGNC:11788	THBS4	0	0	0	0	Background
HGNC:18825	SERINC5	0	0	0	0	Background
HGNC:30721	SPZ1	0	0	0	0	Background
HGNC:20756	ZFYVE16	0	0	0	0	Background
HGNC:33716	FAM151B	0	0	0	0	Background
HGNC:33736	ANKRD34B	0	0	0	0	Background
HGNC:2861	DHFR	0	0	0	0	Background
HGNC:37156	MTRNR2L2	0	0	0	0	Background
HGNC:7326	MSH3	0	0	0	0	Background
HGNC:9876	RASGRF2	0	0	0	0	Background
HGNC:1996	CKMT2	0	0	0	0	Background
HGNC:25424	ZCCHC9	0	0	0	0	Background
HGNC:24436	ACOT12	0	0	0	0	Background
HGNC:15831	SSBP2	0	0	0	0	Background
HGNC:20315	ATG10	0	0	0	0	Background
HGNC:10410	RPS23	0	0	0	0	Background
HGNC:28091	ATP6AP1L	0	0	0	0	Background
HGNC:28330	TMEM167A	0	0	0	0	Background
HGNC:12831	XRCC4	0	0	0	0	Background
HGNC:2464	VCAN	0	0	0	0	Background
HGNC:2380	HAPLN1	0	0	0	0	Background
HGNC:3173	EDIL3	0	0	0	0	Background
HGNC:2292	COX7C	0	0	0	0	Background
HGNC:54975	MIR4280HG	0	0	0	0	Background
HGNC:9871	RASA1	0	0	0	0	Background
HGNC:1594	CCNH	0	0	0	0	Background
HGNC:28483	TMEM161B	0	0	0	0	Background
HGNC:6996	MEF2C	0	1	1	0	ASD_only
HGNC:1868	CETN3	0	0	0	0	Background
HGNC:33711	MBLAC2	0	0	0	0	Background
HGNC:30075	POLR3G	0	0	0	0	Background
HGNC:26969	LYSMD3	0	0	0	0	Background
HGNC:17416	ADGRV1	0	0	0	0	Background
HGNC:29263	ARRDC3	0	0	0	0	Background
HGNC:7975	NR2F1	0	1	1	0	ASD_only
HGNC:25365	ARB2A	0	0	0	0	Background
HGNC:26367	POU5F2	0	0	0	0	Background
HGNC:28532	KIAA0825	0	0	0	0	Background
HGNC:25408	SLF1	0	0	0	0	Background
HGNC:26183	MCTP1	0	0	0	0	Background
HGNC:26335	FAM81B	0	0	0	0	Background
HGNC:23639	SKIC3	1	0	0	0	IEI_only
HGNC:25239	ARSK	0	0	0	0	Background
HGNC:23628	GPR150	0	0	0	0	Background
HGNC:29587	RFESD	0	0	0	0	Background
HGNC:22988	SPATA9	0	0	0	0	Background
HGNC:18757	RHOBTB3	0	0	0	0	Background
HGNC:4330	GLRX	0	0	0	0	Background
HGNC:24687	LINC01554	0	0	0	0	Background
HGNC:17064	ELL2	0	0	0	0	Background
HGNC:8743	PCSK1	0	0	0	0	Background
HGNC:1515	CAST	0	0	0	0	Background
HGNC:18173	ERAP1	0	0	0	0	Background
HGNC:29499	ERAP2	0	0	0	0	Background
HGNC:6656	LNPEP	0	0	0	0	Background
HGNC:18581	LIX1	0	0	0	0	Background
HGNC:18999	RIOK2	0	0	0	0	Background
HGNC:26896	RGMB	0	0	0	0	Background
HGNC:1915	CHD1	0	1	1	0	ASD_only
HGNC:24943	FAM174A	0	0	0	0	Background
HGNC:10871	ST8SIA4	0	0	0	0	Background
HGNC:23612	SLCO4C1	0	0	0	0	Background
HGNC:23613	SLCO6A1	0	0	0	0	Background
HGNC:8596	PAM	0	0	0	0	Background
HGNC:25959	GIN1	0	0	0	0	Background
HGNC:29035	PPIP5K2	0	0	0	0	Background
HGNC:25052	MACIR	0	0	0	0	Background
HGNC:18826	NUDT12	0	0	0	0	Background
HGNC:3225	EFNA5	0	0	0	0	Background
HGNC:13615	FBXL17	0	0	0	0	Background
HGNC:3655	FER	0	0	0	0	Background
HGNC:17481	PJA2	0	0	0	0	Background
HGNC:6824	MAN2A1	0	0	0	0	Background
HGNC:52663	LINC01848	0	0	0	0	Background
HGNC:37270	TMEM232	0	0	0	0	Background
HGNC:25198	SLC25A46	0	0	0	0	Background
HGNC:30743	TSLP	0	0	0	0	Background
HGNC:30696	WDR36	0	0	0	0	Background
HGNC:1464	CAMK4	0	1	1	0	ASD_only
HGNC:18058	STARD4	0	0	0	0	Background
HGNC:16834	NREP	0	0	0	0	Background
HGNC:13278	EPB41L4A	0	0	0	0	Background
HGNC:59110	EPB41L4A-AS2	0	0	0	0	Background
HGNC:583	APC	0	0	0	0	Background
HGNC:11300	SRP19	1	0	0	0	IEI_only
HGNC:30077	REEP5	0	0	0	0	Background
HGNC:12456	ZRSR2P1	0	0	0	0	Background
HGNC:24452	DCP2	0	0	0	0	Background
HGNC:6935	MCC	0	0	0	0	Background
HGNC:14968	TSSK1B	0	0	0	0	Background
HGNC:24721	YTHDC2	0	1	1	0	ASD_only
HGNC:6291	KCNN2	0	0	0	0	Background
HGNC:16280	TRIM36	0	0	0	0	Background
HGNC:8895	PGGT1B	0	0	0	0	Background
HGNC:28599	CCDC112	0	0	0	0	Background
HGNC:16933	FEM1C	0	0	0	0	Background
HGNC:33945	TMED7-TICAM2	0	0	0	0	Background
HGNC:21354	TICAM2	0	0	0	0	Background
HGNC:24253	TMED7	0	0	0	0	Background
HGNC:1795	CDO1	0	0	0	0	Background
HGNC:588	ATG12	0	0	0	0	Background
HGNC:2013	AP3S1	0	0	0	0	Background
HGNC:26904	LVRN	0	0	0	0	Background
HGNC:44201	ARL14EPL	0	0	0	0	Background
HGNC:30201	COMMD10	0	0	0	0	Background
HGNC:10738	SEMA6A	0	0	0	0	Background
HGNC:19334	DTWD2	0	0	0	0	Background
HGNC:2937	DMXL1	0	0	0	0	Background
HGNC:17260	TNFAIP8	0	0	0	0	Background
HGNC:5213	HSD17B4	0	0	0	0	Background
HGNC:27963	FAM170A	0	0	0	0	Background
HGNC:29654	PRR16	0	0	0	0	Background
HGNC:17345	FTMT	0	0	0	0	Background
HGNC:26333	SRFBP1	0	0	0	0	Background
HGNC:6664	LOX	0	0	0	0	Background
HGNC:23245	ZNF474	0	0	0	0	Background
HGNC:11139	SNCAIP	0	0	0	0	Background
HGNC:11173	SNX2	0	0	0	0	Background
HGNC:21533	SNX24	0	0	0	0	Background
HGNC:9256	PPIC	0	0	0	0	Background
HGNC:9350	PRDM6	0	0	0	0	Background
HGNC:26690	CEP120	0	0	0	0	Background
HGNC:2456	CSNK1G3	0	0	0	0	Background
HGNC:29238	ZNF608	0	0	0	0	Background
HGNC:24911	GRAMD2B	0	0	0	0	Background
HGNC:877	ALDH7A1	0	0	0	0	Background
HGNC:10241	PHAX	0	0	0	0	Background
HGNC:33767	SPMIP10	0	0	0	0	Background
HGNC:6637	LMNB1	0	0	0	0	Background
HGNC:28728	MARCHF3	0	0	0	0	Background
HGNC:40051	C5orf63	0	0	0	0	Background
HGNC:29634	MEGF10	0	1	1	0	ASD_only
HGNC:28164	PRRC1	0	0	0	0	Background
HGNC:31110	CTXN3	0	0	0	0	Background
HGNC:10911	SLC12A2	0	0	0	0	Background
HGNC:3604	FBN2	0	0	0	0	Background
HGNC:11000	SLC27A6	0	0	0	0	Background
HGNC:24254	ISOC1	0	0	0	0	Background
HGNC:17111	ADAMTS19	0	0	0	0	Background
HGNC:33914	MINAR2	0	0	0	0	Background
HGNC:24293	CHSY3	0	0	0	0	Background
HGNC:4912	HINT1	0	0	0	0	Background
HGNC:28072	LYRM7	0	0	0	0	Background
HGNC:18547	CDC42SE2	0	0	0	0	Background
HGNC:20655	RAPGEF6	0	0	0	0	Background
HGNC:29418	FNIP1	1	0	0	0	IEI_only
HGNC:16496	ACSL6	0	0	0	0	Background
HGNC:6011	IL3	0	0	0	0	Background
HGNC:2434	CSF2	0	0	0	0	Background
HGNC:8547	P4HA2	0	1	1	0	ASD_only
HGNC:16501	PDLIM4	0	0	0	0	Background
HGNC:10968	SLC22A4	0	0	0	0	Background
HGNC:10969	SLC22A5	0	0	0	0	Background
HGNC:33838	CARINH	0	0	0	0	Background
HGNC:6116	IRF1	1	0	0	0	IEI_only
HGNC:6016	IL5	0	0	0	0	Background
HGNC:9816	RAD50	1	0	0	0	IEI_only
HGNC:5973	IL13	0	0	0	0	Background
HGNC:6014	IL4	0	0	0	0	Background
HGNC:6319	KIF3A	0	0	0	0	Background
HGNC:33869	CCNI2	0	0	0	0	Background
HGNC:16511	SEPTIN8	0	0	0	0	Background
HGNC:27033	SOWAHA	0	0	0	0	Background
HGNC:24084	SHROOM1	0	0	0	0	Background
HGNC:4224	GDF9	0	0	0	0	Background
HGNC:29594	UQCRQ	0	0	0	0	Background
HGNC:29571	LEAP2	0	0	0	0	Background
HGNC:17869	AFF4	0	0	0	0	Background
HGNC:25954	ZCCHC10	0	0	0	0	Background
HGNC:5237	HSPA4	0	0	0	0	Background
HGNC:21389	FSTL4	0	0	0	0	Background
HGNC:20656	C5orf15	0	0	0	0	Background
HGNC:12669	VDAC1	0	0	0	0	Background
HGNC:11639	TCF7	0	0	0	0	Background
HGNC:10899	SKP1	0	0	0	0	Background
HGNC:9299	PPP2CA	0	0	0	0	Background
HGNC:15483	CDKL3	0	0	0	0	Background
HGNC:12473	UBE2B	0	0	0	0	Background
HGNC:30545	XTBD1	0	0	0	0	Background
HGNC:22984	JADE2	0	0	0	0	Background
HGNC:10535	SAR1B	0	0	0	0	Background
HGNC:10703	SEC24A	0	0	0	0	Background
HGNC:1471	CAMLG	0	0	0	0	Background
HGNC:18681	DDX46	0	0	0	0	Background
HGNC:26746	C5orf24	0	0	0	0	Background
HGNC:20652	TXNDC15	0	0	0	0	Background
HGNC:24474	PCBD2	0	0	0	0	Background
HGNC:20819	CATSPER3	0	0	0	0	Background
HGNC:9004	PITX1	0	1	1	0	ASD_only
HGNC:48332	PITX1-AS1	0	0	0	0	Background
HGNC:4740	MACROH2A1	0	0	0	0	Background
HGNC:24459	DCANP1	0	0	0	0	Background
HGNC:34024	TIFAB	0	0	0	0	Background
HGNC:7764	NEUROG1	0	0	0	0	Background
HGNC:10640	CXCL14	0	0	0	0	Background
HGNC:30451	SLC25A48	0	0	0	0	Background
HGNC:6029	IL9	0	0	0	0	Background
HGNC:6550	LECT2	0	0	0	0	Background
HGNC:11771	TGFBI	0	0	0	0	Background
HGNC:6771	SMAD5	0	0	0	0	Background
HGNC:20754	TRPC7	0	0	0	0	Background
HGNC:11251	SPOCK1	0	0	0	0	Background
HGNC:6354	KLHL3	0	0	0	0	Background
HGNC:5030	HNRNPA0	0	0	0	0	Background
HGNC:12399	MYOT	0	0	0	0	Background
HGNC:9012	PKD2L2	0	0	0	0	Background
HGNC:1335	FAM13B	0	0	0	0	Background
HGNC:12788	WNT8A	0	0	0	0	Background
HGNC:7853	NME5	0	0	0	0	Background
HGNC:19874	BRD8	0	0	0	0	Background
HGNC:9787	KIF20A	0	0	0	0	Background
HGNC:1724	CDC23	0	0	0	0	Background
HGNC:4245	GFRA3	0	0	0	0	Background
HGNC:1727	CDC25C	0	0	0	0	Background
HGNC:1336	FAM53C	0	0	0	0	Background
HGNC:1337	KDM3B	0	1	1	0	ASD_only
HGNC:17975	REEP2	0	0	0	0	Background
HGNC:3238	EGR1	0	0	0	0	Background
HGNC:3477	ETF1	0	0	0	0	Background
HGNC:5244	HSPA9	0	0	0	0	Background
HGNC:2509	CTNNA1	0	0	0	0	Background
HGNC:19409	LRRTM2	0	0	0	0	Background
HGNC:24624	SIL1	0	0	0	0	Background
HGNC:6912	MATR3	0	0	0	0	Background
HGNC:17970	PAIP2	0	0	0	0	Background
HGNC:10974	SLC23A1	0	0	0	0	Background
HGNC:30125	MZB1	0	0	0	0	Background
HGNC:41906	PROB1	0	0	0	0	Background
HGNC:27322	SPATA24	0	0	0	0	Background
HGNC:28429	DNAJC18	0	0	0	0	Background
HGNC:35454	ECSCR	0	0	0	0	Background
HGNC:27962	STING1	1	0	0	0	IEI_only
HGNC:12475	UBE2D2	0	0	0	0	Background
HGNC:26943	CXXC5	0	0	0	0	Background
HGNC:19092	PSD2	0	0	0	0	Background
HGNC:7998	NRG2	0	0	0	0	Background
HGNC:9701	PURA	0	0	0	0	Background
HGNC:33847	IGIP	0	0	0	0	Background
HGNC:30239	CYSTM1	0	0	0	0	Background
HGNC:8866	PFDN1	0	0	0	0	Background
HGNC:3059	HBEGF	0	0	0	0	Background
HGNC:11035	SLC4A9	0	0	0	0	Background
HGNC:24714	ANKHD1	0	0	0	0	Background
HGNC:33530	ANKHD1-EIF4EBP3	0	0	0	0	Background
HGNC:11281	SRA1	0	0	0	0	Background
HGNC:3290	EIF4EBP3	0	0	0	0	Background
HGNC:20708	APBB3	0	0	0	0	Background
HGNC:20753	SLC35A4	0	0	0	0	Background
HGNC:1628	CD14	0	0	0	0	Background
HGNC:7685	NDUFA2	0	0	0	0	Background
HGNC:28814	TMCO6	0	0	0	0	Background
HGNC:5958	IK	0	0	0	0	Background
HGNC:25971	WDR55	0	0	0	0	Background
HGNC:23799	DND1	0	0	0	0	Background
HGNC:4816	HARS1	0	0	0	0	Background
HGNC:4817	HARS2	0	0	0	0	Background
HGNC:26433	ZMAT2	0	0	0	0	Background
HGNC:8663	PCDHA1	0	1	1	0	ASD_only
HGNC:8668	PCDHA2	0	1	1	0	ASD_only
HGNC:8669	PCDHA3	0	1	1	0	ASD_only
HGNC:8670	PCDHA4	0	1	1	0	ASD_only
HGNC:8671	PCDHA5	0	1	1	0	ASD_only
HGNC:8672	PCDHA6	0	1	1	0	ASD_only
HGNC:8673	PCDHA7	0	1	1	0	ASD_only
HGNC:8674	PCDHA8	0	1	1	0	ASD_only
HGNC:8675	PCDHA9	0	1	1	0	ASD_only
HGNC:8664	PCDHA10	0	1	1	0	ASD_only
HGNC:8665	PCDHA11	0	1	1	0	ASD_only
HGNC:8666	PCDHA12	0	1	1	0	ASD_only
HGNC:8667	PCDHA13	0	1	1	0	ASD_only
HGNC:8676	PCDHAC1	0	1	1	0	ASD_only
HGNC:8677	PCDHAC2	0	1	1	0	ASD_only
HGNC:8680	PCDHB1	0	0	0	0	Background
HGNC:8687	PCDHB2	0	0	0	0	Background
HGNC:8688	PCDHB3	0	0	0	0	Background
HGNC:8689	PCDHB4	0	0	0	0	Background
HGNC:8690	PCDHB5	0	0	0	0	Background
HGNC:8691	PCDHB6	0	0	0	0	Background
HGNC:14547	PCDHB17P	0	0	0	0	Background
HGNC:8692	PCDHB7	0	0	0	0	Background
HGNC:8693	PCDHB8	0	0	0	0	Background
HGNC:14546	PCDHB16	0	0	0	0	Background
HGNC:8681	PCDHB10	0	0	0	0	Background
HGNC:8682	PCDHB11	0	0	0	0	Background
HGNC:8683	PCDHB12	0	0	0	0	Background
HGNC:8684	PCDHB13	0	0	0	0	Background
HGNC:8685	PCDHB14	0	0	0	0	Background
HGNC:8686	PCDHB15	0	0	0	0	Background
HGNC:22921	SLC25A2	0	0	0	0	Background
HGNC:11541	TAF7	0	0	0	0	Background
HGNC:8696	PCDHGA1	0	0	0	0	Background
HGNC:8700	PCDHGA2	0	0	0	0	Background
HGNC:8701	PCDHGA3	0	0	0	0	Background
HGNC:8708	PCDHGB1	0	0	0	0	Background
HGNC:8702	PCDHGA4	0	0	0	0	Background
HGNC:8709	PCDHGB2	0	0	0	0	Background
HGNC:8703	PCDHGA5	0	0	0	0	Background
HGNC:8710	PCDHGB3	0	0	0	0	Background
HGNC:8704	PCDHGA6	0	0	0	0	Background
HGNC:8705	PCDHGA7	0	0	0	0	Background
HGNC:8711	PCDHGB4	0	0	0	0	Background
HGNC:8706	PCDHGA8	0	0	0	0	Background
HGNC:8707	PCDHGA9	0	0	0	0	Background
HGNC:8713	PCDHGB6	0	0	0	0	Background
HGNC:8697	PCDHGA10	0	0	0	0	Background
HGNC:8714	PCDHGB7	0	0	0	0	Background
HGNC:8698	PCDHGA11	0	0	0	0	Background
HGNC:8699	PCDHGA12	0	0	0	0	Background
HGNC:8716	PCDHGC3	0	0	0	0	Background
HGNC:8717	PCDHGC4	0	0	0	0	Background
HGNC:8718	PCDHGC5	0	0	0	0	Background
HGNC:2876	DIAPH1	1	0	0	0	IEI_only
HGNC:4854	HDAC3	0	0	0	0	Background
HGNC:26902	RELL2	0	0	0	0	Background
HGNC:25463	FCHSD1	0	0	0	0	Background
HGNC:24097	ARAP3	0	0	0	0	Background
HGNC:8655	PCDH1	0	0	0	0	Background
HGNC:28969	DELE1	0	0	0	0	Background
HGNC:8657	PCDH12	0	0	0	0	Background
HGNC:10058	RNF14	0	0	0	0	Background
HGNC:4417	GNPDA1	0	0	0	0	Background
HGNC:17592	NDFIP1	0	0	0	0	Background
HGNC:15533	SPRY4	0	0	0	0	Background
HGNC:3665	FGF1	0	0	0	0	Background
HGNC:17073	ARHGAP26	0	0	0	0	Background
HGNC:7978	NR3C1	0	0	0	0	Background
HGNC:29677	HMHB1	0	0	0	0	Background
HGNC:24877	YIPF5	0	0	0	0	Background
HGNC:29244	KCTD16	0	0	0	0	Background
HGNC:28306	PRELID2	0	0	0	0	Background
HGNC:33862	GRXCR2	0	0	0	0	Background
HGNC:26299	SH3RF2	0	0	0	0	Background
HGNC:31746	PLAC8L1	0	0	0	0	Background
HGNC:6512	LARS1	0	0	0	0	Background
HGNC:29243	RBM27	0	1	1	0	ASD_only
HGNC:9220	POU4F3	0	0	0	0	Background
HGNC:15630	TCERG1	0	0	0	0	Background
HGNC:23624	GPR151	0	0	0	0	Background
HGNC:9305	PPP2R2B	0	0	0	0	Background
HGNC:28317	STK32A	0	0	0	0	Background
HGNC:3015	DPYSL3	0	1	1	0	ASD_only
HGNC:29067	JAKMIP2	0	0	0	0	Background
HGNC:11244	SPINK1	0	0	0	0	Background
HGNC:18391	SCGB3A2	0	0	0	0	Background
HGNC:33768	C5orf46	0	0	0	0	Background
HGNC:15464	SPINK5	1	0	0	0	IEI_only
HGNC:33825	SPINK14	0	0	0	0	Background
HGNC:29486	SPINK6	0	0	0	0	Background
HGNC:27200	SPINK13	0	0	0	0	Background
HGNC:24643	SPINK7	0	0	0	0	Background
HGNC:32951	SPINK9	0	0	0	0	Background
HGNC:28844	FBXO38	0	0	0	0	Background
HGNC:5299	HTR4	0	0	0	0	Background
HGNC:286	ADRB2	0	1	1	0	ASD_only
HGNC:29427	SH3TC2	0	0	0	0	Background
HGNC:29132	ABLIM3	0	0	0	0	Background
HGNC:26714	AFAP1L1	0	0	0	0	Background
HGNC:21060	GRPEL2	0	0	0	0	Background
HGNC:28477	PCYOX1L	0	0	0	0	Background
HGNC:5982	IL17B	0	0	0	0	Background
HGNC:2451	CSNK1A1	0	0	0	0	Background
HGNC:34430	ARHGEF37	0	0	0	0	Background
HGNC:30022	PPARGC1B	0	0	0	0	Background
HGNC:8785	PDE6A	0	0	0	0	Background
HGNC:10994	SLC26A2	0	0	0	0	Background
HGNC:18332	TIGD6	0	0	0	0	Background
HGNC:28982	HMGXB3	0	0	0	0	Background
HGNC:2433	CSF1R	0	0	0	0	Background
HGNC:8804	PDGFRB	0	0	0	0	Background
HGNC:1805	CDX1	0	0	0	0	Background
HGNC:11054	SLC6A7	0	0	0	0	Background
HGNC:1460	CAMK2A	0	1	1	0	ASD_only
HGNC:32521	ARSI	0	0	0	0	Background
HGNC:11654	TCOF1	0	0	0	0	Background
HGNC:1697	CD74	0	0	0	0	Background
HGNC:10387	RPS14	0	0	0	0	Background
HGNC:7680	NDST1	0	0	0	0	Background
HGNC:30672	SYNPO	0	0	0	0	Background
HGNC:18565	MYOZ3	0	0	0	0	Background
HGNC:25503	RBM22	0	0	0	0	Background
HGNC:15518	DCTN4	0	0	0	0	Background
HGNC:30248	SMIM3	0	0	0	0	Background
HGNC:29597	IRGM	0	0	0	0	Background
HGNC:13091	ZNF300	0	0	0	0	Background
HGNC:4555	GPX3	0	0	0	0	Background
HGNC:16903	TNIP1	0	0	0	0	Background
HGNC:544	ANXA6	0	0	0	0	Background
HGNC:24487	CCDC69	0	0	0	0	Background
HGNC:4367	GM2A	0	0	0	0	Background
HGNC:19659	SLC36A3	0	0	0	0	Background
HGNC:18762	SLC36A2	0	0	0	0	Background
HGNC:18761	SLC36A1	0	0	0	0	Background
HGNC:3596	FAT2	0	0	0	0	Background
HGNC:11219	SPARC	0	0	0	0	Background
HGNC:798	ATOX1	0	0	0	0	Background
HGNC:30292	G3BP1	0	0	0	0	Background
HGNC:4326	GLRA1	0	0	0	0	Background
HGNC:16454	NMUR2	0	0	0	0	Background
HGNC:4571	GRIA1	0	1	1	0	ASD_only
HGNC:1333	FAM114A2	0	0	0	0	Background
HGNC:7034	MFAP3	0	0	0	0	Background
HGNC:19873	GALNT10	0	1	1	0	ASD_only
HGNC:25663	SAP30L	0	0	0	0	Background
HGNC:4807	HAND1	0	0	0	0	Background
HGNC:29531	LARP1	0	0	0	0	Background
HGNC:1334	FAXDC2	0	0	0	0	Background
HGNC:9207	CNOT8	0	0	0	0	Background
HGNC:20043	GEMIN5	0	0	0	0	Background
HGNC:14480	MRPL22	0	0	0	0	Background
HGNC:6322	KIF4B	0	0	0	0	Background
HGNC:10807	SGCD	0	0	0	0	Background
HGNC:25132	TIMD4	0	0	0	0	Background
HGNC:17866	HAVCR1	0	0	0	0	Background
HGNC:18437	HAVCR2	1	0	0	0	IEI_only
HGNC:2378	MED7	0	0	0	0	Background
HGNC:6171	ITK	1	0	0	0	IEI_only
HGNC:28397	GARIN3	0	0	0	0	Background
HGNC:13760	CYFIP2	0	0	0	0	Background
HGNC:33547	FNDC9	0	0	0	0	Background
HGNC:197	ADAM19	0	0	0	0	Background
HGNC:28018	NIPAL4	0	0	0	0	Background
HGNC:30635	SOX30	0	0	0	0	Background
HGNC:35121	C5orf52	0	0	0	0	Background
HGNC:26053	THG1L	0	0	0	0	Background
HGNC:30860	LSM11	1	0	0	0	IEI_only
HGNC:23186	CLINT1	0	0	0	0	Background
HGNC:3126	EBF1	0	0	0	0	Background
HGNC:20853	RNF145	0	0	0	0	Background
HGNC:28110	UBLCP1	0	0	0	0	Background
HGNC:5970	IL12B	1	0	0	0	IEI_only
HGNC:278	ADRA1B	0	0	0	0	Background
HGNC:12391	TTC1	0	0	0	0	Background
HGNC:29406	PWWP2A	0	0	0	0	Background
HGNC:3561	FABP6	0	0	0	0	Background
HGNC:25876	CCNJL	0	0	0	0	Background
HGNC:14325	C1QTNF2	0	0	0	0	Background
HGNC:30804	ZBED8	0	0	0	0	Background
HGNC:16939	SLU7	0	0	0	0	Background
HGNC:9690	PTTG1	0	0	0	0	Background
HGNC:13543	ATP10B	0	0	0	0	Background
HGNC:4082	GABRB2	0	1	1	0	ASD_only
HGNC:4080	GABRA6	0	0	0	0	Background
HGNC:4075	GABRA1	0	0	0	0	Background
HGNC:4087	GABRG2	0	0	0	0	Background
HGNC:1592	CCNG1	0	1	1	0	ASD_only
HGNC:30535	NUDCD2	0	1	1	0	ASD_only
HGNC:5012	HMMR	0	0	0	0	Background
HGNC:6905	MAT2B	0	0	0	0	Background
HGNC:29943	TENM2	0	0	0	0	Background
HGNC:29435	WWC1	0	0	0	0	Background
HGNC:9870	RARS1	0	0	0	0	Background
HGNC:35458	FBLL1	0	0	0	0	Background
HGNC:19365	PANK3	0	0	0	0	Background
HGNC:11087	SLIT3	0	0	0	0	Background
HGNC:26010	SPDL1	0	0	0	0	Background
HGNC:2988	DOCK2	1	0	0	0	IEI_only
HGNC:37271	INSYN2B	0	0	0	0	Background
HGNC:3815	FOXI1	0	0	0	0	Background
HGNC:37272	C5orf58	0	0	0	0	Background
HGNC:6529	LCP2	1	0	0	0	IEI_only
HGNC:15521	KCNIP1	0	0	0	0	Background
HGNC:6285	KCNMB1	0	0	0	0	Background
HGNC:4089	GABRP	0	0	0	0	Background
HGNC:14428	RANBP17	0	1	1	0	ASD_only
HGNC:13532	TLX3	0	0	0	0	Background
HGNC:7910	NPM1	0	0	0	0	Background
HGNC:3674	FGF18	0	0	0	0	Background
HGNC:34440	SMIM23	0	0	0	0	Background
HGNC:13607	FBXW11	0	0	0	0	Background
HGNC:11388	STK10	0	0	0	0	Background
HGNC:34530	EFCAB9	0	0	0	0	Background
HGNC:24463	UBTD2	0	0	0	0	Background
HGNC:29242	SH3PXD2B	0	0	0	0	Background
HGNC:35422	NEURL1B	0	0	0	0	Background
HGNC:3064	DUSP1	0	0	0	0	Background
HGNC:29205	ERGIC1	0	0	0	0	Background
HGNC:17050	RPL26L1	0	0	0	0	Background
HGNC:863	ATP6V0E1	0	0	0	0	Background
HGNC:24050	CREBRF	0	0	0	0	Background
HGNC:1082	BNIP1	0	0	0	0	Background
HGNC:2488	NKX2-5	0	0	0	0	Background
HGNC:11374	STC2	0	0	0	0	Background
HGNC:25114	BOD1	0	0	0	0	Background
HGNC:21747	CPEB4	0	1	1	0	ASD_only
HGNC:27026	C5orf47	0	0	0	0	Background
HGNC:24955	NSG2	0	0	0	0	Background
HGNC:7392	MSX2	0	0	0	0	Background
HGNC:3020	DRD1	0	1	1	0	ASD_only
HGNC:16085	SFXN1	0	0	0	0	Background
HGNC:5183	HRH2	0	0	0	0	Background
HGNC:2310	CPLX2	0	0	0	0	Background
HGNC:19072	THOC3	0	0	0	0	Background
HGNC:27323	FAM153B	0	0	0	0	Background
HGNC:24779	SIMC1	0	0	0	0	Background
HGNC:29209	KIAA1191	0	0	0	0	Background
HGNC:22042	ARL10	0	0	0	0	Background
HGNC:26934	NOP16	0	0	0	0	Background
HGNC:28311	HIGD2A	0	0	0	0	Background
HGNC:2091	CLTB	0	0	0	0	Background
HGNC:24666	FAF2	0	0	0	0	Background
HGNC:19180	RNF44	0	0	0	0	Background
HGNC:18231	CDHR2	0	0	0	0	Background
HGNC:24835	GPRIN1	0	0	0	0	Background
HGNC:11140	SNCB	0	0	0	0	Background
HGNC:33179	EIF4E1B	0	0	0	0	Background
HGNC:13594	TSPAN17	0	1	1	0	ASD_only
HGNC:12567	UNC5A	0	0	0	0	Background
HGNC:4925	HK3	0	0	0	0	Background
HGNC:30298	UIMC1	0	1	1	0	ASD_only
HGNC:16403	ZNF346	0	0	0	0	Background
HGNC:3691	FGFR4	0	0	0	0	Background
HGNC:14234	NSD1	0	1	1	0	ASD_only
HGNC:9765	RAB24	0	0	0	0	Background
HGNC:14008	MXD3	0	0	0	0	Background
HGNC:30255	PRELID1	0	0	0	0	Background
HGNC:16986	LMAN2	0	0	0	0	Background
HGNC:9996	RGS14	0	0	0	0	Background
HGNC:11019	SLC34A1	0	0	0	0	Background
HGNC:18627	PFN3	0	0	0	0	Background
HGNC:3530	F12	0	0	0	0	Background
HGNC:4545	GRK6	0	0	0	0	Background
HGNC:28130	PRR7	0	0	0	0	Background
HGNC:2695	DBN1	0	0	0	0	Background
HGNC:22958	PDLIM7	0	0	0	0	Background
HGNC:24583	DOK3	0	0	0	0	Background
HGNC:18674	DDX41	0	0	0	0	Background
HGNC:25524	FAM193B	0	0	0	0	Background
HGNC:24878	TMED9	0	0	0	0	Background
HGNC:930	B4GALT7	0	0	0	0	Background
HGNC:29940	FAM153A	0	0	0	0	Background
HGNC:9455	PROP1	0	0	0	0	Background
HGNC:33936	FAM153CP	0	0	0	0	Background
HGNC:29852	N4BP3	0	0	0	0	Background
HGNC:26181	RMND5B	0	0	0	0	Background
HGNC:14377	NHP2	1	0	0	0	IEI_only
HGNC:5034	HNRNPAB	0	0	0	0	Background
HGNC:28249	PHYKPL	0	0	0	0	Background
HGNC:22990	COL23A1	0	0	0	0	Background
HGNC:13659	CLK4	0	0	0	0	Background
HGNC:11628	ZNF354A	0	0	0	0	Background
HGNC:17197	ZNF354B	0	0	0	0	Background
HGNC:26138	ZFP2	0	0	0	0	Background
HGNC:21200	ZNF454	0	0	0	0	Background
HGNC:4598	GRM6	0	0	0	0	Background
HGNC:37273	ZNF879	0	0	0	0	Background
HGNC:16736	ZNF354C	0	0	0	0	Background
HGNC:218	ADAMTS2	0	0	0	0	Background
HGNC:19760	RUFY1	0	0	0	0	Background
HGNC:5041	HNRNPH1	0	0	0	0	Background
HGNC:27753	SPATA31J1	0	0	0	0	Background
HGNC:33278	CBY3	0	0	0	0	Background
HGNC:1473	CANX	0	0	0	0	Background
HGNC:13632	MAML1	0	0	0	0	Background
HGNC:6719	LTC4S	0	0	0	0	Background
HGNC:7048	MGAT4B	0	0	0	0	Background
HGNC:11280	SQSTM1	0	0	0	0	Background
HGNC:30817	MRNIP	0	0	0	0	Background
HGNC:56030	MRNIP-DT	0	0	0	0	Background
HGNC:29097	TBC1D9B	0	0	0	0	Background
HGNC:18280	RNF130	0	0	0	0	Background
HGNC:27400	RASGEF1C	0	0	0	0	Background
HGNC:6886	MAPK9	0	0	0	0	Background
HGNC:4242	GFPT2	0	0	0	0	Background
HGNC:14099	CNOT6	0	0	0	0	Background
HGNC:18384	SCGB3A1	0	0	0	0	Background
HGNC:3767	FLT4	0	0	0	0	Background
HGNC:14837	OR2Y1	0	0	0	0	Background
HGNC:7044	MGAT1	0	0	0	0	Background
HGNC:23241	ZFP62	0	0	0	0	Background
HGNC:26131	BTNL8	0	0	0	0	Background
HGNC:1143	BTNL3	0	0	0	0	Background
HGNC:24176	BTNL9	0	0	0	0	Background
HGNC:8280	OR2V1	0	0	0	0	Background
HGNC:15341	OR2V2	0	0	0	0	Background
HGNC:16278	TRIM7	0	0	0	0	Background
HGNC:19013	TRIM41	0	0	0	0	Background
HGNC:4399	RACK1	0	0	0	0	Background
HGNC:19024	TRIM52	0	0	0	0	Background
HGNC:8300	OR4F3	0	0	0	0	Background
HGNC:16077	DUSP22	0	0	0	0	Background
HGNC:6119	IRF4	1	0	0	0	IEI_only
HGNC:24968	EXOC2	0	0	0	0	Background
HGNC:16485	HUS1B	0	0	0	0	Background
HGNC:20951	FOXQ1	0	0	0	0	Background
HGNC:3810	FOXF2	0	0	0	0	Background
HGNC:3800	FOXC1	0	0	0	0	Background
HGNC:4369	GMDS	0	0	0	0	Background
HGNC:21600	LINC01600	0	0	0	0	Background
HGNC:27972	MYLK4	0	0	0	0	Background
HGNC:20876	WRNIP1	0	0	0	0	Background
HGNC:3311	SERPINB1	0	0	0	0	Background
HGNC:8955	SERPINB9	0	0	0	0	Background
HGNC:8950	SERPINB6	0	0	0	0	Background
HGNC:7856	NQO2	0	0	0	0	Background
HGNC:10019	RIPK1	1	0	0	0	IEI_only
HGNC:1094	BPHL	0	0	0	0	Background
HGNC:12412	TUBB2A	0	0	0	0	Background
HGNC:30829	TUBB2B	0	0	0	0	Background
HGNC:21108	PSMG4	0	0	0	0	Background
HGNC:21106	SLC22A23	0	0	0	0	Background
HGNC:21361	PXDC1	0	0	0	0	Background
HGNC:18789	FAM50B	0	0	0	0	Background
HGNC:17346	PRP4K	0	0	0	0	Background
HGNC:21362	FAM217A	0	0	0	0	Background
HGNC:21620	TEX56P	0	0	0	0	Background
HGNC:14601	ECI2	0	0	0	0	Background
HGNC:1811	CDYL	0	0	0	0	Background
HGNC:20992	RPP40	0	0	0	0	Background
HGNC:14945	PPP1R3G	0	0	0	0	Background
HGNC:21365	LYRM4	0	0	0	0	Background
HGNC:21062	FARS2	0	0	0	0	Background
HGNC:17972	NRN1	0	0	0	0	Background
HGNC:3531	F13A1	0	0	0	0	Background
HGNC:16837	LY86	0	0	0	0	Background
HGNC:10449	RREB1	0	0	0	0	Background
HGNC:11323	SSR1	0	0	0	0	Background
HGNC:21622	CAGE1	0	0	0	0	Background
HGNC:18656	RIOK1	0	0	0	0	Background
HGNC:3052	DSP	0	0	0	0	Background
HGNC:21368	SNRNP48	0	0	0	0	Background
HGNC:1073	BMP6	0	0	0	0	Background
HGNC:21073	TXNDC5	0	0	0	0	Background
HGNC:42001	BLOC1S5-TXNDC5	0	0	0	0	Background
HGNC:18561	BLOC1S5	0	0	0	0	Background
HGNC:49187	EEF1E1-BLOC1S5	0	0	0	0	Background
HGNC:3212	EEF1E1	0	0	0	0	Background
HGNC:21601	SLC35B3	0	0	0	0	Background
HGNC:21017	OFCC1	0	0	0	0	Background
HGNC:11742	TFAP2A	0	0	0	0	Background
HGNC:4204	GCNT2	0	0	0	0	Background
HGNC:21623	GCNT2P1	0	0	0	0	Background
HGNC:20881	C6orf52	0	0	0	0	Background
HGNC:20882	PAK1IP1	0	0	0	0	Background
HGNC:20952	TMEM14C	0	0	0	0	Background
HGNC:21384	TMEM14B	0	0	0	0	Background
HGNC:21537	SYCP2L	0	0	0	0	Background
HGNC:6816	MAK	0	0	0	0	Background
HGNC:4198	GCM2	0	0	0	0	Background
HGNC:14416	ELOVL2	0	1	1	0	ASD_only
HGNC:27356	SMIM13	0	0	0	0	Background
HGNC:33823	ERVFRD-1	0	0	0	0	Background
HGNC:7733	NEDD9	0	0	0	0	Background
HGNC:34244	TMEM170B	0	0	0	0	Background
HGNC:21214	ADTRP	0	0	0	0	Background
HGNC:4920	HIVEP1	0	0	0	0	Background
HGNC:3176	EDN1	0	0	0	0	Background
HGNC:20990	PHACTR1	0	0	0	0	Background
HGNC:21066	TBC1D7	0	0	0	0	Background
HGNC:21096	GFOD1	0	0	0	0	Background
HGNC:14933	SIRT5	0	0	0	0	Background
HGNC:21040	NOL7	0	0	0	0	Background
HGNC:13727	RANBP9	0	0	0	0	Background
HGNC:21097	MCUR1	0	0	0	0	Background
HGNC:28522	RNF182	0	0	0	0	Background
HGNC:1703	CD83	0	0	0	0	Background
HGNC:6196	JARID2	0	1	1	0	ASD_only
HGNC:17328	DTNBP1	0	0	0	0	Background
HGNC:21155	MYLIP	0	0	0	0	Background
HGNC:4376	GMPR	0	0	0	0	Background
HGNC:10548	ATXN1	0	0	0	0	Background
HGNC:44668	STMND1	0	0	0	0	Background
HGNC:21539	RBM24	0	0	0	0	Background
HGNC:20039	CAP2	0	0	0	0	Background
HGNC:16372	FAM8A1	0	0	0	0	Background
HGNC:8062	NUP153	0	0	0	0	Background
HGNC:14566	KIF13A	0	0	0	0	Background
HGNC:21576	NHLRC1	0	0	0	0	Background
HGNC:12014	TPMT	0	0	0	0	Background
HGNC:21577	KDM1B	0	1	1	0	ASD_only
HGNC:2768	DEK	0	0	0	0	Background
HGNC:21578	RNF144B	0	0	0	0	Background
HGNC:5363	ID4	0	0	0	0	Background
HGNC:21579	MBOAT1	0	0	0	0	Background
HGNC:3115	E2F3	0	0	0	0	Background
HGNC:21050	CDKAL1	0	0	0	0	Background
HGNC:11200	SOX4	0	0	0	0	Background
HGNC:9445	PRL	0	0	0	0	Background
HGNC:21095	HDGFL1	0	0	0	0	Background
HGNC:17881	NRSN1	0	0	0	0	Background
HGNC:18141	DCDC2	0	0	0	0	Background
HGNC:21031	KAAG1	0	0	0	0	Background
HGNC:13785	MRS2	0	0	0	0	Background
HGNC:4459	GPLD1	0	0	0	0	Background
HGNC:408	ALDH5A1	0	1	1	0	ASD_only
HGNC:21580	KIAA0319	0	0	0	0	Background
HGNC:17768	TDP2	0	0	0	0	Background
HGNC:20999	ACOT13	0	0	0	0	Background
HGNC:20998	C6orf62	0	0	0	0	Background
HGNC:17493	GMNN	0	0	0	0	Background
HGNC:49394	ARMH2	0	0	0	0	Background
HGNC:13872	RIPOR2	0	0	0	0	Background
HGNC:21581	CARMIL1	0	0	0	0	Background
HGNC:16941	SCGN	0	0	0	0	Background
HGNC:18729	H2AC1	0	0	0	0	Background
HGNC:18730	H2BC1	0	0	0	0	Background
HGNC:10932	SLC17A4	0	0	0	0	Background
HGNC:10929	SLC17A1	0	0	0	0	Background
HGNC:10931	SLC17A3	0	0	0	0	Background
HGNC:10930	SLC17A2	0	0	0	0	Background
HGNC:10059	TRIM38	0	0	0	0	Background
HGNC:4715	H1-1	0	0	0	0	Background
HGNC:4716	H1-2	0	0	0	0	Background
HGNC:4886	HFE	0	0	0	0	Background
HGNC:4787	H4C3	0	0	0	0	Background
HGNC:4720	H1-6	0	0	0	0	Background
HGNC:4757	H2BC4	0	0	0	0	Background
HGNC:4733	H2AC6	0	0	0	0	Background
HGNC:4718	H1-4	0	0	0	0	Background
HGNC:4747	H2BC5	0	0	0	0	Background
HGNC:4767	H3C4	0	0	0	0	Background
HGNC:4729	H2AC7	0	0	0	0	Background
HGNC:4717	H1-3	0	0	0	0	Background
HGNC:4788	H4C8	0	0	0	0	Background
HGNC:1139	BTN3A2	0	0	0	0	Background
HGNC:1137	BTN2A2	0	0	0	0	Background
HGNC:1138	BTN3A1	0	0	0	0	Background
HGNC:1140	BTN3A3	0	0	0	0	Background
HGNC:1136	BTN2A1	0	0	0	0	Background
HGNC:1135	BTN1A1	0	0	0	0	Background
HGNC:4989	HMGN4	0	0	0	0	Background
HGNC:17369	ABT1	0	0	0	0	Background
HGNC:23640	ZNF322	0	0	0	0	Background
HGNC:4761	H2BC11	0	1	1	0	ASD_only
HGNC:4737	H2AC11	0	0	0	0	Background
HGNC:13954	H2BC12	0	0	0	0	Background
HGNC:9480	PRSS16	0	0	0	0	Background
HGNC:13973	POM121L2	0	0	0	0	Background
HGNC:18779	ZNF391	0	0	0	0	Background
HGNC:12975	ZNF184	0	0	0	0	Background
HGNC:4748	H2BC13	0	0	0	0	Background
HGNC:4725	H2AC13	0	0	0	0	Background
HGNC:4785	H4C11	0	0	0	0	Background
HGNC:4749	H2BC15	0	0	0	0	Background
HGNC:4719	H1-5	0	0	0	0	Background
HGNC:4774	H3C12	0	0	0	0	Background
HGNC:13966	OR2B2	0	0	0	0	Background
HGNC:8241	OR2B6	0	0	0	0	Background
HGNC:12953	ZNF165	0	0	0	0	Background
HGNC:20813	ZSCAN16	0	0	0	0	Background
HGNC:12983	ZKSCAN8	0	0	0	0	Background
HGNC:12984	ZSCAN9	0	0	0	0	Background
HGNC:13854	ZKSCAN4	0	0	0	0	Background
HGNC:21584	NKAPL	0	0	0	0	Background
HGNC:19398	PGBD1	0	0	0	0	Background
HGNC:14097	ZSCAN31	0	0	0	0	Background
HGNC:13853	ZKSCAN3	0	0	0	0	Background
HGNC:13172	ZSCAN12	0	0	0	0	Background
HGNC:21193	ZSCAN23	0	0	0	0	Background
HGNC:4558	GPX6	0	0	0	0	Background
HGNC:4557	GPX5	0	0	0	0	Background
HGNC:13851	SCAND3	0	0	0	0	Background
HGNC:9975	TRIM27	0	0	0	0	Background
HGNC:21195	LINC01556	0	0	0	0	Background
HGNC:13847	ZNF311	0	0	0	0	Background
HGNC:8281	OR2W1	0	0	0	0	Background
HGNC:8238	OR2B3	0	0	0	0	Background
HGNC:8259	OR2J1	0	0	0	0	Background
HGNC:8261	OR2J3	0	0	0	0	Background
HGNC:8260	OR2J2	0	0	0	0	Background
HGNC:13971	OR14J1	0	0	0	0	Background
HGNC:13972	OR5V1	0	0	0	0	Background
HGNC:13963	OR12D3	0	0	0	0	Background
HGNC:8178	OR12D2	0	0	0	0	Background
HGNC:8176	OR11A1	0	0	0	0	Background
HGNC:8165	OR10C1	0	0	0	0	Background
HGNC:8252	OR2H1	0	0	0	0	Background
HGNC:13961	MAS1L	0	0	0	0	Background
HGNC:18795	UBD	0	0	0	0	Background
HGNC:4070	GABBR1	0	0	0	0	Background
HGNC:8253	OR2H2	0	0	0	0	Background
HGNC:7197	MOG	0	0	0	0	Background
HGNC:18791	ZFP57	0	0	0	0	Background
HGNC:4963	HLA-F	0	0	0	0	Background
HGNC:4964	HLA-G	0	1	1	0	ASD_only
HGNC:4931	HLA-A	0	1	1	0	ASD_only
HGNC:13182	POLR1H	0	0	0	0	Background
HGNC:9285	PPP1R11	0	0	0	0	Background
HGNC:18064	RNF39	0	0	0	0	Background
HGNC:16289	TRIM31	0	0	0	0	Background
HGNC:18736	TRIM40	0	0	0	0	Background
HGNC:10072	TRIM10	0	0	0	0	Background
HGNC:16284	TRIM15	0	0	0	0	Background
HGNC:12962	TRIM26	0	0	0	0	Background
HGNC:10065	TRIM39	0	0	0	0	Background
HGNC:38845	TRIM39-RPP21	0	0	0	0	Background
HGNC:21300	RPP21	0	0	0	0	Background
HGNC:4962	HLA-E	0	0	0	0	Background
HGNC:4413	GNL1	0	0	0	0	Background
HGNC:21149	PRR3	0	0	0	0	Background
HGNC:70	ABCF1	0	0	0	0	Background
HGNC:9284	PPP1R10	0	0	0	0	Background
HGNC:14516	MRPS18B	0	0	0	0	Background
HGNC:21186	ATAT1	0	0	0	0	Background
HGNC:21301	C6orf136	0	0	0	0	Background
HGNC:2739	DHX16	0	0	0	0	Background
HGNC:29413	PPP1R18	0	0	0	0	Background
HGNC:8003	NRM	0	0	0	0	Background
HGNC:21163	MDC1	0	0	0	0	Background
HGNC:20778	TUBB	0	0	0	0	Background
HGNC:3757	FLOT1	0	0	0	0	Background
HGNC:5392	IER3	0	0	0	0	Background
HGNC:2730	DDR1	0	0	0	0	Background
HGNC:4658	GTF2H4	0	0	0	0	Background
HGNC:21642	VARS2	0	0	0	0	Background
HGNC:18386	SFTA2	0	0	0	0	Background
HGNC:21666	MUCL3	0	0	0	0	Background
HGNC:21661	MUC21	0	0	0	0	Background
HGNC:39755	MUC22	0	0	0	0	Background
HGNC:13927	C6orf15	0	0	0	0	Background
HGNC:17202	PSORS1C1	0	0	0	0	Background
HGNC:1802	CDSN	0	0	0	0	Background
HGNC:17199	PSORS1C2	0	0	0	0	Background
HGNC:13930	CCHCR1	0	0	0	0	Background
HGNC:11629	TCF19	0	0	0	0	Background
HGNC:9221	POU5F1	0	0	0	0	Background
HGNC:27366	HCG27	0	0	0	0	Background
HGNC:4933	HLA-C	0	0	0	0	Background
HGNC:4932	HLA-B	0	1	1	0	ASD_only
HGNC:7090	MICA	0	0	0	0	Background
HGNC:7091	MICB	0	0	0	0	Background
HGNC:20668	MCCD1	0	0	0	0	Background
HGNC:13917	DDX39B	0	0	0	0	Background
HGNC:41999	ATP6V1G2-DDX39B	0	0	0	0	Background
HGNC:862	ATP6V1G2	0	0	0	0	Background
HGNC:7800	NFKBIL1	0	0	0	0	Background
HGNC:6709	LTA	0	0	0	0	Background
HGNC:11892	TNF	0	0	0	0	Background
HGNC:6711	LTB	0	0	0	0	Background
HGNC:14189	LST1	0	0	0	0	Background
HGNC:19077	NCR3	0	0	0	0	Background
HGNC:352	AIF1	0	0	0	0	Background
HGNC:13918	PRRC2A	0	0	0	0	Background
HGNC:13919	BAG6	0	0	0	0	Background
HGNC:13916	APOM	0	0	0	0	Background
HGNC:19076	C6orf47	0	0	0	0	Background
HGNC:13920	GPANK1	0	0	0	0	Background
HGNC:2460	CSNK2B	0	0	0	0	Background
HGNC:13931	LY6G5B	0	0	0	0	Background
HGNC:13932	LY6G5C	0	0	0	0	Background
HGNC:13921	ABHD16A	0	0	0	0	Background
HGNC:13933	LY6G6F	0	0	0	0	Background
HGNC:38821	LY6G6F-LY6G6D	0	0	0	0	Background
HGNC:13934	LY6G6E	0	0	0	0	Background
HGNC:13935	LY6G6D	0	0	0	0	Background
HGNC:13937	MPIG6B	0	0	0	0	Background
HGNC:13936	LY6G6C	0	0	0	0	Background
HGNC:2716	DDAH2	0	0	0	0	Background
HGNC:2062	CLIC1	0	0	0	0	Background
HGNC:7328	MSH5	0	0	0	0	Background
HGNC:41994	MSH5-SAPCD1	0	0	0	0	Background
HGNC:13938	SAPCD1	0	0	0	0	Background
HGNC:13939	VWA7	0	0	0	0	Background
HGNC:12651	VARS1	0	0	0	0	Background
HGNC:13940	LSM2	0	0	0	0	Background
HGNC:5234	HSPA1L	0	0	0	0	Background
HGNC:5232	HSPA1A	0	0	0	0	Background
HGNC:5233	HSPA1B	0	0	0	0	Background
HGNC:19078	SNHG32	0	0	0	0	Background
HGNC:7758	NEU1	0	0	0	0	Background
HGNC:13941	SLC44A4	0	0	0	0	Background
HGNC:14129	EHMT2	0	0	0	0	Background
HGNC:1248	C2	1	0	0	0	IEI_only
HGNC:19066	ZBTB12	0	0	0	0	Background
HGNC:1037	CFB	1	0	0	0	IEI_only
HGNC:13974	NELFE	0	0	0	0	Background
HGNC:10898	SKIC2	1	0	0	0	IEI_only
HGNC:2992	DXO	0	0	0	0	Background
HGNC:11398	WHR1	0	0	0	0	Background
HGNC:1323	C4A	1	0	0	0	IEI_only
HGNC:1324	C4B	1	1	1	0	Overlap_raw
HGNC:2600	CYP21A2	0	0	0	0	Background
HGNC:11976	TNXB	0	0	0	0	Background
HGNC:2349	ATF6B	0	0	0	0	Background
HGNC:13949	FKBPL	0	0	0	0	Background
HGNC:13943	PRRT1	0	0	0	0	Background
HGNC:9326	PPT2	0	0	0	0	Background
HGNC:48343	PPT2-EGFL8	0	0	0	0	Background
HGNC:13944	EGFL8	0	0	0	0	Background
HGNC:324	AGPAT1	0	0	0	0	Background
HGNC:10068	RNF5	0	0	0	0	Background
HGNC:320	AGER	0	0	0	0	Background
HGNC:8633	PBX2	0	0	0	0	Background
HGNC:13945	GPSM3	0	0	0	0	Background
HGNC:7884	NOTCH4	0	0	0	0	Background
HGNC:13922	TSBP1	0	0	0	0	Background
HGNC:1142	BTNL2	0	0	0	0	Background
HGNC:4947	HLA-DRA	0	0	0	0	Background
HGNC:4953	HLA-DRB5	0	0	0	0	Background
HGNC:4948	HLA-DRB1	0	1	1	0	ASD_only
HGNC:4942	HLA-DQA1	0	0	0	0	Background
HGNC:4944	HLA-DQB1	0	0	0	0	Background
HGNC:4943	HLA-DQA2	0	0	0	0	Background
HGNC:4945	HLA-DQB2	0	0	0	0	Background
HGNC:4937	HLA-DOB	0	0	0	0	Background
HGNC:44	TAP2	1	0	0	0	IEI_only
HGNC:9545	PSMB8	1	0	0	0	IEI_only
HGNC:9546	PSMB9	1	0	0	0	IEI_only
HGNC:43	TAP1	1	0	0	0	IEI_only
HGNC:4935	HLA-DMB	0	0	0	0	Background
HGNC:4934	HLA-DMA	0	0	0	0	Background
HGNC:1103	BRD2	0	0	0	0	Background
HGNC:4936	HLA-DOA	0	0	0	0	Background
HGNC:4938	HLA-DPA1	0	0	0	0	Background
HGNC:4940	HLA-DPB1	0	1	1	0	ASD_only
HGNC:2187	COL11A2	0	0	0	0	Background
HGNC:10478	RXRB	0	0	0	0	Background
HGNC:4927	SLC39A7	1	0	0	0	IEI_only
HGNC:3554	HSD17B8	0	0	0	0	Background
HGNC:10018	RING1	0	0	0	0	Background
HGNC:10518	VPS52	0	0	0	0	Background
HGNC:10401	RPS18	0	0	0	0	Background
HGNC:919	B3GALT4	0	0	0	0	Background
HGNC:13923	WDR46	0	0	0	0	Background
HGNC:4926	PFDN6	0	0	0	0	Background
HGNC:9769	RGL2	0	0	0	0	Background
HGNC:11566	TAPBP	1	0	0	0	IEI_only
HGNC:13085	ZBTB22	0	0	0	0	Background
HGNC:2681	DAXX	0	0	0	0	Background
HGNC:6389	KIFC1	0	0	0	0	Background
HGNC:8919	PHF1	0	0	0	0	Background
HGNC:21101	CUTA	0	0	0	0	Background
HGNC:11497	SYNGAP1	0	1	1	0	ASD_only
HGNC:28323	ZBTB9	0	0	0	0	Background
HGNC:949	BAK1	0	0	0	0	Background
HGNC:19427	GGNBP1	0	0	0	0	Background
HGNC:6182	ITPR3	1	0	0	0	IEI_only
HGNC:21237	UQCC2	0	0	0	0	Background
HGNC:17269	IP6K3	0	0	0	0	Background
HGNC:21244	LEMD2	0	0	0	0	Background
HGNC:7141	MLN	0	0	0	0	Background
HGNC:4596	GRM4	0	0	0	0	Background
HGNC:5010	HMGA1	0	0	0	0	Background
HGNC:1340	SMIM29	0	0	0	0	Background
HGNC:8050	NUDT3	0	0	0	0	Background
HGNC:49181	RPS10-NUDT3	0	0	0	0	Background
HGNC:10383	RPS10	0	0	0	0	Background
HGNC:8570	PACSIN1	0	0	0	0	Background
HGNC:17257	SPDEF	0	0	0	0	Background
HGNC:21215	ILRUN	0	0	0	0	Background
HGNC:11157	SNRPC	0	0	0	0	Background
HGNC:21216	BLTP3A	0	0	0	0	Background
HGNC:11544	TAF11	0	0	0	0	Background
HGNC:20961	ANKS1A	0	0	0	0	Background
HGNC:11658	TCP11	0	0	0	0	Background
HGNC:13655	SCUBE3	0	0	0	0	Background
HGNC:13149	ZNF76	0	0	0	0	Background
HGNC:2760	DEF6	1	0	0	0	IEI_only
HGNC:9235	PPARD	0	0	0	0	Background
HGNC:3586	FANCE	1	0	0	0	IEI_only
HGNC:10299	RPL10A	0	0	0	0	Background
HGNC:11716	TEAD3	0	0	0	0	Background
HGNC:12423	TULP1	0	0	0	0	Background
HGNC:3721	FKBP5	0	0	0	0	Background
HGNC:21099	ARMC12	0	0	0	0	Background
HGNC:21250	CLPSL2	0	0	0	0	Background
HGNC:21251	CLPSL1	0	0	0	0	Background
HGNC:2085	CLPS	0	0	0	0	Background
HGNC:21253	LHFPL5	0	0	0	0	Background
HGNC:11305	SRPK1	0	0	0	0	Background
HGNC:14468	SLC26A8	0	0	0	0	Background
HGNC:6876	MAPK14	0	0	0	0	Background
HGNC:6875	MAPK13	0	0	0	0	Background
HGNC:14256	BRPF3	0	0	0	0	Background
HGNC:21246	PNPLA1	0	0	0	0	Background
HGNC:33769	BNIP5	0	0	0	0	Background
HGNC:18160	ETV7	0	0	0	0	Background
HGNC:18312	PXT1	0	0	0	0	Background
HGNC:21052	KCTD20	0	0	0	0	Background
HGNC:17847	STK38	0	0	0	0	Background
HGNC:10785	SRSF3	0	0	0	0	Background
HGNC:1784	CDKN1A	0	0	0	0	Background
HGNC:21068	RAB44	0	0	0	0	Background
HGNC:2318	CPNE5	0	0	0	0	Background
HGNC:9260	PPIL1	0	0	0	0	Background
HGNC:21114	C6orf89	0	0	0	0	Background
HGNC:21245	PI16	0	0	0	0	Background
HGNC:17586	MTCH1	0	0	0	0	Background
HGNC:3664	FGD2	0	0	0	0	Background
HGNC:35239	COX6A1P2	0	0	0	0	Background
HGNC:8986	PIM1	0	0	0	0	Background
HGNC:21238	TMEM217	0	0	0	0	Background
HGNC:21602	TBC1D22B	0	0	0	0	Background
HGNC:10071	RNF8	0	0	0	0	Background
HGNC:21077	CMTR1	0	0	0	0	Background
HGNC:21239	CCDC167	0	0	0	0	Background
HGNC:19267	MDGA1	0	0	0	0	Background
HGNC:18019	ZFAND3	0	0	0	0	Background
HGNC:21228	BTBD9	0	0	0	0	Background
HGNC:4323	GLO1	0	1	1	0	ASD_only
HGNC:2952	DNAH8	0	0	0	0	Background
HGNC:4324	GLP1R	0	0	0	0	Background
HGNC:21025	SAYSD1	0	0	0	0	Background
HGNC:6280	KCNK5	0	0	0	0	Background
HGNC:14465	KCNK17	0	0	0	0	Background
HGNC:14464	KCNK16	0	0	0	0	Background
HGNC:21202	KIF6	0	0	0	0	Background
HGNC:18143	DAAM2	0	0	0	0	Background
HGNC:7190	MOCS1	0	0	0	0	Background
HGNC:21226	LRFN2	0	1	1	0	ASD_only
HGNC:21203	UNC5CL	0	0	0	0	Background
HGNC:21257	OARD1	0	0	0	0	Background
HGNC:21256	TSPO2	0	0	0	0	Background
HGNC:605	APOBEC2	0	0	0	0	Background
HGNC:7804	NFYA	0	0	0	0	Background
HGNC:20434	TREML1	0	0	0	0	Background
HGNC:17761	TREM2	0	0	0	0	Background
HGNC:21092	TREML2	0	0	0	0	Background
HGNC:30807	TREML4	0	0	0	0	Background
HGNC:17760	TREM1	0	0	0	0	Background
HGNC:6732	NCR2	0	0	0	0	Background
HGNC:20842	FOXP4	0	0	0	0	Background
HGNC:6967	MDFI	0	0	0	0	Background
HGNC:11753	TFEB	0	0	0	0	Background
HGNC:8890	PGC	0	0	0	0	Background
HGNC:16970	FRS3	0	0	0	0	Background
HGNC:16805	PRICKLE4	0	0	0	0	Background
HGNC:34528	TOMM6	0	0	0	0	Background
HGNC:20078	USP49	0	0	0	0	Background
HGNC:16840	MED20	0	0	0	0	Background
HGNC:1157	BYSL	0	0	0	0	Background
HGNC:1585	CCND3	0	0	0	0	Background
HGNC:17300	TAF8	0	0	0	0	Background
HGNC:21288	C6orf132	0	0	0	0	Background
HGNC:4678	GUCA1A	0	0	0	0	Background
HGNC:4679	GUCA1B	0	0	0	0	Background
HGNC:14502	MRPS10	0	0	0	0	Background
HGNC:18273	TRERF1	0	0	0	0	Background
HGNC:21289	UBR2	0	0	0	0	Background
HGNC:9942	PRPH2	0	0	0	0	Background
HGNC:11580	TBCC	0	0	0	0	Background
HGNC:21111	BICRAL	0	0	0	0	Background
HGNC:21370	RPL7L1	0	0	0	0	Background
HGNC:34431	PEX39	0	0	0	0	Background
HGNC:21290	PTCRA	1	0	0	0	IEI_only
HGNC:11968	CNPY3	0	0	0	0	Background
HGNC:4415	GNMT	0	0	0	0	Background
HGNC:8859	PEX6	0	0	0	0	Background
HGNC:9312	PPP2R5D	0	1	1	0	ASD_only
HGNC:6986	MEA1	0	0	0	0	Background
HGNC:20704	KLHDC3	0	0	0	0	Background
HGNC:21374	RRP36	0	0	0	0	Background
HGNC:21024	CUL7	0	1	1	0	ASD_only
HGNC:21624	KLC4	0	0	0	0	Background
HGNC:14056	MRPL2	0	0	0	0	Background
HGNC:9618	PTK7	0	1	1	0	ASD_only
HGNC:11291	SRF	0	0	0	0	Background
HGNC:15982	CUL9	0	0	0	0	Background
HGNC:21218	DNPH1	0	0	0	0	Background
HGNC:19140	TTBK1	0	0	0	0	Background
HGNC:10971	SLC22A7	0	0	0	0	Background
HGNC:17751	CRIP3	0	0	0	0	Background
HGNC:13578	ZNF318	0	0	0	0	Background
HGNC:52	ABCC10	0	0	0	0	Background
HGNC:21113	DLK2	0	0	0	0	Background
HGNC:17949	TJAP1	0	0	0	0	Background
HGNC:21375	LRRC73	0	0	0	0	Background
HGNC:20194	POLR1C	0	0	0	0	Background
HGNC:21023	YIPF3	0	0	0	0	Background
HGNC:17675	XPO5	0	0	0	0	Background
HGNC:9181	POLH	0	0	0	0	Background
HGNC:4670	GTPBP2	0	0	0	0	Background
HGNC:21059	MAD2L1BP	0	0	0	0	Background
HGNC:21057	RSPH9	0	0	0	0	Background
HGNC:14515	MRPS18A	0	0	0	0	Background
HGNC:12680	VEGFA	0	0	0	0	Background
HGNC:28692	LINC03040	0	0	0	0	Background
HGNC:14279	MRPL14	0	0	0	0	Background
HGNC:17735	TMEM63B	0	0	0	0	Background
HGNC:1478	CAPN11	0	0	0	0	Background
HGNC:11003	SLC29A1	0	0	0	0	Background
HGNC:5258	HSP90AB1	0	0	0	0	Background
HGNC:16872	SLC35B2	0	0	0	0	Background
HGNC:7799	NFKBIE	0	0	0	0	Background
HGNC:21315	TMEM151B	0	0	0	0	Background
HGNC:11693	DRC5	0	0	0	0	Background
HGNC:21022	AARS2	0	0	0	0	Background
HGNC:22957	SPATS1	0	0	0	0	Background
HGNC:1743	CDC5L	0	0	0	0	Background
HGNC:11466	SUPT3H	0	0	0	0	Background
HGNC:10472	RUNX2	0	0	0	0	Background
HGNC:13517	CLIC5	0	0	0	0	Background
HGNC:3359	ENPP4	0	0	0	0	Background
HGNC:13717	ENPP5	0	0	0	0	Background
HGNC:3041	RCAN2	0	0	0	0	Background
HGNC:17449	CYP39A1	0	0	0	0	Background
HGNC:21065	SLC25A27	0	1	1	0	ASD_only
HGNC:21339	TDRD6	0	0	0	0	Background
HGNC:9040	PLA2G7	0	0	0	0	Background
HGNC:44669	ANKRD66	0	0	0	0	Background
HGNC:7015	MEP1A	0	0	0	0	Background
HGNC:19030	ADGRF5	0	0	0	0	Background
HGNC:18990	ADGRF1	0	0	0	0	Background
HGNC:13469	TNFRSF21	0	0	0	0	Background
HGNC:14258	CD2AP	0	0	0	0	Background
HGNC:18991	ADGRF2P	0	0	0	0	Background
HGNC:19011	ADGRF4	0	0	0	0	Background
HGNC:19992	OPN5	0	0	0	0	Background
HGNC:21345	PTCHD4	0	0	0	0	Background
HGNC:7526	MMUT	0	0	0	0	Background
HGNC:21347	CENPQ	0	0	0	0	Background
HGNC:21349	GLYATL3	0	0	0	0	Background
HGNC:21351	C6orf141	0	0	0	0	Background
HGNC:10006	RHAG	0	0	0	0	Background
HGNC:12024	CRISP2	0	0	0	0	Background
HGNC:16904	CRISP3	0	0	0	0	Background
HGNC:8898	PGK2	0	0	0	0	Background
HGNC:304	CRISP1	0	0	0	0	Background
HGNC:31331	DEFB133	0	0	0	0	Background
HGNC:18095	DEFB114	0	0	0	0	Background
HGNC:18094	DEFB113	0	0	0	0	Background
HGNC:18091	DEFB110	0	0	0	0	Background
HGNC:18093	DEFB112	0	0	0	0	Background
HGNC:15581	TFAP2D	0	0	0	0	Background
HGNC:11743	TFAP2B	0	0	0	0	Background
HGNC:9016	PKHD1	0	0	0	0	Background
HGNC:5981	IL17A	0	0	0	0	Background
HGNC:16404	IL17F	1	0	0	0	IEI_only
HGNC:6945	MCM3	0	0	0	0	Background
HGNC:15708	PAQR8	0	0	0	0	Background
HGNC:16406	EFHC1	0	0	0	0	Background
HGNC:16855	TRAM2	0	0	0	0	Background
HGNC:21076	TMEM14A	0	0	0	0	Background
HGNC:4627	GSTA2	0	0	0	0	Background
HGNC:4626	GSTA1	0	0	0	0	Background
HGNC:19662	GSTA5	0	0	0	0	Background
HGNC:4628	GSTA3	0	0	0	0	Background
HGNC:4629	GSTA4	0	0	0	0	Background
HGNC:21219	CILK1	0	0	0	0	Background
HGNC:13588	FBXO9	0	0	0	0	Background
HGNC:4197	GCM1	0	0	0	0	Background
HGNC:21308	ELOVL5	0	0	0	0	Background
HGNC:4311	GCLC	0	0	0	0	Background
HGNC:21353	KLHL31	0	0	0	0	Background
HGNC:14307	LRRC1	0	1	1	0	ASD_only
HGNC:21355	MLIP	0	0	0	0	Background
HGNC:14599	TINAG	0	0	0	0	Background
HGNC:21357	SACK1B	0	0	0	0	Background
HGNC:4849	HCRTR2	0	0	0	0	Background
HGNC:32789	GFRAL	0	0	0	0	Background
HGNC:21359	HMGCLL1	0	0	0	0	Background
HGNC:1072	BMP5	0	0	0	0	Background
HGNC:17025	COL21A1	0	0	0	0	Background
HGNC:1090	DST	0	1	1	0	ASD_only
HGNC:20871	BEND6	0	0	0	0	Background
HGNC:21360	KIAA1586	0	1	1	0	ASD_only
HGNC:21091	ZNF451	0	0	0	0	Background
HGNC:938	BAG2	0	0	0	0	Background
HGNC:14263	RAB23	0	0	0	0	Background
HGNC:9370	PRIM2	0	0	0	0	Background
HGNC:37166	MTRNR2L9	0	0	0	0	Background
HGNC:18114	KHDRBS2	0	1	1	0	ASD_only
HGNC:21376	FKBP1C	0	0	0	0	Background
HGNC:21016	LGSN	0	0	0	0	Background
HGNC:9634	PTP4A1	0	0	0	0	Background
HGNC:8921	PHF3	0	1	1	0	ASD_only
HGNC:21555	EYS	0	0	0	0	Background
HGNC:945	ADGRB3	0	0	0	0	Background
HGNC:23038	LMBRD1	0	0	0	0	Background
HGNC:2196	COL19A1	0	0	0	0	Background
HGNC:2217	COL9A1	0	0	0	0	Background
HGNC:21084	FAM135A	0	0	0	0	Background
HGNC:20957	SDHAF4	0	0	0	0	Background
HGNC:19651	SMAP1	0	0	0	0	Background
HGNC:922	B3GAT2	0	0	0	0	Background
HGNC:21378	OGFRL1	0	0	0	0	Background
HGNC:17282	RIMS1	0	1	1	0	ASD_only
HGNC:6299	KCNQ5	0	0	0	0	Background
HGNC:37274	KHDC1L	0	0	0	0	Background
HGNC:21366	KHDC1	0	0	0	0	Background
HGNC:19201	DPPA5	0	0	0	0	Background
HGNC:33699	KHDC3L	0	0	0	0	Background
HGNC:21382	OOEP	0	0	0	0	Background
HGNC:18677	DDX43	0	0	0	0	Background
HGNC:21367	CGAS	0	0	0	0	Background
HGNC:19261	MTO1	0	0	0	0	Background
HGNC:3189	EEF1A1	0	0	0	0	Background
HGNC:10933	SLC17A5	0	0	0	0	Background
HGNC:21685	CD109	0	0	0	0	Background
HGNC:2188	COL12A1	0	0	0	0	Background
HGNC:2288	COX7A2	0	0	0	0	Background
HGNC:16667	CDC50A	0	0	0	0	Background
HGNC:21015	FILIP1	0	0	0	0	Background
HGNC:20944	SENP6	0	0	0	0	Background
HGNC:7605	MYO6	0	0	0	0	Background
HGNC:6055	IMPG1	0	0	0	0	Background
HGNC:5287	HTR1B	0	1	1	0	ASD_only
HGNC:43638	MEI4	0	0	0	0	Background
HGNC:17368	IRAK1BP1	0	0	0	0	Background
HGNC:15673	PHIP	0	1	1	0	ASD_only
HGNC:12312	HMGN3	0	0	0	0	Background
HGNC:31923	LCA5	0	0	0	0	Background
HGNC:15567	SH3BGRL2	0	0	0	0	Background
HGNC:14415	ELOVL4	0	0	0	0	Background
HGNC:12401	TTK	0	0	0	0	Background
HGNC:987	BCKDHB	0	0	0	0	Background
HGNC:18345	TENT5A	0	0	0	0	Background
HGNC:17853	IBTK	0	0	0	0	Background
HGNC:12004	TPBG	0	0	0	0	Background
HGNC:21381	UBE3D	0	0	0	0	Background
HGNC:21194	DOP1A	0	0	0	0	Background
HGNC:8907	PGM3	1	0	0	0	IEI_only
HGNC:21385	RWDD2A	0	0	0	0	Background
HGNC:6983	ME1	0	0	0	0	Background
HGNC:21387	PRSS35	0	0	0	0	Background
HGNC:14986	SNAP91	0	0	0	0	Background
HGNC:21390	RIPPLY2	0	0	0	0	Background
HGNC:20147	CYB5R4	0	0	0	0	Background
HGNC:21232	MRAP2	0	0	0	0	Background
HGNC:21107	CEP162	0	0	0	0	Background
HGNC:11595	TBX18	0	0	0	0	Background
HGNC:8021	NT5E	0	0	0	0	Background
HGNC:14977	SNX14	0	0	0	0	Background
HGNC:16918	SYNCRIP	0	1	1	0	ASD_only
HGNC:5291	HTR1E	0	0	0	0	Background
HGNC:1885	CGA	0	0	0	0	Background
HGNC:18410	ZNF292	0	1	1	0	ASD_only
HGNC:16690	GJB7	0	0	0	0	Background
HGNC:21401	SMIM8	0	0	0	0	Background
HGNC:21403	C6orf163	0	0	0	0	Background
HGNC:21405	CFAP206	0	0	0	0	Background
HGNC:11021	SLC35A1	0	0	0	0	Background
HGNC:21406	RARS2	0	0	0	0	Background
HGNC:8489	ORC3	0	0	0	0	Background
HGNC:21407	AKIRIN2	0	0	0	0	Background
HGNC:14967	SPACA1	0	0	0	0	Background
HGNC:2159	CNR1	0	1	1	0	ASD_only
HGNC:10073	RNGTT	0	0	0	0	Background
HGNC:17278	PNRC1	0	0	0	0	Background
HGNC:21220	SRSF12	0	0	0	0	Background
HGNC:21408	PM20D2	0	0	0	0	Background
HGNC:4090	GABRR1	0	0	0	0	Background
HGNC:4091	GABRR2	0	0	0	0	Background
HGNC:17598	UBE2J1	0	0	0	0	Background
HGNC:19903	RRAGD	0	0	0	0	Background
HGNC:17280	ANKRD6	0	0	0	0	Background
HGNC:25229	LYRM2	0	0	0	0	Background
HGNC:18302	MDN1	0	0	0	0	Background
HGNC:16995	GJA10	0	0	0	0	Background
HGNC:14078	BACH2	1	0	0	0	IEI_only
HGNC:6859	MAP3K7	0	0	0	0	Background
HGNC:3390	EPHA7	0	0	0	0	Background
HGNC:21072	MANEA	0	0	0	0	Background
HGNC:4020	FUT9	0	0	0	0	Background
HGNC:23039	UFL1	0	0	0	0	Background
HGNC:17371	FHL5	0	0	0	0	Background
HGNC:13302	GPR63	0	0	0	0	Background
HGNC:21034	NDUFAF4	0	0	0	0	Background
HGNC:21221	KLHL32	0	0	0	0	Background
HGNC:21475	MMS22L	0	0	0	0	Background
HGNC:9215	POU3F2	0	0	0	0	Background
HGNC:13601	FBXL4	0	0	0	0	Background
HGNC:20742	FAXC	0	0	0	0	Background
HGNC:18175	COQ3	0	0	0	0	Background
HGNC:21222	PNISR	0	0	0	0	Background
HGNC:20080	USP45	0	1	1	0	ASD_only
HGNC:1581	CCNC	0	0	0	0	Background
HGNC:13998	PRDM13	0	0	0	0	Background
HGNC:20867	MCHR2	0	0	0	0	Background
HGNC:10882	SIM1	0	0	0	0	Background
HGNC:18697	ASCC3	0	0	0	0	Background
HGNC:4580	GRIK2	0	1	1	0	ASD_only
HGNC:21033	HACE1	0	0	0	0	Background
HGNC:32207	LIN28B	0	0	0	0	Background
HGNC:1152	POPDC1	0	0	0	0	Background
HGNC:17649	POPDC3	0	0	0	0	Background
HGNC:9358	PREP	0	0	0	0	Background
HGNC:9346	PRDM1	0	0	0	0	Background
HGNC:589	ATG5	0	0	0	0	Background
HGNC:356	CRYBG1	0	0	0	0	Background
HGNC:18647	RTN4IP1	0	0	0	0	Background
HGNC:21020	QRSL1	0	0	0	0	Background
HGNC:17971	MTRES1	0	0	0	0	Background
HGNC:23040	BEND3	0	0	0	0	Background
HGNC:23041	PDSS2	0	0	0	0	Background
HGNC:29256	SOBP	0	0	0	0	Background
HGNC:21397	SCML4	0	0	0	0	Background
HGNC:21082	SEC63	0	0	0	0	Background
HGNC:21652	OSTM1	1	0	0	0	IEI_only
HGNC:7973	NR2E1	0	0	0	0	Background
HGNC:11174	SNX3	0	0	0	0	Background
HGNC:16411	AFG1L	0	0	0	0	Background
HGNC:3821	FOXO3	0	0	0	0	Background
HGNC:23045	ARMC2	0	0	0	0	Background
HGNC:21595	SESN1	0	0	0	0	Background
HGNC:21561	CEP57L1	0	0	0	0	Background
HGNC:1632	CD164	0	0	0	0	Background
HGNC:21557	PPIL6	0	0	0	0	Background
HGNC:11121	SMPD2	0	0	0	0	Background
HGNC:20619	MICAL1	0	0	0	0	Background
HGNC:21143	ZBTB24	1	0	0	0	IEI_only
HGNC:33814	AK9	0	0	0	0	Background
HGNC:16873	FIG4	0	0	0	0	Background
HGNC:4515	GPR6	0	0	0	0	Background
HGNC:12732	WASF1	0	0	0	0	Background
HGNC:17350	CDC40	0	0	0	0	Background
HGNC:21566	METTL24	0	0	0	0	Background
HGNC:2727	DDO	0	0	0	0	Background
HGNC:20302	SLC22A16	0	0	0	0	Background
HGNC:19338	CDK19	0	0	0	0	Background
HGNC:457	AMD1	0	0	0	0	Background
HGNC:20872	GTF3C6	0	0	0	0	Background
HGNC:20870	RPF2	0	0	0	0	Background
HGNC:17027	SLC16A10	0	0	0	0	Background
HGNC:21053	SLC60A2	0	0	0	0	Background
HGNC:9968	REV3L	0	0	0	0	Background
HGNC:1343	TRAF3IP2	1	0	0	0	IEI_only
HGNC:4037	FYN	0	0	0	0	Background
HGNC:12771	CCN6	0	0	0	0	Background
HGNC:20775	TUBE1	0	0	0	0	Background
HGNC:33858	FAM229B	0	0	0	0	Background
HGNC:6484	LAMA4	0	0	0	0	Background
HGNC:33264	RFPL4B	0	0	0	0	Background
HGNC:6759	MARCKS	0	0	0	0	Background
HGNC:4853	HDAC2	0	0	0	0	Background
HGNC:19419	HS3ST5	0	1	1	0	ASD_only
HGNC:3955	FRK	0	1	1	0	ASD_only
HGNC:21556	NT5DC1	0	0	0	0	Background
HGNC:2185	COL10A1	0	0	0	0	Background
HGNC:21559	TSPYL4	0	0	0	0	Background
HGNC:21144	DSE	0	0	0	0	Background
HGNC:12382	TSPYL1	0	0	0	0	Background
HGNC:33391	CALHM6	0	0	0	0	Background
HGNC:21090	TRAPPC3L	0	0	0	0	Background
HGNC:21568	CALHM5	0	0	0	0	Background
HGNC:21094	CALHM4	0	0	0	0	Background
HGNC:20993	RWDD1	0	0	0	0	Background
HGNC:21558	RSPH4A	0	0	0	0	Background
HGNC:21224	ZUP1	0	0	0	0	Background
HGNC:6398	KPNA5	0	0	0	0	Background
HGNC:21549	FAM162B	0	0	0	0	Background
HGNC:18510	GPRC6A	0	0	0	0	Background
HGNC:21478	RFX6	0	0	0	0	Background
HGNC:20232	VGLL2	0	0	0	0	Background
HGNC:10261	ROS1	0	0	0	0	Background
HGNC:17643	GOPC	0	0	0	0	Background
HGNC:21479	DCBLD1	0	0	0	0	Background
HGNC:21042	NUS1	0	0	0	0	Background
HGNC:21483	SLC35F1	0	0	0	0	Background
HGNC:21638	CEP85L	0	0	0	0	Background
HGNC:9080	PLN	0	1	1	0	ASD_only
HGNC:21484	MCM9	0	0	0	0	Background
HGNC:20995	ASF1A	0	0	0	0	Background
HGNC:20991	FAM184A	0	0	0	0	Background
HGNC:6821	MAN1A1	0	0	0	0	Background
HGNC:21485	TBC1D32	0	0	0	0	Background
HGNC:4274	GJA1	0	0	0	0	Background
HGNC:5225	HSF2	0	0	0	0	Background
HGNC:13464	SERINC1	0	0	0	0	Background
HGNC:9018	PKIB	0	0	0	0	Background
HGNC:3562	FABP7	0	0	0	0	Background
HGNC:17389	SMPDL3A	0	0	0	0	Background
HGNC:23046	CLVS2	0	0	0	0	Background
HGNC:12261	TRDN	0	0	0	0	Background
HGNC:16443	NKAIN2	0	0	0	0	Background
HGNC:21487	RNF217	0	0	0	0	Background
HGNC:12006	TPD52L1	0	0	0	0	Background
HGNC:21078	HDDC2	0	0	0	0	Background
HGNC:4881	HEY2	0	0	0	0	Background
HGNC:21081	NCOA7	0	0	0	0	Background
HGNC:18468	HINT3	0	0	0	0	Background
HGNC:21080	TRMT11	0	0	0	0	Background
HGNC:21488	CENPW	0	0	0	0	Background
HGNC:20866	RSPO3	0	0	0	0	Background
HGNC:21336	RNF146	0	0	0	0	Background
HGNC:21489	ECHDC1	0	0	0	0	Background
HGNC:21494	MTCL3	0	0	0	0	Background
HGNC:21636	KIAA0408	0	0	0	0	Background
HGNC:20960	C6orf58	0	0	0	0	Background
HGNC:21569	THEMIS	0	0	0	0	Background
HGNC:9674	PTPRK	0	0	0	0	Background
HGNC:6482	LAMA2	0	0	0	0	Background
HGNC:21035	ARHGAP18	0	0	0	0	Background
HGNC:21571	TMEM244	0	0	0	0	Background
HGNC:23035	L3MBTL3	0	0	0	0	Background
HGNC:21574	SAMD3	0	0	0	0	Background
HGNC:21075	TMEM200A	0	0	0	0	Background
HGNC:44670	SMLR1	0	0	0	0	Background
HGNC:3379	EPB41L2	0	0	0	0	Background
HGNC:377	AKAP7	0	0	0	0	Background
HGNC:663	ARG1	0	0	0	0	Background
HGNC:2372	MED23	0	1	1	0	ASD_only
HGNC:3358	ENPP3	0	0	0	0	Background
HGNC:14729	OR2A4	0	0	0	0	Background
HGNC:37275	CTAGE9	0	0	0	0	Background
HGNC:3356	ENPP1	0	0	0	0	Background
HGNC:2500	CCN2	0	0	0	0	Background
HGNC:21063	MOXD1	0	0	0	0	Background
HGNC:11442	STX7	0	0	0	0	Background
HGNC:14964	TAAR8	0	0	0	0	Background
HGNC:20978	TAAR6	0	0	0	0	Background
HGNC:30236	TAAR5	0	0	0	0	Background
HGNC:4514	TAAR2	0	0	0	0	Background
HGNC:17734	TAAR1	0	0	0	0	Background
HGNC:12705	VNN1	0	0	0	0	Background
HGNC:16431	VNN3P	0	0	0	0	Background
HGNC:12706	VNN2	0	0	0	0	Background
HGNC:21573	SLC18B1	0	0	0	0	Background
HGNC:10385	RPS12	0	0	0	0	Background
HGNC:3522	EYA4	0	0	0	0	Background
HGNC:11632	TCF21	0	0	0	0	Background
HGNC:11589	TBPL1	0	0	0	0	Background
HGNC:18067	SLC2A12	0	0	0	0	Background
HGNC:10810	SGK1	0	0	0	0	Background
HGNC:15471	ALDH8A1	0	0	0	0	Background
HGNC:4834	HBS1L	0	0	0	0	Background
HGNC:7545	MYB	0	0	0	0	Background
HGNC:21575	AHI1	0	0	0	0	Background
HGNC:8792	PDE7B	0	0	0	0	Background
HGNC:21115	MTFR2	0	0	0	0	Background
HGNC:16863	BCLAF1	0	0	0	0	Background
HGNC:6869	MAP7	0	0	0	0	Background
HGNC:6857	MAP3K5	0	0	0	0	Background
HGNC:8860	PEX7	0	1	1	0	ASD_only
HGNC:15621	SLC35D3	0	0	0	0	Background
HGNC:6003	IL20RA	0	0	0	0	Background
HGNC:14901	IL22RA2	0	0	0	0	Background
HGNC:5439	IFNGR1	1	0	0	0	IEI_only
HGNC:18003	OLIG3	0	0	0	0	Background
HGNC:11896	TNFAIP3	1	0	0	0	IEI_only
HGNC:17637	PERP	0	0	0	0	Background
HGNC:21213	ARFGEF3	0	0	0	0	Background
HGNC:21079	PBOV1	0	0	0	0	Background
HGNC:53434	SMIM28	0	0	0	0	Background
HGNC:15716	HEBP2	0	0	0	0	Background
HGNC:21021	NHSL1	0	0	0	0	Background
HGNC:21098	CCDC28A	0	0	0	0	Background
HGNC:21118	ECT2L	0	0	0	0	Background
HGNC:15578	REPS1	0	0	0	0	Background
HGNC:21230	ABRACL	0	0	0	0	Background
HGNC:21041	HECA	0	0	0	0	Background
HGNC:21617	TXLNB	0	0	0	0	Background
HGNC:1987	CITED2	0	0	0	0	Background
HGNC:7843	NMBR	0	0	0	0	Background
HGNC:33251	GJE1	0	0	0	0	Background
HGNC:20954	VTA1	0	0	0	0	Background
HGNC:13841	ADGRG6	0	0	0	0	Background
HGNC:4921	HIVEP2	0	1	1	0	ASD_only
HGNC:21607	AIG1	0	0	0	0	Background
HGNC:21172	ADAT2	0	0	0	0	Background
HGNC:8858	PEX3	0	0	0	0	Background
HGNC:4008	FUCA2	0	0	0	0	Background
HGNC:20956	PHACTR2	0	0	0	0	Background
HGNC:21173	LTV1	0	0	0	0	Background
HGNC:21174	ZC2HC1B	0	0	0	0	Background
HGNC:9046	PLAGL1	0	0	0	0	Background
HGNC:21083	SF3B5	0	0	0	0	Background
HGNC:11429	STX11	1	0	0	0	IEI_only
HGNC:12635	UTRN	0	0	0	0	Background
HGNC:3413	EPM2A	0	0	0	0	Background
HGNC:15600	FBXO30	0	0	0	0	Background
HGNC:19336	SHPRH	0	0	0	0	Background
HGNC:4593	GRM1	0	0	0	0	Background
HGNC:9772	RAB32	0	0	0	0	Background
HGNC:21212	ADGB	0	0	0	0	Background
HGNC:19665	STXBP5	0	1	1	0	ASD_only
HGNC:21180	SAMD5	0	0	0	0	Background
HGNC:19182	SASH1	0	1	1	0	ASD_only
HGNC:17223	UST	0	0	0	0	Background
HGNC:17075	TAB2	0	0	0	0	Background
HGNC:21181	SUMO4	0	0	0	0	Background
HGNC:21175	ZC3H12D	0	0	0	0	Background
HGNC:15702	PPIL4	0	0	0	0	Background
HGNC:21074	GINM1	0	0	0	0	Background
HGNC:6216	KATNA1	0	0	0	0	Background
HGNC:6514	LATS1	0	0	0	0	Background
HGNC:21182	NUP43	0	0	0	0	Background
HGNC:8728	PCMT1	0	0	0	0	Background
HGNC:16936	LRP11	0	0	0	0	Background
HGNC:16793	RAET1E	0	0	0	0	Background
HGNC:16795	RAET1G	0	0	0	0	Background
HGNC:14894	ULBP2	0	0	0	0	Background
HGNC:14893	ULBP1	0	0	0	0	Background
HGNC:16798	RAET1L	0	0	0	0	Background
HGNC:14895	ULBP3	0	0	0	0	Background
HGNC:14952	PPP1R14C	0	0	0	0	Background
HGNC:21071	IYD	0	0	0	0	Background
HGNC:20884	PLEKHG1	0	0	0	0	Background
HGNC:21055	MTHFD1L	0	0	0	0	Background
HGNC:370	AKAP12	0	0	0	0	Background
HGNC:20868	ZBTB2	0	0	0	0	Background
HGNC:21176	RMND1	0	0	0	0	Background
HGNC:17872	DCPH1	0	0	0	0	Background
HGNC:21177	CCDC170	0	0	0	0	Background
HGNC:3467	ESR1	0	0	0	0	Background
HGNC:17089	SYNE1	0	1	1	0	ASD_only
HGNC:23172	MYCT1	0	0	0	0	Background
HGNC:12693	VIP	0	0	0	0	Background
HGNC:13584	FBXO5	0	0	0	0	Background
HGNC:21051	MTRF1L	0	0	0	0	Background
HGNC:14088	RGS17	0	0	0	0	Background
HGNC:8156	OPRM1	0	0	0	0	Background
HGNC:21204	IPCEF1	0	0	0	0	Background
HGNC:23034	CNKSR3	0	0	0	0	Background
HGNC:20959	SCAF8	0	0	0	0	Background
HGNC:11806	TIAM2	0	0	0	0	Background
HGNC:17037	TFB1M	0	0	0	0	Background
HGNC:2042	CLDN20	0	0	0	0	Background
HGNC:7890	NOX3	0	0	0	0	Background
HGNC:18040	ARID1B	0	1	1	0	ASD_only
HGNC:17206	TMEM242	0	0	0	0	Background
HGNC:20341	ZDHHC14	0	0	0	0	Background
HGNC:14973	SNX9	0	0	0	0	Background
HGNC:11504	SYNJ2	0	0	0	0	Background
HGNC:21061	SERAC1	0	0	0	0	Background
HGNC:21157	GTF2H5	0	0	0	0	Background
HGNC:15530	TULP4	0	0	0	0	Background
HGNC:20958	TMEM181	0	0	0	0	Background
HGNC:11697	DYNLT1	0	0	0	0	Background
HGNC:15587	SYTL3	0	0	0	0	Background
HGNC:12691	EZR	0	0	0	0	Background
HGNC:21179	LINC02901	0	0	0	0	Background
HGNC:21054	RSPH3	0	0	0	0	Background
HGNC:15669	TAGAP	0	0	0	0	Background
HGNC:21184	FNDC1	0	0	0	0	Background
HGNC:11180	SOD2	0	0	0	0	Background
HGNC:16846	WTAP	0	0	0	0	Background
HGNC:94	ACAT2	0	0	0	0	Background
HGNC:11655	TCP1	0	0	0	0	Background
HGNC:14477	MRPL18	0	0	0	0	Background
HGNC:21185	PNLDC1	0	0	0	0	Background
HGNC:6899	MAS1	0	0	0	0	Background
HGNC:5467	IGF2R	0	0	0	0	Background
HGNC:10963	SLC22A1	0	0	0	0	Background
HGNC:10966	SLC22A2	0	0	0	0	Background
HGNC:10967	SLC22A3	0	0	0	0	Background
HGNC:6667	LPA	0	0	0	0	Background
HGNC:9071	PLG	0	0	0	0	Background
HGNC:6856	MAP3K4	0	0	0	0	Background
HGNC:20885	AGPAT4	0	0	0	0	Background
HGNC:8607	PRKN	0	1	1	0	ASD_only
HGNC:19152	PACRG	0	0	0	0	Background
HGNC:52053	PACRG-AS3	0	0	0	0	Background
HGNC:21100	QKI	0	0	0	0	Background
HGNC:21233	C6orf118	0	0	0	0	Background
HGNC:8772	PDE10A	0	0	0	0	Background
HGNC:38749	SDIM1	0	0	0	0	Background
HGNC:11515	TBXT	0	0	0	0	Background
HGNC:28574	PRR18	0	0	0	0	Background
HGNC:21102	SFT2D1	0	0	0	0	Background
HGNC:21606	MPC1	0	0	0	0	Background
HGNC:10431	RPS6KA2	0	1	1	0	ASD_only
HGNC:21686	RNASET2	0	0	0	0	Background
HGNC:17012	CEP43	0	0	0	0	Background
HGNC:1607	CCR6	0	0	0	0	Background
HGNC:21254	TCP10L2	0	0	0	0	Background
HGNC:4486	GPR31	0	0	0	0	Background
HGNC:12570	UNC93A	0	0	0	0	Background
HGNC:21211	TTLL2	0	0	0	0	Background
HGNC:11656	TCP10L3	0	0	0	0	Background
HGNC:7137	AFDN	0	0	0	0	Background
HGNC:6390	KIF25	0	0	0	0	Background
HGNC:21240	FRMD1	0	0	0	0	Background
HGNC:21231	DACT2	0	0	0	0	Background
HGNC:20323	SMOC2	0	0	0	0	Background
HGNC:11786	THBS2	0	0	0	0	Background
HGNC:21248	WDR27	0	0	0	0	Background
HGNC:21247	C6orf120	0	0	0	0	Background
HGNC:18250	PHF10	0	0	0	0	Background
HGNC:11695	DYNLT2	0	0	0	0	Background
HGNC:21056	ERMARD	0	0	0	0	Background
HGNC:2908	DLL1	0	1	1	0	ASD_only
HGNC:21109	FAM120B	0	0	0	0	Background
HGNC:9537	PSMB1	0	0	0	0	Background
HGNC:11588	TBP	0	0	0	0	Background
HGNC:8762	PDCD2	0	0	0	0	Background
HGNC:22140	FAM20C	0	0	0	0	Background
HGNC:8799	PDGFA	0	0	0	0	Background
HGNC:9390	PRKAR1B	0	1	1	0	ASD_only
HGNC:26013	DNAAF5	0	0	0	0	Background
HGNC:18587	SUN1	0	0	0	0	Background
HGNC:21690	GET4	0	0	0	0	Background
HGNC:16486	ADAP1	0	0	0	0	Background
HGNC:28074	COX19	0	0	0	0	Background
HGNC:20243	CYP2W1	0	0	0	0	Background
HGNC:22421	CHLSN	0	0	0	0	Background
HGNC:21718	GPR146	0	0	0	0	Background
HGNC:4485	GPER1	0	0	0	0	Background
HGNC:28073	ZFAND2A	0	0	0	0	Background
HGNC:33194	UNCX	0	0	0	0	Background
HGNC:29672	MICALL2	0	0	0	0	Background
HGNC:24555	INTS1	0	0	0	0	Background
HGNC:6782	MAFK	0	0	0	0	Background
HGNC:28797	TMEM184A	0	0	0	0	Background
HGNC:22420	PSMG3	0	0	0	0	Background
HGNC:33154	ELFN1	0	0	0	0	Background
HGNC:53790	LNCRI	0	0	0	0	Background
HGNC:6762	MAD1L1	0	0	0	0	Background
HGNC:16352	MRM2	0	0	0	0	Background
HGNC:8048	NUDT1	0	0	0	0	Background
HGNC:14972	SNX8	0	0	0	0	Background
HGNC:3280	EIF3B	0	0	0	0	Background
HGNC:17423	CHST12	0	0	0	0	Background
HGNC:6560	LFNG	0	0	0	0	Background
HGNC:21701	BRAT1	0	0	0	0	Background
HGNC:29171	IQCE	0	0	0	0	Background
HGNC:22222	TTYH3	0	0	0	0	Background
HGNC:22231	AMZ1	0	0	0	0	Background
HGNC:4380	GNA12	0	0	0	0	Background
HGNC:16393	CARD11	1	1	1	1	Overlap_raw
HGNC:19307	SDK1	0	0	0	0	Background
HGNC:23480	FOXK1	0	0	0	0	Background
HGNC:22197	AP5Z1	0	0	0	0	Background
HGNC:22226	RADIL	0	0	0	0	Background
HGNC:15970	PAPOLB	0	0	0	0	Background
HGNC:30133	MMD2	0	0	0	0	Background
HGNC:42971	RBAK-RBAKDN	0	0	0	0	Background
HGNC:17680	RBAK	0	0	0	0	Background
HGNC:32225	WIPI2	0	0	0	0	Background
HGNC:23097	SLC29A4	0	1	1	0	ASD_only
HGNC:11962	TNRC18	0	0	0	0	Background
HGNC:21874	FBXL18	0	0	0	0	Background
HGNC:132	ACTB	1	1	1	1	Overlap_raw
HGNC:11148	FSCN1	0	0	0	0	Background
HGNC:21698	RNF216	0	0	0	0	Background
HGNC:8105	OCM	0	0	0	0	Background
HGNC:21691	CCZ1	0	0	0	0	Background
HGNC:27362	RSPH10B	0	0	0	0	Background
HGNC:9122	PMS2	1	0	0	0	IEI_only
HGNC:20609	AIMP2	0	0	0	0	Background
HGNC:24921	EIF2AK1	0	0	0	0	Background
HGNC:22467	ANKRD61	0	0	0	0	Background
HGNC:20068	USP42	0	0	0	0	Background
HGNC:9504	CYTH3	0	0	0	0	Background
HGNC:22422	FAM220A	0	0	0	0	Background
HGNC:9801	RAC1	0	0	0	0	Background
HGNC:28923	DAGLB	0	0	0	0	Background
HGNC:6305	KDELR2	0	0	0	0	Background
HGNC:18464	GRID2IP	0	1	1	0	ASD_only
HGNC:18471	ZDHHC4	0	0	0	0	Background
HGNC:21702	INTS15	0	0	0	0	Background
HGNC:21767	ZNF853	0	0	0	0	Background
HGNC:12902	ZNF12	0	0	0	0	Background
HGNC:34385	RSPH10B2	0	0	0	0	Background
HGNC:21717	CCZ1B	0	0	0	0	Background
HGNC:24337	C1GALT1	0	0	0	0	Background
HGNC:22442	COL28A1	0	1	1	0	ASD_only
HGNC:21905	MIOS	0	0	0	0	Background
HGNC:10291	RPA3	0	0	0	0	Background
HGNC:48955	UMAD1	0	0	0	0	Background
HGNC:18713	GLCCI1	0	0	0	0	Background
HGNC:5343	ICA1	0	1	1	0	ASD_only
HGNC:20693	NXPH1	0	1	1	0	ASD_only
HGNC:7687	COXFA4	0	0	0	0	Background
HGNC:22203	PHF14	0	0	0	0	Background
HGNC:22207	THSD7A	0	0	0	0	Background
HGNC:22407	TMEM106B	0	0	0	0	Background
HGNC:21897	VWDE	0	0	0	0	Background
HGNC:21695	SCIN	0	0	0	0	Background
HGNC:695	ARL4A	0	0	0	0	Background
HGNC:3490	ETV1	0	0	0	0	Background
HGNC:2850	DGKB	0	0	0	0	Background
HGNC:33784	AGMO	0	1	1	0	ASD_only
HGNC:7014	MEOX2	0	0	0	0	Background
HGNC:37276	CRPPA	0	0	0	0	Background
HGNC:21748	SOSTDC1	0	0	0	0	Background
HGNC:42972	LRRC72	0	0	0	0	Background
HGNC:25370	ANKMY2	0	0	0	0	Background
HGNC:18808	BZW2	0	0	0	0	Background
HGNC:21643	TSPAN13	0	0	0	0	Background
HGNC:328	AGR2	0	0	0	0	Background
HGNC:24167	AGR3	0	0	0	0	Background
HGNC:348	AHR	0	0	0	0	Background
HGNC:21335	SNX13	0	0	0	0	Background
HGNC:9463	PRPS1L1	0	0	0	0	Background
HGNC:14065	HDAC9	0	0	0	0	Background
HGNC:12428	TWIST1	0	0	0	0	Background
HGNC:16660	FERD3L	0	0	0	0	Background
HGNC:18027	POLR1F	0	0	0	0	Background
HGNC:22431	TMEM196	0	0	0	0	Background
HGNC:30215	MACC1	0	0	0	0	Background
HGNC:6163	ITGB8	0	0	0	0	Background
HGNC:46	ABCB5	0	0	0	0	Background
HGNC:19196	SP8	0	0	0	0	Background
HGNC:11209	SP4	0	0	0	0	Background
HGNC:2942	DNAH11	0	0	0	0	Background
HGNC:30777	CDCA7L	0	0	0	0	Background
HGNC:16862	RAPGEF5	0	0	0	0	Background
HGNC:41907	STEAP1B	0	0	0	0	Background
HGNC:6018	IL6	0	0	0	0	Background
HGNC:21648	TOMM7	0	0	0	0	Background
HGNC:24587	HYCC1	0	0	0	0	Background
HGNC:15646	KLHL7	0	0	0	0	Background
HGNC:17010	NUP42	0	0	0	0	Background
HGNC:4462	GPNMB	0	0	0	0	Background
HGNC:21721	MALSU1	0	0	0	0	Background
HGNC:28868	IGF2BP3	0	0	0	0	Background
HGNC:16645	TRA2A	0	0	0	0	Background
HGNC:22398	CCDC126	0	0	0	0	Background
HGNC:27977	FAM221A	0	0	0	0	Background
HGNC:11407	STK31	0	0	0	0	Background
HGNC:7955	NPY	0	0	0	0	Background
HGNC:18167	PALS2	0	0	0	0	Background
HGNC:2810	GSDME	0	0	0	0	Background
HGNC:16370	OSBPL3	0	0	0	0	Background
HGNC:19986	CYCS	0	0	0	0	Background
HGNC:21722	SPMIP4	0	0	0	0	Background
HGNC:13782	NPVF	0	0	0	0	Background
HGNC:7783	NFE2L3	0	1	1	0	ASD_only
HGNC:5033	HNRNPA2B1	0	0	0	0	Background
HGNC:1553	CBX3	0	0	0	0	Background
HGNC:14974	SNX10	1	0	0	0	IEI_only
HGNC:22191	KIAA0087	0	0	0	0	Background
HGNC:22364	LINC02860	0	0	0	0	Background
HGNC:15687	SKAP2	0	0	0	0	Background
HGNC:5099	HOXA1	0	0	0	0	Background
HGNC:5103	HOXA2	0	0	0	0	Background
HGNC:5104	HOXA3	0	0	0	0	Background
HGNC:5105	HOXA4	0	0	0	0	Background
HGNC:5106	HOXA5	0	0	0	0	Background
HGNC:5107	HOXA6	0	0	0	0	Background
HGNC:5108	HOXA7	0	0	0	0	Background
HGNC:5109	HOXA9	0	0	0	0	Background
HGNC:51908	HOXA10-HOXA9	0	0	0	0	Background
HGNC:5100	HOXA10	0	0	0	0	Background
HGNC:5101	HOXA11	0	0	0	0	Background
HGNC:5102	HOXA13	0	0	0	0	Background
HGNC:3506	EVX1	0	0	0	0	Background
HGNC:4907	HIBADH	0	0	0	0	Background
HGNC:11575	TAX1BP1	0	0	0	0	Background
HGNC:28917	JAZF1	0	0	0	0	Background
HGNC:16844	CREB5	0	0	0	0	Background
HGNC:14399	CPVL	0	0	0	0	Background
HGNC:1944	CHN2	0	0	0	0	Background
HGNC:22310	PRR15	0	0	0	0	Background
HGNC:22004	WIPF3	0	0	0	0	Background
HGNC:22192	SCRN1	0	0	0	0	Background
HGNC:18625	FKBP14	0	0	0	0	Background
HGNC:30037	PLEKHA8	0	0	0	0	Background
HGNC:25457	MTURN	0	0	0	0	Background
HGNC:22316	ZNRF2	0	0	0	0	Background
HGNC:16390	NOD1	0	0	0	0	Background
HGNC:21705	GGCT	0	0	0	0	Background
HGNC:4162	GARS1	0	0	0	0	Background
HGNC:2358	CRHR2	0	0	0	0	Background
HGNC:6069	INMT	0	0	0	0	Background
HGNC:41995	INMT-MINDY4	0	0	0	0	Background
HGNC:21916	MINDY4	0	0	0	0	Background
HGNC:633	AQP1	0	0	0	0	Background
HGNC:4266	GHRHR	0	0	0	0	Background
HGNC:242	ADCYAP1R1	0	0	0	0	Background
HGNC:13804	NEUROD6	0	0	0	0	Background
HGNC:27363	ITPRID1	0	0	0	0	Background
HGNC:16973	PPP1R17	0	0	0	0	Background
HGNC:8776	PDE1C	0	1	1	0	ASD_only
HGNC:17162	LSM5	0	0	0	0	Background
HGNC:28994	AVL9	0	0	0	0	Background
HGNC:21751	KBTBD2	0	0	0	0	Background
HGNC:3725	FKBP9	0	0	0	0	Background
HGNC:17820	NT5C3A	0	0	0	0	Background
HGNC:10288	RP9	0	0	0	0	Background
HGNC:30000	BBS9	0	0	0	0	Background
HGNC:24154	BMPER	0	0	0	0	Background
HGNC:23631	NPSR1	0	0	0	0	Background
HGNC:22205	DPY19L1	0	0	0	0	Background
HGNC:11598	TBX20	0	0	0	0	Background
HGNC:21915	HERPUD2	0	0	0	0	Background
HGNC:1717	SEPTIN7	0	0	0	0	Background
HGNC:22223	EEPD1	0	0	0	0	Background
HGNC:22206	MATCAP2	0	0	0	0	Background
HGNC:14082	ANLN	0	0	0	0	Background
HGNC:548	AOAH	0	0	0	0	Background
HGNC:16286	ELMO1	0	0	0	0	Background
HGNC:19997	GPR141	0	0	0	0	Background
HGNC:17572	EPDR1	0	0	0	0	Background
HGNC:16473	NME8	0	0	0	0	Background
HGNC:10778	SFRP4	0	0	0	0	Background
HGNC:19169	STARD3NL	0	0	0	0	Background
HGNC:471	AMPH	0	0	0	0	Background
HGNC:34511	CFAP144P1	0	0	0	0	Background
HGNC:12713	VPS41	0	0	0	0	Background
HGNC:21694	POU6F2	0	0	0	0	Background
HGNC:24857	YAE1	0	0	0	0	Background
HGNC:9839	RALA	0	0	0	0	Background
HGNC:1733	CDK13	0	0	0	0	Background
HGNC:16002	MPLKIP	0	0	0	0	Background
HGNC:16001	SUGCT	0	0	0	0	Background
HGNC:6066	INHBA	0	0	0	0	Background
HGNC:4319	GLI3	0	0	0	0	Background
HGNC:21703	C7orf25	0	0	0	0	Background
HGNC:9531	PSMA2	0	0	0	0	Background
HGNC:14035	MRPL32	0	0	0	0	Background
HGNC:22195	HECW1	0	0	0	0	Background
HGNC:11395	STK17A	0	0	0	0	Background
HGNC:21868	COA1	0	0	0	0	Background
HGNC:1062	BLVRA	0	0	0	0	Background
HGNC:14510	MRPS24	0	0	0	0	Background
HGNC:49188	URGCP-MRPS24	0	0	0	0	Background
HGNC:30890	URGCP	0	0	0	0	Background
HGNC:21647	UBE2D4	0	0	0	0	Background
HGNC:16408	SPDYE1	0	0	0	0	Background
HGNC:2696	DBNL	0	0	0	0	Background
HGNC:8889	PGAM2	0	0	0	0	Background
HGNC:9185	POLM	0	0	0	0	Background
HGNC:303	AEBP1	0	0	0	0	Background
HGNC:9176	POLD2	1	0	0	0	IEI_only
HGNC:21719	MYL7	0	0	0	0	Background
HGNC:4195	GCK	0	0	0	0	Background
HGNC:16959	YKT6	0	0	0	0	Background
HGNC:1461	CAMK2B	0	0	0	0	Background
HGNC:22208	NUDCD3	1	0	0	0	IEI_only
HGNC:7898	NPC1L1	0	0	0	0	Background
HGNC:18193	DDX56	0	0	0	0	Background
HGNC:22301	TMED4	0	0	0	0	Background
HGNC:8124	OGDH	0	0	0	0	Background
HGNC:22229	ZMIZ2	0	0	0	0	Background
HGNC:9253	PPIA	0	0	0	0	Background
HGNC:20664	H2AZ2	0	0	0	0	Background
HGNC:9702	PURB	0	0	0	0	Background
HGNC:13880	MYO1G	0	0	0	0	Background
HGNC:21708	CCM2	0	0	0	0	Background
HGNC:22196	NACAD	0	0	0	0	Background
HGNC:17443	TBRG4	0	0	0	0	Background
HGNC:9845	RAMP3	0	0	0	0	Background
HGNC:232	ADCY1	0	0	0	0	Background
HGNC:5469	IGFBP1	0	0	0	0	Background
HGNC:5472	IGFBP3	0	0	0	0	Background
HGNC:21616	TNS3	0	0	0	0	Background
HGNC:34432	LINC02902	0	0	0	0	Background
HGNC:5309	HUS1	0	0	0	0	Background
HGNC:18053	PKD1L1	0	0	0	0	Background
HGNC:21911	PKD1L1-AS1	0	0	0	0	Background
HGNC:22429	SUN3	0	0	0	0	Background
HGNC:22247	C7orf57	0	0	0	0	Background
HGNC:12576	UPP1	0	0	0	0	Background
HGNC:14638	ABCA13	0	1	1	0	ASD_only
HGNC:30200	VWC2	0	0	0	0	Background
HGNC:15662	ZPBP	0	0	0	0	Background
HGNC:22564	SPMIP7	0	0	0	0	Background
HGNC:13176	IKZF1	1	0	0	0	IEI_only
HGNC:13286	FIGNL1	0	0	0	0	Background
HGNC:2719	DDC	0	1	1	0	ASD_only
HGNC:4564	GRB10	0	0	0	0	Background
HGNC:22199	COBL	0	0	0	0	Background
HGNC:25369	POM121L12	0	0	0	0	Background
HGNC:28499	VSTM2A	0	0	0	0	Background
HGNC:18277	SEC61G	0	0	0	0	Background
HGNC:3236	EGFR	0	0	0	0	Background
HGNC:6509	LANCL2	0	0	0	0	Background
HGNC:34518	VOPP1	0	0	0	0	Background
HGNC:33280	SEPTIN14	0	0	0	0	Background
HGNC:22043	ZNF713	0	1	1	0	ASD_only
HGNC:4179	NIPSNAP2	0	0	0	0	Background
HGNC:14047	MRPS17	0	0	0	0	Background
HGNC:9577	PSPH	0	0	0	0	Background
HGNC:1620	CCT6A	0	0	0	0	Background
HGNC:20415	SUMF2	0	0	0	0	Background
HGNC:8930	PHKG1	0	0	0	0	Background
HGNC:21645	CHCHD2	0	0	0	0	Background
HGNC:44164	NUPR2	0	0	0	0	Background
HGNC:23258	ZNF479	0	0	0	0	Background
HGNC:32458	ZNF716	0	0	0	0	Background
HGNC:22785	ZNF727	0	0	0	0	Background
HGNC:28650	ZNF679	0	0	0	0	Background
HGNC:32467	ZNF736	0	0	0	0	Background
HGNC:26897	ZNF680	0	0	0	0	Background
HGNC:12887	ZNF107	0	0	0	0	Background
HGNC:12922	ZNF138	0	0	0	0	Background
HGNC:13067	ZNF273	0	0	0	0	Background
HGNC:12897	ZNF117	0	0	0	0	Background
HGNC:3454	ERV3-1	0	0	0	0	Background
HGNC:13168	ZNF92	0	0	0	0	Background
HGNC:21492	VKORC1L1	0	0	0	0	Background
HGNC:4696	GUSB	0	0	0	0	Background
HGNC:746	ASL	0	0	0	0	Background
HGNC:17888	CRCP	0	0	0	0	Background
HGNC:12020	TPST1	0	0	0	0	Background
HGNC:21957	KCTD7	0	0	0	0	Background
HGNC:17676	RABGEF1	0	0	0	0	Background
HGNC:25476	TMEM248	0	0	0	0	Background
HGNC:19440	SBDS	1	0	0	0	IEI_only
HGNC:25598	TYW1	0	0	0	0	Background
HGNC:14262	AUTS2	0	1	1	0	ASD_only
HGNC:16347	GALNT17	0	0	0	0	Background
HGNC:13248	CALN1	0	0	0	0	Background
HGNC:19702	POM121	0	0	0	0	Background
HGNC:17453	TRIM74	0	0	0	0	Background
HGNC:16385	NSUN5	0	0	0	0	Background
HGNC:19017	TRIM50	0	0	0	0	Background
HGNC:3722	FKBP6	0	0	0	0	Background
HGNC:4047	FZD9	0	0	0	0	Background
HGNC:961	BAZ1B	0	0	0	0	Background
HGNC:1005	BCL7B	0	0	0	0	Background
HGNC:11586	TBL2	0	0	0	0	Background
HGNC:12744	MLXIPL	0	0	0	0	Background
HGNC:18287	VPS37D	0	0	0	0	Background
HGNC:16410	DNAJC30	0	0	0	0	Background
HGNC:16405	BUD23	0	0	0	0	Background
HGNC:11433	STX1A	0	1	1	0	ASD_only
HGNC:16407	ABHD11	0	0	0	0	Background
HGNC:2045	CLDN3	0	0	0	0	Background
HGNC:2046	CLDN4	0	0	0	0	Background
HGNC:19068	METTL27	0	0	0	0	Background
HGNC:23018	TMEM270	0	0	0	0	Background
HGNC:3327	ELN	0	0	0	0	Background
HGNC:6613	LIMK1	0	0	0	0	Background
HGNC:12741	EIF4H	0	0	0	0	Background
HGNC:12749	LAT2	0	0	0	0	Background
HGNC:9970	RFC2	0	0	0	0	Background
HGNC:2586	CLIP2	0	0	0	0	Background
HGNC:4661	GTF2IRD1	0	0	0	0	Background
HGNC:4659	GTF2I	0	1	1	0	ASD_only
HGNC:7660	NCF1	1	0	0	0	IEI_only
HGNC:30775	GTF2IRD2	0	0	0	0	Background
HGNC:33125	GTF2IRD2B	0	0	0	0	Background
HGNC:18162	TRIM73	0	0	0	0	Background
HGNC:34005	POM121C	0	0	0	0	Background
HGNC:4913	HIP1	0	0	0	0	Background
HGNC:10625	CCL26	0	0	0	0	Background
HGNC:10623	CCL24	0	0	0	0	Background
HGNC:23082	RHBDD2	0	0	0	0	Background
HGNC:9208	POR	0	0	0	0	Background
HGNC:18165	STYXL1	0	0	0	0	Background
HGNC:6971	MDH2	0	0	0	0	Background
HGNC:26729	SRRM3	0	0	0	0	Background
HGNC:5246	HSPB1	0	0	0	0	Background
HGNC:12852	YWHAG	0	0	0	0	Background
HGNC:14461	SSC4D	0	0	0	0	Background
HGNC:13189	ZP3	0	0	0	0	Background
HGNC:15973	DTX2	0	0	0	0	Background
HGNC:21444	UPK3B	0	0	0	0	Background
HGNC:9203	POMZP3	0	0	0	0	Background
HGNC:29296	CCDC146	0	0	0	0	Background
HGNC:3696	FGL2	0	0	0	0	Background
HGNC:28042	GSAP	0	0	0	0	Background
HGNC:9645	PTPN12	0	0	0	0	Background
HGNC:24765	RSBN1L	0	0	0	0	Background
HGNC:21754	TMEM60	0	0	0	0	Background
HGNC:13411	PHTF2	0	0	0	0	Background
HGNC:18957	MAGI2	0	0	0	0	Background
HGNC:4384	GNAI1	0	1	1	0	ASD_only
HGNC:1663	CD36	0	0	0	0	Background
HGNC:22800	GNAT3	0	0	0	0	Background
HGNC:10725	SEMA3C	0	0	0	0	Background
HGNC:4893	HGF	0	0	0	0	Background
HGNC:1399	CACNA2D1	0	1	1	0	ASD_only
HGNC:13406	PCLO	0	1	1	0	ASD_only
HGNC:10727	SEMA3E	1	0	0	0	IEI_only
HGNC:10723	SEMA3A	0	0	0	0	Background
HGNC:10726	SEMA3D	0	0	0	0	Background
HGNC:4595	GRM3	0	0	0	0	Background
HGNC:21945	ELAPOR2	0	0	0	0	Background
HGNC:14603	DMTF1	0	0	0	0	Background
HGNC:21707	TMEM243	0	0	0	0	Background
HGNC:2366	CROT	0	0	0	0	Background
HGNC:45	ABCB4	0	0	0	0	Background
HGNC:40	ABCB1	0	0	0	0	Background
HGNC:30286	RUNDC3B	0	0	0	0	Background
HGNC:29680	SLC25A40	0	0	0	0	Background
HGNC:17364	DBF4	1	0	0	0	IEI_only
HGNC:201	ADAM22	0	0	0	0	Background
HGNC:11292	SRI	0	0	0	0	Background
HGNC:21923	STEAP4	0	0	0	0	Background
HGNC:21958	ZNF804B	0	0	0	0	Background
HGNC:22402	TEX47	0	0	0	0	Background
HGNC:11378	STEAP1	0	0	0	0	Background
HGNC:17885	STEAP2	0	0	0	0	Background
HGNC:26107	CFAP69	0	0	0	0	Background
HGNC:25106	GTPBP10	0	0	0	0	Background
HGNC:2034	CLDN12	0	0	0	0	Background
HGNC:8883	CDK14	0	0	0	0	Background
HGNC:4038	FZD1	0	0	0	0	Background
HGNC:21463	MTERF1	0	0	0	0	Background
HGNC:379	AKAP9	0	1	1	0	ASD_only
HGNC:2649	CYP51A1	0	0	0	0	Background
HGNC:34300	LRRD1	0	0	0	0	Background
HGNC:1573	KRIT1	0	0	0	0	Background
HGNC:22215	ANKIB1	0	0	0	0	Background
HGNC:29941	GATAD1	0	0	0	0	Background
HGNC:13525	ERVW-1	0	0	0	0	Background
HGNC:8850	PEX1	0	0	0	0	Background
HGNC:21785	RBM48	0	0	0	0	Background
HGNC:28629	FAM133B	0	0	0	0	Background
HGNC:1777	CDK6	0	0	0	0	Background
HGNC:1348	SAMD9	1	0	0	0	IEI_only
HGNC:1349	SAMD9L	1	0	0	0	IEI_only
HGNC:27364	HEPACAM2	0	0	0	0	Background
HGNC:25956	VPS50	0	0	0	0	Background
HGNC:1440	CALCR	0	0	0	0	Background
HGNC:4411	GNGT1	0	0	0	0	Background
HGNC:11761	TFPI2	0	0	0	0	Background
HGNC:4403	GNG11	0	0	0	0	Background
HGNC:14562	BET1	0	0	0	0	Background
HGNC:2198	COL1A2	0	0	0	0	Background
HGNC:16014	CASD1	0	0	0	0	Background
HGNC:10808	SGCE	0	0	0	0	Background
HGNC:14005	PEG10	0	0	0	0	Background
HGNC:14946	PPP1R9A	0	0	0	0	Background
HGNC:9204	PON1	0	1	1	0	ASD_only
HGNC:9206	PON3	0	0	0	0	Background
HGNC:9205	PON2	0	0	0	0	Background
HGNC:16009	ASB4	0	0	0	0	Background
HGNC:8812	PDK4	0	0	0	0	Background
HGNC:2963	DYNC1I1	0	0	0	0	Background
HGNC:10983	SLC25A13	0	0	0	0	Background
HGNC:10845	SEM1	0	0	0	0	Background
HGNC:2919	DLX6	0	1	1	0	ASD_only
HGNC:2918	DLX5	0	0	0	0	Background
HGNC:21752	SDHAF3	0	0	0	0	Background
HGNC:11517	TAC1	0	0	0	0	Background
HGNC:753	ASNS	0	0	0	0	Background
HGNC:34396	OCM2	0	0	0	0	Background
HGNC:17880	LMTK2	0	0	0	0	Background
HGNC:22265	BHLHA15	0	0	0	0	Background
HGNC:22214	TECPR1	0	0	0	0	Background
HGNC:1109	BRI3	0	0	0	0	Background
HGNC:21649	BAIAP2L1	0	0	0	0	Background
HGNC:7953	NPTX2	0	0	0	0	Background
HGNC:25429	TMEM130	0	0	0	0	Background
HGNC:12347	TRRAP	0	1	1	0	ASD_only
HGNC:16807	SMURF1	0	1	1	0	ASD_only
HGNC:21839	KPNA7	0	0	0	0	Background
HGNC:703	ARPC1A	0	0	0	0	Background
HGNC:704	ARPC1B	1	0	0	0	IEI_only
HGNC:14634	PDAP1	0	0	0	0	Background
HGNC:29629	BUD31	0	0	0	0	Background
HGNC:22198	PTCD1	0	0	0	0	Background
HGNC:38844	ATP5MF-PTCD1	0	0	0	0	Background
HGNC:2327	CPSF4	0	0	0	0	Background
HGNC:848	ATP5MF	0	0	0	0	Background
HGNC:27801	ZNF789	0	0	0	0	Background
HGNC:18832	ZNF394	0	0	0	0	Background
HGNC:12867	ZKSCAN5	0	0	0	0	Background
HGNC:25401	ZBED8L	0	0	0	0	Background
HGNC:30899	ZNF655	0	0	0	0	Background
HGNC:21961	ZSCAN25	0	0	0	0	Background
HGNC:2638	CYP3A5	0	0	0	0	Background
HGNC:2640	CYP3A7	0	0	0	0	Background
HGNC:2637	CYP3A4	0	0	0	0	Background
HGNC:17450	CYP3A43	0	0	0	0	Background
HGNC:15087	OR2AE1	0	0	0	0	Background
HGNC:16275	TRIM4	0	0	0	0	Background
HGNC:17495	GJC3	0	0	0	0	Background
HGNC:910	AZGP1	0	1	1	0	ASD_only
HGNC:13101	ZKSCAN1	0	0	0	0	Background
HGNC:13104	ZSCAN21	0	0	0	0	Background
HGNC:13089	ZNF3	0	0	0	0	Background
HGNC:21749	COPS6	0	0	0	0	Background
HGNC:6950	MCM7	0	0	0	0	Background
HGNC:574	AP4M1	0	0	0	0	Background
HGNC:11540	TAF6	0	1	1	0	ASD_only
HGNC:28631	CNPY4	0	0	0	0	Background
HGNC:22180	MBLAC1	0	0	0	0	Background
HGNC:33772	LAMTOR4	0	0	0	0	Background
HGNC:25604	TRAPPC14	0	0	0	0	Background
HGNC:24145	GAL3ST4	0	0	0	0	Background
HGNC:4450	GPC2	0	0	0	0	Background
HGNC:11356	STAG3	0	0	0	0	Background
HGNC:32190	PVRIG	0	0	0	0	Background
HGNC:35462	SPDYE3	0	0	0	0	Background
HGNC:18297	PILRB	0	0	0	0	Background
HGNC:20396	PILRA	0	0	0	0	Background
HGNC:23486	ZCWPW1	0	0	0	0	Background
HGNC:20247	MEPCE	0	0	0	0	Background
HGNC:28320	PPP1R35	0	0	0	0	Background
HGNC:22135	SPACDR	0	0	0	0	Background
HGNC:21696	TSC22D4	0	0	0	0	Background
HGNC:22009	NYAP1	0	0	0	0	Background
HGNC:5177	AGFG2	0	0	0	0	Background
HGNC:41908	SAP25	0	0	0	0	Background
HGNC:6691	LRCH4	0	0	0	0	Background
HGNC:13595	FBXO24	0	0	0	0	Background
HGNC:8738	PCOLCE	0	0	0	0	Background
HGNC:25078	MOSPD3	0	0	0	0	Background
HGNC:11762	TFR2	0	0	0	0	Background
HGNC:160	ACTL6B	0	0	0	0	Background
HGNC:4398	GNB2	0	0	0	0	Background
HGNC:9126	GIGYF1	0	1	1	0	ASD_only
HGNC:19949	POP7	0	0	0	0	Background
HGNC:3415	EPO	0	0	0	0	Background
HGNC:3395	EPHB4	0	0	0	0	Background
HGNC:17435	SLC12A9	0	0	0	0	Background
HGNC:12311	TRIP6	0	0	0	0	Background
HGNC:24101	SRRT	0	0	0	0	Background
HGNC:33821	UFSP1	0	0	0	0	Background
HGNC:108	ACHE	0	1	1	0	ASD_only
HGNC:7513	MUC3A	0	0	0	0	Background
HGNC:7510	MUC12	0	1	1	0	ASD_only
HGNC:16800	MUC17	0	0	0	0	Background
HGNC:19028	TRIM56	0	0	0	0	Background
HGNC:8583	SERPINE1	0	1	1	0	ASD_only
HGNC:559	AP1S1	0	0	0	0	Background
HGNC:12684	VGF	0	0	0	0	Background
HGNC:22030	NAT16	0	0	0	0	Background
HGNC:23249	MOGAT3	0	0	0	0	Background
HGNC:9083	PLOD3	0	0	0	0	Background
HGNC:21688	ZNHIT1	0	0	0	0	Background
HGNC:2036	CLDN15	0	0	0	0	Background
HGNC:21689	FIS1	0	0	0	0	Background
HGNC:21895	IFT22	0	0	0	0	Background
HGNC:29825	MYL10	0	0	0	0	Background
HGNC:2557	CUX1	0	1	1	0	ASD_only
HGNC:17381	SH2B2	0	0	0	0	Background
HGNC:21894	PRKRIP1	0	0	0	0	Background
HGNC:21667	ORAI2	0	0	0	0	Background
HGNC:21900	ALKBH4	0	0	0	0	Background
HGNC:21769	LRWD1	0	0	0	0	Background
HGNC:9197	POLR2J	0	0	0	0	Background
HGNC:35202	RASA4B	0	0	0	0	Background
HGNC:33853	POLR2J3	0	0	0	0	Background
HGNC:33841	SPDYE2	0	0	0	0	Background
HGNC:23181	RASA4	0	0	0	0	Background
HGNC:37278	UPK3BL1	0	0	0	0	Background
HGNC:23208	POLR2J2	0	0	0	0	Background
HGNC:58364	POLR2J3-UPK3BL2	0	0	0	0	Background
HGNC:48334	SPDYE2B	0	0	0	0	Background
HGNC:22412	FAM185A	0	0	0	0	Background
HGNC:21658	FBXL13	0	0	0	0	Background
HGNC:16895	LRRC17	0	0	0	0	Background
HGNC:21706	ARMC10	0	0	0	0	Background
HGNC:21683	NAPEPLD	0	0	0	0	Background
HGNC:9119	PMPCB	0	0	0	0	Background
HGNC:13192	DNAJC2	0	0	0	0	Background
HGNC:9548	PSMC2	0	0	0	0	Background
HGNC:9359	SLC26A5	0	0	0	0	Background
HGNC:9957	RELN	0	1	1	0	ASD_only
HGNC:8491	ORC5	0	0	0	0	Background
HGNC:6589	LHFPL3	0	0	0	0	Background
HGNC:18541	KMT2E	0	1	1	0	ASD_only
HGNC:11306	SRPK2	0	0	0	0	Background
HGNC:26033	PUS7	0	0	0	0	Background
HGNC:21876	RINT1	0	0	0	0	Background
HGNC:34531	EFCAB10	0	0	0	0	Background
HGNC:22210	ATXN7L1	0	0	0	0	Background
HGNC:26308	CDHR3	0	0	0	0	Background
HGNC:11507	SYPL1	0	0	0	0	Background
HGNC:30092	NAMPT	0	0	0	0	Background
HGNC:26685	CCDC71L	0	0	0	0	Background
HGNC:8978	PIK3CG	1	1	1	1	Overlap_raw
HGNC:9392	PRKAR2B	0	0	0	0	Background
HGNC:23200	HBP1	0	0	0	0	Background
HGNC:14857	COG5	0	0	0	0	Background
HGNC:4477	GPR22	0	0	0	0	Background
HGNC:21517	DUS4L	0	0	0	0	Background
HGNC:24131	BCAP29	0	0	0	0	Background
HGNC:8818	SLC26A4	0	0	0	0	Background
HGNC:21225	CBLL1	0	0	0	0	Background
HGNC:3018	SLC26A3	0	0	0	0	Background
HGNC:2898	DLD	0	0	0	0	Background
HGNC:6486	LAMB1	0	1	1	0	ASD_only
HGNC:6491	LAMB4	0	0	0	0	Background
HGNC:7994	NRCAM	0	1	1	0	ASD_only
HGNC:28900	PNPLA8	0	0	0	0	Background
HGNC:23188	THAP5	0	0	0	0	Background
HGNC:6968	DNAJB9	0	0	0	0	Background
HGNC:33712	LINC02903	0	0	0	0	Background
HGNC:14598	IMMP2L	0	1	1	0	ASD_only
HGNC:17200	LRRN3	0	0	0	0	Background
HGNC:19192	DOCK4	0	1	1	0	ASD_only
HGNC:13070	ZNF277	0	0	0	0	Background
HGNC:5456	IFRD1	0	0	0	0	Background
HGNC:22036	LSMEM1	0	0	0	0	Background
HGNC:25826	TMEM168	0	0	0	0	Background
HGNC:26475	SAMTOR	0	0	0	0	Background
HGNC:4536	GPR85	0	1	1	0	ASD_only
HGNC:48953	SMIM30	0	0	0	0	Background
HGNC:9291	PPP1R3A	0	0	0	0	Background
HGNC:13875	FOXP2	0	1	1	0	ASD_only
HGNC:28870	MDFIC	0	0	0	0	Background
HGNC:11754	TFEC	0	0	0	0	Background
HGNC:14620	TES	0	0	0	0	Background
HGNC:1528	CAV2	0	0	0	0	Background
HGNC:1527	CAV1	0	0	0	0	Background
HGNC:7029	MET	0	1	1	0	ASD_only
HGNC:1490	CAPZA2	0	0	0	0	Background
HGNC:11351	ST7	0	1	1	0	ASD_only
HGNC:18835	ST7-OT4	0	0	0	0	Background
HGNC:12780	WNT2	0	0	0	0	Background
HGNC:1350	ASZ1	0	0	0	0	Background
HGNC:1884	CFTR	1	0	0	0	IEI_only
HGNC:15679	CTTNBP2	0	1	1	0	ASD_only
HGNC:20471	LSM8	0	0	0	0	Background
HGNC:18588	ANKRD7	0	0	0	0	Background
HGNC:6238	KCND2	0	1	1	0	ASD_only
HGNC:21641	TSPAN12	0	0	0	0	Background
HGNC:14587	ING3	0	0	0	0	Background
HGNC:26159	CPED1	0	0	0	0	Background
HGNC:16267	WNT16	0	0	0	0	Background
HGNC:18664	FAM3C	0	0	0	0	Background
HGNC:9685	PTPRZ1	0	0	0	0	Background
HGNC:17366	AASS	0	0	0	0	Background
HGNC:22788	FEZF1	0	0	0	0	Background
HGNC:16018	CADPS2	0	1	1	0	ASD_only
HGNC:21154	RNF133	0	0	0	0	Background
HGNC:22411	RNF148	0	0	0	0	Background
HGNC:14921	TAS2R16	0	0	0	0	Background
HGNC:10916	SLC13A1	0	0	0	0	Background
HGNC:21995	IQUB	0	0	0	0	Background
HGNC:7688	NDUFA5	0	1	1	0	ASD_only
HGNC:19767	ASB15	0	0	0	0	Background
HGNC:6648	LMOD2	0	0	0	0	Background
HGNC:12735	WASL	0	0	0	0	Background
HGNC:5323	HYAL4	0	0	0	0	Background
HGNC:11217	SPAM1	0	0	0	0	Background
HGNC:37279	TMEM229A	0	0	0	0	Background
HGNC:4494	GPR37	0	1	1	0	ASD_only
HGNC:17284	POT1	0	1	1	0	ASD_only
HGNC:4600	GRM8	0	0	0	0	Background
HGNC:27267	ZNF800	0	0	0	0	Background
HGNC:19095	GCC1	0	0	0	0	Background
HGNC:658	ARF5	0	0	0	0	Background
HGNC:3961	FSCN3	0	0	0	0	Background
HGNC:8618	PAX4	0	0	0	0	Background
HGNC:30646	SND1	0	1	1	0	ASD_only
HGNC:15586	LRRC4	0	1	1	0	ASD_only
HGNC:6553	LEP	0	1	1	0	ASD_only
HGNC:21863	RBM28	0	0	0	0	Background
HGNC:37280	PRRT4	0	0	0	0	Background
HGNC:6052	IMPDH1	0	0	0	0	Background
HGNC:28859	HILPDA	0	0	0	0	Background
HGNC:18272	METTL2B	0	0	0	0	Background
HGNC:27998	GARIN1A	0	0	0	0	Background
HGNC:30704	GARIN1B	0	0	0	0	Background
HGNC:1458	CALU	0	0	0	0	Background
HGNC:1012	OPN1SW	0	0	0	0	Background
HGNC:22225	CCDC136	0	0	0	0	Background
HGNC:3756	FLNC	0	0	0	0	Background
HGNC:16832	ATP6V1F	0	0	0	0	Background
HGNC:6120	IRF5	0	0	0	0	Background
HGNC:17103	TNPO3	0	0	0	0	Background
HGNC:28743	TSPAN33	0	0	0	0	Background
HGNC:11119	SMO	0	0	0	0	Background
HGNC:22204	AHCYL2	0	0	0	0	Background
HGNC:22209	STRIP2	0	0	0	0	Background
HGNC:43561	SMKR1	0	0	0	0	Background
HGNC:7996	NRF1	0	0	0	0	Background
HGNC:12484	UBE2H	0	1	1	0	ASD_only
HGNC:29913	ZC3HC1	0	0	0	0	Background
HGNC:22194	KLHDC10	0	0	0	0	Background
HGNC:21898	TMEM209	0	0	0	0	Background
HGNC:29580	SSMEM1	0	0	0	0	Background
HGNC:2297	CPA2	0	0	0	0	Background
HGNC:15740	CPA4	0	0	0	0	Background
HGNC:15722	CPA5	0	0	0	0	Background
HGNC:2296	CPA1	0	0	0	0	Background
HGNC:12370	CEP41	0	1	1	0	ASD_only
HGNC:7028	MEST	0	0	0	0	Background
HGNC:2237	COPG2	0	0	0	0	Background
HGNC:12369	TSGA13	0	0	0	0	Background
HGNC:23025	KLF14	0	0	0	0	Background
HGNC:7109	MKLN1	0	0	0	0	Background
HGNC:9171	PODXL	0	0	0	0	Background
HGNC:9102	PLXNA4	0	1	1	0	ASD_only
HGNC:21906	CHCHD3	0	0	0	0	Background
HGNC:30389	EXOC4	0	0	0	0	Background
HGNC:21964	LRGUK	0	0	0	0	Background
HGNC:20584	SLC35B4	0	0	0	0	Background
HGNC:381	AKR1B1	0	0	0	0	Background
HGNC:382	AKR1B10	0	0	0	0	Background
HGNC:37281	AKR1B15	0	0	0	0	Background
HGNC:1093	BPGM	0	0	0	0	Background
HGNC:1441	CALD1	0	0	0	0	Background
HGNC:27981	AGBL3	0	0	0	0	Background
HGNC:22432	CYREN	0	0	0	0	Background
HGNC:21870	TMEM140	0	0	0	0	Background
HGNC:24997	WDR91	0	0	0	0	Background
HGNC:30653	STRA8	0	0	0	0	Background
HGNC:7880	CNOT4	0	0	0	0	Background
HGNC:18658	NUP205	0	0	0	0	Background
HGNC:41909	STMP1	0	0	0	0	Background
HGNC:15827	SLC13A4	0	0	0	0	Background
HGNC:33773	FAM180A	0	0	0	0	Background
HGNC:15667	MTPN	0	0	0	0	Background
HGNC:33955	LUZP6	0	0	0	0	Background
HGNC:1951	CHRM2	0	0	0	0	Background
HGNC:9630	PTN	0	0	0	0	Background
HGNC:2855	DGKI	0	0	0	0	Background
HGNC:23720	CREB3L2	0	0	0	0	Background
HGNC:388	AKR1D1	0	0	0	0	Background
HGNC:11812	TRIM24	0	0	0	0	Background
HGNC:27034	SVOPL	0	0	0	0	Background
HGNC:866	ATP6V0A4	0	0	0	0	Background
HGNC:27220	TMEM213	0	0	0	0	Background
HGNC:22219	KIAA1549	0	0	0	0	Background
HGNC:22423	ZC3HAV1L	0	0	0	0	Background
HGNC:23721	ZC3HAV1	0	0	0	0	Background
HGNC:21882	IFT56	0	0	0	0	Background
HGNC:21931	UBN2	0	1	1	0	ASD_only
HGNC:26946	FMC1	0	0	0	0	Background
HGNC:21608	LUC7L2	0	0	0	0	Background
HGNC:44671	FMC1-LUC7L2	0	0	0	0	Background
HGNC:24778	KLRG2	0	0	0	0	Background
HGNC:21969	CLEC2L	0	0	0	0	Background
HGNC:14402	HIPK2	0	0	0	0	Background
HGNC:11609	TBXAS1	0	0	0	0	Background
HGNC:21919	PARP12	0	0	0	0	Background
HGNC:22224	KDM7A	0	0	0	0	Background
HGNC:20651	SLC37A3	0	0	0	0	Background
HGNC:19982	RAB19	0	0	0	0	Background
HGNC:7112	MKRN1	0	0	0	0	Background
HGNC:22212	DENND2A	0	0	0	0	Background
HGNC:19039	ADCK2	0	0	0	0	Background
HGNC:7697	NDUFB2	0	0	0	0	Background
HGNC:1097	BRAF	0	1	1	0	ASD_only
HGNC:16634	MRPS33	0	0	0	0	Background
HGNC:44112	TMEM178B	0	0	0	0	Background
HGNC:21869	AGK	0	0	0	0	Background
HGNC:29472	DENND11	0	0	0	0	Background
HGNC:19684	WEE2	0	0	0	0	Background
HGNC:11317	SSBP1	0	0	0	0	Background
HGNC:14910	TAS2R3	0	0	0	0	Background
HGNC:14911	TAS2R4	0	0	0	0	Background
HGNC:14912	TAS2R5	0	0	0	0	Background
HGNC:29211	PRSS37	0	0	0	0	Background
HGNC:7043	MGAM	0	0	0	0	Background
HGNC:15095	OR9A4	0	0	0	0	Background
HGNC:2054	CLEC5A	0	0	0	0	Background
HGNC:9584	TAS2R38	0	0	0	0	Background
HGNC:28101	MGAM2	0	0	0	0	Background
HGNC:39125	PRSS58	0	0	0	0	Background
HGNC:37163	MTRNR2L6	0	0	0	0	Background
HGNC:9475	PRSS1	0	0	0	0	Background
HGNC:3396	EPHB6	0	0	0	0	Background
HGNC:14006	TRPV6	0	0	0	0	Background
HGNC:3145	TRPV5	0	0	0	0	Background
HGNC:21750	SOFU1	0	0	0	0	Background
HGNC:6308	KEL	0	0	0	0	Background
HGNC:15093	OR9A2	0	0	0	0	Background
HGNC:15090	OR6V1	0	0	0	0	Background
HGNC:8993	PIP	0	0	0	0	Background
HGNC:18886	TAS2R39	0	0	0	0	Background
HGNC:18885	TAS2R40	0	0	0	0	Background
HGNC:16906	GSTK1	0	0	0	0	Background
HGNC:22058	TMEM139	0	0	0	0	Background
HGNC:1503	CASP2	0	0	0	0	Background
HGNC:2019	CLCN1	0	0	0	0	Background
HGNC:22202	FAM131B	0	0	0	0	Background
HGNC:13200	ZYX	0	0	0	0	Background
HGNC:3385	EPHA1	0	1	1	0	ASD_only
HGNC:20639	TAS2R60	0	0	0	0	Background
HGNC:18883	TAS2R41	0	0	0	0	Background
HGNC:37295	CTAGE15	0	0	0	0	Background
HGNC:26878	TCAF2	0	0	0	0	Background
HGNC:28644	CTAGE6	0	0	0	0	Background
HGNC:22201	TCAF1	0	0	0	0	Background
HGNC:8247	OR2F2	0	0	0	0	Background
HGNC:8246	OR2F1	0	0	0	0	Background
HGNC:8354	OR6B1	0	0	0	0	Background
HGNC:8232	OR2A5	0	0	0	0	Background
HGNC:19562	OR2A25	0	0	0	0	Background
HGNC:15082	OR2A12	0	0	0	0	Background
HGNC:8230	OR2A2	0	0	0	0	Background
HGNC:15084	OR2A14	0	0	0	0	Background
HGNC:24772	CTAGE4	0	0	0	0	Background
HGNC:33846	ARHGEF35	0	0	0	0	Background
HGNC:31230	OR2A42	0	0	0	0	Background
HGNC:8234	OR2A7	0	0	0	0	Background
HGNC:37294	CTAGE8	0	0	0	0	Background
HGNC:8229	OR2A1	0	0	0	0	Background
HGNC:13209	ARHGEF5	0	0	0	0	Background
HGNC:22448	NOBOX	0	0	0	0	Background
HGNC:17358	TPK1	0	0	0	0	Background
HGNC:13830	CNTNAP2	0	1	1	0	ASD_only
HGNC:21724	C7orf33	0	0	0	0	Background
HGNC:2551	CUL1	0	0	0	0	Background
HGNC:3527	EZH2	0	0	0	0	Background
HGNC:30167	PDIA4	0	0	0	0	Background
HGNC:21806	ZNF786	0	0	0	0	Background
HGNC:20690	ZNF425	0	0	0	0	Background
HGNC:18373	ZNF398	0	0	0	0	Background
HGNC:13076	ZNF282	0	0	0	0	Background
HGNC:13004	ZNF212	0	0	0	0	Background
HGNC:27222	ZNF783	0	0	0	0	Background
HGNC:22213	ZNF777	0	0	0	0	Background
HGNC:21948	ZNF746	0	0	0	0	Background
HGNC:22228	KRABD3	0	0	0	0	Background
HGNC:23154	ZNF467	0	0	0	0	Background
HGNC:34519	ZNF862	0	0	0	0	Background
HGNC:21723	ATP6V0E2	0	0	0	0	Background
HGNC:37282	ACTR3C	0	0	0	0	Background
HGNC:21704	LRRC61	0	0	0	0	Background
HGNC:21720	ZBED10P	0	0	0	0	Background
HGNC:9868	RARRES2	0	0	0	0	Background
HGNC:17922	REPIN1	0	0	0	0	Background
HGNC:28501	ZNF775	0	0	0	0	Background
HGNC:21792	GIMAP8	0	0	0	0	Background
HGNC:22404	GIMAP7	0	0	0	0	Background
HGNC:21872	GIMAP4	0	0	0	0	Background
HGNC:21918	GIMAP6	1	0	0	0	IEI_only
HGNC:21789	GIMAP2	0	0	0	0	Background
HGNC:23237	GIMAP1	0	0	0	0	Background
HGNC:18005	GIMAP5	0	0	0	0	Background
HGNC:29596	TMEM176B	0	0	0	0	Background
HGNC:24930	TMEM176A	0	0	0	0	Background
HGNC:80	AOC1	0	0	0	0	Background
HGNC:6251	KCNH2	0	0	0	0	Background
HGNC:7876	NOS3	0	0	0	0	Background
HGNC:21899	ATG9B	0	0	0	0	Background
HGNC:49	ABCB8	0	0	0	0	Background
HGNC:101	ASIC3	0	0	0	0	Background
HGNC:1774	CDK5	0	0	0	0	Background
HGNC:11028	SLC4A2	0	0	0	0	Background
HGNC:24676	FASTK	0	0	0	0	Background
HGNC:21709	TMUB1	0	0	0	0	Background
HGNC:16923	AGAP3	0	0	0	0	Background
HGNC:4185	GBX1	0	0	0	0	Background
HGNC:17185	ASB10	0	0	0	0	Background
HGNC:71	ABCF2	0	0	0	0	Background
HGNC:29270	CHPF2	0	0	0	0	Background
HGNC:11108	SMARCD3	0	0	0	0	Background
HGNC:17623	NUB1	0	0	0	0	Background
HGNC:28020	WDR86	0	0	0	0	Background
HGNC:20458	CRYGN	0	0	0	0	Background
HGNC:10011	RHEB	0	0	0	0	Background
HGNC:9386	PRKAG2	0	0	0	0	Background
HGNC:21725	GALNTL5	0	0	0	0	Background
HGNC:19875	GALNT11	0	0	0	0	Background
HGNC:13726	KMT2C	0	1	1	0	ASD_only
HGNC:12829	XRCC2	1	0	0	0	IEI_only
HGNC:17256	ACTR3B	0	0	0	0	Background
HGNC:3010	DPP6	0	1	1	0	ASD_only
HGNC:48958	PAXIP1-AS2	0	0	0	0	Background
HGNC:8624	PAXIP1	0	0	0	0	Background
HGNC:48956	HTR5A-AS1	0	0	0	0	Background
HGNC:5300	HTR5A	0	0	0	0	Background
HGNC:6083	INSIG1	0	0	0	0	Background
HGNC:20484	BLACE	0	0	0	0	Background
HGNC:56135	LINC03010	0	0	0	0	Background
HGNC:3343	EN2	0	1	1	0	ASD_only
HGNC:27786	CNPY1	0	0	0	0	Background
HGNC:56024	RBM33-DT	0	0	0	0	Background
HGNC:27223	RBM33	0	0	0	0	Background
HGNC:10848	SHH	0	0	0	0	Background
HGNC:17118	RNF32	0	0	0	0	Background
HGNC:13243	LMBR1	0	0	0	0	Background
HGNC:13244	NOM1	0	0	0	0	Background
HGNC:4979	MNX1	0	0	0	0	Background
HGNC:16803	UBE3C	0	1	1	0	ASD_only
HGNC:14888	DNAJB6	0	0	0	0	Background
HGNC:9677	PTPRN2	0	0	0	0	Background
HGNC:21904	NCAPG2	0	0	0	0	Background
HGNC:22211	ESYT2	0	0	0	0	Background
HGNC:21862	DYNC2I1	0	0	0	0	Background
HGNC:12695	VIPR2	0	0	0	0	Background
HGNC:19583	OR4F21	0	0	0	0	Background
HGNC:27268	ZNF596	0	0	0	0	Background
HGNC:13596	FBXO25	0	0	0	0	Background
HGNC:26951	TDRP	0	0	0	0	Background
HGNC:27234	ERICH1	0	0	0	0	Background
HGNC:2906	DLGAP2	0	1	1	0	ASD_only
HGNC:2079	CLN8	0	1	1	0	ASD_only
HGNC:14103	ARHGEF10	0	1	1	0	ASD_only
HGNC:29104	KBTBD11	0	0	0	0	Background
HGNC:7614	MYOM2	0	0	0	0	Background
HGNC:14026	CSMD1	0	1	1	0	ASD_only
HGNC:6954	MCPH1	0	1	1	0	ASD_only
HGNC:485	ANGPT2	0	0	0	0	Background
HGNC:20886	AGPAT5	0	0	0	0	Background
HGNC:2766	DEFB1	0	0	0	0	Background
HGNC:2765	DEFA6	0	0	0	0	Background
HGNC:2763	DEFA4	0	0	0	0	Background
HGNC:2761	DEFA1	0	0	0	0	Background
HGNC:33596	DEFA1B	0	0	0	0	Background
HGNC:2762	DEFA3	0	0	0	0	Background
HGNC:2764	DEFA5	0	0	0	0	Background
HGNC:37134	ZNF705G	0	0	0	0	Background
HGNC:30193	DEFB4B	0	0	0	0	Background
HGNC:31702	DEFB103B	0	0	0	0	Background
HGNC:14534	SPAG11B	0	0	0	0	Background
HGNC:26165	DEFB104B	0	0	0	0	Background
HGNC:28879	DEFB106B	0	0	0	0	Background
HGNC:29930	DEFB105B	0	0	0	0	Background
HGNC:31918	DEFB107B	0	0	0	0	Background
HGNC:49420	PRR23D1	0	0	0	0	Background
HGNC:49396	PRR23D2	0	0	0	0	Background
HGNC:18086	DEFB107A	0	0	0	0	Background
HGNC:18087	DEFB105A	0	0	0	0	Background
HGNC:18088	DEFB106A	0	0	0	0	Background
HGNC:18115	DEFB104A	0	0	0	0	Background
HGNC:33342	SPAG11A	0	0	0	0	Background
HGNC:15967	DEFB103A	0	0	0	0	Background
HGNC:2767	DEFB4A	0	0	0	0	Background
HGNC:32284	ZNF705B	0	0	0	0	Background
HGNC:17591	CLDN23	0	0	0	0	Background
HGNC:16982	MFHAS1	0	0	0	0	Background
HGNC:23994	ERI1	0	0	0	0	Background
HGNC:14942	PPP1R3B	0	0	0	0	Background
HGNC:11941	TNKS	0	0	0	0	Background
HGNC:7377	MSRA	0	0	0	0	Background
HGNC:30824	PRSS55	0	0	0	0	Background
HGNC:15946	RP1L1	0	0	0	0	Background
HGNC:32296	C8orf74	0	0	0	0	Background
HGNC:18196	SOX7	0	0	0	0	Background
HGNC:30046	PINX1	0	0	0	0	Background
HGNC:27806	XKR6	0	0	0	0	Background
HGNC:14596	MTMR9	0	0	0	0	Background
HGNC:15546	SLC35G5	0	0	0	0	Background
HGNC:15548	FAM167A-AS1	0	0	0	0	Background
HGNC:15549	FAM167A	0	0	0	0	Background
HGNC:1057	BLK	0	0	0	0	Background
HGNC:4173	GATA4	0	0	0	0	Background
HGNC:18956	NEIL2	0	0	0	0	Background
HGNC:3629	FDFT1	0	0	0	0	Background
HGNC:2527	CTSB	0	0	0	0	Background
HGNC:34433	DEFB136	0	0	0	0	Background
HGNC:32400	DEFB135	0	0	0	0	Background
HGNC:32399	DEFB134	0	0	0	0	Background
HGNC:39814	DEFB130B	0	0	0	0	Background
HGNC:33202	ZNF705D	0	0	0	0	Background
HGNC:34434	USP17L2	0	0	0	0	Background
HGNC:28268	FAM86B1	0	0	0	0	Background
HGNC:18107	DEFB130A	0	0	0	0	Background
HGNC:32222	FAM86B2	0	0	0	0	Background
HGNC:26302	LONRF1	0	0	0	0	Background
HGNC:26725	TRMT9B	0	0	0	0	Background
HGNC:2897	DLC1	0	0	0	0	Background
HGNC:26345	C8orf48	0	0	0	0	Background
HGNC:14075	SGCZ	0	0	0	0	Background
HGNC:30242	TUSC3	0	0	0	0	Background
HGNC:7376	MSR1	0	1	1	0	ASD_only
HGNC:3677	FGF20	0	0	0	0	Background
HGNC:27820	MICU3	0	0	0	0	Background
HGNC:18469	ZDHHC2	0	0	0	0	Background
HGNC:14101	CNOT7	0	0	0	0	Background
HGNC:24928	VPS37A	0	0	0	0	Background
HGNC:7454	MTMR7	0	0	0	0	Background
HGNC:11060	SLC7A2	0	0	0	0	Background
HGNC:8805	PDGFRL	0	0	0	0	Background
HGNC:29789	MTUS1	0	0	0	0	Background
HGNC:3695	FGL1	0	0	0	0	Background
HGNC:8727	PCM1	0	1	1	0	ASD_only
HGNC:735	ASAH1	0	0	0	0	Background
HGNC:7645	NAT1	0	0	0	0	Background
HGNC:7646	NAT2	0	0	0	0	Background
HGNC:19093	PSD3	0	1	1	0	ASD_only
HGNC:26102	SH2D4A	0	0	0	0	Background
HGNC:24290	CSGALNACT1	0	0	0	0	Background
HGNC:25548	INTS10	0	0	0	0	Background
HGNC:6677	LPL	0	0	0	0	Background
HGNC:10934	SLC18A1	0	0	0	0	Background
HGNC:854	ATP6V1B2	0	0	0	0	Background
HGNC:13861	LZTS1	0	0	0	0	Background
HGNC:4244	GFRA2	0	0	0	0	Background
HGNC:2991	DOK2	0	0	0	0	Background
HGNC:14108	XPO7	0	0	0	0	Background
HGNC:7930	NPM2	0	0	0	0	Background
HGNC:3673	FGF17	0	0	0	0	Background
HGNC:3382	DMTN	0	0	0	0	Background
HGNC:16492	FHIP2B	0	0	0	0	Background
HGNC:26194	NUDT18	0	0	0	0	Background
HGNC:5172	HR	0	0	0	0	Background
HGNC:26176	REEP4	0	0	0	0	Background
HGNC:18711	LGI3	0	0	0	0	Background
HGNC:10802	SFTPC	0	0	0	0	Background
HGNC:1067	BMP1	0	0	0	0	Background
HGNC:16865	PHYHIP	0	0	0	0	Background
HGNC:1080	POLR3D	0	0	0	0	Background
HGNC:17644	PIWIL2	0	0	0	0	Background
HGNC:20858	SLC39A14	0	0	0	0	Background
HGNC:9316	PPP3CC	0	0	0	0	Background
HGNC:30907	SORBS3	0	0	0	0	Background
HGNC:13992	PDLIM2	0	0	0	0	Background
HGNC:32233	C8orf58	0	0	0	0	Background
HGNC:23360	CCAR2	0	0	0	0	Background
HGNC:1054	BIN3	0	0	0	0	Background
HGNC:3240	EGR3	0	1	1	0	ASD_only
HGNC:28319	PEBP4	0	0	0	0	Background
HGNC:18756	RHOBTB2	0	0	0	0	Background
HGNC:11905	TNFRSF10B	0	0	0	0	Background
HGNC:11906	TNFRSF10C	0	0	0	0	Background
HGNC:11907	TNFRSF10D	0	0	0	0	Background
HGNC:11904	TNFRSF10A	0	0	0	0	Background
HGNC:28439	CHMP7	0	0	0	0	Background
HGNC:27329	R3HCC1	0	0	0	0	Background
HGNC:6666	LOXL2	0	0	0	0	Background
HGNC:14573	ENTPD4	0	0	0	0	Background
HGNC:29786	SLC25A37	0	0	0	0	Background
HGNC:7838	NKX3-1	0	0	0	0	Background
HGNC:32940	NKX2-6	0	0	0	0	Background
HGNC:11373	STC1	0	0	0	0	Background
HGNC:206	ADAM28	0	0	0	0	Background
HGNC:16299	ADAMDEC1	0	0	0	0	Background
HGNC:214	ADAM7	0	0	0	0	Background
HGNC:7734	NEFM	0	0	0	0	Background
HGNC:23476	DOCK5	0	0	0	0	Background
HGNC:4419	GNRH1	0	0	0	0	Background
HGNC:22401	KCTD9	0	0	0	0	Background
HGNC:14623	CDCA2	0	0	0	0	Background
HGNC:19090	EBF2	0	0	0	0	Background
HGNC:9304	PPP2R2A	0	0	0	0	Background
HGNC:1085	BNIP3L	0	0	0	0	Background
HGNC:9159	PNMA2	0	0	0	0	Background
HGNC:3014	DPYSL2	0	1	1	0	ASD_only
HGNC:277	ADRA1A	0	0	0	0	Background
HGNC:16078	STMN4	0	0	0	0	Background
HGNC:16285	TRIM35	0	0	0	0	Background
HGNC:9612	PTK2B	0	0	0	0	Background
HGNC:1956	CHRNA2	0	0	0	0	Background
HGNC:3402	EPHX2	0	0	0	0	Background
HGNC:2095	CLU	0	0	0	0	Background
HGNC:19000	SCARA3	0	0	0	0	Background
HGNC:25591	CCDC25	0	0	0	0	Background
HGNC:27230	ESCO2	0	0	0	0	Background
HGNC:18282	PBK	0	0	0	0	Background
HGNC:28701	SCARA5	0	0	0	0	Background
HGNC:33550	NUGGC	0	0	0	0	Background
HGNC:20696	ELP3	0	0	0	0	Background
HGNC:9163	PNOC	0	0	0	0	Background
HGNC:18737	ZNF395	0	0	0	0	Background
HGNC:13618	FBXO16	0	0	0	0	Background
HGNC:4041	FZD3	0	0	0	0	Background
HGNC:3518	EXTL3	1	0	0	0	IEI_only
HGNC:25592	INTS9	0	0	0	0	Background
HGNC:26137	HMBOX1	0	0	0	0	Background
HGNC:14405	KIF13B	0	1	1	0	ASD_only
HGNC:3070	DUSP4	0	0	0	0	Background
HGNC:28789	SARAF	0	0	0	0	Background
HGNC:6555	LEPROTL1	0	0	0	0	Background
HGNC:32311	MBOAT4	0	0	0	0	Background
HGNC:16964	DCTN6	0	0	0	0	Background
HGNC:19097	RBPMS	0	0	0	0	Background
HGNC:4651	GTF2E2	0	0	0	0	Background
HGNC:42973	SMIM18	0	0	0	0	Background
HGNC:4623	GSR	0	0	0	0	Background
HGNC:9300	PPP2CB	0	0	0	0	Background
HGNC:11738	TEX15	0	0	0	0	Background
HGNC:17930	PURG	0	0	0	0	Background
HGNC:12791	WRN	0	0	0	0	Background
HGNC:7997	NRG1	0	0	0	0	Background
HGNC:19234	POFUT3	0	0	0	0	Background
HGNC:26262	TTI2	0	0	0	0	Background
HGNC:13703	MAK16	0	0	0	0	Background
HGNC:21147	RNF122	0	0	0	0	Background
HGNC:28161	DUSP26	0	0	0	0	Background
HGNC:18634	UNC5D	0	0	0	0	Background
HGNC:18867	KCNU1	0	0	0	0	Background
HGNC:25883	ZNF703	0	0	0	0	Background
HGNC:1356	ERLIN2	0	0	0	0	Background
HGNC:9457	PLPBP	0	0	0	0	Background
HGNC:17849	ADGRA2	0	0	0	0	Background
HGNC:17298	BRF2	0	0	0	0	Background
HGNC:30265	RAB11FIP1	0	0	0	0	Background
HGNC:28487	GOT1L1	0	0	0	0	Background
HGNC:288	ADRB3	0	0	0	0	Background
HGNC:3288	EIF4EBP1	0	0	0	0	Background
HGNC:744	ASH2L	0	0	0	0	Background
HGNC:11359	STAR	0	0	0	0	Background
HGNC:20472	LSM1	0	0	0	0	Background
HGNC:940	BAG4	0	0	0	0	Background
HGNC:29106	DDHD2	0	1	1	0	ASD_only
HGNC:25026	PLPP5	0	0	0	0	Background
HGNC:12767	NSD3	0	0	0	0	Background
HGNC:14648	LETM2	0	0	0	0	Background
HGNC:3688	FGFR1	0	1	1	0	ASD_only
HGNC:33774	LINC03042	0	0	0	0	Background
HGNC:11522	TACC1	0	0	0	0	Background
HGNC:14336	PLEKHA2	0	0	0	0	Background
HGNC:26909	HTRA4	0	0	0	0	Background
HGNC:24127	TM2D2	0	0	0	0	Background
HGNC:216	ADAM9	0	0	0	0	Background
HGNC:15479	ADAM32	0	0	0	0	Background
HGNC:196	ADAM18	0	0	0	0	Background
HGNC:198	ADAM2	0	0	0	0	Background
HGNC:6059	IDO1	0	0	0	0	Background
HGNC:27269	IDO2	0	0	0	0	Background
HGNC:1357	TCIM	0	0	0	0	Background
HGNC:25844	ZMAT4	0	0	0	0	Background
HGNC:10776	SFRP1	0	0	0	0	Background
HGNC:24876	GOLGA7	0	0	0	0	Background
HGNC:28226	GINS4	1	0	0	0	IEI_only
HGNC:20880	GPAT4	0	0	0	0	Background
HGNC:26328	NKX6-3	0	0	0	0	Background
HGNC:492	ANK1	0	0	0	0	Background
HGNC:13013	KAT6A	0	1	1	0	ASD_only
HGNC:570	AP3M2	0	0	0	0	Background
HGNC:9051	PLAT	0	0	0	0	Background
HGNC:5960	IKBKB	1	0	0	0	IEI_only
HGNC:9174	POLB	0	0	0	0	Background
HGNC:2894	DKK4	0	0	0	0	Background
HGNC:12674	VDAC3	0	0	0	0	Background
HGNC:10947	SLC20A2	0	0	0	0	Background
HGNC:25166	SMIM19	0	0	0	0	Background
HGNC:1963	CHRNB3	0	1	1	0	ASD_only
HGNC:15963	CHRNA6	0	0	0	0	Background
HGNC:20856	THAP1	0	0	0	0	Background
HGNC:25358	RNF170	0	0	0	0	Background
HGNC:23576	HOOK3	0	0	0	0	Background
HGNC:3782	FNTA	0	0	0	0	Background
HGNC:26267	POMK	0	0	0	0	Background
HGNC:26527	HGSNAT	0	0	0	0	Background
HGNC:28971	SPIDR	0	0	0	0	Background
HGNC:1835	CEBPD	0	0	0	0	Background
HGNC:9413	PRKDC	1	1	1	1	Overlap_raw
HGNC:6947	MCM4	1	1	1	1	Overlap_raw
HGNC:12495	UBE2V2	0	0	0	0	Background
HGNC:25678	CLXN	0	0	0	0	Background
HGNC:11094	SNAI2	0	0	0	0	Background
HGNC:31745	PPDPFL	0	0	0	0	Background
HGNC:13740	SNTG1	0	0	0	0	Background
HGNC:26359	PXDNL	0	0	0	0	Background
HGNC:30483	PCMTD1	0	0	0	0	Background
HGNC:18695	ST18	0	0	0	0	Background
HGNC:33775	ALKAL1	0	0	0	0	Background
HGNC:15574	RB1CC1	0	0	0	0	Background
HGNC:4522	NPBWR1	0	0	0	0	Background
HGNC:8154	OPRK1	0	0	0	0	Background
HGNC:18303	ATP6V1H	0	0	0	0	Background
HGNC:14600	RGS20	0	0	0	0	Background
HGNC:11612	TCEA1	0	0	0	0	Background
HGNC:6737	LYPLA1	0	0	0	0	Background
HGNC:14054	MRPL15	0	0	0	0	Background
HGNC:18122	SOX17	0	0	0	0	Background
HGNC:10263	RP1	0	0	0	0	Background
HGNC:29394	XKR4	0	0	0	0	Background
HGNC:26510	TMEM68	0	0	0	0	Background
HGNC:17843	TGS1	0	0	0	0	Background
HGNC:6735	LYN	1	0	0	0	IEI_only
HGNC:10405	RPS20	0	0	0	0	Background
HGNC:7199	MOS	0	0	0	0	Background
HGNC:9045	PLAG1	0	0	0	0	Background
HGNC:28314	CHCHD7	0	0	0	0	Background
HGNC:30311	SDR16C5	0	0	0	0	Background
HGNC:8831	PENK	0	0	0	0	Background
HGNC:26019	BPNT2	0	0	0	0	Background
HGNC:28587	FAM110B	0	0	0	0	Background
HGNC:27035	UBXN2B	0	0	0	0	Background
HGNC:2651	CYP7A1	0	0	0	0	Background
HGNC:10662	SDCBP	0	0	0	0	Background
HGNC:8017	NSMAF	0	0	0	0	Background
HGNC:18988	TOX	0	0	0	0	Background
HGNC:1382	CA8	0	0	0	0	Background
HGNC:9763	RAB2A	0	1	1	0	ASD_only
HGNC:20626	CHD7	1	1	1	1	Overlap_raw
HGNC:23139	CLVS1	0	0	0	0	Background
HGNC:757	ASPH	0	0	0	0	Background
HGNC:26829	NKAIN3	0	0	0	0	Background
HGNC:4248	GGH	0	0	0	0	Background
HGNC:12404	TTPA	0	0	0	0	Background
HGNC:26465	YTHDF3	0	0	0	0	Background
HGNC:11963	BHLHE22	0	0	0	0	Background
HGNC:2652	CYP7B1	0	0	0	0	Background
HGNC:17684	ARMC1	0	0	0	0	Background
HGNC:29510	MTFR1	0	0	0	0	Background
HGNC:8791	PDE7A	0	0	0	0	Background
HGNC:24138	DNAJC5B	0	0	0	0	Background
HGNC:14215	TRIM55	0	0	0	0	Background
HGNC:2355	CRH	0	0	0	0	Background
HGNC:17083	RRS1	0	0	0	0	Background
HGNC:16354	ADHFE1	0	0	0	0	Background
HGNC:28498	VXN	0	0	0	0	Background
HGNC:7547	MYBL1	0	0	0	0	Background
HGNC:30897	VCPIP1	0	0	0	0	Background
HGNC:48354	C8orf44-SGK3	0	0	0	0	Background
HGNC:25646	C8orf44	0	0	0	0	Background
HGNC:10812	SGK3	0	0	0	0	Background
HGNC:26368	MCMDC2	0	0	0	0	Background
HGNC:32275	TCF24	0	0	0	0	Background
HGNC:33732	PPP1R42	0	0	0	0	Background
HGNC:2240	COPS5	0	0	0	0	Background
HGNC:26193	CSPP1	0	0	0	0	Background
HGNC:15772	ARFGEF1	0	0	0	0	Background
HGNC:17245	CPA6	0	0	0	0	Background
HGNC:22950	PREX2	0	0	0	0	Background
HGNC:27840	C8orf34-AS1	0	0	0	0	Background
HGNC:30905	C8orf34	0	0	0	0	Background
HGNC:20391	SULF1	0	0	0	0	Background
HGNC:19046	SLCO5A1	0	0	0	0	Background
HGNC:14001	PRDM14	0	0	0	0	Background
HGNC:7669	NCOA2	0	0	0	0	Background
HGNC:20568	TRAM1	0	0	0	0	Background
HGNC:27841	LACTB2-AS1	0	0	0	0	Background
HGNC:18512	LACTB2	0	0	0	0	Background
HGNC:20937	XKR9	0	0	0	0	Background
HGNC:3519	EYA1	0	0	0	0	Background
HGNC:48724	MSC-AS1	0	0	0	0	Background
HGNC:7321	MSC	0	0	0	0	Background
HGNC:497	TRPA1	0	0	0	0	Background
HGNC:6232	KCNB2	0	0	0	0	Background
HGNC:11728	TERF1	0	0	0	0	Background
HGNC:30362	SBSPON	0	0	0	0	Background
HGNC:10363	RPL7	0	0	0	0	Background
HGNC:19975	RDH10	0	0	0	0	Background
HGNC:11371	STAU2	0	0	0	0	Background
HGNC:25616	UBE2W	0	0	0	0	Background
HGNC:11617	ELOC	0	0	0	0	Background
HGNC:26050	TMEM70	0	0	0	0	Background
HGNC:17156	LY96	1	0	0	0	IEI_only
HGNC:14201	JPH1	0	0	0	0	Background
HGNC:15968	GDAP1	0	0	0	0	Background
HGNC:51555	MIR2052HG	0	0	0	0	Background
HGNC:8946	PI15	0	0	0	0	Background
HGNC:18206	CRISPLD1	0	0	0	0	Background
HGNC:5026	HNF4G	0	0	0	0	Background
HGNC:30939	ZFHX4	0	0	0	0	Background
HGNC:9717	PEX2	0	0	0	0	Background
HGNC:9017	PKIA	0	0	0	0	Background
HGNC:24277	ZC2HC1A	0	0	0	0	Background
HGNC:6023	IL7	0	0	0	0	Background
HGNC:10577	STMN2	0	0	0	0	Background
HGNC:4880	HEY1	0	0	0	0	Background
HGNC:14513	MRPS28	0	0	0	0	Background
HGNC:12005	TPD52	0	0	0	0	Background
HGNC:30953	ZBTB10	0	0	0	0	Background
HGNC:32291	ZNF704	0	0	0	0	Background
HGNC:30043	PAG1	0	0	0	0	Background
HGNC:3560	FABP5	0	1	1	0	ASD_only
HGNC:9117	PMP2	0	0	0	0	Background
HGNC:3563	FABP9	0	0	0	0	Background
HGNC:3559	FABP4	0	0	0	0	Background
HGNC:34524	FABP12	0	0	0	0	Background
HGNC:6050	IMPA1	0	0	0	0	Background
HGNC:22981	SLC10A5	0	0	0	0	Background
HGNC:25858	ZFAND1	0	0	0	0	Background
HGNC:30599	CHMP4C	0	0	0	0	Background
HGNC:14980	SNX16	0	0	0	0	Background
HGNC:27036	RALYL	0	0	0	0	Background
HGNC:29373	LRRCC1	0	0	0	0	Background
HGNC:3119	E2F5	0	0	0	0	Background
HGNC:32235	RBIS	0	0	0	0	Background
HGNC:14914	CA13	0	0	0	0	Background
HGNC:1368	CA1	0	0	0	0	Background
HGNC:1374	CA3	0	0	0	0	Background
HGNC:1373	CA2	0	0	0	0	Background
HGNC:24660	REXO1L1P	0	0	0	0	Background
HGNC:44434	REXO1L11P	0	0	0	0	Background
HGNC:44433	REXO1L10P	0	0	0	0	Background
HGNC:18266	ATP6V0D2	0	0	0	0	Background
HGNC:18997	PSKH2	0	0	0	0	Background
HGNC:23092	SLC7A13	0	0	0	0	Background
HGNC:17004	WWP1	0	0	0	0	Background
HGNC:24285	RMDN1	0	0	0	0	Background
HGNC:2316	CPNE3	0	0	0	0	Background
HGNC:2153	CNGB3	0	1	1	0	ASD_only
HGNC:26663	CNBD1	0	0	0	0	Background
HGNC:26657	DCAF4L2	0	0	0	0	Background
HGNC:7162	MMP16	0	0	0	0	Background
HGNC:10020	RIPK2	0	0	0	0	Background
HGNC:1355	OSGIN2	0	0	0	0	Background
HGNC:7652	NBN	1	0	0	0	IEI_only
HGNC:2753	DECR1	0	0	0	0	Background
HGNC:1434	CALB1	0	0	0	0	Background
HGNC:25441	TMEM64	0	0	0	0	Background
HGNC:20983	NECAB1	0	0	0	0	Background
HGNC:44672	C8orf88	0	0	0	0	Background
HGNC:25452	PIP4P2	0	0	0	0	Background
HGNC:24281	OTUD6B	0	0	0	0	Background
HGNC:34303	LRRC69	0	0	0	0	Background
HGNC:14467	SLC26A7	0	0	0	0	Background
HGNC:1535	RUNX1T1	0	1	1	0	ASD_only
HGNC:27828	TRIQK	0	0	0	0	Background
HGNC:30452	CIBAR1	0	0	0	0	Background
HGNC:32310	RBM12B	0	0	0	0	Background
HGNC:28818	RBM12B-AS1	0	0	0	0	Background
HGNC:28396	TMEM67	0	0	0	0	Background
HGNC:9279	PDP1	0	0	0	0	Background
HGNC:1756	CDH17	0	0	0	0	Background
HGNC:4234	GEM	0	0	0	0	Background
HGNC:17228	RAD54B	0	0	0	0	Background
HGNC:43653	FSBP	0	0	0	0	Background
HGNC:24500	VIRMA	0	0	0	0	Background
HGNC:25966	ESRP1	0	0	0	0	Background
HGNC:27829	DPY19L4	0	0	0	0	Background
HGNC:26048	INTS8	0	0	0	0	Background
HGNC:1590	CCNE2	0	0	0	0	Background
HGNC:28625	NDUFAF6	0	0	0	0	Background
HGNC:18022	TP53INP1	0	0	0	0	Background
HGNC:20757	PLEKHF2	0	0	0	0	Background
HGNC:27232	CFAP418	0	0	0	0	Background
HGNC:4221	GDF6	0	0	0	0	Background
HGNC:12582	UQCRB	0	0	0	0	Background
HGNC:24258	MTERF3	0	0	0	0	Background
HGNC:9587	PTDSS1	0	0	0	0	Background
HGNC:10659	SDC2	0	1	1	0	ASD_only
HGNC:16910	CPQ	0	0	0	0	Background
HGNC:29367	TSPYL5	0	0	0	0	Background
HGNC:29608	MTDH	0	0	0	0	Background
HGNC:13646	LAPTM4B	0	0	0	0	Background
HGNC:6908	MATN2	0	0	0	0	Background
HGNC:10333	RPL30	0	0	0	0	Background
HGNC:26823	ERICH5	0	0	0	0	Background
HGNC:16897	RIDA	0	0	0	0	Background
HGNC:30129	POP1	0	0	0	0	Background
HGNC:25854	NIPAL2	0	0	0	0	Background
HGNC:11406	STK3	0	0	0	0	Background
HGNC:6301	KCNS2	0	0	0	0	Background
HGNC:15830	OSR2	0	0	0	0	Background
HGNC:2183	VPS13B	1	1	1	1	Overlap_raw
HGNC:2285	COX6C	0	0	0	0	Background
HGNC:24499	RGS22	0	0	0	0	Background
HGNC:28521	FBXO43	0	0	0	0	Background
HGNC:9198	POLR2K	0	0	0	0	Background
HGNC:11212	SPAG1	0	0	0	0	Background
HGNC:13432	RNF19A	0	0	0	0	Background
HGNC:27229	ANKRD46	0	0	0	0	Background
HGNC:28605	SNX31	0	0	0	0	Background
HGNC:8554	PABPC1	0	0	0	0	Background
HGNC:12855	YWHAZ	0	0	0	0	Background
HGNC:24992	ZNF706	0	0	0	0	Background
HGNC:2799	GRHL2	0	0	0	0	Background
HGNC:7655	NCALD	0	0	0	0	Background
HGNC:17296	RRM2B	0	0	0	0	Background
HGNC:16806	UBR5	0	1	1	0	ASD_only
HGNC:56265	LINC03047	0	0	0	0	Background
HGNC:8113	ODF1	0	0	0	0	Background
HGNC:11810	KLF10	0	0	0	0	Background
HGNC:16432	AZIN1	0	0	0	0	Background
HGNC:51558	MAILR	0	0	0	0	Background
HGNC:856	ATP6V1C1	0	0	0	0	Background
HGNC:28595	BAALC-AS2	0	0	0	0	Background
HGNC:14333	BAALC	0	0	0	0	Background
HGNC:4044	FZD6	0	0	0	0	Background
HGNC:18831	CTHRC1	0	0	0	0	Background
HGNC:29683	SLC25A32	0	0	0	0	Background
HGNC:24535	DCAF13	0	0	0	0	Background
HGNC:17283	RIMS2	0	0	0	0	Background
HGNC:3013	DPYS	0	0	0	0	Background
HGNC:18549	DCSTAMP	0	0	0	0	Background
HGNC:31708	LRP12	0	0	0	0	Background
HGNC:16700	ZFPM2	0	0	0	0	Background
HGNC:15822	OXR1	0	0	0	0	Background
HGNC:30655	ABRA	0	0	0	0	Background
HGNC:484	ANGPT1	0	0	0	0	Background
HGNC:28583	RSPO2	0	0	0	0	Background
HGNC:3277	EIF3E	0	0	0	0	Background
HGNC:28963	EMC2	0	0	0	0	Background
HGNC:26409	TMEM74	0	0	0	0	Background
HGNC:12299	TRHR	0	0	0	0	Background
HGNC:24306	NUDCD1	0	0	0	0	Background
HGNC:24449	ENY2	0	0	0	0	Background
HGNC:20313	PKHD1L1	0	0	0	0	Background
HGNC:3123	EBAG9	0	0	0	0	Background
HGNC:26011	SYBU	0	0	0	0	Background
HGNC:55741	SYBU-AS1	0	0	0	0	Background
HGNC:18861	KCNV1	0	0	0	0	Background
HGNC:19291	CSMD3	0	0	0	0	Background
HGNC:12340	TRPS1	0	0	0	0	Background
HGNC:3273	EIF3H	0	0	0	0	Background
HGNC:28224	UTP23	0	0	0	0	Background
HGNC:9811	RAD21	0	0	0	0	Background
HGNC:33842	AARD	0	0	0	0	Background
HGNC:20303	SLC30A8	0	0	0	0	Background
HGNC:23032	MED30	0	0	0	0	Background
HGNC:3512	EXT1	0	1	1	0	ASD_only
HGNC:31750	SAMD12	0	0	0	0	Background
HGNC:11909	TNFRSF11B	0	0	0	0	Background
HGNC:2220	COLEC10	0	0	0	0	Background
HGNC:13634	MAL2	0	0	0	0	Background
HGNC:7885	CCN3	0	0	0	0	Background
HGNC:3357	ENPP2	0	0	0	0	Background
HGNC:11536	TAF2	0	0	0	0	Background
HGNC:24453	DSCC1	0	0	0	0	Background
HGNC:22953	DEPTOR	0	0	0	0	Background
HGNC:2191	COL14A1	0	0	0	0	Background
HGNC:14278	MRPL13	0	0	0	0	Background
HGNC:7417	MTBP	0	0	0	0	Background
HGNC:11168	SNTB1	0	0	0	0	Background
HGNC:4819	HAS2	0	0	0	0	Background
HGNC:18513	ZHX2	0	0	0	0	Background
HGNC:28454	DERL1	0	0	0	0	Background
HGNC:30888	TBC1D31	0	1	1	0	ASD_only
HGNC:28210	SACK1A	0	0	0	0	Background
HGNC:25924	C8orf76	0	0	0	0	Background
HGNC:42975	ZHX1-C8orf76	0	0	0	0	Background
HGNC:12871	ZHX1	0	0	0	0	Background
HGNC:30123	ATAD2	0	0	0	0	Background
HGNC:25490	NTAQ1	0	0	0	0	Background
HGNC:16731	FBXO32	0	0	0	0	Background
HGNC:34435	KLHL38	0	0	0	0	Background
HGNC:536	ANXA13	0	0	0	0	Background
HGNC:26306	FAM91A1	0	0	0	0	Background
HGNC:28065	FER1L6	0	0	0	0	Background
HGNC:25203	TMEM65	0	0	0	0	Background
HGNC:26091	TYW2	0	0	0	0	Background
HGNC:17023	RNF139	0	0	0	0	Background
HGNC:24220	TATDN1	0	0	0	0	Background
HGNC:7704	NDUFB9	0	0	0	0	Background
HGNC:20443	MTSS1	0	0	0	0	Background
HGNC:26758	ZNF572	0	0	0	0	Background
HGNC:11279	SQLE	0	0	0	0	Background
HGNC:28984	WASHC5	0	0	0	0	Background
HGNC:26513	NSMCE2	0	0	0	0	Background
HGNC:16891	TRIB1	0	0	0	0	Background
HGNC:24166	LRATD2	0	0	0	0	Background
HGNC:9223	POU5F1B	0	0	0	0	Background
HGNC:7553	MYC	0	0	0	0	Background
HGNC:7151	GSDMC	0	0	0	0	Background
HGNC:25216	CYRIB	0	0	0	0	Background
HGNC:2720	ASAP1	0	0	0	0	Background
HGNC:239	ADCY8	0	0	0	0	Background
HGNC:28970	EFR3A	0	1	1	0	ASD_only
HGNC:8100	OC90	0	0	0	0	Background
HGNC:4904	HHLA1	0	0	0	0	Background
HGNC:6297	KCNQ3	0	1	1	0	ASD_only
HGNC:16725	DNAAF11	0	0	0	0	Background
HGNC:26572	TMEM71	0	0	0	0	Background
HGNC:24280	PHF20L1	0	0	0	0	Background
HGNC:11764	TG	0	0	0	0	Background
HGNC:10902	SLA	0	0	0	0	Background
HGNC:12769	CCN4	0	0	0	0	Background
HGNC:7679	NDRG1	0	0	0	0	Background
HGNC:10862	ST3GAL1	0	0	0	0	Background
HGNC:19899	ZFAT	0	0	0	0	Background
HGNC:18117	KHDRBS3	0	0	0	0	Background
HGNC:28029	FAM135B	0	0	0	0	Background
HGNC:22989	COL22A1	0	0	0	0	Background
HGNC:6283	KCNK9	0	0	0	0	Background
HGNC:30832	TRAPPC9	0	1	1	0	ASD_only
HGNC:17737	C8orf17	0	0	0	0	Background
HGNC:13544	CHRAC1	0	0	0	0	Background
HGNC:3263	AGO2	0	1	1	0	ASD_only
HGNC:9611	PTK2	0	0	0	0	Background
HGNC:29134	DENND3	0	0	0	0	Background
HGNC:29196	SLC45A4	0	0	0	0	Background
HGNC:56711	SLC45A4-AS1	0	0	0	0	Background
HGNC:4475	GPR20	0	0	0	0	Background
HGNC:9636	PTP4A3	0	0	0	0	Background
HGNC:56305	C8orf90	0	0	0	0	Background
HGNC:26437	TSNARE1	0	0	0	0	Background
HGNC:943	ADGRB1	0	0	0	0	Background
HGNC:648	ARC	0	0	0	0	Background
HGNC:9500	PSCA	0	0	0	0	Background
HGNC:24225	LY6K	0	0	0	0	Background
HGNC:29656	THEM6	0	0	0	0	Background
HGNC:18746	SLURP1	0	0	0	0	Background
HGNC:25215	LYPD2	0	0	0	0	Background
HGNC:29604	LYNX1	0	0	0	0	Background
HGNC:13348	LY6D	0	0	0	0	Background
HGNC:4375	GML	0	0	0	0	Background
HGNC:2591	CYP11B1	0	1	1	0	ASD_only
HGNC:2592	CYP11B2	0	0	0	0	Background
HGNC:6727	LY6E	0	0	0	0	Background
HGNC:26731	LY6S-AS1	0	0	0	0	Background
HGNC:52284	LY6L	0	0	0	0	Background
HGNC:6728	LY6H	0	0	0	0	Background
HGNC:24945	GPIHBP1	0	0	0	0	Background
HGNC:26786	ZFP41	0	0	0	0	Background
HGNC:4320	GLI4	0	0	0	0	Background
HGNC:25872	ZNF696	0	0	0	0	Background
HGNC:29787	TOP1MT	0	0	0	0	Background
HGNC:19973	RHPN1	0	0	0	0	Background
HGNC:23145	MAFA	0	0	0	0	Background
HGNC:28972	ZC3H3	0	0	0	0	Background
HGNC:25697	GSDMD	0	0	0	0	Background
HGNC:27814	MROH6	0	0	0	0	Background
HGNC:30450	NAPRT	0	0	0	0	Background
HGNC:3211	EEF1D	0	0	0	0	Background
HGNC:18336	TIGD5	0	0	0	0	Background
HGNC:25846	PYCR3	0	0	0	0	Background
HGNC:12390	GFUS	0	0	0	0	Background
HGNC:29084	ZNF623	0	0	0	0	Background
HGNC:27815	ZNF707	0	0	0	0	Background
HGNC:41910	CCDC166	0	0	0	0	Background
HGNC:24667	MAPK15	0	0	0	0	Background
HGNC:24797	SACK1H	0	0	0	0	Background
HGNC:30377	SCRIB	0	0	0	0	Background
HGNC:17042	PUF60	0	0	0	0	Background
HGNC:19339	NRBP2	0	0	0	0	Background
HGNC:15577	EPPK1	0	1	1	0	ASD_only
HGNC:9069	PLEC	0	0	0	0	Background
HGNC:25895	PARP10	0	0	0	0	Background
HGNC:4589	GRINA	0	0	0	0	Background
HGNC:30510	SPATC1	0	0	0	0	Background
HGNC:8149	OPLAH	0	0	0	0	Background
HGNC:18189	EXOSC4	0	0	0	0	Background
HGNC:4446	GPAA1	0	0	0	0	Background
HGNC:2579	CYC1	0	0	0	0	Background
HGNC:25321	SHARPIN	1	0	0	0	IEI_only
HGNC:24966	MAF1	0	0	0	0	Background
HGNC:26959	WDR97	0	0	0	0	Background
HGNC:24161	HGH1	0	0	0	0	Background
HGNC:26958	MROH1	0	0	0	0	Background
HGNC:15519	BOP1	0	0	0	0	Background
HGNC:5224	HSF1	0	0	0	0	Background
HGNC:2843	DGAT1	0	0	0	0	Background
HGNC:15950	SCRT1	0	0	0	0	Background
HGNC:30224	SLC52A2	0	0	0	0	Background
HGNC:13603	FBXL6	0	0	0	0	Background
HGNC:21738	ADCK5	0	0	0	0	Background
HGNC:2324	CPSF1	0	0	0	0	Background
HGNC:17129	SLC39A4	0	0	0	0	Background
HGNC:18178	VPS28	0	0	0	0	Background
HGNC:7801	TONSL	0	0	0	0	Background
HGNC:17806	ZFTRAF1	0	0	0	0	Background
HGNC:29530	KIFC2	0	0	0	0	Background
HGNC:3814	FOXH1	0	0	0	0	Background
HGNC:14941	PPP1R16A	0	0	0	0	Background
HGNC:4552	GPT	0	0	0	0	Background
HGNC:25157	SLC33A2	0	0	0	0	Background
HGNC:9949	RECQL4	1	0	0	0	IEI_only
HGNC:20419	LRRC14	0	0	0	0	Background
HGNC:28947	LRRC24	0	0	0	0	Background
HGNC:33826	C8orf82	0	0	0	0	Background
HGNC:29351	ARHGAP39	0	0	0	0	Background
HGNC:13045	ZNF251	0	0	0	0	Background
HGNC:13098	ZNF34	0	0	0	0	Background
HGNC:10368	RPL8	0	0	0	0	Background
HGNC:27984	ZNF517	0	1	1	0	ASD_only
HGNC:13139	ZNF7	0	0	0	0	Background
HGNC:17902	COMMD5	0	0	0	0	Background
HGNC:13044	ZNF250	0	0	0	0	Background
HGNC:12947	ZNF16	0	0	0	0	Background
HGNC:26104	C8orf33	0	0	0	0	Background
HGNC:3805	FOXD4	0	0	0	0	Background
HGNC:17134	ZNG1A	0	0	0	0	Background
HGNC:26436	DOCK8-AS1	0	0	0	0	Background
HGNC:19191	DOCK8	1	1	1	1	Overlap_raw
HGNC:19309	KANK1	0	1	1	0	ASD_only
HGNC:2934	DMRT1	0	0	0	0	Background
HGNC:13909	DMRT3	0	0	0	0	Background
HGNC:2935	DMRT2	0	0	0	0	Background
HGNC:11098	SMARCA2	0	1	1	0	ASD_only
HGNC:12698	VLDLR	0	0	0	0	Background
HGNC:19698	KCNV2	0	0	0	0	Background
HGNC:29676	PUM3	0	0	0	0	Background
HGNC:9984	RFX3	0	1	1	0	ASD_only
HGNC:28510	GLIS3	0	0	0	0	Background
HGNC:10939	SLC1A1	0	1	1	0	ASD_only
HGNC:25472	SPATA6L	0	0	0	0	Background
HGNC:23682	PLPP6	0	0	0	0	Background
HGNC:17179	CDC37L1	0	0	0	0	Background
HGNC:17376	AK3	0	0	0	0	Background
HGNC:17687	RCL1	0	0	0	0	Background
HGNC:6192	JAK2	0	0	0	0	Background
HGNC:6089	INSL6	0	0	0	0	Background
HGNC:6087	INSL4	0	0	0	0	Background
HGNC:10027	RLN2	0	0	0	0	Background
HGNC:10026	RLN1	0	0	0	0	Background
HGNC:23633	PLGRKT	0	0	0	0	Background
HGNC:17635	CD274	1	0	0	0	IEI_only
HGNC:18731	PDCD1LG2	0	0	0	0	Background
HGNC:17686	RIC1	0	0	0	0	Background
HGNC:23703	ERMP1	0	0	0	0	Background
HGNC:23378	BRD10	0	0	0	0	Background
HGNC:7124	MLANA	0	1	1	0	ASD_only
HGNC:9851	RANBP6	0	0	0	0	Background
HGNC:16028	IL33	0	0	0	0	Background
HGNC:23382	TPD52L3	0	0	0	0	Background
HGNC:12557	UHRF2	0	0	0	0	Background
HGNC:4313	GLDC	0	0	0	0	Background
HGNC:17071	KDM4C	0	1	1	0	ASD_only
HGNC:30536	DMAC1	0	0	0	0	Background
HGNC:9668	PTPRD	0	1	1	0	ASD_only
HGNC:12450	TYRP1	0	0	0	0	Background
HGNC:31452	LURAP1L	0	0	0	0	Background
HGNC:7208	MPDZ	0	0	0	0	Background
HGNC:7785	NFIB	0	1	1	0	ASD_only
HGNC:20750	ZDHHC21	0	0	0	0	Background
HGNC:1862	CER1	0	0	0	0	Background
HGNC:23399	FREM1	0	0	0	0	Background
HGNC:23704	TTC39B	0	0	0	0	Background
HGNC:11136	SNAPC3	0	0	0	0	Background
HGNC:9527	PSIP1	0	0	0	0	Background
HGNC:29828	CCDC171	0	0	0	0	Background
HGNC:19054	LINC03041	0	0	0	0	Background
HGNC:30988	BNC2	0	0	0	0	Background
HGNC:23432	CNTLN	0	0	0	0	Background
HGNC:10831	SH3GL2	0	0	0	0	Background
HGNC:14632	ADAMTSL1	0	0	0	0	Background
HGNC:28566	SAXO1	0	0	0	0	Background
HGNC:16963	RRAGA	0	0	0	0	Background
HGNC:25948	HAUS6	0	0	0	0	Background
HGNC:248	PLIN2	0	0	0	0	Background
HGNC:26079	DENND4C	0	0	0	0	Background
HGNC:10429	RPS6	0	0	0	0	Background
HGNC:23675	ACER2	0	0	0	0	Background
HGNC:10976	SLC24A2	0	1	1	0	ASD_only
HGNC:7136	MLLT3	0	0	0	0	Background
HGNC:23377	FOCAD	0	0	0	0	Background
HGNC:20920	HACD4	0	0	0	0	Background
HGNC:5434	IFNB1	0	0	0	0	Background
HGNC:5448	IFNW1	0	0	0	0	Background
HGNC:5424	IFNA21	0	0	0	0	Background
HGNC:5425	IFNA4	0	0	0	0	Background
HGNC:5428	IFNA7	0	0	0	0	Background
HGNC:5418	IFNA10	0	0	0	0	Background
HGNC:5421	IFNA16	0	0	0	0	Background
HGNC:5422	IFNA17	0	0	0	0	Background
HGNC:5420	IFNA14	0	0	0	0	Background
HGNC:5426	IFNA5	0	0	0	0	Background
HGNC:18732	KLHL9	0	0	0	0	Background
HGNC:5427	IFNA6	0	0	0	0	Background
HGNC:5419	IFNA13	0	0	0	0	Background
HGNC:5423	IFNA2	0	0	0	0	Background
HGNC:5429	IFNA8	0	0	0	0	Background
HGNC:5417	IFNA1	0	0	0	0	Background
HGNC:18163	IFNE	0	0	0	0	Background
HGNC:7413	MTAP	0	0	0	0	Background
HGNC:23831	CDKN2A-AS1	0	0	0	0	Background
HGNC:1787	CDKN2A	0	0	0	0	Background
HGNC:1788	CDKN2B	0	0	0	0	Background
HGNC:13826	DMRTA1	0	0	0	0	Background
HGNC:3313	ELAVL2	0	1	1	0	ASD_only
HGNC:31421	IZUMO3	0	0	0	0	Background
HGNC:31010	TUSC1	0	0	0	0	Background
HGNC:25834	CAAP1	0	0	0	0	Background
HGNC:9043	PLAA	0	0	0	0	Background
HGNC:21424	IFT74	0	0	0	0	Background
HGNC:23379	LRRC19	0	0	0	0	Background
HGNC:11724	TEK	0	1	1	0	ASD_only
HGNC:1359	EQTN	0	0	0	0	Background
HGNC:23825	MOB3B	0	0	0	0	Background
HGNC:21714	IFNK	0	0	0	0	Background
HGNC:28337	C9orf72	0	0	0	0	Background
HGNC:21207	LINGO2	0	0	0	0	Background
HGNC:117	ACO1	0	0	0	0	Background
HGNC:19102	RIGI	0	0	0	0	Background
HGNC:21653	TOPORS	0	0	0	0	Background
HGNC:7701	NDUFB6	0	0	0	0	Background
HGNC:18056	TAF1L	0	0	0	0	Background
HGNC:33816	TMEM215	0	0	0	0	Background
HGNC:15984	APTX	0	0	0	0	Background
HGNC:5229	DNAJA1	0	0	0	0	Background
HGNC:18247	SMU1	0	0	0	0	Background
HGNC:924	B4GALT1	0	0	0	0	Background
HGNC:16646	SPINK4	0	0	0	0	Background
HGNC:937	BAG1	0	0	0	0	Background
HGNC:26942	CHMP5	0	0	0	0	Background
HGNC:7803	NFX1	0	0	0	0	Background
HGNC:640	AQP7	0	0	0	0	Background
HGNC:636	AQP3	0	0	0	0	Background
HGNC:19910	NOL6	0	0	0	0	Background
HGNC:23644	ANKRD18B	0	0	0	0	Background
HGNC:9486	PRSS3	0	0	0	0	Background
HGNC:19907	UBE2R2	0	0	0	0	Background
HGNC:14185	UBAP2	0	0	0	0	Background
HGNC:19911	DCAF12	0	0	0	0	Background
HGNC:12461	UBAP1	0	0	0	0	Background
HGNC:19916	KIF24	0	0	0	0	Background
HGNC:8049	NUDT2	0	0	0	0	Background
HGNC:19918	MYORG	0	0	0	0	Background
HGNC:19919	SPMIP6	0	0	0	0	Background
HGNC:19920	FAM219A	0	0	0	0	Background
HGNC:2954	DNAI1	0	0	0	0	Background
HGNC:24838	ENHO	0	0	0	0	Background
HGNC:2170	CNTFR	0	0	0	0	Background
HGNC:19909	RPP25L	0	0	0	0	Background
HGNC:2713	DCTN3	0	0	0	0	Background
HGNC:21209	ARID3C	0	0	0	0	Background
HGNC:8157	SIGMAR1	0	0	0	0	Background
HGNC:4135	GALT	0	0	0	0	Background
HGNC:5967	IL11RA	0	0	0	0	Background
HGNC:10626	CCL27	0	0	0	0	Background
HGNC:10617	CCL19	0	0	0	0	Background
HGNC:10620	CCL21	0	0	0	0	Background
HGNC:41911	SPATA31F1	0	0	0	0	Background
HGNC:29180	PHF24	0	0	0	0	Background
HGNC:14887	DNAJB5	0	0	0	0	Background
HGNC:31418	SPATA31G1	0	0	0	0	Background
HGNC:12666	VCP	0	0	0	0	Background
HGNC:3588	FANCG	1	0	0	0	IEI_only
HGNC:23215	PIGO	0	0	0	0	Background
HGNC:14559	STOML2	0	0	0	0	Background
HGNC:25666	ATOSB	0	0	0	0	Background
HGNC:12566	UNC13B	0	0	0	0	Background
HGNC:23625	RUSC2	0	0	0	0	Background
HGNC:34242	CIMIP2B	0	0	0	0	Background
HGNC:11731	TESK1	0	0	0	0	Background
HGNC:1696	CD72	0	0	0	0	Background
HGNC:17710	SIT1	0	0	0	0	Background
HGNC:28465	CCDC107	0	0	0	0	Background
HGNC:25909	ARHGEF39	0	0	0	0	Background
HGNC:1383	CA9	0	0	0	0	Background
HGNC:12011	TPM2	0	0	0	0	Background
HGNC:11845	TLN1	0	0	0	0	Background
HGNC:2347	CREB3	0	0	0	0	Background
HGNC:18986	GBA2	0	0	0	0	Background
HGNC:21965	RGP1	0	0	0	0	Background
HGNC:29663	MSMP	0	0	0	0	Background
HGNC:7944	NPR2	0	0	0	0	Background
HGNC:14105	SPAG8	0	0	0	0	Background
HGNC:18344	HINT2	0	0	0	0	Background
HGNC:21427	TMEM8B	0	0	0	0	Background
HGNC:30762	FAM221B	0	0	0	0	Background
HGNC:15108	OR13J1	0	0	0	0	Background
HGNC:33872	HRCT1	0	0	0	0	Background
HGNC:8276	OR2S2	0	0	0	0	Background
HGNC:11345	RECK	0	0	0	0	Background
HGNC:18007	GLIPR2	0	0	0	0	Background
HGNC:1568	CCIN	0	1	1	0	ASD_only
HGNC:2090	CLTA	0	0	0	0	Background
HGNC:23657	GNE	0	0	0	0	Background
HGNC:18052	RNF38	0	1	1	0	ASD_only
HGNC:16870	MELK	0	0	0	0	Background
HGNC:8619	PAX5	1	1	1	1	Overlap_raw
HGNC:26209	ZCCHC7	0	0	0	0	Background
HGNC:4570	GRHPR	0	0	0	0	Background
HGNC:23836	ZBTB5	0	0	0	0	Background
HGNC:17631	POLR1E	0	0	0	0	Background
HGNC:13589	FBXO10	0	0	0	0	Background
HGNC:31369	TOMM5	0	0	0	0	Background
HGNC:29159	FRMPD1	0	0	0	0	Background
HGNC:26454	TRMT10B	0	0	0	0	Background
HGNC:17944	EXOSC3	0	0	0	0	Background
HGNC:23686	DCAF10	0	0	0	0	Background
HGNC:23323	SLC25A51	0	0	0	0	Background
HGNC:10838	SHB	0	0	0	0	Background
HGNC:407	ALDH1B1	0	0	0	0	Background
HGNC:20081	IGFBPL1	0	0	0	0	Background
HGNC:23643	ANKRD18A	0	0	0	0	Background
HGNC:13834	CNTNAP3	0	1	1	0	ASD_only
HGNC:23394	SPATA31A1	0	0	0	0	Background
HGNC:32003	SPATA31A3	0	0	0	0	Background
HGNC:25226	ZNF658	0	0	0	0	Background
HGNC:32005	SPATA31A5	0	0	0	0	Background
HGNC:31979	ANKRD20A2P	0	0	0	0	Background
HGNC:31978	ZNG1F	0	0	0	0	Background
HGNC:32006	SPATA31A6	0	0	0	0	Background
HGNC:32035	CNTNAP3B	0	0	0	0	Background
HGNC:23668	FAM27C	0	0	0	0	Background
HGNC:32013	FAM27E2	0	0	0	0	Background
HGNC:32015	FAM27D1	0	0	0	0	Background
HGNC:32007	SPATA31A7	0	0	0	0	Background
HGNC:28655	FAM27E3	0	0	0	0	Background
HGNC:23667	FAM27B	0	0	0	0	Background
HGNC:23665	ANKRD20A1	0	0	0	0	Background
HGNC:31986	FOXD4L6	0	0	0	0	Background
HGNC:31982	ANKRD20A4P	0	0	0	0	Background
HGNC:18522	FOXD4L5	0	0	0	0	Background
HGNC:23762	FOXD4L4	0	0	0	0	Background
HGNC:24584	ZNG1E	0	0	0	0	Background
HGNC:18519	ZNG1C	0	0	0	0	Background
HGNC:18523	FOXD4L3	0	0	0	0	Background
HGNC:8908	PGM5	0	0	0	0	Background
HGNC:28537	TMEM252	0	0	0	0	Background
HGNC:8995	PIP5K1B	0	0	0	0	Background
HGNC:23490	PABIR1	0	0	0	0	Background
HGNC:9382	PRKACG	0	0	0	0	Background
HGNC:3951	FXN	0	0	0	0	Background
HGNC:11828	TJP2	0	0	0	0	Background
HGNC:24820	ENTREP1	0	0	0	0	Background
HGNC:578	APBA1	0	0	0	0	Background
HGNC:30449	PTAR1	0	0	0	0	Background
HGNC:31422	CFAP95	0	0	0	0	Background
HGNC:23673	MAMDC2	0	0	0	0	Background
HGNC:20465	SMC5	0	0	0	0	Background
HGNC:1123	KLF9	0	0	0	0	Background
HGNC:17992	TRPM3	0	0	0	0	Background
HGNC:11869	CEMIP2	0	0	0	0	Background
HGNC:24278	ABHD17B	0	0	0	0	Background
HGNC:28784	C9orf85	0	0	0	0	Background
HGNC:27037	C9orf57	0	0	0	0	Background
HGNC:4212	GDA	0	1	1	0	ASD_only
HGNC:13008	ZFAND5	0	0	0	0	Background
HGNC:16513	TMC1	0	0	0	0	Background
HGNC:402	ALDH1A1	0	0	0	0	Background
HGNC:533	ANXA1	0	1	1	0	ASD_only
HGNC:10259	RORB	0	1	1	0	ASD_only
HGNC:17995	TRPM6	0	0	0	0	Background
HGNC:23433	C9orf40	0	0	0	0	Background
HGNC:23435	CARNMT1	0	0	0	0	Background
HGNC:26057	NMRK1	0	0	0	0	Background
HGNC:8510	OSTF1	0	0	0	0	Background
HGNC:8747	PCSK5	0	0	0	0	Background
HGNC:30324	RFK	0	0	0	0	Background
HGNC:4203	GCNT1	0	0	0	0	Background
HGNC:25209	PRUNE2	0	1	1	0	ASD_only
HGNC:23315	FOXB2	0	0	0	0	Background
HGNC:1908	VPS13A	0	0	0	0	Background
HGNC:4382	GNA14	0	0	0	0	Background
HGNC:4390	GNAQ	0	0	0	0	Background
HGNC:25740	CEP78	0	0	0	0	Background
HGNC:19129	PSAT1	0	0	0	0	Background
HGNC:11840	TLE4	0	0	0	0	Background
HGNC:11837	TLE1	0	0	0	0	Background
HGNC:37283	SPATA31D1	0	0	0	0	Background
HGNC:26464	RASEF	0	0	0	0	Background
HGNC:24125	FRMD3	0	0	0	0	Background
HGNC:31367	IDNK	0	0	0	0	Background
HGNC:12508	UBQLN1	0	0	0	0	Background
HGNC:17496	GKAP1	0	0	0	0	Background
HGNC:18632	KIF27	0	0	0	0	Background
HGNC:28144	QNG1	0	0	0	0	Background
HGNC:5044	HNRNPK	0	1	1	0	ASD_only
HGNC:25764	RMI1	0	0	0	0	Background
HGNC:16484	SLC28A3	0	0	0	0	Background
HGNC:8032	NTRK2	0	0	0	0	Background
HGNC:17258	AGTPBP1	0	0	0	0	Background
HGNC:24340	NAA35	0	0	0	0	Background
HGNC:15451	GOLM1	0	0	0	0	Background
HGNC:31456	C9orf153	0	0	0	0	Background
HGNC:28660	ISCA1	0	0	0	0	Background
HGNC:25817	TUT7	0	0	0	0	Background
HGNC:4165	GAS1	0	0	0	0	Background
HGNC:33817	LINC02872	0	0	0	0	Background
HGNC:2674	DAPK1	0	0	0	0	Background
HGNC:2537	CTSL	0	0	0	0	Background
HGNC:26672	SPATA31E1	0	0	0	0	Background
HGNC:21420	CDK20	0	0	0	0	Background
HGNC:11243	SPIN1	0	0	0	0	Background
HGNC:30482	NXNL2	0	0	0	0	Background
HGNC:3167	S1PR3	0	0	0	0	Background
HGNC:18181	SHC3	0	0	0	0	Background
HGNC:2000	CKS2	0	0	0	0	Background
HGNC:30972	SECISBP2	0	0	0	0	Background
HGNC:10732	SEMA4D	0	0	0	0	Background
HGNC:4097	GADD45G	0	0	0	0	Background
HGNC:19323	DIRAS2	0	0	0	0	Background
HGNC:11491	SYK	1	0	0	0	IEI_only
HGNC:890	AUH	0	0	0	0	Background
HGNC:7787	NFIL3	0	0	0	0	Background
HGNC:10257	ROR2	0	0	0	0	Background
HGNC:11277	SPTLC1	0	0	0	0	Background
HGNC:5330	IARS1	0	0	0	0	Background
HGNC:23387	NOL8	0	0	0	0	Background
HGNC:32933	CENPP	0	0	0	0	Background
HGNC:8126	OGN	0	0	0	0	Background
HGNC:8134	OMD	0	0	0	0	Background
HGNC:14872	ASPN	0	0	0	0	Background
HGNC:3154	ECM2	0	0	0	0	Background
HGNC:14645	IPPK	0	0	0	0	Background
HGNC:17208	BICD2	0	0	0	0	Background
HGNC:23385	ZNF484	0	0	0	0	Background
HGNC:16027	FGD3	0	0	0	0	Background
HGNC:28391	SUSD3	0	0	0	0	Background
HGNC:28148	CARD19	0	0	0	0	Background
HGNC:7824	NINJ1	0	0	0	0	Background
HGNC:14542	WNK2	0	0	0	0	Background
HGNC:31116	FAM120A2P	0	0	0	0	Background
HGNC:23389	FAM120AOS	0	0	0	0	Background
HGNC:13247	FAM120A	0	0	0	0	Background
HGNC:8920	PHF2	0	1	1	0	ASD_only
HGNC:955	BARX1	0	0	0	0	Background
HGNC:30184	PTPDC1	0	0	0	0	Background
HGNC:12957	ZNF169	0	0	0	0	Background
HGNC:23450	NUTM2F	0	0	0	0	Background
HGNC:23376	SLC71A2	0	0	0	0	Background
HGNC:3607	FBP2	0	0	0	0	Background
HGNC:3606	FBP1	0	0	0	0	Background
HGNC:1361	AOPEP	0	0	0	0	Background
HGNC:3584	FANCC	1	0	0	0	IEI_only
HGNC:9585	PTCH1	0	0	0	0	Background
HGNC:26922	ERCC6L2	1	0	0	0	IEI_only
HGNC:5212	HSD17B3	0	0	0	0	Background
HGNC:20799	SLC35D2	0	0	0	0	Background
HGNC:18320	ZNF367	0	0	0	0	Background
HGNC:17062	HABP4	0	0	0	0	Background
HGNC:1719	CDC14B	0	0	0	0	Background
HGNC:16881	PRXL2C	0	0	0	0	Background
HGNC:29161	ZNF510	0	0	0	0	Background
HGNC:33110	ZNF782	0	0	0	0	Background
HGNC:23672	SLC71A3P	0	0	0	0	Background
HGNC:23449	NUTM2G	0	0	0	0	Background
HGNC:2538	CTSV	0	0	0	0	Background
HGNC:29303	CCDC180	0	0	0	0	Background
HGNC:30831	TDRD7	0	0	0	0	Background
HGNC:11871	TMOD1	0	0	0	0	Background
HGNC:30087	TSTD2	0	0	0	0	Background
HGNC:7658	NCBP1	0	0	0	0	Background
HGNC:12814	XPA	0	0	0	0	Background
HGNC:3806	FOXE1	0	0	0	0	Background
HGNC:30967	TRMO	0	0	0	0	Background
HGNC:17509	HEMGN	0	0	0	0	Background
HGNC:16677	ANP32B	0	0	0	0	Background
HGNC:19237	NANS	0	0	0	0	Background
HGNC:16283	TRIM14	0	0	0	0	Background
HGNC:2255	CORO2A	0	0	0	0	Background
HGNC:18026	TBC1D2	0	0	0	0	Background
HGNC:4507	GABBR2	0	1	1	0	ASD_only
HGNC:26724	ANKS6	0	0	0	0	Background
HGNC:19877	GALNT12	0	0	0	0	Background
HGNC:2192	COL15A1	0	0	0	0	Background
HGNC:11772	TGFBR1	1	0	0	0	IEI_only
HGNC:23159	ALG2	0	0	0	0	Background
HGNC:16993	SEC61B	0	0	0	0	Background
HGNC:7982	NR4A3	0	0	0	0	Background
HGNC:11432	STX17	0	0	0	0	Background
HGNC:18311	ERP44	0	0	0	0	Background
HGNC:17870	INVS	0	0	0	0	Background
HGNC:25988	TEX10	0	0	0	0	Background
HGNC:23370	MSANTD3	0	0	0	0	Background
HGNC:38838	MSANTD3-TMEFF1	0	0	0	0	Background
HGNC:11866	TMEFF1	0	0	0	0	Background
HGNC:33742	CAVIN4	0	0	0	0	Background
HGNC:25993	PLPPR1	0	0	0	0	Background
HGNC:932	BAAT	0	0	0	0	Background
HGNC:16654	MRPL50	0	0	0	0	Background
HGNC:12980	ZNF189	0	0	0	0	Background
HGNC:417	ALDOB	0	0	0	0	Background
HGNC:28180	PGAP4	0	0	0	0	Background
HGNC:10062	RNF20	0	0	0	0	Background
HGNC:16767	GRIN3A	0	0	0	0	Background
HGNC:9318	PPP3R2	0	0	0	0	Background
HGNC:2583	CYLC2	0	1	1	0	ASD_only
HGNC:14011	SMC2	0	0	0	0	Background
HGNC:14723	OR13F1	0	0	0	0	Background
HGNC:14722	OR13C4	0	0	0	0	Background
HGNC:14704	OR13C3	0	0	0	0	Background
HGNC:15103	OR13C8	0	0	0	0	Background
HGNC:15100	OR13C5	0	0	0	0	Background
HGNC:14701	OR13C2	0	0	0	0	Background
HGNC:15104	OR13C9	0	0	0	0	Background
HGNC:14695	OR13D1	0	0	0	0	Background
HGNC:23619	NIPSNAP3A	0	0	0	0	Background
HGNC:23641	NIPSNAP3B	0	0	0	0	Background
HGNC:29	ABCA1	0	0	0	0	Background
HGNC:18798	SLC44A1	0	0	0	0	Background
HGNC:13753	FSD1L	0	0	0	0	Background
HGNC:3622	FKTN	0	0	0	0	Background
HGNC:11557	TAL2	0	0	0	0	Background
HGNC:25535	TMEM38B	0	0	0	0	Background
HGNC:21684	ZNF462	0	1	1	0	ASD_only
HGNC:9813	RAD23B	0	0	0	0	Background
HGNC:6348	KLF4	0	0	0	0	Background
HGNC:162	ACTL7B	0	0	0	0	Background
HGNC:161	ACTL7A	0	0	0	0	Background
HGNC:5959	ELP1	0	0	0	0	Background
HGNC:1364	ABITRAM	0	0	0	0	Background
HGNC:2512	CTNNAL1	0	0	0	0	Background
HGNC:1363	TMEM245	0	0	0	0	Background
HGNC:1362	FRRS1L	0	0	0	0	Background
HGNC:19818	EPB41L4B	0	0	0	0	Background
HGNC:9655	PTPN3	0	0	0	0	Background
HGNC:15845	PALM2	0	0	0	0	Background
HGNC:33529	PALM2AKAP2	0	0	0	0	Background
HGNC:372	AKAP2	0	0	0	0	Background
HGNC:31455	C9orf152	0	0	0	0	Background
HGNC:12435	TXN	0	0	0	0	Background
HGNC:31454	TXNDC8	0	0	0	0	Background
HGNC:15985	SVEP1	0	0	0	0	Background
HGNC:7525	MUSK	0	0	0	0	Background
HGNC:3166	LPAR1	0	0	0	0	Background
HGNC:8264	OR2K2	0	0	0	0	Background
HGNC:29020	ECPAS	0	1	1	0	ASD_only
HGNC:23384	ZNF483	0	0	0	0	Background
HGNC:18429	PTGR1	0	0	0	0	Background
HGNC:34187	DNAJC25	0	0	0	0	Background
HGNC:37501	DNAJC25-GNG10	0	0	0	0	Background
HGNC:4402	GNG10	0	0	0	0	Background
HGNC:26535	SHOC1	0	0	0	0	Background
HGNC:12524	UGCG	0	0	0	0	Background
HGNC:25413	SUSD1	0	0	0	0	Background
HGNC:10253	PTBP3	0	0	0	0	Background
HGNC:18572	HSDL2	0	0	0	0	Background
HGNC:31438	HSDL2-AS1	0	0	0	0	Background
HGNC:23427	KIAA1958	0	0	0	0	Background
HGNC:24994	INIP	0	0	0	0	Background
HGNC:23685	SNX30	0	0	0	0	Background
HGNC:16055	SLC46A2	0	0	0	0	Background
HGNC:12863	ZFP37	0	0	0	0	Background
HGNC:11017	SLC31A2	0	0	0	0	Background
HGNC:23397	FKBP15	0	0	0	0	Background
HGNC:11016	SLC31A1	0	0	0	0	Background
HGNC:17839	CDC26	0	0	0	0	Background
HGNC:17349	PRPF4	0	0	0	0	Background
HGNC:28721	RNF183	0	0	0	0	Background
HGNC:21421	WDR31	0	0	0	0	Background
HGNC:18232	BSPRY	0	0	0	0	Background
HGNC:28171	HDHD3	0	0	0	0	Background
HGNC:395	ALAD	0	0	0	0	Background
HGNC:13546	POLE3	0	0	0	0	Background
HGNC:23570	C9orf43	0	0	0	0	Background
HGNC:9999	RGS3	0	0	0	0	Background
HGNC:29416	ZNF618	0	0	0	0	Background
HGNC:453	AMBP	0	0	0	0	Background
HGNC:21495	KIF12	0	0	0	0	Background
HGNC:22986	COL27A1	0	0	0	0	Background
HGNC:8498	ORM1	0	0	0	0	Background
HGNC:8499	ORM2	0	0	0	0	Background
HGNC:24108	AKNA	0	0	0	0	Background
HGNC:16361	WHRN	0	0	0	0	Background
HGNC:864	ATP6V1G1	0	0	0	0	Background
HGNC:24513	TMEM268	0	0	0	0	Background
HGNC:11931	TNFSF15	0	0	0	0	Background
HGNC:11938	TNFSF8	0	0	0	0	Background
HGNC:5318	TNC	0	0	0	0	Background
HGNC:23658	DELEC1	0	0	0	0	Background
HGNC:8602	PAPPA	0	0	0	0	Background
HGNC:35152	PAPPA-AS1	0	0	0	0	Background
HGNC:17021	ASTN2	0	1	1	0	ASD_only
HGNC:16380	TRIM32	0	0	0	0	Background
HGNC:11850	TLR4	1	0	0	0	IEI_only
HGNC:2687	BRINP1	0	0	0	0	Background
HGNC:18672	CDK5RAP2	0	0	0	0	Background
HGNC:3234	MEGF9	0	0	0	0	Background
HGNC:13608	FBXW2	0	0	0	0	Background
HGNC:9563	PSMD5	0	0	0	0	Background
HGNC:24566	PHF19	0	0	0	0	Background
HGNC:12031	TRAF1	0	0	0	0	Background
HGNC:1331	C5	1	0	0	0	IEI_only
HGNC:1858	CNTRL	0	0	0	0	Background
HGNC:16524	RAB14	0	0	0	0	Background
HGNC:4620	GSN	0	0	0	0	Background
HGNC:3383	STOM	0	0	0	0	Background
HGNC:17294	DAB2IP	0	0	0	0	Background
HGNC:18113	TTLL11	0	0	0	0	Background
HGNC:7692	NDUFA8	0	0	0	0	Background
HGNC:17841	MORN5	0	0	0	0	Background
HGNC:21735	LHX6	0	0	0	0	Background
HGNC:28413	RBM18	0	0	0	0	Background
HGNC:7234	MRRF	0	0	0	0	Background
HGNC:9604	PTGS1	0	0	0	0	Background
HGNC:8208	OR1J1	0	0	0	0	Background
HGNC:8209	OR1J2	0	0	0	0	Background
HGNC:8211	OR1J4	0	0	0	0	Background
HGNC:8221	OR1N1	0	0	0	0	Background
HGNC:15111	OR1N2	0	0	0	0	Background
HGNC:15110	OR1L8	0	0	0	0	Background
HGNC:8223	OR1Q1	0	0	0	0	Background
HGNC:8181	OR1B1	0	0	0	0	Background
HGNC:8213	OR1L1	0	0	0	0	Background
HGNC:8215	OR1L3	0	0	0	0	Background
HGNC:8216	OR1L4	0	0	0	0	Background
HGNC:8218	OR1L6	0	0	0	0	Background
HGNC:8331	OR5C1	0	0	0	0	Background
HGNC:8770	PDCL	0	0	0	0	Background
HGNC:8212	OR1K1	0	0	0	0	Background
HGNC:21461	RC3H2	0	0	0	0	Background
HGNC:16764	ZBTB6	0	0	0	0	Background
HGNC:23383	ZBTB26	0	0	0	0	Background
HGNC:17155	RABGAP1	0	0	0	0	Background
HGNC:4476	GPR21	0	0	0	0	Background
HGNC:16462	STRBP	0	0	0	0	Background
HGNC:18688	CRB2	0	0	0	0	Background
HGNC:29324	DENND1A	0	0	0	0	Background
HGNC:6594	LHX2	0	1	1	0	ASD_only
HGNC:7749	NEK6	0	0	0	0	Background
HGNC:9544	PSMB7	0	0	0	0	Background
HGNC:18651	ADGRD2	0	0	0	0	Background
HGNC:7983	NR5A1	0	0	0	0	Background
HGNC:7985	NR6A1	0	0	0	0	Background
HGNC:27270	OLFML2A	0	0	0	0	Background
HGNC:23745	WDR38	0	0	0	0	Background
HGNC:10344	RPL35	0	0	0	0	Background
HGNC:23366	ARPC5L	0	0	0	0	Background
HGNC:4424	GOLGA1	0	0	0	0	Background
HGNC:26709	SCAI	0	0	0	0	Background
HGNC:9323	PPP6C	0	0	0	0	Background
HGNC:16896	RABEPK	0	0	0	0	Background
HGNC:5238	HSPA5	0	0	0	0	Background
HGNC:23375	GAPVD1	0	0	0	0	Background
HGNC:18752	MAPKAP1	0	0	0	0	Background
HGNC:8634	PBX3	0	0	0	0	Background
HGNC:23368	MVB12B	0	0	0	0	Background
HGNC:6654	LMX1B	0	1	1	0	ASD_only
HGNC:17908	ZBTB43	0	0	0	0	Background
HGNC:31446	ZBTB34	0	0	0	0	Background
HGNC:16851	RALGPS1	0	0	0	0	Background
HGNC:490	ANGPTL2	0	0	0	0	Background
HGNC:25425	GARNL3	0	0	0	0	Background
HGNC:13812	SLC2A8	0	0	0	0	Background
HGNC:13153	ZNF79	0	0	0	0	Background
HGNC:10302	RPL12	0	0	0	0	Background
HGNC:25135	LRSAM1	0	0	0	0	Background
HGNC:25282	NIBAN2	0	0	0	0	Background
HGNC:11444	STXBP1	0	1	1	0	ASD_only
HGNC:27039	PTRH1	0	0	0	0	Background
HGNC:27843	CFAP157	0	0	0	0	Background
HGNC:26536	TTC16	0	0	0	0	Background
HGNC:11996	TOR2A	0	0	0	0	Background
HGNC:16884	SH2D3C	0	0	0	0	Background
HGNC:1780	CDK9	0	0	0	0	Background
HGNC:3824	FPGS	0	0	0	0	Background
HGNC:3349	ENG	0	0	0	0	Background
HGNC:361	AK1	0	0	0	0	Background
HGNC:23364	ST6GALNAC6	0	0	0	0	Background
HGNC:17846	ST6GALNAC4	0	0	0	0	Background
HGNC:28711	PIP5KL1	0	0	0	0	Background
HGNC:3006	DPM2	0	0	0	0	Background
HGNC:31419	EEIG1	0	0	0	0	Background
HGNC:25446	NAIF1	0	0	0	0	Background
HGNC:20663	SLC25A25	0	0	0	0	Background
HGNC:17822	PTGES2	0	0	0	0	Background
HGNC:48711	PTGES2-DT	0	0	0	0	Background
HGNC:6526	LCN2	0	0	0	0	Background
HGNC:17823	BBLN	0	0	0	0	Background
HGNC:16744	CIZ1	0	0	0	0	Background
HGNC:2972	DNM1	0	0	0	0	Background
HGNC:4425	GOLGA2	0	0	0	0	Background
HGNC:31412	SWI5	0	0	0	0	Background
HGNC:17170	TRUB2	0	0	0	0	Background
HGNC:19693	COQ4	0	0	0	0	Background
HGNC:10998	SLC27A4	0	1	1	0	ASD_only
HGNC:28378	URM1	0	0	0	0	Background
HGNC:23723	CERCAM	0	0	0	0	Background
HGNC:8114	ODF2	0	0	0	0	Background
HGNC:4315	GLE1	0	0	0	0	Background
HGNC:11273	SPTAN1	0	0	0	0	Background
HGNC:28296	DYNC2I2	0	0	0	0	Background
HGNC:10760	SET	0	1	1	0	ASD_only
HGNC:17999	PKN3	0	0	0	0	Background
HGNC:19159	ZDHHC12	0	0	0	0	Background
HGNC:30960	ZER1	0	0	0	0	Background
HGNC:25571	TBC1D13	0	0	0	0	Background
HGNC:3346	ENDOG	0	0	0	0	Background
HGNC:26933	SPOUT1	0	0	0	0	Background
HGNC:1564	KYAT1	0	0	0	0	Background
HGNC:19027	LRRC8A	0	0	0	0	Background
HGNC:23396	PHYHD1	0	0	0	0	Background
HGNC:23406	DOLK	0	0	0	0	Background
HGNC:17859	NUP188	0	0	0	0	Background
HGNC:10834	SH3GLB2	0	0	0	0	Background
HGNC:23621	MIGA2	0	0	0	0	Background
HGNC:29565	DOLPP1	0	0	0	0	Background
HGNC:2342	CRAT	0	0	0	0	Background
HGNC:9308	PTPA	0	0	0	0	Background
HGNC:23679	IER5L	0	0	0	0	Background
HGNC:23373	NTMT1	0	0	0	0	Background
HGNC:23677	C9orf50	0	0	0	0	Background
HGNC:17181	ASB6	0	0	0	0	Background
HGNC:21338	PRRX2	0	0	0	0	Background
HGNC:9599	PTGES	0	0	0	0	Background
HGNC:11995	TOR1B	0	0	0	0	Background
HGNC:3098	TOR1A	0	0	0	0	Background
HGNC:24932	C9orf78	0	0	0	0	Background
HGNC:12619	USP20	0	0	0	0	Background
HGNC:17069	FNBP1	0	0	0	0	Background
HGNC:17830	GPR107	0	0	0	0	Background
HGNC:53957	GPRACR	0	0	0	0	Background
HGNC:3953	NCS1	0	0	0	0	Background
HGNC:21293	HMCN2	0	0	0	0	Background
HGNC:758	ASS1	0	0	0	0	Background
HGNC:4005	FUBP3	0	0	0	0	Background
HGNC:13997	PRDM12	0	0	0	0	Background
HGNC:17097	EXOSC2	0	0	0	0	Background
HGNC:76	ABL1	0	0	0	0	Background
HGNC:29982	QRFP	0	0	0	0	Background
HGNC:25922	FIBCD1	0	0	0	0	Background
HGNC:6494	LAMC3	0	0	0	0	Background
HGNC:28904	AIF1L	0	0	0	0	Background
HGNC:8064	NUP214	0	0	0	0	Background
HGNC:25465	FAM78A	0	0	0	0	Background
HGNC:28174	PLPP7	0	0	0	0	Background
HGNC:28121	PRRC2B	0	0	0	0	Background
HGNC:9202	POMT1	0	1	1	0	ASD_only
HGNC:14859	UCK1	0	0	0	0	Background
HGNC:4568	RAPGEF1	0	0	0	0	Background
HGNC:2377	MED27	0	0	0	0	Background
HGNC:14288	NTNG2	0	0	0	0	Background
HGNC:445	SETX	0	0	0	0	Background
HGNC:12397	TTF1	0	0	0	0	Background
HGNC:33776	CFAP77	0	0	0	0	Background
HGNC:953	BARHL1	0	0	0	0	Background
HGNC:16715	DDX31	0	0	0	0	Background
HGNC:4667	GTF3C4	0	0	0	0	Background
HGNC:26526	AK8	0	0	0	0	Background
HGNC:1367	SPACA9	0	0	0	0	Background
HGNC:12362	TSC1	0	1	1	0	ASD_only
HGNC:4238	GFI1B	0	0	0	0	Background
HGNC:4668	GTF3C5	0	0	0	0	Background
HGNC:1848	CEL	0	0	0	0	Background
HGNC:9842	RALGDS	0	0	0	0	Background
HGNC:20460	GBGT1	0	0	0	0	Background
HGNC:23381	OBP2B	0	0	0	0	Background
HGNC:11478	SURF6	0	0	0	0	Background
HGNC:11477	MED22	0	0	0	0	Background
HGNC:10364	RPL7A	0	0	0	0	Background
HGNC:11474	SURF1	0	0	0	0	Background
HGNC:11475	SURF2	0	0	0	0	Background
HGNC:11476	SURF4	0	0	0	0	Background
HGNC:28669	STKLD1	0	0	0	0	Background
HGNC:12820	REXO4	0	0	0	0	Background
HGNC:1366	ADAMTS13	0	0	0	0	Background
HGNC:1365	CACFD1	0	0	0	0	Background
HGNC:11011	SLC2A6	0	0	0	0	Background
HGNC:33778	MYMK	0	0	0	0	Background
HGNC:14631	ADAMTSL2	0	0	0	0	Background
HGNC:33277	FAM163B	0	0	0	0	Background
HGNC:2689	DBH	0	0	0	0	Background
HGNC:10536	SARDH	0	0	0	0	Background
HGNC:12658	VAV2	0	0	0	0	Background
HGNC:1104	BRD3	0	0	0	0	Background
HGNC:12757	WDR5	0	0	0	0	Background
HGNC:10477	RXRA	0	0	0	0	Background
HGNC:2209	COL5A1	0	0	0	0	Background
HGNC:3624	FCN2	0	0	0	0	Background
HGNC:3623	FCN1	0	0	0	0	Background
HGNC:17187	OLFM1	0	0	0	0	Background
HGNC:28581	LINC02907	0	0	0	0	Background
HGNC:29089	PPP1R26	0	0	0	0	Background
HGNC:28435	PIERCE1	0	0	0	0	Background
HGNC:14495	MRPS2	0	0	0	0	Background
HGNC:6525	LCN1	0	0	0	0	Background
HGNC:23380	OBP2A	0	0	0	0	Background
HGNC:8573	PAEP	0	0	0	0	Background
HGNC:23671	GLT6D1	0	0	0	0	Background
HGNC:17442	LCN9	0	0	0	0	Background
HGNC:27845	SOHLH1	0	0	0	0	Background
HGNC:18865	KCNT1	0	0	0	0	Background
HGNC:19946	CAMSAP1	0	0	0	0	Background
HGNC:30221	UBAC1	0	0	0	0	Background
HGNC:23846	NACC2	0	0	0	0	Background
HGNC:31009	TMEM250	0	0	0	0	Background
HGNC:6595	LHX3	0	0	0	0	Background
HGNC:30249	QSOX2	0	0	0	0	Background
HGNC:17858	GPSM1	0	0	0	0	Background
HGNC:33879	DNLZ	0	0	0	0	Background
HGNC:16391	CARD9	1	0	0	0	IEI_only
HGNC:11137	SNAPC4	0	0	0	0	Background
HGNC:10667	ENTR1	0	0	0	0	Background
HGNC:18667	PMPCA	0	0	0	0	Background
HGNC:21474	INPP5E	0	0	0	0	Background
HGNC:29006	SEC16A	0	0	0	0	Background
HGNC:26718	C9orf163	0	0	0	0	Background
HGNC:7881	NOTCH1	0	1	1	0	ASD_only
HGNC:20594	EGFL7	0	0	0	0	Background
HGNC:325	AGPAT2	0	0	0	0	Background
HGNC:28290	DIPK1B	0	0	0	0	Background
HGNC:20892	LCN10	0	0	0	0	Background
HGNC:17337	LCN6	0	0	0	0	Background
HGNC:27038	LCN8	0	0	0	0	Background
HGNC:33777	LCN15	0	0	0	0	Background
HGNC:28211	TMEM141	0	0	0	0	Background
HGNC:28236	CCDC183	0	0	0	0	Background
HGNC:24703	RABL6	0	0	0	0	Background
HGNC:37284	AJM1	0	0	0	0	Background
HGNC:30033	PHPT1	0	0	0	0	Background
HGNC:24083	MAMDC4	0	0	0	0	Background
HGNC:3164	EDF1	0	0	0	0	Background
HGNC:12032	TRAF2	0	0	0	0	Background
HGNC:13613	FBXW5	0	0	0	0	Background
HGNC:1354	C8G	1	0	0	0	IEI_only
HGNC:28733	LCN12	0	0	0	0	Background
HGNC:18147	LINC02692	0	0	0	0	Background
HGNC:9592	PTGDS	0	0	0	0	Background
HGNC:34436	LCNL1	0	0	0	0	Background
HGNC:27849	PAXX	0	0	0	0	Background
HGNC:2064	CLIC3	0	0	0	0	Background
HGNC:32	ABCA2	0	0	0	0	Background
HGNC:31426	LINC02908	0	0	0	0	Background
HGNC:4018	FUT7	0	0	0	0	Background
HGNC:7899	NPDC1	0	0	0	0	Background
HGNC:3364	ENTPD2	0	0	0	0	Background
HGNC:28055	SAPCD2	0	0	0	0	Background
HGNC:28082	UAP1L1	0	0	0	0	Background
HGNC:48715	MAN1B1-DT	0	0	0	0	Background
HGNC:6823	MAN1B1	0	0	0	0	Background
HGNC:14892	DPP7	0	0	0	0	Background
HGNC:4584	GRIN1	0	1	1	0	ASD_only
HGNC:31409	LRRC26	0	0	0	0	Background
HGNC:34059	TMEM210	0	0	0	0	Background
HGNC:19989	ANAPC2	0	0	0	0	Background
HGNC:11321	SSNA1	0	0	0	0	Background
HGNC:26894	TPRN	0	0	0	0	Background
HGNC:28217	TMEM203	0	0	0	0	Background
HGNC:29838	NDOR1	0	0	0	0	Background
HGNC:25420	RNF208	0	0	0	0	Background
HGNC:30529	CYSRT1	0	0	0	0	Background
HGNC:41912	RNF224	0	0	0	0	Background
HGNC:20305	SLC34A3	0	0	0	0	Background
HGNC:20771	TUBB4B	0	0	0	0	Background
HGNC:33818	CIMIP2A	0	0	0	0	Background
HGNC:37285	STPG3	0	0	0	0	Background
HGNC:24324	NELFB	0	0	0	0	Background
HGNC:25981	TOR4A	0	0	0	0	Background
HGNC:33843	NRARP	0	0	0	0	Background
HGNC:26023	EXD3	0	0	0	0	Background
HGNC:10668	NOXA1	0	0	0	0	Background
HGNC:24860	ENTPD8	0	0	0	0	Background
HGNC:29843	NSMF	0	0	0	0	Background
HGNC:24768	PNPLA7	0	1	1	0	ASD_only
HGNC:14492	MRPL41	0	0	0	0	Background
HGNC:25199	DPH7	0	0	0	0	Background
HGNC:21146	ZMYND19	0	0	0	0	Background
HGNC:28633	ARRDC1	0	0	0	0	Background
HGNC:23395	ARRDC1-AS1	0	0	0	0	Background
HGNC:24650	EHMT1	0	1	1	0	ASD_only
HGNC:1389	CACNA1B	0	1	1	0	ASD_only
HGNC:20773	TUBB8	0	0	0	0	Background
HGNC:16966	ZMYND11	0	1	1	0	ASD_only
HGNC:29150	DIP2C	0	1	1	0	ASD_only
HGNC:30724	DIP2C-AS1	0	0	0	0	Background
HGNC:28987	LARP4B	0	0	0	0	Background
HGNC:21535	GTPBP4	0	0	0	0	Background
HGNC:23487	IDI2	0	0	0	0	Background
HGNC:5387	IDI1	0	0	0	0	Background
HGNC:31406	WDR37	0	0	0	0	Background
HGNC:227	ADARB2	0	0	0	0	Background
HGNC:8878	PFKP	0	0	0	0	Background
HGNC:17663	PITRM1	0	0	0	0	Background
HGNC:2235	KLF6	0	0	0	0	Background
HGNC:23437	AKR1E2	0	0	0	0	Background
HGNC:384	AKR1C1	0	0	0	0	Background
HGNC:385	AKR1C2	0	0	0	0	Background
HGNC:386	AKR1C3	0	0	0	0	Background
HGNC:387	AKR1C4	0	0	0	0	Background
HGNC:17781	UCN3	0	0	0	0	Background
HGNC:23534	TUBAL3	0	0	0	0	Background
HGNC:14592	NET1	0	0	0	0	Background
HGNC:18180	CALML5	0	0	0	0	Background
HGNC:1452	CALML3	0	0	0	0	Background
HGNC:19765	ASB13	0	0	0	0	Background
HGNC:23484	TASOR2	0	0	0	0	Background
HGNC:4227	GDI2	0	0	0	0	Background
HGNC:23471	ANKRD16	0	0	0	0	Background
HGNC:13620	FBH1	0	0	0	0	Background
HGNC:5978	IL15RA	0	0	0	0	Background
HGNC:6008	IL2RA	1	0	0	0	IEI_only
HGNC:16944	RBM17	0	0	0	0	Background
HGNC:8874	PFKFB3	0	0	0	0	Background
HGNC:54142	LINC02656	0	0	0	0	Background
HGNC:9410	PRKCQ	0	0	0	0	Background
HGNC:20256	SFMBT2	0	0	0	0	Background
HGNC:21449	ITIH5	0	0	0	0	Background
HGNC:6167	ITIH2	0	0	0	0	Background
HGNC:6327	KIN	0	0	0	0	Background
HGNC:833	ATP5F1C	0	0	0	0	Background
HGNC:17303	TAF3	0	0	0	0	Background
HGNC:4172	GATA3	0	0	0	0	Background
HGNC:2550	CELF2	0	1	1	0	ASD_only
HGNC:16858	USP6NL	0	0	0	0	Background
HGNC:23489	ECHDC3	0	0	0	0	Background
HGNC:23728	PROSER2	0	0	0	0	Background
HGNC:17854	UPF2	0	1	1	0	ASD_only
HGNC:23537	DHTKD1	0	0	0	0	Background
HGNC:17702	SEC61A2	0	0	0	0	Background
HGNC:8052	NUDT5	0	0	0	0	Background
HGNC:16827	CDC123	0	0	0	0	Background
HGNC:19341	CAMK1D	0	0	0	0	Background
HGNC:23813	CCDC3	0	0	0	0	Background
HGNC:17142	OPTN	0	0	0	0	Background
HGNC:18043	MCM10	1	0	0	0	IEI_only
HGNC:25205	UCMA	0	0	0	0	Background
HGNC:8940	PHYH	0	0	0	0	Background
HGNC:51355	RBISP1	0	0	0	0	Background
HGNC:19685	SEPHS1	0	0	0	0	Background
HGNC:23514	BEND7	0	0	0	0	Background
HGNC:17351	PRPF18	0	0	0	0	Background
HGNC:25491	FRMD4A	0	0	0	0	Background
HGNC:23726	FAM107B	0	0	0	0	Background
HGNC:24913	CDNF	0	0	0	0	Background
HGNC:29526	HSPA14	0	0	0	0	Background
HGNC:17287	SUV39H2	0	0	0	0	Background
HGNC:17642	DCLRE1C	1	0	0	0	IEI_only
HGNC:23429	MEIG1	0	0	0	0	Background
HGNC:25625	OLAH	0	0	0	0	Background
HGNC:17715	ACBD7	0	0	0	0	Background
HGNC:28582	RPP38-DT	0	0	0	0	Background
HGNC:30329	RPP38	0	0	0	0	Background
HGNC:7858	NMT2	0	0	0	0	Background
HGNC:23522	FAM171A1	0	0	0	0	Background
HGNC:6144	ITGA8	0	0	0	0	Background
HGNC:23578	MINDY3	0	0	0	0	Background
HGNC:9590	PTER	0	0	0	0	Background
HGNC:19359	C1QL3	0	0	0	0	Background
HGNC:10464	RSU1	0	0	0	0	Background
HGNC:2548	CUBN	0	0	0	0	Background
HGNC:2977	TRDMT1	0	0	0	0	Background
HGNC:12692	VIM	0	0	0	0	Background
HGNC:23317	ST8SIA6	0	0	0	0	Background
HGNC:9639	HACD1	0	0	0	0	Background
HGNC:11357	STAM	0	0	0	0	Background
HGNC:23473	TMEM236	0	0	0	0	Background
HGNC:7228	MRC1	0	0	0	0	Background
HGNC:20860	SLC39A12	0	0	0	0	Background
HGNC:1402	CACNB2	0	1	1	0	ASD_only
HGNC:23529	NSUN6	0	0	0	0	Background
HGNC:23052	ARL5B	0	0	0	0	Background
HGNC:24331	MALRD1	0	0	0	0	Background
HGNC:21013	PLXDC2	0	0	0	0	Background
HGNC:16932	NEBL	0	0	0	0	Background
HGNC:31448	MIR1915HG	0	0	0	0	Background
HGNC:32697	SKIDA1	0	0	0	0	Background
HGNC:16063	MLLT10	0	0	0	0	Background
HGNC:20090	DNAJC1	0	0	0	0	Background
HGNC:39430	EBLN1	0	0	0	0	Background
HGNC:23332	COMMD3	0	0	0	0	Background
HGNC:48326	COMMD3-BMI1	0	0	0	0	Background
HGNC:1066	BMI1	0	0	0	0	Background
HGNC:11215	SPAG6	0	0	0	0	Background
HGNC:8997	PIP4K2A	0	0	0	0	Background
HGNC:30964	ARMC3	0	0	0	0	Background
HGNC:17061	MSRB2	0	0	0	0	Background
HGNC:23734	PTF1A	0	0	0	0	Background
HGNC:28716	C10orf67	0	0	0	0	Background
HGNC:27346	OTUD1	0	0	0	0	Background
HGNC:25428	KIAA1217	0	0	0	0	Background
HGNC:23725	ARHGAP21	0	0	0	0	Background
HGNC:23333	PRTFDC1	0	0	0	0	Background
HGNC:28388	ENKUR	0	0	0	0	Background
HGNC:26160	THNSL1	0	0	0	0	Background
HGNC:23689	GPR158	0	0	0	0	Background
HGNC:7601	MYO3A	0	0	0	0	Background
HGNC:4093	GAD2	0	0	0	0	Background
HGNC:17379	APBB1IP	0	0	0	0	Background
HGNC:17759	PDSS1	0	0	0	0	Background
HGNC:11320	ABI1	0	0	0	0	Background
HGNC:29186	ANKRD26	0	0	0	0	Background
HGNC:12843	YME1L1	0	0	0	0	Background
HGNC:19042	MASTL	0	0	0	0	Background
HGNC:23338	ACBD5	0	0	0	0	Background
HGNC:24776	PTCHD3	0	0	0	0	Background
HGNC:14244	RAB18	0	0	0	0	Background
HGNC:23729	MKX	0	1	1	0	ASD_only
HGNC:25583	ODAD2	0	0	0	0	Background
HGNC:26542	MPP7	0	0	0	0	Background
HGNC:17327	WAC	0	1	1	0	ASD_only
HGNC:30251	BAMBI	0	0	0	0	Background
HGNC:28693	C10orf126	0	0	0	0	Background
HGNC:30502	LYZL1	0	0	0	0	Background
HGNC:11480	SVIL	0	0	0	0	Background
HGNC:29283	JCAD	0	0	0	0	Background
HGNC:25532	MTPAP	0	0	0	0	Background
HGNC:6860	MAP3K8	0	0	0	0	Background
HGNC:29613	LYZL2	0	0	0	0	Background
HGNC:21029	ZNF438	0	0	0	0	Background
HGNC:11642	ZEB1	0	0	0	0	Background
HGNC:16348	ARHGAP12	0	0	0	0	Background
HGNC:6324	KIF5B	0	0	0	0	Background
HGNC:19876	EPC1	0	0	0	0	Background
HGNC:26533	CCDC7	0	0	0	0	Background
HGNC:6153	ITGB1	0	0	0	0	Background
HGNC:8004	NRP1	0	0	0	0	Background
HGNC:16051	PARD3	0	0	0	0	Background
HGNC:2552	CUL2	0	0	0	0	Background
HGNC:2352	CREM	0	0	0	0	Background
HGNC:23354	CCNY	0	0	0	0	Background
HGNC:23296	GJD4	0	0	0	0	Background
HGNC:4046	FZD8	0	0	0	0	Background
HGNC:17633	NAMPTP1	0	0	0	0	Background
HGNC:17234	ANKRD30A	0	0	0	0	Background
HGNC:37164	MTRNR2L7	0	0	0	0	Background
HGNC:13041	ZNF248	0	0	0	0	Background
HGNC:13043	ZNF25	0	0	0	0	Background
HGNC:13096	ZNF33A	0	0	0	0	Background
HGNC:13102	ZNF37A	0	0	0	0	Background
HGNC:38537	LINC00999	0	0	0	0	Background
HGNC:13097	ZNF33B	0	0	0	0	Background
HGNC:23505	BMS1	0	0	0	0	Background
HGNC:9967	RET	0	0	0	0	Background
HGNC:24292	CSGALNACT2	0	0	0	0	Background
HGNC:24246	RASGEF1A	0	0	0	0	Background
HGNC:4028	FXYD4	0	0	0	0	Background
HGNC:5039	HNRNPF	0	1	1	0	ASD_only
HGNC:23488	ZNF487	0	0	0	0	Background
HGNC:13031	ZNF239	0	0	0	0	Background
HGNC:23440	ZNF485	0	0	0	0	Background
HGNC:13095	ZNF32	0	0	0	0	Background
HGNC:10672	CXCL12	0	0	0	0	Background
HGNC:31658	TMEM72	0	0	0	0	Background
HGNC:20793	RASSF4	0	0	0	0	Background
HGNC:23355	DEPP1	0	0	0	0	Background
HGNC:23509	ZNF22-AS1	0	0	0	0	Background
HGNC:13012	ZNF22	0	0	0	0	Background
HGNC:14772	OR13A1	0	0	0	0	Background
HGNC:435	ALOX5	0	0	0	0	Background
HGNC:23356	MARCHF8	0	0	0	0	Background
HGNC:23504	ZFAND4	0	0	0	0	Background
HGNC:23414	WASHC2C	0	0	0	0	Background
HGNC:23587	FAM25EP	0	0	0	0	Background
HGNC:23459	AGAP4	0	0	0	0	Background
HGNC:23423	PTPN20	0	0	0	0	Background
HGNC:17167	SYT15	0	0	0	0	Background
HGNC:23730	GPRIN2	0	0	0	0	Background
HGNC:9329	NPY4R	0	0	0	0	Background
HGNC:23334	ANXA8L1	0	0	0	0	Background
HGNC:23590	FAM25G	0	0	0	0	Background
HGNC:23463	AGAP9	0	0	0	0	Background
HGNC:27277	ANTXRL	0	0	0	0	Background
HGNC:546	ANXA8	0	0	0	0	Background
HGNC:23535	ZNF488	0	0	0	0	Background
HGNC:9921	RBP3	0	0	0	0	Background
HGNC:4217	GDF2	0	0	0	0	Background
HGNC:4215	GDF10	0	0	0	0	Background
HGNC:23586	FAM25C	0	0	0	0	Background
HGNC:28572	FRMPD2	0	0	0	0	Background
HGNC:6881	MAPK8	1	0	0	0	IEI_only
HGNC:30320	ARHGAP22	0	0	0	0	Background
HGNC:29323	WDFY4	0	1	1	0	ASD_only
HGNC:23199	LRRC18	0	0	0	0	Background
HGNC:26470	VSTM4	0	0	0	0	Background
HGNC:19736	FAM170B	0	0	0	0	Background
HGNC:27274	TMEM273	0	0	0	0	Background
HGNC:26973	C10orf71	0	0	0	0	Background
HGNC:21536	DRGX	0	0	0	0	Background
HGNC:3438	ERCC6	0	0	0	0	Background
HGNC:19400	PGBD3	0	0	0	0	Background
HGNC:1912	CHAT	0	0	0	0	Background
HGNC:10936	SLC18A3	0	0	0	0	Background
HGNC:27421	C10orf53	0	0	0	0	Background
HGNC:25590	OGDHL	0	0	0	0	Background
HGNC:8605	PARG	0	0	0	0	Background
HGNC:23581	TIMM23B	0	0	0	0	Background
HGNC:7372	MSMB	0	0	0	0	Background
HGNC:7671	NCOA4	0	0	0	0	Background
HGNC:17312	TIMM23	0	0	0	0	Background
HGNC:23466	AGAP6	0	0	0	0	Background
HGNC:23416	WASHC2A	0	0	0	0	Background
HGNC:18860	ASAH2	0	0	0	0	Background
HGNC:29799	SGMS1	0	0	0	0	Background
HGNC:23456	ASAH2B	0	0	0	0	Background
HGNC:24086	A1CF	0	0	0	0	Background
HGNC:9414	PRKG1	0	0	0	0	Background
HGNC:17086	CSTF2T	0	0	0	0	Background
HGNC:2891	DKK1	0	0	0	0	Background
HGNC:6922	MBL2	0	0	0	0	Background
HGNC:14674	PCDH15	0	1	1	0	ASD_only
HGNC:37162	MTRNR2L5	0	0	0	0	Background
HGNC:13195	ZWINT	0	0	0	0	Background
HGNC:20739	IPMK	0	0	0	0	Background
HGNC:30880	CISD1	0	0	0	0	Background
HGNC:12474	UBE2D1	0	0	0	0	Background
HGNC:11741	TFAM	0	0	0	0	Background
HGNC:19351	BICC1	0	0	0	0	Background
HGNC:29378	PHYHIPL	0	0	0	0	Background
HGNC:19371	FAM13C	0	0	0	0	Background
HGNC:23520	SLC16A9	0	0	0	0	Background
HGNC:18782	CCDC6	0	0	0	0	Background
HGNC:23524	LINC01553	0	0	0	0	Background
HGNC:494	ANK3	0	1	1	0	ASD_only
HGNC:1722	CDK1	0	0	0	0	Background
HGNC:18738	RHOBTB1	0	0	0	0	Background
HGNC:28550	TMEM26	0	0	0	0	Background
HGNC:28678	CABCOCO1	0	0	0	0	Background
HGNC:17362	ARID5B	0	0	0	0	Background
HGNC:19364	RTKN2	0	0	0	0	Background
HGNC:18194	ZNF365	0	0	0	0	Background
HGNC:23506	ADO	0	0	0	0	Background
HGNC:3239	EGR2	0	0	0	0	Background
HGNC:19692	NRBF2	0	0	0	0	Background
HGNC:12313	JMJD1C	0	1	1	0	ASD_only
HGNC:23711	REEP3	0	1	1	0	ASD_only
HGNC:2511	CTNNA3	0	1	1	0	ASD_only
HGNC:19410	LRRTM3	0	0	0	0	Background
HGNC:28908	DNAJC12	0	0	0	0	Background
HGNC:14929	SIRT1	0	0	0	0	Background
HGNC:24521	HERC4	0	0	0	0	Background
HGNC:23246	MYPN	0	0	0	0	Background
HGNC:13907	ATOH7	0	0	0	0	Background
HGNC:23301	PBLD	0	0	0	0	Background
HGNC:5043	HNRNPH3	0	0	0	0	Background
HGNC:19761	RUFY2	0	0	0	0	Background
HGNC:2939	DNA2	0	0	0	0	Background
HGNC:10986	SLC25A16	0	0	0	0	Background
HGNC:29484	TET1	0	0	0	0	Background
HGNC:24236	CCAR1	0	0	0	0	Background
HGNC:23508	STOX1	0	0	0	0	Background
HGNC:17906	DDX50	0	0	0	0	Background
HGNC:2744	DDX21	0	0	0	0	Background
HGNC:23419	KIFBP	0	0	0	0	Background
HGNC:9361	SRGN	0	0	0	0	Background
HGNC:12711	VPS26A	0	0	0	0	Background
HGNC:11471	SUPV3L1	0	0	0	0	Background
HGNC:23302	HKDC1	0	0	0	0	Background
HGNC:4922	HK1	0	0	0	0	Background
HGNC:11527	TACR2	0	0	0	0	Background
HGNC:23298	TSPAN15	0	0	0	0	Background
HGNC:13806	NEUROG3	0	0	0	0	Background
HGNC:23519	FAM241B	0	0	0	0	Background
HGNC:54136	LINC02651	0	0	0	0	Background
HGNC:2190	COL13A1	0	0	0	0	Background
HGNC:14453	MACROH2A2	0	0	0	0	Background
HGNC:21411	AIFM2	0	0	0	0	Background
HGNC:28531	TYSND1	0	0	0	0	Background
HGNC:10534	SAR1A	0	0	0	0	Background
HGNC:9226	PPA1	0	0	0	0	Background
HGNC:17425	NPFFR1	0	0	0	0	Background
HGNC:23421	LRRC20	0	0	0	0	Background
HGNC:3289	EIF4EBP2	0	0	0	0	Background
HGNC:7865	NODAL	0	0	0	0	Background
HGNC:23530	PALD1	0	0	0	0	Background
HGNC:9360	PRF1	1	0	0	0	IEI_only
HGNC:14899	ADAMTS14	0	0	0	0	Background
HGNC:23511	TBATA	0	0	0	0	Background
HGNC:10817	SGPL1	1	0	0	0	IEI_only
HGNC:8646	PCBD1	0	0	0	0	Background
HGNC:12568	UNC5B	0	0	0	0	Background
HGNC:23096	SLC29A3	1	0	0	0	IEI_only
HGNC:13733	CDH23	0	0	0	0	Background
HGNC:20304	C10orf105	0	0	0	0	Background
HGNC:30085	VSIR	0	0	0	0	Background
HGNC:9498	PSAP	0	0	0	0	Background
HGNC:1971	CHST3	0	0	0	0	Background
HGNC:13564	SPOCK2	0	0	0	0	Background
HGNC:24268	ASCC1	0	0	0	0	Background
HGNC:26976	ANAPC16	0	0	0	0	Background
HGNC:24944	DDIT4	0	0	0	0	Background
HGNC:14891	DNAJB12	0	0	0	0	Background
HGNC:1530	MICU1	0	0	0	0	Background
HGNC:23526	MCU	0	0	0	0	Background
HGNC:29953	OIT3	0	0	0	0	Background
HGNC:18555	PLA2G12B	0	0	0	0	Background
HGNC:8546	P4HA1	0	0	0	0	Background
HGNC:18827	NUDT13	0	0	0	0	Background
HGNC:17029	ECD	0	0	0	0	Background
HGNC:29162	FAM149B1	0	0	0	0	Background
HGNC:19123	DNAJC9	0	0	0	0	Background
HGNC:14048	MRPS16	0	0	0	0	Background
HGNC:30726	CFAP70	0	0	0	0	Background
HGNC:545	ANXA7	0	0	0	0	Background
HGNC:21000	MSS51	0	0	0	0	Background
HGNC:9315	PPP3CB	0	0	0	0	Background
HGNC:23513	USP54	0	0	0	0	Background
HGNC:13752	MYOZ1	0	0	0	0	Background
HGNC:23532	SYNPO2L	0	0	0	0	Background
HGNC:23467	AGAP5	0	0	0	0	Background
HGNC:10705	SEC24C	0	0	0	0	Background
HGNC:19233	POFUT4	0	0	0	0	Background
HGNC:23518	CHCHD1	0	0	0	0	Background
HGNC:23528	ZSWIM8	0	0	0	0	Background
HGNC:7681	NDST2	0	0	0	0	Background
HGNC:1463	CAMK2G	0	0	0	0	Background
HGNC:9052	PLAU	0	0	0	0	Background
HGNC:31008	C10orf55	0	0	0	0	Background
HGNC:12665	VCL	0	0	0	0	Background
HGNC:569	AP3M1	0	0	0	0	Background
HGNC:257	ADK	0	1	1	0	ASD_only
HGNC:17582	KAT6B	0	0	0	0	Background
HGNC:23481	DUSP29	0	0	0	0	Background
HGNC:19681	DUSP13B	0	0	0	0	Background
HGNC:26320	SAMD8	0	0	0	0	Background
HGNC:12672	VDAC2	0	0	0	0	Background
HGNC:26309	COMTD1	0	0	0	0	Background
HGNC:23589	ZNF503	0	0	0	0	Background
HGNC:23405	LRMDA	0	0	0	0	Background
HGNC:6284	KCNMA1	0	1	1	0	ASD_only
HGNC:2904	DLG5	0	0	0	0	Background
HGNC:30074	POLR3A	1	0	0	0	IEI_only
HGNC:10411	RPS24	0	0	0	0	Background
HGNC:16493	ZMIZ1	0	1	1	0	ASD_only
HGNC:9259	PPIF	0	0	0	0	Background
HGNC:26911	ZCCHC24	0	0	0	0	Background
HGNC:17419	EIF5AL1	0	0	0	0	Background
HGNC:10799	SFTPA2	0	0	0	0	Background
HGNC:10798	SFTPA1	0	0	0	0	Background
HGNC:23445	NUTM2B	0	0	0	0	Background
HGNC:23448	NUTM2E	0	0	0	0	Background
HGNC:10803	SFTPD	0	0	0	0	Background
HGNC:25804	TMEM254	0	0	0	0	Background
HGNC:19255	PLAC9	0	0	0	0	Background
HGNC:535	ANXA11	0	0	0	0	Background
HGNC:6903	MAT1A	0	0	0	0	Background
HGNC:23460	DYDC1	0	1	1	0	ASD_only
HGNC:23468	DYDC2	0	1	1	0	ASD_only
HGNC:28651	PRXL2A	0	0	0	0	Background
HGNC:23303	TSPAN14	0	0	0	0	Background
HGNC:31440	SH2D4B	0	0	0	0	Background
HGNC:7999	NRG3	0	0	0	0	Background
HGNC:17281	GHITM	0	0	0	0	Background
HGNC:31428	GPR15LG	0	0	0	0	Background
HGNC:14550	CDHR1	0	0	0	0	Background
HGNC:23443	LRIT2	0	0	0	0	Background
HGNC:23404	LRIT1	0	0	0	0	Background
HGNC:9990	RGR	0	0	0	0	Background
HGNC:29197	CCSER2	0	0	0	0	Background
HGNC:4575	GRID1	0	1	1	0	ASD_only
HGNC:23293	WAPL	0	0	0	0	Background
HGNC:14449	OPN4	0	0	0	0	Background
HGNC:15710	LDB3	0	0	0	0	Background
HGNC:1076	BMPR1A	0	0	0	0	Background
HGNC:19888	MMRN2	0	0	0	0	Background
HGNC:11141	SNCG	0	0	0	0	Background
HGNC:24043	ADIRF	0	0	0	0	Background
HGNC:23436	FAM25A	0	0	0	0	Background
HGNC:4335	GLUD1	0	0	0	0	Background
HGNC:28773	SHLD2	0	0	0	0	Background
HGNC:23438	NUTM2A	0	0	0	0	Background
HGNC:23447	NUTM2D	0	0	0	0	Background
HGNC:7102	MINPP1	0	0	0	0	Background
HGNC:8604	PAPSS2	0	0	0	0	Background
HGNC:25903	ATAD1	0	0	0	0	Background
HGNC:37212	KLLN	0	0	0	0	Background
HGNC:9588	PTEN	1	1	1	1	Overlap_raw
HGNC:25641	RNLS	0	0	0	0	Background
HGNC:21773	LIPJ	0	0	0	0	Background
HGNC:6622	LIPF	0	0	0	0	Background
HGNC:23444	LIPK	0	0	0	0	Background
HGNC:23452	LIPN	0	0	0	0	Background
HGNC:23455	LIPM	0	0	0	0	Background
HGNC:28321	ANKRD22	0	0	0	0	Background
HGNC:24105	STAMBPL1	0	0	0	0	Background
HGNC:130	ACTA2	0	0	0	0	Background
HGNC:11920	FAS	1	0	0	0	IEI_only
HGNC:1907	CH25H	0	0	0	0	Background
HGNC:6617	LIPA	0	0	0	0	Background
HGNC:5409	IFIT2	0	0	0	0	Background
HGNC:5411	IFIT3	0	0	0	0	Background
HGNC:23442	IFIT1B	0	0	0	0	Background
HGNC:5407	IFIT1	0	0	0	0	Background
HGNC:13328	IFIT5	0	0	0	0	Background
HGNC:23094	SLC16A12	0	0	0	0	Background
HGNC:8598	PANK1	0	0	0	0	Background
HGNC:7212	KIF20B	0	0	0	0	Background
HGNC:5302	HTR7	0	0	0	0	Background
HGNC:17688	RPP30	0	0	0	0	Background
HGNC:15819	ANKRD1	0	0	0	0	Background
HGNC:28264	PCGF5	0	0	0	0	Background
HGNC:26736	HECTD2	0	0	0	0	Background
HGNC:9293	PPP1R3C	0	0	0	0	Background
HGNC:15677	TNKS2	0	0	0	0	Background
HGNC:23428	FGFBP3	0	0	0	0	Background
HGNC:17307	BTAF1	0	1	1	0	ASD_only
HGNC:21746	CPEB3	0	0	0	0	Background
HGNC:26025	MARCHF5	0	0	0	0	Background
HGNC:5381	IDE	0	0	0	0	Background
HGNC:6388	KIF11	0	0	0	0	Background
HGNC:4901	HHEX	0	0	0	0	Background
HGNC:23196	EXOC6	0	1	1	0	ASD_only
HGNC:20577	CYP26C1	0	0	0	0	Background
HGNC:2603	CYP26A1	0	0	0	0	Background
HGNC:3656	MYOF	0	0	0	0	Background
HGNC:1161	CEP55	0	0	0	0	Background
HGNC:19061	FFAR4	0	0	0	0	Background
HGNC:9922	RBP4	0	0	0	0	Background
HGNC:8787	PDE6C	0	0	0	0	Background
HGNC:1162	FRA10AC1	0	0	0	0	Background
HGNC:6572	LGI1	0	0	0	0	Background
HGNC:26607	SLC35G1	0	1	1	0	ASD_only
HGNC:17175	PLCE1	0	0	0	0	Background
HGNC:24034	NOC3L	0	0	0	0	Background
HGNC:29082	TBC1D12	0	0	0	0	Background
HGNC:4861	HELLS	1	0	0	0	IEI_only
HGNC:2620	CYP2C18	0	0	0	0	Background
HGNC:2621	CYP2C19	0	0	0	0	Background
HGNC:2623	CYP2C9	0	0	0	0	Background
HGNC:2622	CYP2C8	0	0	0	0	Background
HGNC:31665	ACSM6	0	0	0	0	Background
HGNC:2067	PDLIM1	0	0	0	0	Background
HGNC:14565	SORBS1	0	0	0	0	Background
HGNC:9722	ALDH18A1	0	0	0	0	Background
HGNC:24519	TCTN3	0	0	0	0	Background
HGNC:3363	ENTPD1	0	0	0	0	Background
HGNC:31666	CC2D2B	0	0	0	0	Background
HGNC:23434	CCNJ	0	0	0	0	Background
HGNC:14211	BLNK	1	0	0	0	IEI_only
HGNC:2983	DNTT	0	0	0	0	Background
HGNC:20707	OPALIN	0	0	0	0	Background
HGNC:11844	TLL2	0	0	0	0	Background
HGNC:21529	TM9SF3	0	0	0	0	Background
HGNC:30034	PIK3AP1	0	0	0	0	Background
HGNC:29503	LCOR	0	0	0	0	Background
HGNC:11085	SLIT1	0	0	0	0	Background
HGNC:48348	ARHGAP19-SLIT1	0	0	0	0	Background
HGNC:23724	ARHGAP19	0	0	0	0	Background
HGNC:3944	FRAT1	0	0	0	0	Background
HGNC:16048	FRAT2	0	0	0	0	Background
HGNC:29100	RRP12	0	0	0	0	Background
HGNC:8888	PGAM1	0	0	0	0	Background
HGNC:17286	EXOSC1	0	0	0	0	Background
HGNC:20714	ZDHHC16	0	0	0	0	Background
HGNC:13824	MMS19	0	0	0	0	Background
HGNC:25683	UBTD1	0	0	0	0	Background
HGNC:495	ANKRD2	0	0	0	0	Background
HGNC:25155	HOGA1	0	0	0	0	Background
HGNC:30031	PI4K2A	0	0	0	0	Background
HGNC:23294	C10orf62	0	0	0	0	Background
HGNC:24001	MORN4	0	0	0	0	Background
HGNC:30898	AVPI1	0	0	0	0	Background
HGNC:28674	MARVELD1	0	0	0	0	Background
HGNC:26559	ZFYVE27	0	0	0	0	Background
HGNC:10779	SFRP5	0	0	0	0	Background
HGNC:31668	GOLGA7B	0	0	0	0	Background
HGNC:14882	CRTAC1	0	0	0	0	Background
HGNC:23512	R3HCC1L	0	0	0	0	Background
HGNC:17171	LOXL4	0	0	0	0	Background
HGNC:23517	PYROXD2	0	0	0	0	Background
HGNC:5163	HPS1	0	0	0	0	Background
HGNC:18374	HPSE2	0	0	0	0	Background
HGNC:102	CNNM1	0	0	0	0	Background
HGNC:4432	GOT1	0	0	0	0	Background
HGNC:7836	NKX2-3	0	0	0	0	Background
HGNC:23472	SLC25A28	0	0	0	0	Background
HGNC:19745	ENTPD7	0	0	0	0	Background
HGNC:24271	CUTC	0	0	0	0	Background
HGNC:2263	COX15	0	0	0	0	Background
HGNC:53	ABCC2	0	0	0	0	Background
HGNC:30373	DNMBP	0	0	0	0	Background
HGNC:2312	CPN1	0	0	0	0	Background
HGNC:16947	ERLIN1	0	0	0	0	Background
HGNC:1974	CHUK	1	0	0	0	IEI_only
HGNC:25613	CWF19L1	0	0	0	0	Background
HGNC:20984	BLOC1S2	0	0	0	0	Background
HGNC:9011	PKD2L1	0	0	0	0	Background
HGNC:10571	SCD	0	0	0	0	Background
HGNC:12789	WNT8B	0	0	0	0	Background
HGNC:23197	SEC31B	0	0	0	0	Background
HGNC:7703	NDUFB8	0	0	0	0	Background
HGNC:17113	HIF1AN	0	0	0	0	Background
HGNC:8616	PAX2	0	0	0	0	Background
HGNC:17814	SLF2	0	0	0	0	Background
HGNC:14517	MRPL43	0	0	0	0	Background
HGNC:10735	SEMA4G	0	0	0	0	Background
HGNC:1160	TWNK	0	0	0	0	Background
HGNC:29381	LZTS2	0	1	1	0	ASD_only
HGNC:26257	PDZD7	0	0	0	0	Background
HGNC:16087	SFXN3	0	0	0	0	Background
HGNC:25460	KAZALD1	0	0	0	0	Background
HGNC:37183	TLX1NB	0	0	0	0	Background
HGNC:5056	TLX1	0	0	0	0	Background
HGNC:16960	LBX1	0	0	0	0	Background
HGNC:1144	BTRC	0	1	1	0	ASD_only
HGNC:24542	DPCD	0	0	0	0	Background
HGNC:9184	POLL	0	0	0	0	Background
HGNC:10847	FBXW4	0	0	0	0	Background
HGNC:3686	FGF8	0	0	0	0	Background
HGNC:7931	NPM3	0	0	0	0	Background
HGNC:7056	OGA	0	0	0	0	Background
HGNC:15522	KCNIP2	0	0	0	0	Background
HGNC:25788	ARMH3	0	0	0	0	Background
HGNC:18817	HPS6	0	0	0	0	Background
HGNC:6532	LDB1	0	1	1	0	ASD_only
HGNC:30025	PPRC1	0	0	0	0	Background
HGNC:15608	NOLC1	0	0	0	0	Background
HGNC:18047	ELOVL3	0	0	0	0	Background
HGNC:9006	PITX3	0	0	0	0	Background
HGNC:4181	GBF1	0	0	0	0	Background
HGNC:7795	NFKB2	1	0	0	0	IEI_only
HGNC:9507	PSD	0	0	0	0	Background
HGNC:28155	FBXL15	0	0	0	0	Background
HGNC:28352	CUEDC2	0	0	0	0	Background
HGNC:25880	C10orf95	0	0	0	0	Background
HGNC:26196	SLC68A1	0	0	0	0	Background
HGNC:167	ACTR1A	0	0	0	0	Background
HGNC:16466	SUFU	0	0	0	0	Background
HGNC:15579	TRIM8	0	0	0	0	Background
HGNC:694	ARL3	0	0	0	0	Background
HGNC:16086	SFXN2	0	0	0	0	Background
HGNC:23510	WBP1L	0	0	0	0	Background
HGNC:2593	CYP17A1	0	0	0	0	Background
HGNC:23516	BORCS7	0	0	0	0	Background
HGNC:49183	BORCS7-ASMT	0	0	0	0	Background
HGNC:17452	AS3MT	0	0	0	0	Background
HGNC:103	CNNM2	0	0	0	0	Background
HGNC:8022	NT5C2	0	0	0	0	Background
HGNC:45241	RPEL1	0	0	0	0	Background
HGNC:6057	INA	0	0	0	0	Background
HGNC:21156	PCGF6	0	0	0	0	Background
HGNC:11539	TAF5	0	0	0	0	Background
HGNC:30889	ATP5MK	0	0	0	0	Background
HGNC:13408	PDCD11	0	0	0	0	Background
HGNC:23493	CALHM2	0	0	0	0	Background
HGNC:23494	CALHM1	0	0	0	0	Background
HGNC:23458	CALHM3	0	0	0	0	Background
HGNC:7761	NEURL1	0	0	0	0	Background
HGNC:23664	SH3PXD2A	0	0	0	0	Background
HGNC:26200	STN1	1	0	0	0	IEI_only
HGNC:11088	SLK	0	0	0	0	Background
HGNC:2194	COL17A1	0	0	0	0	Background
HGNC:29574	SFR1	0	0	0	0	Background
HGNC:26684	CFAP43	0	0	0	0	Background
HGNC:13312	GSTO1	0	0	0	0	Background
HGNC:23064	GSTO2	0	0	0	0	Background
HGNC:29370	ITPRIP	0	0	0	0	Background
HGNC:26676	CFAP58	0	0	0	0	Background
HGNC:16699	SORCS3	0	1	1	0	ASD_only
HGNC:16697	SORCS1	0	0	0	0	Background
HGNC:12822	XPNPEP1	0	0	0	0	Background
HGNC:48682	ADD3-AS1	0	0	0	0	Background
HGNC:245	ADD3	0	0	0	0	Background
HGNC:7534	MXI1	0	0	0	0	Background
HGNC:16900	SMNDC1	0	0	0	0	Background
HGNC:3071	DUSP5	0	0	0	0	Background
HGNC:2468	SMC3	0	1	1	0	ASD_only
HGNC:27424	RBM20	0	0	0	0	Background
HGNC:8763	PDCD4	0	0	0	0	Background
HGNC:28093	BBIP1	0	0	0	0	Background
HGNC:15454	SHOC2	0	0	0	0	Background
HGNC:281	ADRA2A	0	0	0	0	Background
HGNC:24865	GPAM	0	0	0	0	Background
HGNC:11721	TECTB	0	0	0	0	Background
HGNC:16526	ACSL5	0	0	0	0	Background
HGNC:19160	ZDHHC6	0	0	0	0	Background
HGNC:17792	VTI1A	0	0	0	0	Background
HGNC:11641	TCF7L2	0	1	1	0	ASD_only
HGNC:4798	HABP2	0	0	0	0	Background
HGNC:7988	NRAP	0	0	0	0	Background
HGNC:1508	CASP7	0	0	0	0	Background
HGNC:26285	PLEKHS1	0	0	0	0	Background
HGNC:17660	DCLRE1A	0	0	0	0	Background
HGNC:24731	NHLRC2	0	0	0	0	Background
HGNC:285	ADRB1	0	0	0	0	Background
HGNC:24349	CCDC186	0	0	0	0	Background
HGNC:11712	TDRD1	0	0	0	0	Background
HGNC:24709	VWA2	0	0	0	0	Background
HGNC:25901	AFAP1L2	0	0	0	0	Background
HGNC:78	ABLIM1	0	0	0	0	Background
HGNC:29320	FHIP2A	0	0	0	0	Background
HGNC:16060	TRUB1	0	0	0	0	Background
HGNC:29063	ATRNL1	0	0	0	0	Background
HGNC:4243	GFRA1	0	0	0	0	Background
HGNC:30524	CCDC172	0	0	0	0	Background
HGNC:23492	PNLIPRP3	0	0	0	0	Background
HGNC:9155	PNLIP	0	0	0	0	Background
HGNC:9156	PNLIPRP1	0	0	0	0	Background
HGNC:28500	SPMIP5	0	0	0	0	Background
HGNC:19022	HSPA12A	0	0	0	0	Background
HGNC:31670	ENO4	0	0	0	0	Background
HGNC:29319	SHTN1	0	0	0	0	Background
HGNC:12660	VAX1	0	0	0	0	Background
HGNC:19439	KCNK18	0	0	0	0	Background
HGNC:10935	SLC18A2	0	0	0	0	Background
HGNC:26974	PDZD8	0	0	0	0	Background
HGNC:3341	EMX2	0	0	0	0	Background
HGNC:29152	RAB11FIP2	0	0	0	0	Background
HGNC:25794	FAM204A	0	0	0	0	Background
HGNC:4464	PRLHR	0	0	0	0	Background
HGNC:23727	CACUL1	0	0	0	0	Background
HGNC:23044	NANOS1	0	0	0	0	Background
HGNC:3271	EIF3A	0	0	0	0	Background
HGNC:31793	DENND10	0	0	0	0	Background
HGNC:16088	SFXN4	0	0	0	0	Background
HGNC:9354	PRDX3	0	0	0	0	Background
HGNC:4544	GRK5	0	0	0	0	Background
HGNC:9992	RGS10	0	0	0	0	Background
HGNC:11804	TIAL1	0	0	0	0	Background
HGNC:939	BAG3	0	0	0	0	Background
HGNC:17054	INPP5F	0	0	0	0	Background
HGNC:25782	MCMBP	0	0	0	0	Background
HGNC:17018	SEC23IP	0	0	0	0	Background
HGNC:23531	PLPP4	0	0	0	0	Background
HGNC:31365	LINC01561	0	0	0	0	Background
HGNC:13831	WDR11	0	0	0	0	Background
HGNC:3689	FGFR2	0	0	0	0	Background
HGNC:782	ATE1	0	0	0	0	Background
HGNC:25935	NSMCE4A	0	0	0	0	Background
HGNC:11523	TACC2	0	0	0	0	Background
HGNC:26340	BTBD16	0	0	0	0	Background
HGNC:14335	PLEKHA1	0	0	0	0	Background
HGNC:32685	ARMS2	0	0	0	0	Background
HGNC:9476	HTRA1	0	0	0	0	Background
HGNC:2926	DMBT1	0	0	0	0	Background
HGNC:25707	C10orf120	0	0	0	0	Background
HGNC:17937	CUZD1	0	0	0	0	Background
HGNC:23475	FAM24B	0	0	0	0	Background
HGNC:23470	FAM24A	0	0	0	0	Background
HGNC:25822	C10orf88	0	0	0	0	Background
HGNC:28578	PSTK	0	0	0	0	Background
HGNC:14283	IKZF5	0	0	0	0	Background
HGNC:91	ACADSB	0	0	0	0	Background
HGNC:5019	HMX3	0	0	0	0	Background
HGNC:5018	HMX2	0	0	0	0	Background
HGNC:1151	BUB3	0	0	0	0	Background
HGNC:4481	GPR26	0	0	0	0	Background
HGNC:26977	CPXM2	0	0	0	0	Background
HGNC:18137	CHST15	0	0	0	0	Background
HGNC:8091	OAT	0	0	0	0	Background
HGNC:31652	NKX1-2	0	0	0	0	Background
HGNC:30042	LHPP	0	0	0	0	Background
HGNC:28968	FAM53B	0	0	0	0	Background
HGNC:33787	EEF1AKMT2	0	0	0	0	Background
HGNC:28975	ABRAXAS2	0	0	0	0	Background
HGNC:18224	ZRANB1	0	0	0	0	Background
HGNC:2495	CTBP2	0	0	0	0	Background
HGNC:31653	TEX36	0	0	0	0	Background
HGNC:24640	EDRF1	0	0	0	0	Background
HGNC:14357	MMP21	0	0	0	0	Background
HGNC:12592	UROS	0	0	0	0	Background
HGNC:978	BCCIP	0	0	0	0	Background
HGNC:16717	DHX32	0	0	0	0	Background
HGNC:23527	FANK1	0	0	0	0	Background
HGNC:190	ADAM12	0	0	0	0	Background
HGNC:26563	C10orf90	0	0	0	0	Background
HGNC:2987	DOCK1	0	1	1	0	ASD_only
HGNC:33859	INSYN2A	0	0	0	0	Background
HGNC:33940	NPS	0	0	0	0	Background
HGNC:32448	FOXI2	0	0	0	0	Background
HGNC:20795	CLRN3	0	0	0	0	Background
HGNC:9669	PTPRE	0	0	0	0	Background
HGNC:7107	MKI67	0	0	0	0	Background
HGNC:7059	MGMT	0	0	0	0	Background
HGNC:19087	EBF3	0	1	1	0	ASD_only
HGNC:15987	GLRX3	0	0	0	0	Background
HGNC:23533	TCERG1L	0	0	0	0	Background
HGNC:49533	LINC01164	0	0	0	0	Background
HGNC:23732	PPP2R2D	0	0	0	0	Background
HGNC:1084	BNIP3	0	0	0	0	Background
HGNC:23523	JAKMIP3	0	0	0	0	Background
HGNC:3016	DPYSL4	0	0	0	0	Background
HGNC:21332	STK32C	0	0	0	0	Background
HGNC:29346	LRRC27	0	0	0	0	Background
HGNC:25150	PWWP2B	0	0	0	0	Background
HGNC:27275	LINC02870	0	0	0	0	Background
HGNC:6076	INPP5A	0	0	0	0	Background
HGNC:19321	NKX6-2	0	0	0	0	Background
HGNC:25247	CFAP46	0	0	0	0	Background
HGNC:13838	ADGRA1	0	0	0	0	Background
HGNC:29374	KNDC1	0	0	0	0	Background
HGNC:12634	UTF1	0	0	0	0	Background
HGNC:13639	VENTX	0	0	0	0	Background
HGNC:215	ADAM8	0	0	0	0	Background
HGNC:18599	TUBGCP2	0	0	0	0	Background
HGNC:28445	ZNF511	0	0	0	0	Background
HGNC:17938	CALY	0	0	0	0	Background
HGNC:23304	PRAP1	0	0	0	0	Background
HGNC:24733	FUOM	0	0	0	0	Background
HGNC:3151	ECHS1	0	0	0	0	Background
HGNC:20837	PAOX	0	0	0	0	Background
HGNC:32159	MTG1	0	0	0	0	Background
HGNC:16871	SPRN	0	0	0	0	Background
HGNC:2631	CYP2E1	0	0	0	0	Background
HGNC:28852	SYCE1	0	0	0	0	Background
HGNC:33518	FRG2B	0	0	0	0	Background
HGNC:19348	BET1L	0	0	0	0	Background
HGNC:18394	SCGB1C1	0	0	0	0	Background
HGNC:19905	CIMAP1A	0	0	0	0	Background
HGNC:29550	RIC8A	0	0	0	0	Background
HGNC:14931	SIRT3	0	0	0	0	Background
HGNC:9558	PSMD13	0	0	0	0	Background
HGNC:22944	NLRP6	0	0	0	0	Background
HGNC:26210	PGGHG	0	0	0	0	Background
HGNC:16644	IFITM5	0	0	0	0	Background
HGNC:5413	IFITM2	0	0	0	0	Background
HGNC:5412	IFITM1	0	0	0	0	Background
HGNC:5414	IFITM3	0	0	0	0	Background
HGNC:26315	B4GALNT4	0	0	0	0	Background
HGNC:9025	PKP3	0	0	0	0	Background
HGNC:30575	SIGIRR	0	0	0	0	Background
HGNC:20679	ANO9	0	0	0	0	Background
HGNC:15463	PTDSS2	0	0	0	0	Background
HGNC:10074	RNH1	0	0	0	0	Background
HGNC:5173	HRAS	0	1	1	0	ASD_only
HGNC:25430	LRRC56	0	0	0	0	Background
HGNC:28561	LMNTD2	0	0	0	0	Background
HGNC:1166	RASSF7	0	0	0	0	Background
HGNC:24351	PHRF1	0	1	1	0	ASD_only
HGNC:6122	IRF7	1	0	0	0	IEI_only
HGNC:7521	CDHR5	0	0	0	0	Background
HGNC:10607	SCT	0	0	0	0	Background
HGNC:3025	DRD4	0	0	0	0	Background
HGNC:14677	DEAF1	0	1	1	0	ASD_only
HGNC:21296	EPS8L2	0	0	0	0	Background
HGNC:27453	TMEM80	0	0	0	0	Background
HGNC:11559	TALDO1	0	0	0	0	Background
HGNC:26616	GATD1	0	0	0	0	Background
HGNC:29907	GATD1-DT	0	0	0	0	Background
HGNC:24153	CEND1	0	0	0	0	Background
HGNC:19954	SLC25A22	0	0	0	0	Background
HGNC:16491	PIDD1	0	0	0	0	Background
HGNC:10377	RPLP2	0	0	0	0	Background
HGNC:30802	PNPLA2	0	0	0	0	Background
HGNC:28703	CRACR2B	0	0	0	0	Background
HGNC:1630	CD151	0	0	0	0	Background
HGNC:9199	POLR2L	0	0	0	0	Background
HGNC:11859	TSPAN4	0	1	1	0	ASD_only
HGNC:28474	CHID1	0	0	0	0	Background
HGNC:562	AP2A2	0	0	0	0	Background
HGNC:7517	MUC6	0	0	0	0	Background
HGNC:7512	MUC2	0	0	0	0	Background
HGNC:7515	MUC5AC	0	0	0	0	Background
HGNC:7516	MUC5B	0	0	0	0	Background
HGNC:16476	TOLLIP	0	0	0	0	Background
HGNC:11405	BRSK2	0	1	1	0	ASD_only
HGNC:24904	MOB2	0	0	0	0	Background
HGNC:3074	DUSP8	0	0	0	0	Background
HGNC:23596	KRTAP5-1	0	0	0	0	Background
HGNC:23597	KRTAP5-2	0	0	0	0	Background
HGNC:23598	KRTAP5-3	0	0	0	0	Background
HGNC:23599	KRTAP5-4	0	0	0	0	Background
HGNC:23601	KRTAP5-5	0	0	0	0	Background
HGNC:23600	KRTAP5-6	0	0	0	0	Background
HGNC:40022	IFITM10	0	0	0	0	Background
HGNC:2529	CTSD	0	0	0	0	Background
HGNC:19264	SYT8	0	0	0	0	Background
HGNC:11946	TNNI2	0	0	0	0	Background
HGNC:6707	LSP1	0	0	0	0	Background
HGNC:11950	TNNT3	0	0	0	0	Background
HGNC:10322	MRPL23	0	0	0	0	Background
HGNC:5466	IGF2	0	0	0	0	Background
HGNC:33527	INS-IGF2	0	0	0	0	Background
HGNC:6081	INS	0	0	0	0	Background
HGNC:11782	TH	0	0	0	0	Background
HGNC:739	ASCL2	0	0	0	0	Background
HGNC:13231	C11orf21	0	0	0	0	Background
HGNC:13410	TSPAN32	0	0	0	0	Background
HGNC:1701	CD81	1	0	0	0	IEI_only
HGNC:12386	TSSC4	0	0	0	0	Background
HGNC:14323	TRPM5	0	0	0	0	Background
HGNC:6294	KCNQ1	0	0	0	0	Background
HGNC:1786	CDKN1C	0	0	0	0	Background
HGNC:10965	SLC67A1-AS	0	0	0	0	Background
HGNC:10964	SLC67A1	0	0	0	0	Background
HGNC:12385	PHLDA2	0	0	0	0	Background
HGNC:7640	NAP1L4	0	0	0	0	Background
HGNC:1493	CARS1	0	0	0	0	Background
HGNC:16392	OSBPL5	0	0	0	0	Background
HGNC:24829	MRGPRG	0	0	0	0	Background
HGNC:30694	MRGPRE	0	0	0	0	Background
HGNC:12986	ZNF195	0	0	0	0	Background
HGNC:24049	ART5	0	0	0	0	Background
HGNC:723	ART1	0	0	0	0	Background
HGNC:13800	CHRNA10	0	0	0	0	Background
HGNC:8068	NUP98	0	0	0	0	Background
HGNC:17893	PGAP2	0	0	0	0	Background
HGNC:672	RHOG	1	0	0	0	IEI_only
HGNC:11386	STIM1	1	0	0	0	IEI_only
HGNC:10451	RRM1	0	0	0	0	Background
HGNC:15209	OR52B4	0	0	0	0	Background
HGNC:11312	TRIM21	0	0	0	0	Background
HGNC:15223	OR52K2	0	0	0	0	Background
HGNC:15222	OR52K1	0	0	0	0	Background
HGNC:15225	OR52M1	0	1	1	0	ASD_only
HGNC:23986	C11orf40	0	0	0	0	Background
HGNC:15221	OR52I2	0	0	0	0	Background
HGNC:15220	OR52I1	0	0	0	0	Background
HGNC:21161	TRIM68	0	0	0	0	Background
HGNC:15193	OR51D1	0	0	0	0	Background
HGNC:15194	OR51E1	0	0	0	0	Background
HGNC:15195	OR51E2	0	0	0	0	Background
HGNC:14249	MMP26	0	0	0	0	Background
HGNC:15196	OR51F1	0	0	0	0	Background
HGNC:15235	OR52R1	0	0	0	0	Background
HGNC:15197	OR51F2	0	0	0	0	Background
HGNC:15204	OR51S1	0	0	0	0	Background
HGNC:14833	OR51H1	0	0	0	0	Background
HGNC:15205	OR51T1	0	0	0	0	Background
HGNC:15188	OR51A7	0	0	0	0	Background
HGNC:15198	OR51G2	0	0	0	0	Background
HGNC:14738	OR51G1	0	0	0	0	Background
HGNC:14795	OR51A4	0	0	0	0	Background
HGNC:14764	OR51A2	0	0	0	0	Background
HGNC:14759	OR51L1	0	0	0	0	Background
HGNC:14799	OR52J3	0	0	0	0	Background
HGNC:14769	OR52E2	0	0	0	0	Background
HGNC:19580	OR52A5	0	0	0	0	Background
HGNC:8318	OR52A1	0	0	0	0	Background
HGNC:19597	OR51V1	0	0	0	0	Background
HGNC:4827	HBB	0	0	0	0	Background
HGNC:4829	HBD	0	0	0	0	Background
HGNC:4831	HBG1	0	0	0	0	Background
HGNC:4832	HBG2	0	0	0	0	Background
HGNC:4830	HBE1	0	0	0	0	Background
HGNC:14708	OR51B4	0	0	0	0	Background
HGNC:14703	OR51B2	0	0	0	0	Background
HGNC:19599	OR51B5	0	0	0	0	Background
HGNC:19600	OR51B6	0	0	0	0	Background
HGNC:14847	OR51M1	0	0	0	0	Background
HGNC:14856	OR51J1	0	0	0	0	Background
HGNC:14851	OR51Q1	0	0	0	0	Background
HGNC:15200	OR51I1	0	0	0	0	Background
HGNC:15201	OR51I2	0	0	0	0	Background
HGNC:15212	OR52D1	0	0	0	0	Background
HGNC:12510	UBQLN3	0	0	0	0	Background
HGNC:28294	UBQLNL	0	0	0	0	Background
HGNC:15218	OR52H1	0	0	0	0	Background
HGNC:15211	OR52B6	0	0	0	0	Background
HGNC:16277	TRIM6	0	0	0	0	Background
HGNC:33440	TRIM6-TRIM34	0	0	0	0	Background
HGNC:10063	TRIM34	0	0	0	0	Background
HGNC:16276	TRIM5	0	0	0	0	Background
HGNC:16379	TRIM22	1	0	0	0	IEI_only
HGNC:15245	OR56B1	0	0	0	0	Background
HGNC:15230	OR52N4	0	0	0	0	Background
HGNC:15231	OR52N5	0	0	0	0	Background
HGNC:14853	OR52N1	0	0	0	0	Background
HGNC:15228	OR52N2	0	0	0	0	Background
HGNC:15215	OR52E6	0	0	0	0	Background
HGNC:15217	OR52E8	0	0	0	0	Background
HGNC:15213	OR52E4	0	0	0	0	Background
HGNC:14786	OR56A3	0	0	0	0	Background
HGNC:14785	OR52L1	0	0	0	0	Background
HGNC:14791	OR56A4	0	0	0	0	Background
HGNC:14781	OR56A1	0	0	0	0	Background
HGNC:15248	OR56B4	0	0	0	0	Background
HGNC:15247	OR56B3P	0	0	0	0	Background
HGNC:15206	OR52B1P	0	0	0	0	Background
HGNC:15207	OR52B2	0	0	0	0	Background
HGNC:15239	OR52W1	0	0	0	0	Background
HGNC:28541	C11orf42	0	0	0	0	Background
HGNC:25378	FHIP1B	0	0	0	0	Background
HGNC:2152	CNGA4	0	0	0	0	Background
HGNC:1571	CCKBR	0	0	0	0	Background
HGNC:9400	CAVIN3	0	0	0	0	Background
HGNC:11120	SMPD1	0	0	0	0	Background
HGNC:581	APBB1	0	1	1	0	ASD_only
HGNC:5171	HPX	0	0	0	0	Background
HGNC:10064	TRIM3	0	0	0	0	Background
HGNC:17160	ARFIP2	0	0	0	0	Background
HGNC:4022	TIMM10B	0	0	0	0	Background
HGNC:26532	DNHD1	0	0	0	0	Background
HGNC:29030	RRP8	0	0	0	0	Background
HGNC:6040	ILK	0	0	0	0	Background
HGNC:11543	TAF10	0	0	0	0	Background
HGNC:2073	TPP1	0	0	0	0	Background
HGNC:13681	DCHS1	0	0	0	0	Background
HGNC:14053	MRPL17	0	0	0	0	Background
HGNC:15143	OR2AG2	0	0	0	0	Background
HGNC:15142	OR2AG1	0	0	0	0	Background
HGNC:15301	OR6A2	0	0	0	0	Background
HGNC:15131	OR10A5	0	0	0	0	Background
HGNC:8161	OR10A2	0	0	0	0	Background
HGNC:15130	OR10A4	0	0	0	0	Background
HGNC:8244	OR2D2	0	0	0	0	Background
HGNC:15146	OR2D3	0	0	0	0	Background
HGNC:13007	ZNF215	0	0	0	0	Background
HGNC:13006	ZNF214	0	0	0	0	Background
HGNC:22939	NLRP14	0	0	0	0	Background
HGNC:17886	RBMXL2	0	0	0	0	Background
HGNC:19265	SYT9	0	0	0	0	Background
HGNC:24473	OLFML1	0	0	0	0	Background
HGNC:9250	PPFIBP2	0	0	0	0	Background
HGNC:24376	CYB5R2	0	0	0	0	Background
HGNC:14783	OR5P2	0	0	0	0	Background
HGNC:14784	OR5P3	0	0	0	0	Background
HGNC:15132	OR10A6	0	0	0	0	Background
HGNC:8162	OR10A3	0	0	0	0	Background
HGNC:21464	NLRP10	0	0	0	0	Background
HGNC:3275	EIF3F	0	0	0	0	Background
HGNC:12406	TUB	0	0	0	0	Background
HGNC:30338	RIC3	0	0	0	0	Background
HGNC:6641	LMO1	0	0	0	0	Background
HGNC:14568	STK33	0	0	0	0	Background
HGNC:29005	TRIM66	0	0	0	0	Background
HGNC:10329	RPL27A	0	0	0	0	Background
HGNC:11350	DENND2B	0	0	0	0	Background
HGNC:1170	AKIP1	0	0	0	0	Background
HGNC:1169	C11orf16	0	0	0	0	Background
HGNC:740	ASCL3	0	0	0	0	Background
HGNC:1168	TMEM9B	0	0	0	0	Background
HGNC:1167	NRIP3	0	0	0	0	Background
HGNC:30425	SCUBE2	0	0	0	0	Background
HGNC:19344	DENND5A	0	0	0	0	Background
HGNC:28948	TMEM41B	0	0	0	0	Background
HGNC:9852	IPO7	0	0	0	0	Background
HGNC:58073	ZNF143-AS1	0	0	0	0	Background
HGNC:12928	ZNF143	0	0	0	0	Background
HGNC:12761	WEE1	0	0	0	0	Background
HGNC:17070	SWAP70	0	0	0	0	Background
HGNC:2135	SBF2	0	0	0	0	Background
HGNC:259	ADM	0	0	0	0	Background
HGNC:470	AMPD3	0	0	0	0	Background
HGNC:37165	MTRNR2L8	0	0	0	0	Background
HGNC:21159	RNF141	0	0	0	0	Background
HGNC:14687	LYVE1	0	0	0	0	Background
HGNC:7237	IRAG1	0	0	0	0	Background
HGNC:16850	CTR9	0	0	0	0	Background
HGNC:3297	EIF4G2	0	0	0	0	Background
HGNC:30803	ZBED5	0	0	0	0	Background
HGNC:30488	GALNT18	0	0	0	0	Background
HGNC:2458	CSNK2A3	0	0	0	0	Background
HGNC:20076	USP47	0	0	0	0	Background
HGNC:2893	DKK3	0	0	0	0	Background
HGNC:24693	MICAL2	0	0	0	0	Background
HGNC:14652	PARVA	0	0	0	0	Background
HGNC:11714	TEAD1	0	0	0	0	Background
HGNC:701	BMAL1	0	0	0	0	Background
HGNC:21445	BTBD10	0	0	0	0	Background
HGNC:9606	PTH	0	0	0	0	Background
HGNC:26222	FAR1	0	0	0	0	Background
HGNC:17271	RRAS2	0	0	0	0	Background
HGNC:2231	COPB1	0	0	0	0	Background
HGNC:9530	PSMA1	0	0	0	0	Background
HGNC:8779	PDE3B	0	0	0	0	Background
HGNC:20580	CYP2R1	0	0	0	0	Background
HGNC:1438	CALCB	0	0	0	0	Background
HGNC:1437	CALCA	0	0	0	0	Background
HGNC:33116	INSC	0	0	0	0	Background
HGNC:16421	SOX6	0	0	0	0	Background
HGNC:16990	C11orf58	0	0	0	0	Background
HGNC:27049	PLEKHA7	0	0	0	0	Background
HGNC:10386	RPS13	0	0	0	0	Background
HGNC:8971	PIK3C2A	0	0	0	0	Background
HGNC:8044	NUCB2	0	0	0	0	Background
HGNC:42400	NCR3LG1	0	0	0	0	Background
HGNC:6257	KCNJ11	0	0	0	0	Background
HGNC:59	ABCC8	0	0	0	0	Background
HGNC:12597	USH1C	0	0	0	0	Background
HGNC:8516	OTOG	0	0	0	0	Background
HGNC:7611	MYOD1	0	0	0	0	Background
HGNC:6233	KCNC1	0	1	1	0	ASD_only
HGNC:17499	SERGEF	0	0	0	0	Background
HGNC:12008	TPH1	0	0	0	0	Background
HGNC:25158	SAAL1	0	0	0	0	Background
HGNC:17980	MRGPRX3	0	0	0	0	Background
HGNC:17617	MRGPRX4	0	0	0	0	Background
HGNC:54321	SLC25A51P4	0	0	0	0	Background
HGNC:10516	SAA4	0	0	0	0	Background
HGNC:10514	SAA2	0	0	0	0	Background
HGNC:10513	SAA1	0	0	0	0	Background
HGNC:17022	HPS5	0	0	0	0	Background
HGNC:4655	GTF2H1	0	0	0	0	Background
HGNC:6535	LDHA	0	0	0	0	Background
HGNC:6544	LDHC	0	0	0	0	Background
HGNC:28335	LDHAL6A	0	0	0	0	Background
HGNC:15971	TSG101	0	0	0	0	Background
HGNC:30866	UEVLD	0	0	0	0	Background
HGNC:26818	SPTY2D1	0	0	0	0	Background
HGNC:26890	TMEM86A	0	0	0	0	Background
HGNC:26750	IGSF22	0	0	0	0	Background
HGNC:9657	PTPN5	0	0	0	0	Background
HGNC:17962	MRGPRX1	0	0	0	0	Background
HGNC:17983	MRGPRX2	0	0	0	0	Background
HGNC:18413	ZDHHC13	0	0	0	0	Background
HGNC:2472	CSRP3	0	0	0	0	Background
HGNC:24727	E2F8	0	0	0	0	Background
HGNC:15997	NAV2	0	1	1	0	ASD_only
HGNC:33185	DBX1	0	0	0	0	Background
HGNC:16637	HTATIP2	0	0	0	0	Background
HGNC:30163	PRMT3	0	0	0	0	Background
HGNC:11051	SLC6A5	0	0	0	0	Background
HGNC:7750	NELL1	0	0	0	0	Background
HGNC:27337	ANO5	0	0	0	0	Background
HGNC:16703	SLC17A6	0	0	0	0	Background
HGNC:3587	FANCF	1	0	0	0	IEI_only
HGNC:4167	GAS2	0	1	1	0	ASD_only
HGNC:25238	SVIP	0	0	0	0	Background
HGNC:44653	CCDC179	0	0	0	0	Background
HGNC:23206	LUZP2	0	0	0	0	Background
HGNC:14004	ANO3	0	0	0	0	Background
HGNC:14956	MUC15	0	0	0	0	Background
HGNC:28750	SLC5A12	0	0	0	0	Background
HGNC:33747	FIBIN	0	0	0	0	Background
HGNC:964	BBOX1	0	0	0	0	Background
HGNC:25079	CCDC34	0	0	0	0	Background
HGNC:13299	LGR4	0	0	0	0	Background
HGNC:17789	LIN7C	0	0	0	0	Background
HGNC:1033	BDNF	0	0	0	0	Background
HGNC:29441	KIF18A	0	0	0	0	Background
HGNC:26606	METTL15	0	0	0	0	Background
HGNC:6222	KCNA4	0	0	0	0	Background
HGNC:3964	FSHB	0	0	0	0	Background
HGNC:26798	ARL14EP	0	0	0	0	Background
HGNC:1180	MPPED2	0	0	0	0	Background
HGNC:20625	DCDC1	0	0	0	0	Background
HGNC:26979	DNAJC24	0	0	0	0	Background
HGNC:26317	IMMP1L	0	0	0	0	Background
HGNC:1171	ELP4	0	1	1	0	ASD_only
HGNC:8620	PAX6	0	0	0	0	Background
HGNC:9934	RCN1	0	0	0	0	Background
HGNC:12796	WT1	0	0	0	0	Background
HGNC:24460	EIF3M	0	0	0	0	Background
HGNC:23261	CCDC73	0	0	0	0	Background
HGNC:30799	PRRG4	0	0	0	0	Background
HGNC:26154	QSER1	0	0	0	0	Background
HGNC:29899	DEPDC7	0	0	0	0	Background
HGNC:25655	TCP11L1	0	0	0	0	Background
HGNC:2485	CSTF3	0	0	0	0	Background
HGNC:4915	HIPK3	0	0	0	0	Background
HGNC:24836	KIAA1549L	0	0	0	0	Background
HGNC:34444	C11orf91	0	0	0	0	Background
HGNC:1689	CD59	1	0	0	0	IEI_only
HGNC:13582	FBXO3	0	0	0	0	Background
HGNC:6642	LMO2	0	0	0	0	Background
HGNC:6743	CAPRIN1	0	1	1	0	ASD_only
HGNC:29830	NAT10	0	0	0	0	Background
HGNC:23842	ABTB2	0	0	0	0	Background
HGNC:1516	CAT	0	0	0	0	Background
HGNC:3320	ELF5	0	0	0	0	Background
HGNC:3246	EHF	0	0	0	0	Background
HGNC:17581	APIP	0	0	0	0	Background
HGNC:21350	PDHX	0	0	0	0	Background
HGNC:1681	CD44	0	0	0	0	Background
HGNC:10940	SLC1A2	0	0	0	0	Background
HGNC:24554	PAMR1	0	0	0	0	Background
HGNC:17166	FJX1	0	0	0	0	Background
HGNC:19016	TRIM44	0	0	0	0	Background
HGNC:27046	LDLRAD3	0	0	0	0	Background
HGNC:25014	COMMD9	0	0	0	0	Background
HGNC:25878	PRR5L	0	0	0	0	Background
HGNC:12036	TRAF6	0	0	0	0	Background
HGNC:9831	RAG1	1	0	0	0	IEI_only
HGNC:9832	RAG2	1	0	0	0	IEI_only
HGNC:25142	IFTAP	0	0	0	0	Background
HGNC:29317	LRRC4C	0	1	1	0	ASD_only
HGNC:594	API5	0	0	0	0	Background
HGNC:25596	TTC17	0	0	0	0	Background
HGNC:18646	HSD17B12	0	0	0	0	Background
HGNC:30141	ALKBH3	0	0	0	0	Background
HGNC:38675	C11orf96	0	0	0	0	Background
HGNC:34391	ACCSL	0	0	0	0	Background
HGNC:23989	ACCS	0	0	0	0	Background
HGNC:3513	EXT2	0	0	0	0	Background
HGNC:450	ALX4	0	0	0	0	Background
HGNC:6210	CD82	0	0	0	0	Background
HGNC:20660	TSPAN18	0	0	0	0	Background
HGNC:16842	TP53I11	0	0	0	0	Background
HGNC:13996	PRDM11	0	0	0	0	Background
HGNC:14962	SYT13	0	0	0	0	Background
HGNC:1969	CHST1	0	0	0	0	Background
HGNC:25454	LINC02716	0	0	0	0	Background
HGNC:20197	SLC35C1	1	0	0	0	IEI_only
HGNC:2385	CRY2	0	0	0	0	Background
HGNC:6882	MAPK8IP1	0	0	0	0	Background
HGNC:37213	FREY1	0	0	0	0	Background
HGNC:8857	PEX16	0	0	0	0	Background
HGNC:16522	LARGE2	0	0	0	0	Background
HGNC:24156	PHF21A	0	1	1	0	ASD_only
HGNC:18856	CREB3L1	0	0	0	0	Background
HGNC:2857	DGKZ	0	0	0	0	Background
HGNC:6972	MDK	0	0	0	0	Background
HGNC:1953	CHRM4	0	0	0	0	Background
HGNC:25990	AMBRA1	0	0	0	0	Background
HGNC:26522	HARBI1	0	0	0	0	Background
HGNC:29091	ATG13	0	0	0	0	Background
HGNC:673	ARHGAP1	0	0	0	0	Background
HGNC:20041	ZNF408	0	0	0	0	Background
HGNC:3535	F2	0	0	0	0	Background
HGNC:28959	CKAP5	0	0	0	0	Background
HGNC:6696	LRP4	0	0	0	0	Background
HGNC:28720	CSTPP1	0	0	0	0	Background
HGNC:13504	ARFGAP2	0	0	0	0	Background
HGNC:8572	PACSIN3	0	0	0	0	Background
HGNC:2718	DDB2	0	0	0	0	Background
HGNC:123	ACP2	0	0	0	0	Background
HGNC:7966	NR1H3	0	0	0	0	Background
HGNC:6766	MADD	0	0	0	0	Background
HGNC:7551	MYBPC3	0	0	0	0	Background
HGNC:11241	SPI1	1	0	0	0	IEI_only
HGNC:20859	SLC39A13	0	0	0	0	Background
HGNC:9549	PSMC3	0	0	0	0	Background
HGNC:9863	RAPSN	0	0	0	0	Background
HGNC:2549	CELF1	0	0	0	0	Background
HGNC:7710	NDUFS3	0	0	0	0	Background
HGNC:26965	PTPMT1	0	0	0	0	Background
HGNC:23761	KBTBD4	0	0	0	0	Background
HGNC:34451	FAM180B	0	0	0	0	Background
HGNC:14346	C1QTNF4	0	0	0	0	Background
HGNC:17587	MTCH2	0	0	0	0	Background
HGNC:26296	AGBL2	0	0	0	0	Background
HGNC:19752	FNBP4	0	0	0	0	Background
HGNC:18017	NUP160	0	0	0	0	Background
HGNC:9673	PTPRJ	0	0	0	0	Background
HGNC:8290	OR4B1	0	0	0	0	Background
HGNC:15184	OR4X2	0	0	0	0	Background
HGNC:14854	OR4X1	0	0	0	0	Background
HGNC:14705	OR4S1	0	0	0	0	Background
HGNC:14697	OR4C3	0	0	0	0	Background
HGNC:14702	OR4C5	0	0	0	0	Background
HGNC:31266	OR4A47	0	0	0	0	Background
HGNC:42955	TRIM49B	0	0	0	0	Background
HGNC:37148	TRIM64C	0	0	0	0	Background
HGNC:3788	FOLH1	0	0	0	0	Background
HGNC:15169	OR4C13	0	0	0	0	Background
HGNC:15168	OR4C12	0	0	0	0	Background
HGNC:15162	OR4A5	0	0	0	0	Background
HGNC:31271	OR4C46	0	0	0	0	Background
HGNC:19021	TRIM48	0	0	0	0	Background
HGNC:15153	OR4A16	0	0	0	0	Background
HGNC:15152	OR4A15	0	0	0	0	Background
HGNC:15171	OR4C15	0	0	0	0	Background
HGNC:15172	OR4C16	0	0	0	0	Background
HGNC:15167	OR4C11	0	0	0	0	Background
HGNC:15180	OR4P4	0	0	0	0	Background
HGNC:15183	OR4S2	0	0	0	0	Background
HGNC:14743	OR4C6	0	0	0	0	Background
HGNC:15280	OR5D13	0	0	0	0	Background
HGNC:15281	OR5D14	0	0	0	0	Background
HGNC:8350	OR5L1	0	0	0	0	Background
HGNC:15285	OR5D18	0	0	0	0	Background
HGNC:8351	OR5L2	0	0	0	0	Background
HGNC:15283	OR5D16	0	0	0	0	Background
HGNC:19023	TRIM51	0	0	0	0	Background
HGNC:15299	OR5W2	0	0	0	0	Background
HGNC:8347	OR5I1	0	0	0	0	Background
HGNC:19607	OR10AG1	0	0	0	0	Background
HGNC:8343	OR5F1	0	0	0	0	Background
HGNC:15261	OR5AS1	0	0	0	0	Background
HGNC:15310	OR8I2	0	0	0	0	Background
HGNC:15308	OR8H2	0	0	0	0	Background
HGNC:15309	OR8H3	0	0	0	0	Background
HGNC:15312	OR8J3	0	0	0	0	Background
HGNC:15315	OR8K5	0	0	0	0	Background
HGNC:19612	OR5J2	0	0	0	0	Background
HGNC:15296	OR5T2	0	0	0	0	Background
HGNC:15297	OR5T3	0	0	0	0	Background
HGNC:14821	OR5T1	0	0	0	0	Background
HGNC:14824	OR8H1	0	0	0	0	Background
HGNC:15313	OR8K3	0	0	0	0	Background
HGNC:14831	OR8K1	0	0	0	0	Background
HGNC:14855	OR8J1	0	0	0	0	Background
HGNC:19611	OR8U1	0	0	0	0	Background
HGNC:15294	OR5M9	0	0	0	0	Background
HGNC:14806	OR5M3	0	0	0	0	Background
HGNC:14846	OR5M8	0	0	0	0	Background
HGNC:15291	OR5M11	0	0	0	0	Background
HGNC:15290	OR5M10	0	0	0	0	Background
HGNC:8352	OR5M1	0	0	0	0	Background
HGNC:15258	OR5AP2	0	0	0	0	Background
HGNC:15260	OR5AR1	0	0	0	0	Background
HGNC:15319	OR9G1	0	0	0	0	Background
HGNC:15322	OR9G4	0	0	0	0	Background
HGNC:15251	OR5AK2	0	0	0	0	Background
HGNC:32324	LRRC55	0	0	0	0	Background
HGNC:339	APLNR	0	0	0	0	Background
HGNC:19081	CNOT12	0	0	0	0	Background
HGNC:11327	SSRP1	0	1	1	0	ASD_only
HGNC:8534	P2RX3	0	0	0	0	Background
HGNC:9363	PRG3	0	0	0	0	Background
HGNC:9362	PRG2	0	0	0	0	Background
HGNC:17466	SLC43A3	0	0	0	0	Background
HGNC:23053	RTN4RL2	0	0	0	0	Background
HGNC:9225	SLC43A1	0	0	0	0	Background
HGNC:11814	TIMM10	0	0	0	0	Background
HGNC:32394	SMTNL1	0	0	0	0	Background
HGNC:12490	UBE2L6	0	0	0	0	Background
HGNC:1228	SERPING1	1	0	0	0	IEI_only
HGNC:18328	YPEL4	0	0	0	0	Background
HGNC:16999	CLP1	0	0	0	0	Background
HGNC:18472	ZDHHC5	0	0	0	0	Background
HGNC:29600	MED19	0	0	0	0	Background
HGNC:30739	TMX2	0	0	0	0	Background
HGNC:41992	TMX2-CTNND1	0	0	0	0	Background
HGNC:18251	SELENOH	0	0	0	0	Background
HGNC:37214	BTBD18	0	0	0	0	Background
HGNC:2515	CTNND1	0	1	1	0	ASD_only
HGNC:14724	OR9Q1	0	0	0	0	Background
HGNC:15302	OR6Q1	0	0	0	0	Background
HGNC:14718	OR9I1	0	0	0	0	Background
HGNC:15328	OR9Q2	0	0	0	0	Background
HGNC:15141	OR1S2	0	0	0	0	Background
HGNC:8227	OR1S1	0	0	0	0	Background
HGNC:15134	OR10Q1	0	0	0	0	Background
HGNC:15139	OR10W1	0	0	0	0	Background
HGNC:15267	OR5B17	0	0	0	0	Background
HGNC:8324	OR5B3	0	0	0	0	Background
HGNC:8323	OR5B2	0	0	0	0	Background
HGNC:15432	OR5B12	0	0	0	0	Background
HGNC:19616	OR5B21	0	0	0	0	Background
HGNC:14061	LPXN	0	0	0	0	Background
HGNC:14983	ZFP91	0	0	0	0	Background
HGNC:33441	ZFP91-CNTF	0	0	0	0	Background
HGNC:2169	CNTF	0	0	0	0	Background
HGNC:13734	GLYAT	0	0	0	0	Background
HGNC:24178	GLYATL2	0	0	0	0	Background
HGNC:30519	GLYATL1	0	0	0	0	Background
HGNC:24200	FAM111B	0	0	0	0	Background
HGNC:24725	FAM111A	0	0	0	0	Background
HGNC:29151	DTX4	0	0	0	0	Background
HGNC:29619	MPEG1	0	0	0	0	Background
HGNC:15255	OR5AN1	0	0	0	0	Background
HGNC:15249	OR5A2	0	0	0	0	Background
HGNC:8319	OR5A1	0	0	0	0	Background
HGNC:15175	OR4D6	0	0	0	0	Background
HGNC:15173	OR4D10	0	0	0	0	Background
HGNC:15174	OR4D11	0	0	0	0	Background
HGNC:15178	OR4D9	0	0	0	0	Background
HGNC:8503	OSBP	0	0	0	0	Background
HGNC:26721	PATL1	0	0	0	0	Background
HGNC:15136	OR10V1	0	0	0	0	Background
HGNC:11438	STX3	0	0	0	0	Background
HGNC:14476	MRPL16	0	0	0	0	Background
HGNC:4268	CBLIF	0	0	0	0	Background
HGNC:11652	TCN1	0	0	0	0	Background
HGNC:49233	OOSP1	0	0	0	0	Background
HGNC:26699	OOSP2	0	0	0	0	Background
HGNC:7317	MS4A3	0	0	0	0	Background
HGNC:7316	MS4A2	0	0	0	0	Background
HGNC:13375	MS4A6A	0	0	0	0	Background
HGNC:14284	MS4A4E	0	0	0	0	Background
HGNC:13371	MS4A4A	0	0	0	0	Background
HGNC:14285	MS4A6E	0	0	0	0	Background
HGNC:13378	MS4A7	0	0	0	0	Background
HGNC:30706	MS4A14	0	0	0	0	Background
HGNC:13374	MS4A5	0	0	0	0	Background
HGNC:7315	MS4A1	1	0	0	0	IEI_only
HGNC:13370	MS4A12	0	0	0	0	Background
HGNC:16674	MS4A13	0	0	0	0	Background
HGNC:13380	MS4A8	0	0	0	0	Background
HGNC:37636	MS4A18	0	0	0	0	Background
HGNC:28573	MS4A15	0	0	0	0	Background
HGNC:13368	MS4A10	0	0	0	0	Background
HGNC:28359	CCDC86	0	0	0	0	Background
HGNC:4502	PTGDR2	0	0	0	0	Background
HGNC:13187	ZP1	0	0	0	0	Background
HGNC:17896	PRPF19	0	0	0	0	Background
HGNC:28771	TMEM109	0	0	0	0	Background
HGNC:31092	TMEM132A	0	0	0	0	Background
HGNC:18068	SLC15A3	0	0	0	0	Background
HGNC:1691	CD6	0	0	0	0	Background
HGNC:1685	CD5	0	0	0	0	Background
HGNC:26097	VPS37C	0	0	0	0	Background
HGNC:8885	PGA3	0	0	0	0	Background
HGNC:8886	PGA4	0	0	0	0	Background
HGNC:8887	PGA5	0	0	0	0	Background
HGNC:26487	VWCE	0	0	0	0	Background
HGNC:2717	DDB1	0	0	0	0	Background
HGNC:24552	TKFC	0	0	0	0	Background
HGNC:23014	CYB561A3	0	0	0	0	Background
HGNC:26944	TMEM138	0	0	0	0	Background
HGNC:25018	TMEM216	0	0	0	0	Background
HGNC:30098	CPSF7	0	1	1	0	ASD_only
HGNC:26034	SDHAF2	0	0	0	0	Background
HGNC:28869	SAXO4	0	0	0	0	Background
HGNC:37215	LRRC10B	0	0	0	0	Background
HGNC:11514	SYT7	0	0	0	0	Background
HGNC:1165	DAGLA	0	1	1	0	ASD_only
HGNC:1181	MYRF	0	0	0	0	Background
HGNC:1164	TMEM258	0	0	0	0	Background
HGNC:3650	FEN1	0	0	0	0	Background
HGNC:3575	FADS2	0	0	0	0	Background
HGNC:3574	FADS1	0	0	0	0	Background
HGNC:3576	FADS3	0	0	0	0	Background
HGNC:9780	RAB3IL1	0	0	0	0	Background
HGNC:12703	BEST1	0	0	0	0	Background
HGNC:3976	FTH1	0	0	0	0	Background
HGNC:6058	INCENP	0	0	0	0	Background
HGNC:18395	SCGB1D1	0	0	0	0	Background
HGNC:7051	SCGB2A1	0	0	0	0	Background
HGNC:18396	SCGB1D2	0	0	0	0	Background
HGNC:7050	SCGB2A2	0	0	0	0	Background
HGNC:31748	SCGB1D4	0	0	0	0	Background
HGNC:16448	ASRGL1	0	0	0	0	Background
HGNC:12523	SCGB1A1	0	0	0	0	Background
HGNC:347	AHNAK	0	1	1	0	ASD_only
HGNC:3213	EEF1G	0	0	0	0	Background
HGNC:38896	MIR3654	0	0	0	0	Background
HGNC:26184	TUT1	0	0	0	0	Background
HGNC:7411	MTA2	0	0	0	0	Background
HGNC:26666	EML3	0	0	0	0	Background
HGNC:10254	ROM1	0	0	0	0	Background
HGNC:923	B3GAT3	0	0	0	0	Background
HGNC:4138	GANAB	0	0	0	0	Background
HGNC:29352	INTS5	0	0	0	0	Background
HGNC:28351	LBHD1	0	0	0	0	Background
HGNC:33113	CSKMT	0	0	0	0	Background
HGNC:34399	UQCC3	0	0	0	0	Background
HGNC:18402	UBXN1	0	0	0	0	Background
HGNC:33724	LRRN4CL	0	0	0	0	Background
HGNC:15832	BSCL2	0	0	0	0	Background
HGNC:49189	HNRNPUL2-BSCL2	0	0	0	0	Background
HGNC:4405	GNG3	0	0	0	0	Background
HGNC:25451	HNRNPUL2	0	1	1	0	ASD_only
HGNC:28432	TTC9C	0	0	0	0	Background
HGNC:22918	ZBTB3	0	0	0	0	Background
HGNC:9194	POLR2G	0	0	0	0	Background
HGNC:17305	TAF6L	0	0	0	0	Background
HGNC:28464	TMEM223	0	0	0	0	Background
HGNC:33744	TMEM179B	0	0	0	0	Background
HGNC:8071	NXF1	0	0	0	0	Background
HGNC:11440	STX5	0	0	0	0	Background
HGNC:25529	WDR74	0	0	0	0	Background
HGNC:11026	SLC3A2	0	0	0	0	Background
HGNC:1950	CHRM1	0	0	0	0	Background
HGNC:10970	SLC22A6	0	0	0	0	Background
HGNC:10972	SLC22A8	0	0	0	0	Background
HGNC:28542	SLC22A24	0	0	0	0	Background
HGNC:18057	SLC22A10	0	0	0	0	Background
HGNC:32935	SLC22A25	0	0	0	0	Background
HGNC:16261	SLC22A9	0	1	1	0	ASD_only
HGNC:24978	PLAAT5	0	0	0	0	Background
HGNC:15788	LGALS12	0	0	0	0	Background
HGNC:9869	PLAAT4	0	0	0	0	Background
HGNC:17824	PLAAT2	0	0	0	0	Background
HGNC:17825	PLAAT3	0	0	0	0	Background
HGNC:24526	ATL3	0	0	0	0	Background
HGNC:10469	RTN3	0	0	0	0	Background
HGNC:25115	SPINDOC	0	0	0	0	Background
HGNC:3332	MARK2	0	1	1	0	ASD_only
HGNC:27455	RCOR2	0	0	0	0	Background
HGNC:25845	NAA40	0	0	0	0	Background
HGNC:2294	COX8A	0	0	0	0	Background
HGNC:23077	OTUB1	0	0	0	0	Background
HGNC:29598	MACROD1	0	0	0	0	Background
HGNC:3760	FLRT1	0	0	0	0	Background
HGNC:11387	STIP1	0	0	0	0	Background
HGNC:23151	FERMT3	1	0	0	0	IEI_only
HGNC:20316	TRPT1	0	0	0	0	Background
HGNC:28189	NUDT22	0	0	0	0	Background
HGNC:5271	DNAJC4	0	0	0	0	Background
HGNC:12681	VEGFB	0	0	0	0	Background
HGNC:3718	FKBP2	0	0	0	0	Background
HGNC:9057	PPP1R14B	0	0	0	0	Background
HGNC:9056	PLCB3	0	0	0	0	Background
HGNC:936	BAD	0	0	0	0	Background
HGNC:24300	GPR137	0	0	0	0	Background
HGNC:6279	KCNK4	0	0	0	0	Background
HGNC:19231	CATSPERZ	0	0	0	0	Background
HGNC:3471	ESRRA	0	0	0	0	Background
HGNC:26940	TRMT112	0	0	0	0	Background
HGNC:9355	PRDX5	0	0	0	0	Background
HGNC:26757	CCDC88B	0	0	0	0	Background
HGNC:10433	RPS6KA4	0	0	0	0	Background
HGNC:54241	LINC02724	0	0	0	0	Background
HGNC:18120	SLC22A11	0	0	0	0	Background
HGNC:17989	SLC22A12	0	0	0	0	Background
HGNC:8009	NRXN2	0	1	1	0	ASD_only
HGNC:9879	RASGRP2	0	0	0	0	Background
HGNC:9726	PYGM	0	0	0	0	Background
HGNC:12950	SF1	0	0	1	0	Background
HGNC:6864	MAP4K2	0	0	0	0	Background
HGNC:7010	MEN1	0	0	0	0	Background
HGNC:29829	CDC42BPG	0	0	0	0	Background
HGNC:3242	EHD1	0	0	0	0	Background
HGNC:29028	ATG2A	0	0	0	0	Background
HGNC:9310	PPP2R5B	0	0	0	0	Background
HGNC:18054	GPHA2	0	0	0	0	Background
HGNC:27441	MAJIN	0	0	0	0	Background
HGNC:25163	BATF2	0	0	0	0	Background
HGNC:693	ARL2	0	0	0	0	Background
HGNC:49197	ARL2-SNX15	0	0	0	0	Background
HGNC:14978	SNX15	0	0	0	0	Background
HGNC:30179	SAC3D1	0	0	0	0	Background
HGNC:23536	NAALADL1	0	0	0	0	Background
HGNC:14626	CDCA5	0	0	0	0	Background
HGNC:12868	ZFPL1	0	0	0	0	Background
HGNC:49389	CATSPERH	0	0	0	0	Background
HGNC:1172	VPS51	0	0	0	0	Background
HGNC:11863	TM7SF2	0	0	0	0	Background
HGNC:1177	ZNHIT2	0	0	0	0	Background
HGNC:3597	FAU	0	0	0	0	Background
HGNC:20738	SYVN1	0	0	0	0	Background
HGNC:1176	MRPL49	0	0	0	0	Background
HGNC:32681	SPDYC	0	0	0	0	Background
HGNC:56068	CAPN1-AS1	0	0	0	0	Background
HGNC:1476	CAPN1	0	0	0	0	Background
HGNC:30073	POLA2	0	1	1	0	ASD_only
HGNC:16263	CDC42EP2	0	0	0	0	Background
HGNC:9964	DPF2	0	0	0	0	Background
HGNC:18334	TIGD3	0	0	0	0	Background
HGNC:27442	SLC25A45	0	0	0	0	Background
HGNC:25462	FRMD8	0	0	0	0	Background
HGNC:56253	FAUP4	0	0	0	0	Background
HGNC:14372	SCYL1	0	0	0	0	Background
HGNC:6716	LTBP3	0	0	0	0	Background
HGNC:11328	ZNRD2	0	0	0	0	Background
HGNC:16708	FAM89B	0	0	0	0	Background
HGNC:30682	EHBP1L1	0	0	0	0	Background
HGNC:6282	KCNK7	0	1	1	0	ASD_only
HGNC:6850	MAP3K11	0	0	0	0	Background
HGNC:18760	PCNX3	0	0	0	0	Background
HGNC:10885	SIPA1	0	0	0	0	Background
HGNC:9955	RELA	1	0	0	0	IEI_only
HGNC:5275	KAT5	0	0	0	0	Background
HGNC:24116	RNASEH2C	1	0	0	0	IEI_only
HGNC:25104	AP5B1	0	0	0	0	Background
HGNC:8525	OVOL1	0	0	0	0	Background
HGNC:1874	CFL1	0	0	0	0	Background
HGNC:26423	SNX32	0	0	0	0	Background
HGNC:29814	MUS81	0	0	0	0	Background
HGNC:3219	EFEMP2	0	0	0	0	Background
HGNC:2546	CTSW	0	0	0	0	Background
HGNC:3705	FIBP	0	0	0	0	Background
HGNC:24926	CCDC85B	0	0	0	0	Background
HGNC:13718	FOSL1	0	0	0	0	Background
HGNC:28801	C11orf68	0	0	0	0	Background
HGNC:3019	DRAP1	0	0	0	0	Background
HGNC:10538	SART1	0	0	0	0	Background
HGNC:28147	EIF1AD	0	0	0	0	Background
HGNC:17397	BANF1	0	0	0	0	Background
HGNC:2478	CST6	0	0	0	0	Background
HGNC:17116	CATSPER1	0	0	0	0	Background
HGNC:24144	GAL3ST3	0	0	0	0	Background
HGNC:10769	SF3B2	0	0	0	0	Background
HGNC:30032	PACS1	0	1	1	0	ASD_only
HGNC:20716	KLC2	0	0	0	0	Background
HGNC:18370	RAB1B	0	0	0	0	Background
HGNC:28744	CNIH2	0	0	0	0	Background
HGNC:16688	YIF1A	0	0	0	0	Background
HGNC:28497	TMEM151A	0	0	0	0	Background
HGNC:18219	CD248	0	0	0	0	Background
HGNC:18749	RIN1	0	0	0	0	Background
HGNC:17262	BRMS1	0	0	0	0	Background
HGNC:15685	B4GAT1	0	0	0	0	Background
HGNC:56070	B4GAT1-DT	0	0	0	0	Background
HGNC:11004	SLC29A2	0	0	0	0	Background
HGNC:18983	NPAS4	0	0	0	0	Background
HGNC:14042	MRPL11	0	0	0	0	Background
HGNC:30010	PELI3	0	0	0	0	Background
HGNC:3008	DPP3	0	1	1	0	ASD_only
HGNC:966	BBS1	0	0	0	0	Background
HGNC:27387	ZDHHC24	0	0	0	0	Background
HGNC:2531	CTSF	0	0	0	0	Background
HGNC:25579	CCDC87	0	0	0	0	Background
HGNC:1613	CCS	0	0	0	0	Background
HGNC:14219	RBM14	0	0	0	0	Background
HGNC:38840	RBM14-RBM4	0	0	0	0	Background
HGNC:9901	RBM4	0	0	0	0	Background
HGNC:28842	RBM4B	0	0	0	0	Background
HGNC:11276	SPTBN2	0	0	0	0	Background
HGNC:26197	TOP6BL	0	0	0	0	Background
HGNC:13721	RCE1	0	0	0	0	Background
HGNC:8636	PC	0	0	0	0	Background
HGNC:28456	LRFN4	0	0	0	0	Background
HGNC:34442	C11orf86	0	0	0	0	Background
HGNC:18381	SYT12	0	0	0	0	Background
HGNC:670	RHOD	0	0	0	0	Background
HGNC:13606	KDM2A	0	0	0	0	Background
HGNC:289	GRK2	0	0	0	0	Background
HGNC:27880	ANKRD13D	0	0	0	0	Background
HGNC:30581	SSH3	0	0	0	0	Background
HGNC:14106	POLD4	0	0	0	0	Background
HGNC:17412	CLCF1	0	0	0	0	Background
HGNC:9827	RAD9A	0	0	0	0	Background
HGNC:9281	PPP1CA	0	0	0	0	Background
HGNC:24702	TBC1D10C	0	0	0	0	Background
HGNC:29268	CARNS1	0	0	0	0	Background
HGNC:10437	RPS6KB2	0	0	0	0	Background
HGNC:9667	PTPRCAP	0	0	0	0	Background
HGNC:2253	CORO1B	0	0	0	0	Background
HGNC:23622	GPR152	0	0	0	0	Background
HGNC:1386	CABP4	0	0	0	0	Background
HGNC:26142	TMEM134	0	0	0	0	Background
HGNC:358	AIP	0	0	0	0	Background
HGNC:9003	PITPNM1	0	0	0	0	Background
HGNC:30833	CDK2AP2	0	0	0	0	Background
HGNC:1385	CABP2	0	0	0	0	Background
HGNC:4638	GSTP1	0	0	0	0	Background
HGNC:26915	NDUFV1-DT	0	0	0	0	Background
HGNC:7716	NDUFV1	0	0	0	0	Background
HGNC:8055	NUDT8	0	0	0	0	Background
HGNC:11593	TBX10	0	0	0	0	Background
HGNC:24104	ACY3	0	0	0	0	Background
HGNC:411	ALDH3B2	0	0	0	0	Background
HGNC:13481	UNC93B1	1	0	0	0	IEI_only
HGNC:410	ALDH3B1	0	0	0	0	Background
HGNC:7715	NDUFS8	0	0	0	0	Background
HGNC:11647	TCIRG1	1	0	0	0	IEI_only
HGNC:1937	CHKA	0	0	0	0	Background
HGNC:24283	KMT5B	0	1	1	0	ASD_only
HGNC:1174	C11orf24	0	0	0	0	Background
HGNC:6697	LRP5	0	0	0	0	Background
HGNC:1173	PPP6R3	0	0	0	0	Background
HGNC:4114	GAL	0	0	0	0	Background
HGNC:7446	TESMIN	0	0	0	0	Background
HGNC:2328	CPT1A	0	0	0	0	Background
HGNC:14479	MRPL21	0	0	0	0	Background
HGNC:5542	IGHMBP2	0	0	0	0	Background
HGNC:29626	MRGPRD	0	0	0	0	Background
HGNC:24828	MRGPRF	0	0	0	0	Background
HGNC:20820	TPCN2	0	0	0	0	Background
HGNC:7563	MYEOV	0	0	0	0	Background
HGNC:1582	CCND1	0	0	0	0	Background
HGNC:17589	LTO1	0	0	0	0	Background
HGNC:3675	FGF19	0	0	0	0	Background
HGNC:3682	FGF4	0	0	0	0	Background
HGNC:3681	FGF3	0	0	0	0	Background
HGNC:21625	ANO1	0	0	0	0	Background
HGNC:3573	FADD	1	0	0	0	IEI_only
HGNC:9245	PPFIA1	0	1	1	0	ASD_only
HGNC:3338	CTTN	0	0	0	0	Background
HGNC:14295	SHANK2	0	1	1	0	ASD_only
HGNC:2860	DHCR7	0	1	1	0	ASD_only
HGNC:29832	NADSYN1	0	0	0	0	Background
HGNC:23602	KRTAP5-7	0	0	0	0	Background
HGNC:23603	KRTAP5-8	0	0	0	0	Background
HGNC:23604	KRTAP5-9	0	0	0	0	Background
HGNC:23605	KRTAP5-10	0	0	0	0	Background
HGNC:23606	KRTAP5-11	0	0	0	0	Background
HGNC:25561	FAM86C1P	0	0	0	0	Background
HGNC:29966	DEFB108B	0	0	0	0	Background
HGNC:54661	XNDC1N	0	0	0	0	Background
HGNC:21070	RNF121	0	0	0	0	Background
HGNC:5987	IL18BP	1	0	0	0	IEI_only
HGNC:8059	NUMA1	0	0	0	0	Background
HGNC:55526	LRRC51	0	0	0	0	Background
HGNC:26068	LAMTOR1	0	0	0	0	Background
HGNC:24531	ANAPC15	0	0	0	0	Background
HGNC:3795	FOLR3	0	0	0	0	Background
HGNC:3791	FOLR1	0	0	0	0	Background
HGNC:3793	FOLR2	0	0	0	0	Background
HGNC:6080	INPPL1	0	0	0	0	Background
HGNC:691	PHOX2A	0	0	0	0	Background
HGNC:30664	CLPB	1	0	0	0	IEI_only
HGNC:8777	PDE2A	0	0	0	0	Background
HGNC:16925	ARAP1	0	0	0	0	Background
HGNC:10666	STARD10	0	0	0	0	Background
HGNC:25464	ATG16L2	0	0	0	0	Background
HGNC:29114	FCHSD2	0	0	0	0	Background
HGNC:8541	P2RY2	0	0	0	0	Background
HGNC:8543	P2RY6	0	0	0	0	Background
HGNC:21726	ARHGEF17	0	0	0	0	Background
HGNC:13764	RELT	0	0	0	0	Background
HGNC:28999	FAM168A	0	0	0	0	Background
HGNC:19079	PLEKHB1	0	0	0	0	Background
HGNC:9786	RAB6A	0	0	0	0	Background
HGNC:16653	MRPL48	0	0	0	0	Background
HGNC:24604	COA4	0	0	0	0	Background
HGNC:25687	PAAF1	0	0	0	0	Background
HGNC:30718	DNAJB13	0	0	0	0	Background
HGNC:12518	UCP2	0	0	0	0	Background
HGNC:12519	UCP3	0	0	0	0	Background
HGNC:24564	C2CD3	0	0	0	0	Background
HGNC:30178	PPME1	0	0	0	0	Background
HGNC:30135	P4HA3	0	0	0	0	Background
HGNC:20898	PGM2L1	0	0	0	0	Background
HGNC:6243	KCNE3	0	0	0	0	Background
HGNC:37216	LIPT2	0	0	0	0	Background
HGNC:20932	POLD3	1	0	0	0	IEI_only
HGNC:24168	CHRDL2	0	0	0	0	Background
HGNC:26961	RNF169	0	0	0	0	Background
HGNC:18868	XRRA1	0	0	0	0	Background
HGNC:28962	SPCS2	0	0	0	0	Background
HGNC:7760	NEU3	0	0	0	0	Background
HGNC:19620	OR2AT4	0	0	0	0	Background
HGNC:10962	SLCO2B1	0	0	0	0	Background
HGNC:44159	TPBGL	0	0	0	0	Background
HGNC:711	ARRB1	0	0	0	0	Background
HGNC:10420	RPS3	0	0	0	0	Background
HGNC:26597	KLHL35	0	0	0	0	Background
HGNC:28804	GDPD5	0	0	0	0	Background
HGNC:1546	SERPINH1	0	0	0	0	Background
HGNC:6868	MAP6	0	0	0	0	Background
HGNC:23248	MOGAT2	0	0	0	0	Background
HGNC:16940	DGAT2	0	0	0	0	Background
HGNC:12640	UVRAG	0	0	0	0	Background
HGNC:12776	WNT11	0	0	0	0	Background
HGNC:9440	THAP12	0	0	0	0	Background
HGNC:51239	GVQW3	0	0	0	0	Background
HGNC:18071	EMSY	0	1	1	0	ASD_only
HGNC:4161	LRRC32	0	0	0	0	Background
HGNC:28850	TSKU	0	0	0	0	Background
HGNC:16066	ACER3	0	0	0	0	Background
HGNC:24141	B3GNT6	0	0	0	0	Background
HGNC:1482	CAPN5	0	0	0	0	Background
HGNC:8136	OMP	0	0	0	0	Background
HGNC:7606	MYO7A	0	0	0	0	Background
HGNC:24849	GDPD4	0	0	0	0	Background
HGNC:8590	PAK1	0	0	0	0	Background
HGNC:2080	CLNS1A	0	0	0	0	Background
HGNC:19940	AQP11	0	0	0	0	Background
HGNC:18118	RSF1	0	0	0	0	Background
HGNC:30205	AAMDC	0	0	0	0	Background
HGNC:25048	INTS4	0	0	0	0	Background
HGNC:23295	KCTD14	0	0	0	0	Background
HGNC:42956	NDUFC2-KCTD14	0	0	0	0	Background
HGNC:11800	THRSP	0	0	0	0	Background
HGNC:7706	NDUFC2	0	0	0	0	Background
HGNC:23161	ALG8	0	0	0	0	Background
HGNC:27452	KCTD21	0	0	0	0	Background
HGNC:20061	USP35	0	0	0	0	Background
HGNC:14458	GAB2	0	0	0	0	Background
HGNC:26274	NARS2	0	0	0	0	Background
HGNC:29945	TENM4	0	0	0	0	Background
HGNC:28512	FAM181B	0	0	0	0	Background
HGNC:9344	PRCP	0	0	0	0	Background
HGNC:26351	DDIAS	0	0	0	0	Background
HGNC:9770	RAB30	0	0	0	0	Background
HGNC:30097	PCF11	0	0	0	0	Background
HGNC:26752	ANKRD42	0	0	0	0	Background
HGNC:28108	CCDC90B	0	0	0	0	Background
HGNC:2901	DLG2	0	1	1	0	ASD_only
HGNC:30883	TMEM126B	0	0	0	0	Background
HGNC:25382	TMEM126A	0	0	0	0	Background
HGNC:24905	CREBZF	0	0	0	0	Background
HGNC:26762	CCDC89	0	0	0	0	Background
HGNC:15585	SYTL2	0	0	0	0	Background
HGNC:28535	CCDC83	0	0	0	0	Background
HGNC:15514	PICALM	0	0	0	0	Background
HGNC:3188	EED	0	0	0	0	Background
HGNC:26938	HIKESHI	0	0	0	0	Background
HGNC:26281	CCDC81	0	0	0	0	Background
HGNC:6985	ME3	0	0	0	0	Background
HGNC:14370	PRSS23	0	0	0	0	Background
HGNC:4042	FZD4	0	0	0	0	Background
HGNC:26167	TMEM135	0	0	0	0	Background
HGNC:9776	RAB38	0	0	0	0	Background
HGNC:2528	CTSC	1	0	0	0	IEI_only
HGNC:4597	GRM5	0	1	1	0	ASD_only
HGNC:12442	TYR	0	0	0	0	Background
HGNC:7891	NOX4	0	0	0	0	Background
HGNC:34228	TRIM77	0	0	0	0	Background
HGNC:13431	TRIM49	0	0	0	0	Background
HGNC:37147	TRIM64B	0	0	0	0	Background
HGNC:43973	TRIM49D1	0	0	0	0	Background
HGNC:38877	TRIM49C	0	0	0	0	Background
HGNC:14526	NAALAD2	0	0	0	0	Background
HGNC:14525	CHORDC1	0	0	0	0	Background
HGNC:23112	FAT3	0	0	0	0	Background
HGNC:7464	MTNR1B	0	0	0	0	Background
HGNC:19660	SLC36A4	0	0	0	0	Background
HGNC:26344	DEUP1	0	0	0	0	Background
HGNC:24810	SMCO4	0	0	0	0	Background
HGNC:29366	CEP295	0	0	0	0	Background
HGNC:28759	TAF1D	0	0	0	0	Background
HGNC:30204	BKGD	0	0	0	0	Background
HGNC:2375	MED17	0	0	0	0	Background
HGNC:34443	VSTM5	0	0	0	0	Background
HGNC:30477	HEPHL1	0	0	0	0	Background
HGNC:8599	PANX1	0	0	0	0	Background
HGNC:32565	IZUMO1R	0	0	0	0	Background
HGNC:4523	GPR83	0	0	0	0	Background
HGNC:7230	MRE11	0	0	0	0	Background
HGNC:25970	ANKRD49	0	0	0	0	Background
HGNC:18444	PIWIL4	0	0	0	0	Background
HGNC:4015	FUT4	0	0	0	0	Background
HGNC:17811	AMOTL1	0	0	0	0	Background
HGNC:26939	CWC15	0	0	0	0	Background
HGNC:25498	KDM4D	0	0	0	0	Background
HGNC:37098	KDM4E	0	0	0	0	Background
HGNC:29129	ENDOD1	0	0	0	0	Background
HGNC:23060	SESN3	0	0	0	0	Background
HGNC:28492	FAM76B	0	0	0	0	Background
HGNC:30794	CEP57	0	0	0	0	Background
HGNC:7450	MTMR2	0	0	0	0	Background
HGNC:16259	MAML2	0	0	0	0	Background
HGNC:26282	CCDC82	0	0	0	0	Background
HGNC:6200	JRKL	0	0	0	0	Background
HGNC:2175	CNTN5	0	1	1	0	ASD_only
HGNC:26545	ARHGAP42	0	0	0	0	Background
HGNC:8910	PGR	0	0	0	0	Background
HGNC:12338	TRPC6	0	1	1	0	ASD_only
HGNC:19705	ANGPTL5	0	0	0	0	Background
HGNC:29264	CEP126	0	0	0	0	Background
HGNC:28188	CFAP300	0	0	0	0	Background
HGNC:16262	YAP1	0	0	0	0	Background
HGNC:591	BIRC3	0	0	0	0	Background
HGNC:590	BIRC2	0	0	0	0	Background
HGNC:30138	TMEM123	0	0	0	0	Background
HGNC:7174	MMP7	0	0	0	0	Background
HGNC:7167	MMP20	0	0	0	0	Background
HGNC:14250	MMP27	0	0	0	0	Background
HGNC:7175	MMP8	0	0	0	0	Background
HGNC:7156	MMP10	0	0	0	0	Background
HGNC:7155	MMP1	0	0	0	0	Background
HGNC:7173	MMP3	0	0	0	0	Background
HGNC:7159	MMP13	0	0	0	0	Background
HGNC:28409	DCUN1D5	0	0	0	0	Background
HGNC:2962	DYNC2H1	0	0	0	0	Background
HGNC:30620	PDGFD	0	0	0	0	Background
HGNC:18961	DDI1	0	0	0	0	Background
HGNC:19004	CASP12	0	0	0	0	Background
HGNC:1505	CASP4	0	0	0	0	Background
HGNC:1506	CASP5	0	0	0	0	Background
HGNC:1499	CASP1	0	0	0	0	Background
HGNC:33701	CARD16	0	0	0	0	Background
HGNC:33827	CARD17P	0	0	0	0	Background
HGNC:28861	CARD18	0	0	0	0	Background
HGNC:4574	GRIA4	0	0	0	0	Background
HGNC:29383	MSANTD4	0	0	0	0	Background
HGNC:22934	KBTBD3	0	0	0	0	Background
HGNC:14235	AASDHPPT	0	0	0	0	Background
HGNC:4684	GUCY1A2	0	1	1	0	ASD_only
HGNC:26508	CWF19L2	0	0	0	0	Background
HGNC:25189	ALKBH8	0	0	0	0	Background
HGNC:25334	ELMOD1	0	0	0	0	Background
HGNC:11089	SLN	0	0	0	0	Background
HGNC:23615	SLC35F2	0	0	0	0	Background
HGNC:16521	RAB39A	0	0	0	0	Background
HGNC:2556	CUL5	0	0	0	0	Background
HGNC:93	ACAT1	0	0	0	0	Background
HGNC:7896	NPAT	0	0	0	0	Background
HGNC:795	ATM	1	0	0	0	IEI_only
HGNC:28519	C11orf65	0	0	0	0	Background
HGNC:28496	POGLUT3	0	0	0	0	Background
HGNC:30578	EXPH5	0	0	0	0	Background
HGNC:2735	DDX10	0	0	0	0	Background
HGNC:33788	C11orf87	0	0	0	0	Background
HGNC:29362	ZC3H12C	0	0	0	0	Background
HGNC:9944	RDX	0	0	0	0	Background
HGNC:3638	FDX1	0	0	0	0	Background
HGNC:18357	ARHGAP20	0	0	0	0	Background
HGNC:30527	POU2AF2	0	0	0	0	Background
HGNC:33789	COLCA1	0	0	0	0	Background
HGNC:26978	POU2AF3	0	0	0	0	Background
HGNC:9211	POU2AF1	1	0	0	0	IEI_only
HGNC:13862	BTG4	0	0	0	0	Background
HGNC:25061	HOATZ	0	0	0	0	Background
HGNC:29471	LAYN	0	0	0	0	Background
HGNC:21680	SIK2	0	0	0	0	Background
HGNC:9303	PPP2R1B	0	1	1	0	ASD_only
HGNC:15672	ALG9	0	0	0	0	Background
HGNC:25110	FDXACB1	0	0	0	0	Background
HGNC:1163	CFAP68	0	0	0	0	Background
HGNC:2389	CRYAB	0	0	0	0	Background
HGNC:5247	HSPB2	0	0	0	0	Background
HGNC:41996	HSPB2-C11orf52	0	0	0	0	Background
HGNC:30531	C11orf52	0	0	0	0	Background
HGNC:23695	DIXDC1	0	1	1	0	ASD_only
HGNC:2896	DLAT	0	0	0	0	Background
HGNC:25210	PIH1D2	0	0	0	0	Background
HGNC:25569	NKAPD1	0	0	0	0	Background
HGNC:11818	TIMM8B	0	0	0	0	Background
HGNC:10683	SDHD	0	0	0	0	Background
HGNC:5986	IL18	0	0	0	0	Background
HGNC:11734	TEX12	0	0	0	0	Background
HGNC:18503	BCO2	0	0	0	0	Background
HGNC:9689	PTS	0	0	0	0	Background
HGNC:30053	PLET1	0	0	0	0	Background
HGNC:7656	NCAM1	0	0	0	0	Background
HGNC:23700	TTC12	0	0	0	0	Background
HGNC:21027	ANKK1	0	0	0	0	Background
HGNC:3023	DRD2	0	1	1	0	ASD_only
HGNC:14908	TMPRSS5	0	0	0	0	Background
HGNC:13194	ZW10	0	0	0	0	Background
HGNC:37218	CLDN25	0	0	0	0	Background
HGNC:12625	USP28	0	0	0	0	Background
HGNC:5298	HTR3B	0	0	0	0	Background
HGNC:5297	HTR3A	0	1	1	0	ASD_only
HGNC:12930	ZBTB16	0	1	1	0	ASD_only
HGNC:7861	NNMT	0	0	0	0	Background
HGNC:25937	C11orf71	0	0	0	0	Background
HGNC:9904	RBM7	0	0	0	0	Background
HGNC:17851	REXO2	0	0	0	0	Background
HGNC:28527	NXPE1	0	0	0	0	Background
HGNC:23117	NXPE4	0	0	0	0	Background
HGNC:26331	NXPE2	0	0	0	0	Background
HGNC:5951	CADM1	0	1	1	0	ASD_only
HGNC:28199	BUD13	0	0	0	0	Background
HGNC:13051	ZPR1	0	0	0	0	Background
HGNC:17288	APOA5	0	0	0	0	Background
HGNC:602	APOA4	0	0	0	0	Background
HGNC:610	APOC3	0	0	0	0	Background
HGNC:600	APOA1	0	0	0	0	Background
HGNC:29165	SIK3	0	0	0	0	Background
HGNC:8575	PAFAH1B2	0	1	1	0	ASD_only
HGNC:24272	SIDT2	0	0	0	0	Background
HGNC:11553	TAGLN	0	0	0	0	Background
HGNC:8748	PCSK7	0	0	0	0	Background
HGNC:25335	RNF214	0	0	0	0	Background
HGNC:933	BACE1	0	0	0	0	Background
HGNC:29182	CEP164	0	0	0	0	Background
HGNC:14656	DSCAML1	0	0	0	0	Background
HGNC:4026	FXYD2	0	0	0	0	Background
HGNC:39978	FXYD6-FXYD2	0	0	0	0	Background
HGNC:4030	FXYD6	0	0	0	0	Background
HGNC:29808	TMPRSS13	0	0	0	0	Background
HGNC:5964	IL10RA	1	0	0	0	IEI_only
HGNC:11878	TMPRSS4	0	0	0	0	Background
HGNC:10592	SCN4B	0	0	0	0	Background
HGNC:10589	SCN2B	0	0	0	0	Background
HGNC:19084	JAML	0	0	0	0	Background
HGNC:27279	MPZL3	0	0	0	0	Background
HGNC:3496	MPZL2	0	0	0	0	Background
HGNC:1674	CD3E	1	0	0	0	IEI_only
HGNC:1673	CD3D	1	0	0	0	IEI_only
HGNC:1675	CD3G	1	0	0	0	IEI_only
HGNC:12499	UBE4A	0	0	0	0	Background
HGNC:14247	ATP5MG	0	0	0	0	Background
HGNC:7132	KMT2A	1	1	1	1	Overlap_raw
HGNC:33708	TTC36	0	0	0	0	Background
HGNC:25890	TMEM25	0	0	0	0	Background
HGNC:26146	IFT46	0	0	0	0	Background
HGNC:649	ARCN1	0	0	0	0	Background
HGNC:23697	PHLDB1	0	0	0	0	Background
HGNC:12266	TREH	0	0	0	0	Background
HGNC:2747	DDX6	0	0	0	0	Background
HGNC:1060	CXCR5	0	0	0	0	Background
HGNC:23688	BCL9L	0	0	0	0	Background
HGNC:12579	UPK2	0	0	0	0	Background
HGNC:29980	FOXR1	0	0	0	0	Background
HGNC:30460	CENATAC	0	0	0	0	Background
HGNC:10413	RPS25	0	0	0	0	Background
HGNC:19943	TRAPPC4	0	0	0	0	Background
HGNC:4061	SLC37A4	1	0	0	0	IEI_only
HGNC:16931	HYOU1	0	0	0	0	Background
HGNC:14583	VPS11	0	0	0	0	Background
HGNC:4982	HMBS	0	0	0	0	Background
HGNC:4739	H2AX	0	0	0	0	Background
HGNC:2995	DPAGT1	0	0	0	0	Background
HGNC:29000	C2CD2L	0	0	0	0	Background
HGNC:17850	HINFP	0	0	0	0	Background
HGNC:13884	ABCG4	0	0	0	0	Background
HGNC:29890	NLRX1	0	0	0	0	Background
HGNC:19891	NHERF4	0	0	0	0	Background
HGNC:27446	DRC12	0	0	0	0	Background
HGNC:1541	CBL	0	0	0	0	Background
HGNC:6934	MCAM	0	0	0	0	Background
HGNC:14646	RNF26	0	0	0	0	Background
HGNC:14344	C1QTNF5	0	0	0	0	Background
HGNC:18121	MFRP	0	1	1	0	ASD_only
HGNC:12618	USP2	0	0	0	0	Background
HGNC:11801	THY1	0	0	0	0	Background
HGNC:9706	NECTIN1	0	0	0	0	Background
HGNC:17274	TRIM29	0	0	0	0	Background
HGNC:28752	OAF	0	0	0	0	Background
HGNC:19864	POU2F3	0	0	0	0	Background
HGNC:28280	TLCD5	0	0	0	0	Background
HGNC:14193	ARHGEF12	0	0	0	0	Background
HGNC:4582	GRIK4	0	1	1	0	ASD_only
HGNC:28115	TBCEL	0	1	1	0	ASD_only
HGNC:11720	TECTA	0	1	1	0	ASD_only
HGNC:10547	SC5D	0	0	0	0	Background
HGNC:11185	SORL1	0	0	0	0	Background
HGNC:33495	BLID	0	0	0	0	Background
HGNC:29884	UBASH3B	0	0	0	0	Background
HGNC:24313	CRTAM	0	0	0	0	Background
HGNC:26288	JHY	0	0	0	0	Background
HGNC:20450	BSX	0	0	0	0	Background
HGNC:5241	HSPA8	0	0	0	0	Background
HGNC:24039	CLMP	0	0	0	0	Background
HGNC:29214	GRAMD1B	0	0	0	0	Background
HGNC:20665	SCN3B	0	0	0	0	Background
HGNC:12994	ZNF202	0	0	0	0	Background
HGNC:14737	OR6X1	0	0	0	0	Background
HGNC:14711	OR6M1	0	0	0	0	Background
HGNC:32390	TMEM225	0	0	0	0	Background
HGNC:14840	OR8D4	0	0	0	0	Background
HGNC:14852	OR4D5	0	0	0	0	Background
HGNC:14848	OR6T1	0	0	0	0	Background
HGNC:14807	OR10S1	0	0	0	0	Background
HGNC:14836	OR10G6	0	0	0	0	Background
HGNC:14809	OR10G4	0	0	0	0	Background
HGNC:15129	OR10G9	0	0	0	0	Background
HGNC:14845	OR10G8	0	0	0	0	Background
HGNC:14842	OR10G7	0	0	0	0	Background
HGNC:6658	VWA5A	0	0	0	0	Background
HGNC:8168	OR10D3	0	0	0	0	Background
HGNC:19622	OR8G5	0	0	0	0	Background
HGNC:8481	OR8D1	0	0	0	0	Background
HGNC:8482	OR8D2	0	0	0	0	Background
HGNC:8471	OR8B2	0	0	0	0	Background
HGNC:8472	OR8B3	0	0	0	0	Background
HGNC:8473	OR8B4	0	0	0	0	Background
HGNC:8477	OR8B8	0	0	0	0	Background
HGNC:15307	OR8B12	0	0	0	0	Background
HGNC:8469	OR8A1	0	0	0	0	Background
HGNC:20573	PANX3	0	0	0	0	Background
HGNC:29551	TBRG1	0	0	0	0	Background
HGNC:18187	SIAE	0	0	0	0	Background
HGNC:11210	SPA17	0	0	0	0	Background
HGNC:8000	NRGN	0	0	0	0	Background
HGNC:17149	VSIG2	0	0	0	0	Background
HGNC:17474	ESAM	0	0	0	0	Background
HGNC:26266	MSANTD2	0	1	1	0	ASD_only
HGNC:13433	ROBO3	0	0	0	0	Background
HGNC:17985	ROBO4	0	0	0	0	Background
HGNC:26361	HEPACAM	0	0	0	0	Background
HGNC:34400	HEPN1	0	0	0	0	Background
HGNC:25798	CCDC15	0	0	0	0	Background
HGNC:20644	SLC37A2	0	0	0	0	Background
HGNC:27344	TMEM218	0	0	0	0	Background
HGNC:16714	PKNOX2	0	0	0	0	Background
HGNC:3659	FEZ1	0	0	0	0	Background
HGNC:13276	EI24	0	0	0	0	Background
HGNC:6172	STT3A	0	0	0	0	Background
HGNC:1925	CHEK1	0	0	0	0	Background
HGNC:127	ACRV1	0	0	0	0	Background
HGNC:24664	PATE1	0	0	0	0	Background
HGNC:32249	PATE2	0	0	0	0	Background
HGNC:35426	PATE3	0	0	0	0	Background
HGNC:35427	PATE4	0	0	0	0	Background
HGNC:26558	HYLS1	0	0	0	0	Background
HGNC:25461	PUS3	0	0	0	0	Background
HGNC:18698	DDX25	0	0	0	0	Background
HGNC:17104	CDON	0	0	0	0	Background
HGNC:25898	RPUSD4	0	0	0	0	Background
HGNC:26110	SIRAL1	0	0	0	0	Background
HGNC:11307	SRPRA	1	1	1	1	Overlap_raw
HGNC:26927	FOXRED1	0	0	0	0	Background
HGNC:17192	TIRAP	1	0	0	0	IEI_only
HGNC:56069	TIRAP-AS1	0	0	0	0	Background
HGNC:29812	DCPS	0	0	0	0	Background
HGNC:10864	ST3GAL4	0	0	0	0	Background
HGNC:23204	KIRREL3	0	1	1	0	ASD_only
HGNC:3488	ETS1	0	0	0	0	Background
HGNC:3749	FLI1	0	0	0	0	Background
HGNC:6255	KCNJ1	0	0	0	0	Background
HGNC:6266	KCNJ5	0	0	0	0	Background
HGNC:28584	KCNJ5-AS1	0	0	0	0	Background
HGNC:29984	TP53AIP1	0	0	0	0	Background
HGNC:17399	ARHGAP32	0	1	1	0	ASD_only
HGNC:956	BARX2	0	0	0	0	Background
HGNC:25194	TMEM45B	0	0	0	0	Background
HGNC:7802	NFRKB	0	0	0	0	Background
HGNC:13995	PRDM10	0	0	0	0	Background
HGNC:598	APLP2	0	0	0	0	Background
HGNC:11344	ST14	0	0	0	0	Background
HGNC:25001	ZBTB44	0	0	0	0	Background
HGNC:224	ADAMTS8	0	0	0	0	Background
HGNC:16305	ADAMTS15	0	0	0	0	Background
HGNC:26805	LINC02873	0	0	0	0	Background
HGNC:21532	SNX19	0	0	0	0	Background
HGNC:17941	NTM	0	0	0	0	Background
HGNC:8143	OPCML	0	0	0	0	Background
HGNC:30614	SPATA19	0	0	0	0	Background
HGNC:32326	IGSF9B	0	0	0	0	Background
HGNC:15532	JAM3	0	0	0	0	Background
HGNC:28952	NCAPD3	0	0	0	0	Background
HGNC:28119	VPS26B	0	0	0	0	Background
HGNC:29560	THYN1	0	0	0	0	Background
HGNC:87	ACAD8	0	0	0	0	Background
HGNC:25147	GLB1L3	0	0	0	0	Background
HGNC:25129	GLB1L2	0	0	0	0	Background
HGNC:921	B3GAT1	0	0	0	0	Background
HGNC:29193	IQSEC3	0	0	0	0	Background
HGNC:11045	SLC6A12	0	0	0	0	Background
HGNC:11046	SLC6A13	0	0	0	0	Background
HGNC:9886	KDM5A	0	1	1	0	ASD_only
HGNC:28203	CCDC77	0	0	0	0	Background
HGNC:24137	B4GALNT3	0	0	0	0	Background
HGNC:7825	NINJ2	0	0	0	0	Background
HGNC:14540	WNK1	0	0	0	0	Background
HGNC:9824	RAD52	0	0	0	0	Background
HGNC:17072	ERC1	0	0	0	0	Background
HGNC:16265	WNT5B	0	0	0	0	Background
HGNC:28624	FBXL14	0	0	0	0	Background
HGNC:24041	ADIPOR2	0	0	0	0	Background
HGNC:20202	CACNA2D4	0	0	0	0	Background
HGNC:32443	LRTM2	0	0	0	0	Background
HGNC:24451	DCP1B	0	0	0	0	Background
HGNC:1390	CACNA1C	0	1	1	0	ASD_only
HGNC:3720	FKBP4	0	0	0	0	Background
HGNC:30879	ITFG2	0	0	0	0	Background
HGNC:23078	NRIP2	0	0	0	0	Background
HGNC:3818	FOXM1	0	0	0	0	Background
HGNC:28206	RHNO1	0	0	0	0	Background
HGNC:12425	TULP3	0	0	0	0	Background
HGNC:11717	TEAD4	0	0	0	0	Background
HGNC:21640	TSPAN9	0	0	0	0	Background
HGNC:5188	PRMT8	0	0	0	0	Background
HGNC:28657	CRACR2A	1	0	0	0	IEI_only
HGNC:1186	PARP11	0	0	0	0	Background
HGNC:1583	CCND2	0	0	0	0	Background
HGNC:1185	TIGAR	0	0	0	0	Background
HGNC:3680	FGF23	0	0	0	0	Background
HGNC:3684	FGF6	0	0	0	0	Background
HGNC:1184	FERRY3	0	0	0	0	Background
HGNC:16956	RAD51AP1	0	0	0	0	Background
HGNC:3095	DYRK4	0	0	0	0	Background
HGNC:373	AKAP3	0	0	0	0	Background
HGNC:7693	NDUFA9	0	0	0	0	Background
HGNC:4130	GALNT8	0	1	1	0	ASD_only
HGNC:6225	KCNA6	0	0	0	0	Background
HGNC:6218	KCNA1	0	0	0	0	Background
HGNC:6224	KCNA5	0	0	0	0	Background
HGNC:8023	NTF3	0	0	0	0	Background
HGNC:1183	ANO2	0	0	0	0	Background
HGNC:12726	VWF	0	0	0	0	Background
HGNC:1709	CD9	0	0	0	0	Background
HGNC:25562	PLEKHG6	0	0	0	0	Background
HGNC:11916	TNFRSF1A	1	0	0	0	IEI_only
HGNC:10599	SCNN1A	0	0	0	0	Background
HGNC:6718	LTBR	0	0	0	0	Background
HGNC:11922	CD27	1	0	0	0	IEI_only
HGNC:30683	TAPBPL	0	0	0	0	Background
HGNC:12642	VAMP1	0	0	0	0	Background
HGNC:14044	MRPL51	0	0	0	0	Background
HGNC:24305	NCAPD2	0	0	0	0	Background
HGNC:4141	GAPDH	0	0	0	0	Background
HGNC:24970	IFFO1	0	0	0	0	Background
HGNC:7867	NOP2	0	0	0	0	Background
HGNC:1919	CHD4	0	0	0	0	Background
HGNC:13307	LPAR5	0	0	0	0	Background
HGNC:17195	ACRBP	0	0	0	0	Background
HGNC:19423	ING4	0	0	0	0	Background
HGNC:11955	ZNF384	0	0	0	0	Background
HGNC:25338	PIANP	0	0	0	0	Background
HGNC:16758	COPS7A	0	0	0	0	Background
HGNC:7126	MLF2	0	0	0	0	Background
HGNC:9629	PTMS	0	0	0	0	Background
HGNC:6476	LAG3	0	0	0	0	Background
HGNC:1678	CD4	0	0	0	0	Background
HGNC:16693	GPR162	0	0	0	0	Background
HGNC:4400	GNB3	0	0	0	0	Background
HGNC:14624	CDCA3	0	0	0	0	Background
HGNC:12628	USP5	0	0	0	0	Background
HGNC:12009	TPI1	0	0	0	0	Background
HGNC:29522	SPSB2	0	0	0	0	Background
HGNC:19138	LRRC23	0	0	0	0	Background
HGNC:3353	ENO2	0	0	0	0	Background
HGNC:3033	ATN1	0	0	0	0	Background
HGNC:29521	C12orf57	0	0	0	0	Background
HGNC:9658	PTPN6	0	0	0	0	Background
HGNC:16912	EMG1	0	0	0	0	Background
HGNC:30306	PHB2	0	0	0	0	Background
HGNC:30244	LPCAT3	0	0	0	0	Background
HGNC:1247	C1S	1	0	0	0	IEI_only
HGNC:1246	C1R	1	0	0	0	IEI_only
HGNC:21265	C1RL	0	0	0	0	Background
HGNC:15847	RBP5	0	0	0	0	Background
HGNC:18371	CLSTN3	0	0	0	0	Background
HGNC:9719	PEX5	0	0	0	0	Background
HGNC:32016	ACSM4	0	0	0	0	Background
HGNC:30375	CD163L1	0	0	0	0	Background
HGNC:1631	CD163	0	0	0	0	Background
HGNC:604	APOBEC1	0	0	0	0	Background
HGNC:4218	GDF3	0	0	0	0	Background
HGNC:19199	DPPA3	0	0	0	0	Background
HGNC:13258	CLEC4C	0	0	0	0	Background
HGNC:24958	NANOGNB	0	0	0	0	Background
HGNC:20857	NANOG	0	0	0	0	Background
HGNC:18301	SLC2A14	0	0	0	0	Background
HGNC:11007	SLC2A3	0	0	0	0	Background
HGNC:24818	FOXJ2	0	0	0	0	Background
HGNC:1319	C3AR1	0	0	0	0	Background
HGNC:24539	NECAP1	0	0	0	0	Background
HGNC:13257	CLEC4A	0	0	0	0	Background
HGNC:32281	ZNF705A	0	0	0	0	Background
HGNC:25526	FAM90A1	0	0	0	0	Background
HGNC:14556	CLEC6A	0	0	0	0	Background
HGNC:14554	CLEC4D	0	0	0	0	Background
HGNC:14555	CLEC4E	0	0	0	0	Background
HGNC:13203	AICDA	1	0	0	0	IEI_only
HGNC:29673	MFAP5	0	0	0	0	Background
HGNC:29228	RIMKLB	0	0	0	0	Background
HGNC:23336	A2ML1	0	0	0	0	Background
HGNC:3182	PHC1	0	0	0	0	Background
HGNC:6752	M6PR	0	0	0	0	Background
HGNC:6380	KLRG1	0	0	0	0	Background
HGNC:7	A2M	0	0	0	0	Background
HGNC:9750	PZP	0	0	0	0	Background
HGNC:6373	KLRB1	0	0	0	0	Background
HGNC:14351	CLEC2D	0	0	0	0	Background
HGNC:24462	CLECL1	0	0	0	0	Background
HGNC:1694	CD69	0	0	0	0	Background
HGNC:13342	KLRF1	0	0	0	0	Background
HGNC:2053	CLEC2B	0	0	0	0	Background
HGNC:37646	KLRF2	0	0	0	0	Background
HGNC:24191	CLEC2A	0	0	0	0	Background
HGNC:31713	CLEC12A	0	0	0	0	Background
HGNC:24356	CLEC1B	0	0	0	0	Background
HGNC:31966	CLEC12B	0	0	0	0	Background
HGNC:26705	CLEC9A	0	0	0	0	Background
HGNC:24355	CLEC1A	0	0	0	0	Background
HGNC:14558	CLEC7A	0	0	0	0	Background
HGNC:8133	OLR1	0	0	0	0	Background
HGNC:26438	TMEM52B	0	0	0	0	Background
HGNC:4068	GABARAPL1	0	0	0	0	Background
HGNC:6378	KLRD1	0	0	0	0	Background
HGNC:18788	KLRK1	0	0	0	0	Background
HGNC:48357	KLRC4-KLRK1	0	0	0	0	Background
HGNC:6377	KLRC4	0	0	0	0	Background
HGNC:6376	KLRC3	0	0	0	0	Background
HGNC:6375	KLRC2	0	0	0	0	Background
HGNC:6374	KLRC1	0	0	0	0	Background
HGNC:43863	EIF2S3B	0	0	0	0	Background
HGNC:25504	MAGOHB	0	0	0	0	Background
HGNC:18889	STYK1	0	1	1	0	ASD_only
HGNC:2428	YBX3	0	0	0	0	Background
HGNC:14913	TAS2R7	0	0	0	0	Background
HGNC:14915	TAS2R8	0	0	0	0	Background
HGNC:14917	TAS2R9	0	0	0	0	Background
HGNC:18020	PRR4	0	0	0	0	Background
HGNC:14918	TAS2R10	0	0	0	0	Background
HGNC:9366	PRH1	0	0	0	0	Background
HGNC:14919	TAS2R13	0	0	0	0	Background
HGNC:9367	PRH2	0	0	0	0	Background
HGNC:14920	TAS2R14	0	0	0	0	Background
HGNC:18882	TAS2R50	0	0	0	0	Background
HGNC:19109	TAS2R20	0	0	0	0	Background
HGNC:19108	TAS2R19	0	0	0	0	Background
HGNC:19113	TAS2R31	0	0	0	0	Background
HGNC:18877	TAS2R46	0	0	0	0	Background
HGNC:18875	TAS2R43	0	0	0	0	Background
HGNC:19112	TAS2R30	0	0	0	0	Background
HGNC:18888	TAS2R42	0	0	0	0	Background
HGNC:9339	PRB3	0	0	0	0	Background
HGNC:9340	PRB4	0	0	0	0	Background
HGNC:9337	PRB1	0	0	0	0	Background
HGNC:9338	PRB2	0	0	0	0	Background
HGNC:3495	ETV6	0	0	0	0	Background
HGNC:16657	BCL2L14	0	0	0	0	Background
HGNC:6698	LRP6	0	0	0	0	Background
HGNC:25505	MANSC1	0	0	0	0	Background
HGNC:26524	LOH12CR2	0	0	0	0	Background
HGNC:17950	BORCS5	0	0	0	0	Background
HGNC:17909	DUSP16	0	0	0	0	Background
HGNC:2350	CREBL2	0	0	0	0	Background
HGNC:4473	GPR19	0	0	0	0	Background
HGNC:1785	CDKN1B	0	0	0	0	Background
HGNC:25268	APOLD1	0	0	0	0	Background
HGNC:18682	DDX47	0	0	0	0	Background
HGNC:9836	GPRC5A	0	0	0	0	Background
HGNC:13310	GPRC5D	0	0	0	0	Background
HGNC:17176	HEBP1	0	0	0	0	Background
HGNC:29288	FAM234B	0	0	0	0	Background
HGNC:19716	GSG1	0	0	0	0	Background
HGNC:3333	EMP1	0	0	0	0	Background
HGNC:26598	LINC01559	0	0	0	0	Background
HGNC:4586	GRIN2B	0	1	1	0	ASD_only
HGNC:20092	ATF7IP	0	0	0	0	Background
HGNC:26215	PLBD1	0	0	0	0	Background
HGNC:4688	GUCY2C	0	0	0	0	Background
HGNC:20510	H4C16	0	0	0	0	Background
HGNC:14456	H2AJ	0	0	0	0	Background
HGNC:16461	WBP11	0	0	0	0	Background
HGNC:28726	C12orf60	0	0	0	0	Background
HGNC:34401	SMCO3	0	0	0	0	Background
HGNC:726	ART4	0	0	0	0	Background
HGNC:7060	MGP	0	0	0	0	Background
HGNC:26495	ERP27	0	0	0	0	Background
HGNC:679	ARHGDIB	0	0	0	0	Background
HGNC:8790	PDE6H	0	0	0	0	Background
HGNC:15980	RERG	0	0	0	0	Background
HGNC:9678	PTPRO	0	0	0	0	Background
HGNC:3420	EPS8	0	0	0	0	Background
HGNC:30796	STRAP	0	0	0	0	Background
HGNC:24269	DERA	0	0	0	0	Background
HGNC:33455	SLC15A5	0	0	0	0	Background
HGNC:7061	MGST1	0	0	0	0	Background
HGNC:6643	LMO3	0	0	0	0	Background
HGNC:26213	RERGL	0	0	0	0	Background
HGNC:8973	PIK3C2G	0	0	0	0	Background
HGNC:19218	PLCZ1	0	0	0	0	Background
HGNC:24205	CAPZA3	0	0	0	0	Background
HGNC:30036	PLEKHA5	0	0	0	0	Background
HGNC:24051	AEBP2	0	0	0	0	Background
HGNC:8778	PDE3A	0	0	0	0	Background
HGNC:13819	SLCO1C1	0	0	0	0	Background
HGNC:10961	SLCO1B3	0	1	1	0	ASD_only
HGNC:54403	SLCO1B3-SLCO1B7	0	0	0	0	Background
HGNC:32934	SLCO1B7	0	0	0	0	Background
HGNC:10959	SLCO1B1	0	0	0	0	Background
HGNC:10956	SLCO1A2	0	0	0	0	Background
HGNC:5329	IAPP	0	0	0	0	Background
HGNC:26162	PYROXD1	0	0	0	0	Background
HGNC:9948	RECQL	0	0	0	0	Background
HGNC:20175	GOLT1B	0	0	0	0	Background
HGNC:28139	SPX	0	0	0	0	Background
HGNC:4707	GYS2	0	0	0	0	Background
HGNC:6541	LDHB	0	0	0	0	Background
HGNC:6269	KCNJ8	0	0	0	0	Background
HGNC:60	ABCC9	0	0	0	0	Background
HGNC:18290	CMAS	0	0	0	0	Background
HGNC:10869	ST8SIA1	0	0	0	0	Background
HGNC:29062	C2CD5	0	0	0	0	Background
HGNC:24649	ETNK1	0	0	0	0	Background
HGNC:11201	SOX5	0	1	1	0	ASD_only
HGNC:976	BCAT1	0	0	0	0	Background
HGNC:27282	LINC02909	0	0	0	0	Background
HGNC:6690	IRAG2	0	0	0	0	Background
HGNC:29599	DNAI7	0	0	0	0	Background
HGNC:27052	ETFRF1	0	0	0	0	Background
HGNC:6407	KRAS	1	0	0	0	IEI_only
HGNC:26683	LMNTD1	0	0	0	0	Background
HGNC:13232	RASSF8	0	0	0	0	Background
HGNC:16617	BHLHE41	0	0	0	0	Background
HGNC:11322	SSPN	0	0	0	0	Background
HGNC:6181	ITPR2	0	0	0	0	Background
HGNC:20174	INTS13	0	0	0	0	Background
HGNC:23098	FGFR1OP2	0	0	0	0	Background
HGNC:23049	TM7SF3	0	0	0	0	Background
HGNC:11473	MED21	0	0	0	0	Background
HGNC:34452	C12orf71	0	0	0	0	Background
HGNC:17848	STK38L	0	0	0	0	Background
HGNC:18984	BMAL2	0	0	0	0	Background
HGNC:34448	SMCO2	0	0	0	0	Background
HGNC:9249	PPFIBP1	0	0	0	0	Background
HGNC:33748	REP15	0	0	0	0	Background
HGNC:16635	MRPS35	0	0	0	0	Background
HGNC:40023	MANSC4	0	0	0	0	Background
HGNC:29252	KLHL42	0	0	0	0	Background
HGNC:9607	PTHLH	0	0	0	0	Background
HGNC:24855	CCDC91	0	1	1	0	ASD_only
HGNC:25531	FAR2	0	0	0	0	Background
HGNC:30208	ERGIC2	0	0	0	0	Background
HGNC:44484	OVCH1-AS1	0	0	0	0	Background
HGNC:23080	OVCH1	0	0	0	0	Background
HGNC:24099	TMTC1	0	0	0	0	Background
HGNC:9853	IPO8	0	0	0	0	Background
HGNC:21259	CAPRIN2	0	0	0	0	Background
HGNC:30795	TSPAN11	0	0	0	0	Background
HGNC:2736	DDX11	0	0	0	0	Background
HGNC:30702	SINHCAF	0	0	0	0	Background
HGNC:28338	DENND5B	0	0	0	0	Background
HGNC:28739	ETFBKMT	0	0	0	0	Background
HGNC:27281	AMN1	0	0	0	0	Background
HGNC:33164	H3-5	0	0	0	0	Background
HGNC:25559	RESF1	0	0	0	0	Background
HGNC:1049	BICD1	0	0	0	0	Background
HGNC:19125	FGD4	0	0	0	0	Background
HGNC:2973	DNM1L	0	0	0	0	Background
HGNC:24249	YARS2	0	0	0	0	Background
HGNC:9024	PKP2	0	0	0	0	Background
HGNC:19266	SYT10	0	0	0	0	Background
HGNC:23162	ALG10	0	0	0	0	Background
HGNC:31088	ALG10B	0	0	0	0	Background
HGNC:23498	CPNE8	0	0	0	0	Background
HGNC:19349	KIF21A	0	0	0	0	Background
HGNC:66	ABCD2	0	0	0	0	Background
HGNC:26846	REDIC1	0	0	0	0	Background
HGNC:15956	SLC2A13	0	0	0	0	Background
HGNC:18618	LRRK2	0	0	0	0	Background
HGNC:14362	MUC19	0	0	0	0	Background
HGNC:2171	CNTN1	0	0	0	0	Background
HGNC:30552	PDZRN4	0	0	0	0	Background
HGNC:27482	GXYLT1	0	0	0	0	Background
HGNC:17363	YAF2	0	0	0	0	Background
HGNC:19369	PPHLN1	0	0	0	0	Background
HGNC:29620	ZCRB1	0	0	0	0	Background
HGNC:17019	PRICKLE1	0	1	1	0	ASD_only
HGNC:17178	ADAMTS20	0	0	0	0	Background
HGNC:25276	PUS7L	0	0	0	0	Background
HGNC:17967	IRAK4	1	0	0	0	IEI_only
HGNC:9620	TWF1	0	0	0	0	Background
HGNC:25308	TMEM117	0	0	0	0	Background
HGNC:7751	NELL2	0	0	0	0	Background
HGNC:33186	DBX2	0	0	0	0	Background
HGNC:25240	ANO6	0	0	0	0	Background
HGNC:18037	ARID2	0	1	1	0	ASD_only
HGNC:10784	SCAF11	0	0	0	0	Background
HGNC:13447	SLC38A1	0	0	0	0	Background
HGNC:13448	SLC38A2	0	0	0	0	Background
HGNC:14679	SLC38A4	0	0	0	0	Background
HGNC:24073	AMIGO2	0	0	0	0	Background
HGNC:28255	PCED1B	0	0	0	0	Background
HGNC:26151	RPAP3	0	0	0	0	Background
HGNC:14369	ENDOU	0	0	0	0	Background
HGNC:16629	RAPGEF3	0	0	0	0	Background
HGNC:26035	SLC48A1	0	0	0	0	Background
HGNC:14067	HDAC7	0	0	0	0	Background
HGNC:12679	VDR	0	1	1	0	ASD_only
HGNC:28775	TMEM106C	0	0	0	0	Background
HGNC:2200	COL2A1	0	0	0	0	Background
HGNC:17927	SENP1	0	0	0	0	Background
HGNC:8877	PFKM	0	0	0	0	Background
HGNC:17183	ASB8	0	0	0	0	Background
HGNC:33749	CCDC184	0	0	0	0	Background
HGNC:14819	OR10AD1	0	0	0	0	Background
HGNC:24893	H1-7	0	0	0	0	Background
HGNC:31834	ZNF641	0	0	0	0	Background
HGNC:16676	ANP32D	0	0	0	0	Background
HGNC:28553	C12orf54	0	0	0	0	Background
HGNC:19628	OR8S1	0	0	0	0	Background
HGNC:6480	LALBA	0	0	0	0	Background
HGNC:26024	KANSL2	0	0	0	0	Background
HGNC:1599	CCNT1	0	0	0	0	Background
HGNC:48628	SPMIP11	0	0	0	0	Background
HGNC:237	ADCY6	0	0	0	0	Background
HGNC:1403	CACNB3	0	0	0	0	Background
HGNC:17347	DDX23	0	0	0	0	Background
HGNC:18314	RND1	0	0	0	0	Background
HGNC:29937	DRC2	0	0	0	0	Background
HGNC:18624	FKBP11	0	0	0	0	Background
HGNC:654	ARF3	0	1	1	0	ASD_only
HGNC:12775	WNT10B	0	0	0	0	Background
HGNC:12774	WNT1	0	1	1	0	ASD_only
HGNC:24458	DDN	0	0	0	0	Background
HGNC:9385	PRKAG1	0	0	0	0	Background
HGNC:7133	KMT2D	1	0	0	0	IEI_only
HGNC:21166	RHEBL1	0	0	0	0	Background
HGNC:2865	DHH	0	0	0	0	Background
HGNC:18268	LMBR1L	0	0	0	0	Background
HGNC:18809	TUBA1B	0	0	0	0	Background
HGNC:20766	TUBA1A	0	0	0	0	Background
HGNC:20768	TUBA1C	0	0	0	0	Background
HGNC:9461	PRPH	0	0	0	0	Background
HGNC:12327	TROAP	0	0	0	0	Background
HGNC:31416	C1QL4	0	0	0	0	Background
HGNC:25802	DNAJC22	0	0	0	0	Background
HGNC:18650	SPATS2	0	0	0	0	Background
HGNC:6252	KCNH3	0	0	0	0	Background
HGNC:6960	MCRS1	0	0	0	0	Background
HGNC:25031	PRPF40B	0	0	0	0	Background
HGNC:25296	FAM186B	0	0	0	0	Background
HGNC:23698	FMNL3	0	0	0	0	Background
HGNC:11723	TMBIM6	0	0	0	0	Background
HGNC:29321	NCKAP5L	0	0	0	0	Background
HGNC:27050	BCDIN3D	0	0	0	0	Background
HGNC:17067	FAIM2	0	0	0	0	Background
HGNC:634	AQP2	0	0	0	0	Background
HGNC:638	AQP5	0	0	0	0	Background
HGNC:639	AQP6	0	0	0	0	Background
HGNC:9804	RACGAP1	0	0	0	0	Background
HGNC:100	ASIC1	0	0	0	0	Background
HGNC:11106	SMARCD1	0	0	0	0	Background
HGNC:4455	GPD1	0	0	0	0	Background
HGNC:28216	COX14	0	0	0	0	Background
HGNC:23749	CERS5	0	0	0	0	Background
HGNC:24636	LIMA1	0	0	0	0	Background
HGNC:26980	FAM186A	0	0	0	0	Background
HGNC:24320	LARP4	0	0	0	0	Background
HGNC:29284	DIP2B	0	0	0	0	Background
HGNC:783	ATF1	0	0	0	0	Background
HGNC:28779	TMPRSS12	0	0	0	0	Background
HGNC:24550	TMT1A	0	0	0	0	Background
HGNC:28044	HIGD1C	0	0	0	0	Background
HGNC:10908	SLC11A2	0	0	0	0	Background
HGNC:24241	LETMD1	0	0	0	0	Background
HGNC:16006	CSRNP2	0	0	0	0	Background
HGNC:11748	TFCP2	0	0	0	0	Background
HGNC:9224	POU6F1	0	0	0	0	Background
HGNC:2684	DAZAP2	0	0	0	0	Background
HGNC:26918	SMAGP	0	0	0	0	Background
HGNC:1053	BIN2	0	0	0	0	Background
HGNC:3308	CELA1	0	0	0	0	Background
HGNC:4128	GALNT6	0	0	0	0	Background
HGNC:11034	SLC4A8	0	0	0	0	Background
HGNC:10596	SCN8A	0	1	1	0	ASD_only
HGNC:13788	ANKRD33	0	0	0	0	Background
HGNC:175	ACVRL1	0	0	0	0	Background
HGNC:172	ACVR1B	0	0	0	0	Background
HGNC:18707	TAMALIN	0	0	0	0	Background
HGNC:7980	NR4A1	0	0	0	0	Background
HGNC:25679	ATG101	0	0	0	0	Background
HGNC:27056	KRT80	0	0	0	0	Background
HGNC:6445	KRT7	0	0	0	0	Background
HGNC:6463	KRT86	0	0	0	0	Background
HGNC:6458	KRT81	0	0	0	0	Background
HGNC:6460	KRT83	0	0	0	0	Background
HGNC:6462	KRT85	0	0	0	0	Background
HGNC:6461	KRT84	0	0	0	0	Background
HGNC:6459	KRT82	0	0	0	0	Background
HGNC:24431	KRT75	0	0	0	0	Background
HGNC:6444	KRT6B	0	0	0	0	Background
HGNC:20406	KRT6C	0	0	0	0	Background
HGNC:6443	KRT6A	0	0	0	0	Background
HGNC:6442	KRT5	0	0	0	0	Background
HGNC:28927	KRT71	0	0	0	0	Background
HGNC:28929	KRT74	0	0	0	0	Background
HGNC:28932	KRT72	0	0	0	0	Background
HGNC:28928	KRT73	0	0	0	0	Background
HGNC:6439	KRT2	0	0	0	0	Background
HGNC:6412	KRT1	0	0	0	0	Background
HGNC:20411	KRT77	0	0	0	0	Background
HGNC:24430	KRT76	0	0	0	0	Background
HGNC:6440	KRT3	0	0	0	0	Background
HGNC:6441	KRT4	0	0	0	0	Background
HGNC:28930	KRT79	0	0	0	0	Background
HGNC:28926	KRT78	0	0	0	0	Background
HGNC:6446	KRT8	0	0	0	0	Background
HGNC:6430	KRT18	0	0	0	0	Background
HGNC:3285	EIF4B	0	0	0	0	Background
HGNC:19737	TNS2	0	0	0	0	Background
HGNC:25920	SPRYD3	0	0	0	0	Background
HGNC:5475	IGFBP6	0	0	0	0	Background
HGNC:11178	SOAT2	0	0	0	0	Background
HGNC:18966	CSAD	0	0	0	0	Background
HGNC:27465	ZNF740	0	0	0	0	Background
HGNC:6162	ITGB7	0	0	0	0	Background
HGNC:9866	RARG	0	0	0	0	Background
HGNC:28156	SLC61A1	0	0	0	0	Background
HGNC:16856	ESPL1	0	0	0	0	Background
HGNC:8869	PFDN5	0	0	0	0	Background
HGNC:17590	MYG1	0	0	0	0	Background
HGNC:13666	AAAS	0	0	0	0	Background
HGNC:17321	SP7	0	0	0	0	Background
HGNC:11205	SP1	0	0	0	0	Background
HGNC:465	AMHR2	0	0	0	0	Background
HGNC:24528	PRR13	0	0	0	0	Background
HGNC:8648	PCBP2	0	0	0	0	Background
HGNC:6851	MAP3K12	0	0	0	0	Background
HGNC:11569	TARBP2	0	0	0	0	Background
HGNC:55073	ATF7-NPFF	0	0	0	0	Background
HGNC:7901	NPFF	0	0	0	0	Background
HGNC:792	ATF7	0	0	0	0	Background
HGNC:842	ATP5MC2	0	0	0	0	Background
HGNC:29306	CALCOCO1	0	0	0	0	Background
HGNC:5125	HOXC13	0	0	0	0	Background
HGNC:5124	HOXC12	0	0	0	0	Background
HGNC:5123	HOXC11	0	0	0	0	Background
HGNC:5122	HOXC10	0	0	0	0	Background
HGNC:5128	HOXC6	0	0	0	0	Background
HGNC:5130	HOXC9	0	0	0	0	Background
HGNC:5129	HOXC8	0	0	0	0	Background
HGNC:5126	HOXC4	0	0	0	0	Background
HGNC:5127	HOXC5	0	0	0	0	Background
HGNC:17148	SMUG1	0	0	0	0	Background
HGNC:1555	CBX5	0	0	0	0	Background
HGNC:5031	HNRNPA1	0	0	0	0	Background
HGNC:7780	NFE2	0	0	0	0	Background
HGNC:2243	COPZ1	0	0	0	0	Background
HGNC:4535	GPR84	0	0	0	0	Background
HGNC:17521	ZNF385A	0	0	0	0	Background
HGNC:6141	ITGA5	0	0	0	0	Background
HGNC:26565	GTSF1	0	0	0	0	Background
HGNC:4862	NCKAP1L	1	0	0	0	IEI_only
HGNC:8775	PDE1B	0	0	0	0	Background
HGNC:9286	PPP1R1A	0	0	0	0	Background
HGNC:16430	LACRT	0	0	0	0	Background
HGNC:14669	DCD	0	0	0	0	Background
HGNC:30588	MUCL1	0	0	0	0	Background
HGNC:29109	TESPA1	0	0	0	0	Background
HGNC:13802	NEUROD4	0	0	0	0	Background
HGNC:15339	OR9K2	0	0	0	0	Background
HGNC:15329	OR10A7	0	0	0	0	Background
HGNC:31303	OR6C74	0	0	0	0	Background
HGNC:31293	OR6C6	0	0	0	0	Background
HGNC:8355	OR6C1	0	0	0	0	Background
HGNC:15437	OR6C3	0	0	0	0	Background
HGNC:31304	OR6C75	0	0	0	0	Background
HGNC:31295	OR6C65	0	0	0	0	Background
HGNC:31305	OR6C76	0	0	0	0	Background
HGNC:15436	OR6C2	0	0	0	0	Background
HGNC:31299	OR6C70	0	0	0	0	Background
HGNC:31297	OR6C68	0	0	0	0	Background
HGNC:19632	OR6C4	0	0	0	0	Background
HGNC:15335	OR2AP1	0	0	0	0	Background
HGNC:15378	OR10P1	0	0	0	0	Background
HGNC:28276	TMT1B	0	0	0	0	Background
HGNC:6143	ITGA7	0	0	0	0	Background
HGNC:4200	BLOC1S1	0	0	0	0	Background
HGNC:9940	RDH5	0	0	0	0	Background
HGNC:1692	CD63	0	0	0	0	Background
HGNC:4216	GDF11	0	0	0	0	Background
HGNC:24432	SARNP	0	0	0	0	Background
HGNC:16037	ORMDL2	0	0	0	0	Background
HGNC:24581	DNAJC14	0	0	0	0	Background
HGNC:7165	MMP19	0	0	0	0	Background
HGNC:30258	PYM1	0	0	0	0	Background
HGNC:2849	DGKA	0	0	0	0	Background
HGNC:10880	PMEL	0	0	0	0	Background
HGNC:1771	CDK2	0	0	0	0	Background
HGNC:9784	RAB5B	0	0	0	0	Background
HGNC:11460	SUOX	0	0	0	0	Background
HGNC:13179	IKZF4	0	0	0	0	Background
HGNC:10414	RPS26	0	0	0	0	Background
HGNC:3431	ERBB3	0	0	0	0	Background
HGNC:8550	PA2G4	0	0	0	0	Background
HGNC:10354	RPL41	0	0	0	0	Background
HGNC:25893	ZC3H10	0	0	0	0	Background
HGNC:29534	ESYT1	0	0	0	0	Background
HGNC:29823	MYL6B	0	0	0	0	Background
HGNC:7587	MYL6	0	0	0	0	Background
HGNC:11105	SMARCC2	0	1	1	0	ASD_only
HGNC:18401	RNF41	0	0	0	0	Background
HGNC:28412	NABP2	0	0	0	0	Background
HGNC:20502	SLC39A5	0	0	0	0	Background
HGNC:26614	ANKRD52	0	0	0	0	Background
HGNC:26515	COQ10A	0	0	0	0	Background
HGNC:2422	CS	0	0	0	0	Background
HGNC:13529	CNPY2	0	0	0	0	Background
HGNC:20074	PAN2	0	0	0	0	Background
HGNC:15488	IL23A	0	0	0	0	Background
HGNC:11363	STAT2	1	0	0	0	IEI_only
HGNC:615	APOF	0	0	0	0	Background
HGNC:11813	TIMELESS	0	0	0	0	Background
HGNC:7103	MIP	0	0	0	0	Background
HGNC:27468	SPRYD4	0	0	0	0	Background
HGNC:29570	GLS2	0	0	0	0	Background
HGNC:9909	RBMS2	0	0	0	0	Background
HGNC:962	BAZ2A	0	0	0	0	Background
HGNC:830	ATP5F1B	0	0	0	0	Background
HGNC:16049	PTGES3	0	0	0	0	Background
HGNC:7629	NACA	0	0	0	0	Background
HGNC:9369	PRIM1	1	0	0	0	IEI_only
HGNC:23316	HSD17B6	0	0	0	0	Background
HGNC:29958	SDR9C7	0	0	0	0	Background
HGNC:29674	RDH16	0	0	0	0	Background
HGNC:13708	ACKR5	0	0	0	0	Background
HGNC:29014	ZBTB39	0	0	0	0	Background
HGNC:11521	TAC3	0	0	0	0	Background
HGNC:7595	MYO1A	0	0	0	0	Background
HGNC:29001	NEMP1	0	0	0	0	Background
HGNC:7627	NAB2	0	0	0	0	Background
HGNC:11368	STAT6	1	0	0	0	IEI_only
HGNC:6692	LRP1	0	1	1	0	ASD_only
HGNC:8078	NXPH4	0	0	0	0	Background
HGNC:10852	SHMT2	0	0	0	0	Background
HGNC:29836	COXFA4L2	0	0	0	0	Background
HGNC:28423	STAC3	0	0	0	0	Background
HGNC:29167	R3HDM2	0	0	0	0	Background
HGNC:6068	INHBC	0	0	0	0	Background
HGNC:24029	INHBE	0	0	0	0	Background
HGNC:4317	GLI1	0	0	0	0	Background
HGNC:14130	ARHGAP9	0	0	0	0	Background
HGNC:6898	MARS1	0	0	0	0	Background
HGNC:2726	DDIT3	0	0	0	0	Background
HGNC:20445	MBD6	0	1	1	0	ASD_only
HGNC:2712	DCTN2	0	0	0	0	Background
HGNC:6323	KIF5A	0	0	0	0	Background
HGNC:23786	PIP4K2C	0	0	0	0	Background
HGNC:24457	DTX3	0	0	0	0	Background
HGNC:30275	ARHGEF25	0	0	0	0	Background
HGNC:14470	SLC26A10P	0	0	0	0	Background
HGNC:4117	B4GALNT1	0	0	0	0	Background
HGNC:16994	OS9	0	0	0	0	Background
HGNC:16921	AGAP2	0	1	1	0	ASD_only
HGNC:48633	AGAP2-AS1	0	0	0	0	Background
HGNC:10539	TSPAN31	0	0	0	0	Background
HGNC:1773	CDK4	0	0	0	0	Background
HGNC:25139	MARCHF9	0	0	0	0	Background
HGNC:2606	CYP27B1	0	0	0	0	Background
HGNC:7030	METTL1	0	0	0	0	Background
HGNC:24936	EEF1AKMT3	0	0	0	0	Background
HGNC:12367	TSFM	0	0	0	0	Background
HGNC:14188	AVIL	0	0	0	0	Background
HGNC:17077	CTDSP2	0	0	0	0	Background
HGNC:29452	ATP23	0	0	0	0	Background
HGNC:30991	LRIG3	0	0	0	0	Background
HGNC:53380	LINC02448	0	0	0	0	Background
HGNC:10928	SLC16A7	0	0	0	0	Background
HGNC:21589	TAFA2	0	0	0	0	Background
HGNC:12613	USP15	0	1	1	0	ASD_only
HGNC:29177	MON2	0	0	0	0	Background
HGNC:26364	LINC01465	0	0	0	0	Background
HGNC:18583	PPM1H	0	0	0	0	Background
HGNC:895	AVPR1A	0	1	1	0	ASD_only
HGNC:19414	DPY19L2	0	0	0	0	Background
HGNC:13530	RXYLT1	0	0	0	0	Background
HGNC:17382	SRGAP1	0	0	0	0	Background
HGNC:26517	KICS2	0	0	0	0	Background
HGNC:26967	C12orf56	0	0	0	0	Background
HGNC:12826	XPOT	0	0	0	0	Background
HGNC:11584	TBK1	1	0	0	0	IEI_only
HGNC:14271	RASSF3	0	0	0	0	Background
HGNC:4422	GNS	0	0	0	0	Background
HGNC:29164	TBC1D30	0	0	0	0	Background
HGNC:18081	WIF1	0	0	0	0	Background
HGNC:28887	LEMD3	0	1	1	0	ASD_only
HGNC:27375	MSRB3	0	0	0	0	Background
HGNC:5009	HMGA2	0	0	0	0	Background
HGNC:53973	HMGA2-AS1	0	0	0	0	Background
HGNC:28229	LLPH	0	0	0	0	Background
HGNC:24257	TMBIM4	0	0	0	0	Background
HGNC:17020	IRAK3	0	0	0	0	Background
HGNC:17196	HELB	0	0	0	0	Background
HGNC:18708	GRIP1	0	1	1	0	ASD_only
HGNC:30688	CAND1	0	0	0	0	Background
HGNC:3093	DYRK2	0	0	0	0	Background
HGNC:5438	IFNG	1	0	0	0	IEI_only
HGNC:17119	IL26	0	0	0	0	Background
HGNC:14900	IL22	0	0	0	0	Background
HGNC:29917	SAXO6	0	0	0	0	Background
HGNC:9857	RAP1B	0	0	0	0	Background
HGNC:29914	NUP107	0	0	0	0	Background
HGNC:20864	SLC35E3	0	0	0	0	Background
HGNC:6973	MDM2	0	0	0	0	Background
HGNC:2311	CPM	0	0	0	0	Background
HGNC:13871	CPSF6	0	0	0	0	Background
HGNC:6740	LYZ	0	0	0	0	Background
HGNC:24859	YEATS4	0	0	0	0	Background
HGNC:16971	FRS2	0	0	0	0	Background
HGNC:1615	CCT2	0	0	0	0	Background
HGNC:20264	LRRC10	0	0	0	0	Background
HGNC:17105	BEST3	0	0	0	0	Background
HGNC:16508	RAB3IP	0	0	0	0	Background
HGNC:26316	MYRFL	0	0	0	0	Background
HGNC:7878	CNOT2	0	0	0	0	Background
HGNC:6289	KCNMB4	0	0	0	0	Background
HGNC:9665	PTPRB	0	1	1	0	ASD_only
HGNC:9680	PTPRR	0	0	0	0	Background
HGNC:11855	TSPAN8	0	0	0	0	Background
HGNC:4504	LGR5	0	0	0	0	Background
HGNC:28328	ZFC3H1	0	0	0	0	Background
HGNC:20854	THAP2	0	0	0	0	Background
HGNC:25605	TMEM19	0	0	0	0	Background
HGNC:18263	RAB21	0	0	0	0	Background
HGNC:25694	TBC1D15	0	0	0	0	Background
HGNC:20692	TPH2	0	0	0	0	Background
HGNC:30748	TRHDE	0	0	0	0	Background
HGNC:37931	ATXN7L3B	0	0	0	0	Background
HGNC:6234	KCNC2	0	0	0	0	Background
HGNC:16471	CAPS2	0	0	0	0	Background
HGNC:28392	GLIPR1L1	0	0	0	0	Background
HGNC:28592	GLIPR1L2	0	0	0	0	Background
HGNC:17001	GLIPR1	0	0	0	0	Background
HGNC:5176	KRR1	0	1	1	0	ASD_only
HGNC:8933	PHLDA1	0	0	0	0	Background
HGNC:7637	NAP1L1	0	0	0	0	Background
HGNC:26291	BBS10	0	0	0	0	Background
HGNC:16396	OSBPL8	0	0	0	0	Background
HGNC:18412	ZDHHC17	0	0	0	0	Background
HGNC:2470	CSRP2	0	0	0	0	Background
HGNC:23820	E2F7	0	0	0	0	Background
HGNC:15998	NAV3	0	1	1	0	ASD_only
HGNC:11509	SYT1	0	0	0	0	Background
HGNC:8614	PAWR	0	0	0	0	Background
HGNC:7618	PPP1R12A	0	0	0	0	Background
HGNC:26901	OTOGL	0	0	0	0	Background
HGNC:9679	PTPRQ	0	0	0	0	Background
HGNC:7566	MYF6	0	0	0	0	Background
HGNC:7565	MYF5	0	0	0	0	Background
HGNC:17787	LIN7A	0	0	0	0	Background
HGNC:24723	ACSS3	0	0	0	0	Background
HGNC:9246	PPFIA2	0	0	0	0	Background
HGNC:25005	CCDC59	0	0	0	0	Background
HGNC:26228	METTL25	0	0	0	0	Background
HGNC:25440	TMTC2	0	0	0	0	Background
HGNC:13621	SLC6A15	0	0	0	0	Background
HGNC:31886	TSPAN19	0	0	0	0	Background
HGNC:25708	LRRIQ1	0	0	0	0	Background
HGNC:1494	ALX1	0	0	0	0	Background
HGNC:15739	RASSF9	0	0	0	0	Background
HGNC:8038	NTS	0	0	0	0	Background
HGNC:30871	MGAT4C	0	0	0	0	Background
HGNC:26665	ZC3H11D	0	0	0	0	Background
HGNC:25322	RLIG1	0	0	0	0	Background
HGNC:29021	CEP290	0	1	1	0	ASD_only
HGNC:26899	TMTC3	0	0	0	0	Background
HGNC:6343	KITLG	0	0	0	0	Background
HGNC:3072	DUSP6	0	0	0	0	Background
HGNC:30836	POC1B	0	0	0	0	Background
HGNC:4126	GALNT4	0	0	0	0	Background
HGNC:42957	POC1B-GALNT4	0	0	0	0	Background
HGNC:814	ATP2B1	0	0	0	0	Background
HGNC:28373	CCER1	0	0	0	0	Background
HGNC:3053	EPYC	0	0	0	0	Background
HGNC:6309	KERA	0	0	0	0	Background
HGNC:6724	LUM	0	0	0	0	Background
HGNC:2705	DCN	0	0	0	0	Background
HGNC:27409	LINC01619	0	0	0	0	Background
HGNC:1130	BTG1	0	0	0	0	Background
HGNC:24070	CLLU1-AS1	0	0	0	0	Background
HGNC:29841	CLLU1	0	0	0	0	Background
HGNC:33829	PLEKHG7	0	0	0	0	Background
HGNC:3185	EEA1	0	0	0	0	Background
HGNC:8051	NUDT4	0	0	0	0	Background
HGNC:12492	UBE2N	0	0	0	0	Background
HGNC:14493	MRPL42	0	0	0	0	Background
HGNC:19382	SOCS2	0	0	0	0	Background
HGNC:2340	CRADD	0	0	0	0	Background
HGNC:9106	PLXNC1	0	0	0	0	Background
HGNC:17966	CEP83	0	0	0	0	Background
HGNC:29199	TMCC3	0	0	0	0	Background
HGNC:23987	NDUFA12	0	0	0	0	Background
HGNC:7971	NR2C1	0	0	0	0	Background
HGNC:21740	FGD6	0	0	0	0	Background
HGNC:18258	VEZT	0	0	0	0	Background
HGNC:16672	METAP2	0	0	0	0	Background
HGNC:20064	USP44	0	0	0	0	Background
HGNC:13658	NTN4	0	0	0	0	Background
HGNC:53339	LINC02410	0	0	0	0	Background
HGNC:11162	SNRPF	0	0	0	0	Background
HGNC:26843	CCDC38	0	0	0	0	Background
HGNC:28577	AMDHD1	0	0	0	0	Background
HGNC:4806	HAL	0	0	0	0	Background
HGNC:6710	LTA4H	0	0	0	0	Background
HGNC:3325	ELK3	0	0	0	0	Background
HGNC:8750	CDK17	0	0	0	0	Background
HGNC:26456	CFAP54	0	0	0	0	Background
HGNC:7723	NEDD1	0	0	0	0	Background
HGNC:53392	LINC02453	0	0	0	0	Background
HGNC:11875	TMPO	0	0	0	0	Background
HGNC:10989	SLC25A3	0	0	0	0	Background
HGNC:26430	IKBIP	0	0	0	0	Background
HGNC:576	APAF1	0	0	0	0	Background
HGNC:24600	ANKS1B	0	1	1	0	ASD_only
HGNC:28594	GARIN6	0	0	0	0	Background
HGNC:29102	BLTP3B	0	0	0	0	Background
HGNC:24025	ACTR6	0	0	0	0	Background
HGNC:22952	DEPDC4	0	0	0	0	Background
HGNC:19286	SCYL2	0	0	0	0	Background
HGNC:20151	SLC17A8	0	0	0	0	Background
HGNC:7967	NR1H4	0	0	0	0	Background
HGNC:27475	GAS2L3	0	0	0	0	Background
HGNC:23837	ANO4	0	0	0	0	Background
HGNC:19119	SLC5A8	0	0	0	0	Background
HGNC:17897	UTP20	0	0	0	0	Background
HGNC:692	ARL1	0	0	0	0	Background
HGNC:29549	SPIC	0	0	0	0	Background
HGNC:7549	MYBPC1	0	0	0	0	Background
HGNC:17852	CHPT1	0	0	0	0	Background
HGNC:18130	SYCP3	0	0	0	0	Background
HGNC:29670	GNPTAB	0	0	0	0	Background
HGNC:25645	DRAM1	0	0	0	0	Background
HGNC:24256	WASHC3	0	0	0	0	Background
HGNC:29929	NUP37	0	0	0	0	Background
HGNC:26074	PARPBP	0	0	0	0	Background
HGNC:9109	PMCH	0	0	0	0	Background
HGNC:5464	IGF1	0	0	0	0	Background
HGNC:8582	PAH	0	1	1	0	ASD_only
HGNC:738	ASCL1	0	0	0	0	Background
HGNC:56185	C12orf42-AS1	0	0	0	0	Background
HGNC:24729	C12orf42	0	0	0	0	Background
HGNC:18629	STAB2	0	0	0	0	Background
HGNC:30826	NT5DC3	0	0	0	0	Background
HGNC:12028	HSP90B1	0	0	0	0	Background
HGNC:34450	UQCC6	0	0	0	0	Background
HGNC:11700	TDG	0	0	0	0	Background
HGNC:24890	GLT8D2	0	0	0	0	Background
HGNC:24972	HCFC2	0	0	0	0	Background
HGNC:7805	NFYB	0	0	0	0	Background
HGNC:12437	TXNRD1	0	0	0	0	Background
HGNC:32961	EID3	0	0	0	0	Background
HGNC:17422	CHST11	0	0	0	0	Background
HGNC:31045	SLC41A2	0	0	0	0	Background
HGNC:28628	NOPCHAP1	0	0	0	0	Background
HGNC:26777	ALDH1L2	0	0	0	0	Background
HGNC:29174	WASHC4	0	0	0	0	Background
HGNC:18242	APPL2	0	0	0	0	Background
HGNC:35164	C12orf75	0	0	0	0	Background
HGNC:14311	NUAK1	0	1	1	0	ASD_only
HGNC:16991	CKAP4	0	0	0	0	Background
HGNC:28627	TCP11L2	0	0	0	0	Background
HGNC:30348	POLR3B	0	0	0	0	Background
HGNC:58967	RFX4-AS1	0	0	0	0	Background
HGNC:9985	RFX4	0	0	0	0	Background
HGNC:25555	RIC8B	0	0	0	0	Background
HGNC:28281	TMEM263	0	0	0	0	Background
HGNC:30779	MTERF2	0	0	0	0	Background
HGNC:2384	CRY1	0	0	0	0	Background
HGNC:23844	ABTB3	0	0	0	0	Background
HGNC:17015	PWP1	0	0	0	0	Background
HGNC:9348	PRDM4	0	0	0	0	Background
HGNC:24311	ASCL4	0	0	0	0	Background
HGNC:29117	WSCD2	0	0	0	0	Background
HGNC:2121	CMKLR1	0	0	0	0	Background
HGNC:18416	FICD	0	0	0	0	Background
HGNC:16860	SART3	0	0	0	0	Background
HGNC:29882	ISCU	0	0	0	0	Background
HGNC:27884	TMEM119	0	0	0	0	Background
HGNC:10722	SELPLG	0	0	0	0	Background
HGNC:2254	CORO1C	0	0	0	0	Background
HGNC:30579	SSH1	0	0	0	0	Background
HGNC:2671	DAO	0	0	0	0	Background
HGNC:25417	SVOP	0	0	0	0	Background
HGNC:20065	USP30	0	0	0	0	Background
HGNC:32487	ALKBH2	0	0	0	0	Background
HGNC:12572	UNG	1	0	0	0	IEI_only
HGNC:85	ACACB	0	0	0	0	Background
HGNC:21399	FOXN4	0	0	0	0	Background
HGNC:13879	MYO1H	0	0	0	0	Background
HGNC:23236	KCTD10	0	0	0	0	Background
HGNC:13478	UBE3B	0	0	0	0	Background
HGNC:19331	MMAB	0	0	0	0	Background
HGNC:7530	MVK	1	0	0	0	IEI_only
HGNC:25915	FAM222A	0	0	0	0	Background
HGNC:18083	TRPV4	0	0	0	0	Background
HGNC:24867	GLTP	0	0	0	0	Background
HGNC:28135	TCHP	0	0	0	0	Background
HGNC:4273	GIT2	0	0	0	0	Background
HGNC:21268	ANKRD13A	0	0	0	0	Background
HGNC:33790	C12orf76	0	0	0	0	Background
HGNC:14313	IFT81	0	0	0	0	Background
HGNC:812	ATP2A2	0	0	0	0	Background
HGNC:17380	ANAPC7	0	0	0	0	Background
HGNC:706	ARPC3	0	0	0	0	Background
HGNC:30186	GPN3	0	0	0	0	Background
HGNC:30180	FAM216A	0	0	0	0	Background
HGNC:14340	VPS29	0	0	0	0	Background
HGNC:21700	RAD9B	0	0	0	0	Background
HGNC:30695	PPTC7	0	0	0	0	Background
HGNC:26113	TCTN1	0	0	0	0	Background
HGNC:28240	HVCN1	0	0	0	0	Background
HGNC:9283	PPP1CC	0	0	0	0	Background
HGNC:26669	CCDC63	0	0	0	0	Background
HGNC:7583	MYL2	0	0	0	0	Background
HGNC:19347	CUX2	0	1	1	0	ASD_only
HGNC:26509	PHETA1	0	0	0	0	Background
HGNC:29605	SH2B3	1	0	0	0	IEI_only
HGNC:10555	ATXN2	0	0	0	0	Background
HGNC:1099	BRAP	0	0	0	0	Background
HGNC:21597	ACAD10	0	0	0	0	Background
HGNC:404	ALDH2	0	0	0	0	Background
HGNC:6889	MAPKAPK5	0	0	0	0	Background
HGNC:25084	TMEM116	0	0	0	0	Background
HGNC:13799	ERP29	0	0	0	0	Background
HGNC:25783	NAA25	0	0	0	0	Background
HGNC:24808	TRAFD1	0	0	0	0	Background
HGNC:26611	HECTD4	0	1	1	0	ASD_only
HGNC:10362	RPL6	0	0	0	0	Background
HGNC:9644	PTPN11	0	1	1	0	ASD_only
HGNC:17056	RPH3A	0	0	0	0	Background
HGNC:8086	OAS1	1	0	0	0	IEI_only
HGNC:8088	OAS3	0	0	0	0	Background
HGNC:8087	OAS2	1	0	0	0	IEI_only
HGNC:3060	DTX1	0	0	0	0	Background
HGNC:9873	RASAL1	0	0	0	0	Background
HGNC:37100	CFAP73	0	0	0	0	Background
HGNC:20084	DDX54	0	0	0	0	Background
HGNC:25925	RITA1	0	0	0	0	Background
HGNC:25168	DRC10	0	0	0	0	Background
HGNC:18182	TPCN1	0	0	0	0	Background
HGNC:26175	SLC8B1	0	0	0	0	Background
HGNC:27283	PLBD2	0	0	0	0	Background
HGNC:10691	SDS	0	0	0	0	Background
HGNC:30404	SDSL	0	0	0	0	Background
HGNC:14216	LHX5	0	0	0	0	Background
HGNC:29098	RBM19	0	0	0	0	Background
HGNC:11604	TBX5	0	0	0	0	Background
HGNC:11602	TBX3	0	0	0	0	Background
HGNC:22962	MED13L	0	1	1	0	ASD_only
HGNC:34390	MAP1LC3B2	1	0	0	0	IEI_only
HGNC:26128	SPRING1	0	0	0	0	Background
HGNC:25905	RNFT2	0	0	0	0	Background
HGNC:5185	HRK	0	0	0	0	Background
HGNC:13597	FBXW8	0	0	0	0	Background
HGNC:26065	TESC	0	0	0	0	Background
HGNC:13592	FBXO21	0	0	0	0	Background
HGNC:7872	NOS1	0	0	0	0	Background
HGNC:18610	KSR2	0	0	0	0	Background
HGNC:9973	RFC5	0	0	0	0	Background
HGNC:19222	WSB2	0	0	0	0	Background
HGNC:26078	VSIG10	0	0	0	0	Background
HGNC:8630	PEBP1	0	0	0	0	Background
HGNC:18133	TAOK3	0	0	0	0	Background
HGNC:29545	SUDS3	0	0	0	0	Background
HGNC:29389	SRRM4	0	0	0	0	Background
HGNC:30171	HSPB8	0	0	0	0	Background
HGNC:28610	CCDC60	0	0	0	0	Background
HGNC:37219	TMEM233	0	0	0	0	Background
HGNC:9378	PRKAB1	0	0	0	0	Background
HGNC:1985	CIT	0	0	0	0	Background
HGNC:28095	BICDL1	0	1	1	0	ASD_only
HGNC:9774	RAB35	0	0	0	0	Background
HGNC:4199	GCN1	0	0	0	0	Background
HGNC:10371	RPLP0	0	0	0	0	Background
HGNC:9718	PXN	0	0	0	0	Background
HGNC:14932	SIRT4	0	0	0	0	Background
HGNC:9030	PLA2G1B	0	0	0	0	Background
HGNC:7330	MSI1	0	0	0	0	Background
HGNC:2277	COX6A1	0	0	0	0	Background
HGNC:26937	TRIAP1	0	0	0	0	Background
HGNC:25068	GATC	0	0	0	0	Background
HGNC:10791	SRSF9	0	0	0	0	Background
HGNC:15476	DYNLL1	0	0	0	0	Background
HGNC:28722	COQ5	0	0	0	0	Background
HGNC:10055	RNF10	0	0	0	0	Background
HGNC:17689	POP5	0	0	0	0	Background
HGNC:1384	CABP1	0	0	0	0	Background
HGNC:28973	MLEC	0	0	0	0	Background
HGNC:16488	UNC119B	0	0	0	0	Background
HGNC:90	ACADS	0	0	0	0	Background
HGNC:30424	SPPL3	0	0	0	0	Background
HGNC:11621	HNF1A	0	0	0	0	Background
HGNC:25719	C12orf43	0	0	0	0	Background
HGNC:8090	OASL	0	0	0	0	Background
HGNC:8537	P2RX7	0	0	0	0	Background
HGNC:8535	P2RX4	0	0	0	0	Background
HGNC:1470	CAMKK2	0	0	0	0	Background
HGNC:15713	ANAPC5	0	0	0	0	Background
HGNC:17297	RNF34	0	0	0	0	Background
HGNC:13610	KDM2B	0	1	1	0	ASD_only
HGNC:25896	ORAI1	1	0	0	0	IEI_only
HGNC:29807	MORN3	0	0	0	0	Background
HGNC:32008	TMEM120B	0	0	0	0	Background
HGNC:15703	RHOF	0	0	0	0	Background
HGNC:29187	SETD1B	0	1	1	0	ASD_only
HGNC:5147	HPD	0	0	0	0	Background
HGNC:9567	PSMD9	0	0	0	0	Background
HGNC:28506	CFAP251	0	0	0	0	Background
HGNC:1004	BCL7A	0	0	0	0	Background
HGNC:17055	MLXIP	0	0	0	0	Background
HGNC:28562	LRRC43	0	0	0	0	Background
HGNC:19372	IL31	0	0	0	0	Background
HGNC:15683	B3GNT4	0	0	0	0	Background
HGNC:21528	DIABLO	0	0	0	0	Background
HGNC:18179	VPS33A	0	0	0	0	Background
HGNC:10461	CLIP1	0	0	0	0	Background
HGNC:25265	ZCCHC8	0	0	0	0	Background
HGNC:30559	RSRC2	0	0	0	0	Background
HGNC:17255	KNTC1	0	0	0	0	Background
HGNC:4532	HCAR1	0	0	0	0	Background
HGNC:24827	HCAR2	0	0	0	0	Background
HGNC:16824	HCAR3	0	0	0	0	Background
HGNC:2769	DENR	0	1	1	0	ASD_only
HGNC:30723	CCDC62	0	0	0	0	Background
HGNC:18415	HIP1R	0	0	0	0	Background
HGNC:25754	VPS37B	0	0	0	0	Background
HGNC:50	ABCB9	0	0	0	0	Background
HGNC:25823	OGFOD2	0	0	0	0	Background
HGNC:18076	ARL6IP4	0	0	0	0	Background
HGNC:21044	PITPNM2	0	0	0	0	Background
HGNC:7215	MPHOSPH9	0	0	0	0	Background
HGNC:26784	MTRFR	0	0	0	0	Background
HGNC:14002	CDK2AP1	0	0	0	0	Background
HGNC:22973	SBNO1	0	0	0	0	Background
HGNC:29489	KMT5A	0	0	0	0	Background
HGNC:28787	RILPL2	0	0	0	0	Background
HGNC:30852	SNRNP35	0	0	0	0	Background
HGNC:26814	RILPL1	0	0	0	0	Background
HGNC:16996	TMED2	0	0	0	0	Background
HGNC:20085	DDX55	0	0	0	0	Background
HGNC:3257	EIF2B1	0	0	0	0	Background
HGNC:4657	GTF2H3	0	0	0	0	Background
HGNC:25774	TCTN2	0	0	0	0	Background
HGNC:18481	ATP6V0A2	0	1	1	0	ASD_only
HGNC:2941	DNAH10	0	1	1	0	ASD_only
HGNC:29563	CCDC92	0	0	0	0	Background
HGNC:37121	DNAH10OS	0	0	0	0	Background
HGNC:25406	ZNF664	0	0	0	0	Background
HGNC:27051	RFLNA	0	0	0	0	Background
HGNC:7673	NCOR2	0	0	0	0	Background
HGNC:1664	SCARB1	0	0	0	0	Background
HGNC:12468	UBC	0	0	0	0	Background
HGNC:17210	DHX37	0	0	0	0	Background
HGNC:14251	BRI3BP	0	0	0	0	Background
HGNC:21298	AACS	0	0	0	0	Background
HGNC:29397	TMEM132B	0	0	0	0	Background
HGNC:25436	TMEM132C	0	0	0	0	Background
HGNC:23090	SLC15A4	0	0	0	0	Background
HGNC:26483	GLT1D1	0	0	0	0	Background
HGNC:29411	TMEM132D	0	0	0	0	Background
HGNC:4039	FZD10	0	0	0	0	Background
HGNC:9007	PIWIL1	0	0	0	0	Background
HGNC:30339	RIMBP2	0	0	0	0	Background
HGNC:3403	STX2	0	0	0	0	Background
HGNC:9846	RAN	0	0	0	0	Background
HGNC:19893	ADGRD1	0	0	0	0	Background
HGNC:10790	SFSWAP	0	0	0	0	Background
HGNC:7163	MMP17	0	0	0	0	Background
HGNC:12558	ULK1	0	0	0	0	Background
HGNC:15508	PUS1	0	0	0	0	Background
HGNC:11958	EP400	0	1	1	0	ASD_only
HGNC:26602	EP400P1	0	0	0	0	Background
HGNC:20082	DDX51	0	0	0	0	Background
HGNC:28461	NOC4L	0	0	0	0	Background
HGNC:4131	GALNT9	0	0	0	0	Background
HGNC:7519	MUC8	0	0	0	0	Background
HGNC:29308	FBRSL1	0	0	0	0	Background
HGNC:15459	P2RX2	0	0	0	0	Background
HGNC:9177	POLE	1	0	0	0	IEI_only
HGNC:9716	PXMP2	0	0	0	0	Background
HGNC:28763	PGAM5	0	0	0	0	Background
HGNC:29101	ANKLE2	0	0	0	0	Background
HGNC:4426	GOLGA3	0	0	0	0	Background
HGNC:20455	CHFR	0	0	0	0	Background
HGNC:28068	ZNF605	0	0	0	0	Background
HGNC:13053	ZNF26	0	0	0	0	Background
HGNC:13159	ZNF84	0	0	0	0	Background
HGNC:12925	ZNF140	0	0	0	0	Background
HGNC:38709	ZNF891	0	0	0	0	Background
HGNC:12879	ZNF10	0	0	0	0	Background
HGNC:13061	ZNF268	0	0	0	0	Background
HGNC:40024	ANHX	0	0	0	0	Background
HGNC:12408	TUBA3C	0	0	0	0	Background
HGNC:17299	TPTE2	0	0	0	0	Background
HGNC:29810	MPHOSPH8	0	0	0	0	Background
HGNC:20320	PSPC1	0	0	0	0	Background
HGNC:13029	ZMYM5	0	0	0	0	Background
HGNC:12989	ZMYM2	0	1	1	0	ASD_only
HGNC:4277	GJA3	0	0	0	0	Background
HGNC:4284	GJB2	0	0	0	0	Background
HGNC:4288	GJB6	0	0	0	0	Background
HGNC:18246	CRYL1	0	0	0	0	Background
HGNC:20606	IFT88	0	0	0	0	Background
HGNC:5984	IL17D	0	0	0	0	Background
HGNC:27351	EEF1AKMT1	0	0	0	0	Background
HGNC:17796	XPO4	0	0	0	0	Background
HGNC:6515	LATS2	0	0	0	0	Background
HGNC:10530	SAP18	0	0	0	0	Background
HGNC:20262	SKA3	0	0	0	0	Background
HGNC:14514	MRPL57	0	0	0	0	Background
HGNC:20749	ZDHHC20	0	0	0	0	Background
HGNC:31830	MICU2	0	0	0	0	Background
HGNC:3687	FGF9	0	0	0	0	Background
HGNC:10809	SGCG	0	0	0	0	Background
HGNC:10519	SACS	0	1	1	0	ASD_only
HGNC:11915	TNFRSF19	0	0	0	0	Background
HGNC:7104	MIPEP	0	0	0	0	Background
HGNC:34072	C1QTNF9B	0	0	0	0	Background
HGNC:23222	SPATA13	0	0	0	0	Background
HGNC:28732	C1QTNF9	0	0	0	0	Background
HGNC:271	PARP4	0	0	0	0	Background
HGNC:13816	ATP12A	0	0	0	0	Background
HGNC:10060	RNF17	0	0	0	0	Background
HGNC:17272	CPAP	0	0	0	0	Background
HGNC:39716	LSP1P1	0	0	0	0	Background
HGNC:8556	PABPC3	0	0	0	0	Background
HGNC:26360	AMER2	0	0	0	0	Background
HGNC:7453	MTMR6	0	0	0	0	Background
HGNC:20261	NUP58	0	0	0	0	Background
HGNC:13533	ATP8A2	0	0	0	0	Background
HGNC:20366	SHISA2	0	0	0	0	Background
HGNC:10069	RNF6	0	0	0	0	Background
HGNC:1779	CDK8	0	0	0	0	Background
HGNC:12734	WASF3	0	0	0	0	Background
HGNC:4466	GPR12	0	0	0	0	Background
HGNC:20485	USP12	0	0	0	0	Background
HGNC:10313	RPL21	0	0	0	0	Background
HGNC:23802	RASL11A	0	0	0	0	Background
HGNC:4662	GTF3A	1	0	0	0	IEI_only
HGNC:29788	MTIF3	0	0	0	0	Background
HGNC:20421	LNX2	0	0	0	0	Background
HGNC:20422	POLR1D	0	0	0	0	Background
HGNC:20374	GSX1	0	0	0	0	Background
HGNC:6107	PDX1	0	0	0	0	Background
HGNC:34026	ATP5F1EP2	0	0	0	0	Background
HGNC:1806	CDX2	0	0	0	0	Background
HGNC:17785	URAD	0	0	0	0	Background
HGNC:3765	FLT3	0	0	0	0	Background
HGNC:29991	PAN3	0	0	0	0	Background
HGNC:3763	FLT1	0	0	0	0	Background
HGNC:20330	POMP	1	0	0	0	IEI_only
HGNC:27501	SLC46A3	0	0	0	0	Background
HGNC:20595	MTUS2	0	0	0	0	Background
HGNC:11057	SLC7A1	0	0	0	0	Background
HGNC:12504	UBL3	0	0	0	0	Background
HGNC:28361	KATNAL1	0	1	1	0	ASD_only
HGNC:4983	HMGB1	0	0	0	0	Background
HGNC:20294	USPL1	0	0	0	0	Background
HGNC:436	ALOX5AP	0	0	0	0	Background
HGNC:25926	MEDAG	0	0	0	0	Background
HGNC:28622	TEX26	0	0	0	0	Background
HGNC:16969	HSPH1	0	0	0	0	Background
HGNC:20207	B3GLCT	0	0	0	0	Background
HGNC:17318	RXFP2	0	0	0	0	Background
HGNC:20367	FRY	0	0	0	0	Background
HGNC:37116	ZAR1L	0	0	0	0	Background
HGNC:1101	BRCA2	1	1	1	1	Overlap_raw
HGNC:25037	N4BP2L1	0	0	0	0	Background
HGNC:26916	N4BP2L2	0	0	0	0	Background
HGNC:20418	PDS5B	0	0	0	0	Background
HGNC:6344	KL	0	0	0	0	Background
HGNC:19164	STARD13	0	0	0	0	Background
HGNC:9971	RFC3	0	0	0	0	Background
HGNC:7648	NBEA	0	1	1	0	ASD_only
HGNC:6757	MAB21L1	0	0	0	0	Background
HGNC:2700	DCLK1	0	0	0	0	Background
HGNC:26026	SOHLH2	0	0	0	0	Background
HGNC:38866	CCDC169-SOHLH2	0	0	0	0	Background
HGNC:34361	CCDC169	0	0	0	0	Background
HGNC:18514	SPART	0	0	0	0	Background
HGNC:39933	SPART-AS1	0	0	0	0	Background
HGNC:1577	CCNA1	0	0	0	0	Background
HGNC:33792	SERTM1	0	0	0	0	Background
HGNC:9988	RFXAP	1	0	0	0	IEI_only
HGNC:6774	SMAD9	0	0	0	0	Background
HGNC:20266	ALG5	0	0	0	0	Background
HGNC:17035	EXOSC8	0	0	0	0	Background
HGNC:20596	SUPT20H	0	0	0	0	Background
HGNC:20289	CSNK1A1L	0	0	0	0	Background
HGNC:16953	POSTN	0	0	0	0	Background
HGNC:12336	TRPC4	0	0	0	0	Background
HGNC:20597	UFM1	0	0	0	0	Background
HGNC:25396	FREM2	0	0	0	0	Background
HGNC:19420	STOML3	0	0	0	0	Background
HGNC:20291	PROSER1	0	0	0	0	Background
HGNC:33751	NHLRC3	0	0	0	0	Background
HGNC:6586	LHFPL6	0	0	0	0	Background
HGNC:18621	COG6	0	0	0	0	Background
HGNC:3819	FOXO1	0	0	0	0	Background
HGNC:16632	MRPS31	0	0	0	0	Background
HGNC:10985	SLC25A15	0	0	0	0	Background
HGNC:3316	ELF1	0	0	0	0	Background
HGNC:12739	WBP4	0	0	0	0	Background
HGNC:25340	KBTBD6	0	0	0	0	Background
HGNC:25266	KBTBD7	0	0	0	0	Background
HGNC:7469	MTRF1	0	0	0	0	Background
HGNC:26164	NAA16	0	0	0	0	Background
HGNC:20369	RGCC	0	0	0	0	Background
HGNC:29071	VWA8	0	0	0	0	Background
HGNC:2854	DGKH	0	0	0	0	Background
HGNC:369	AKAP11	0	0	0	0	Background
HGNC:11926	TNFSF11	1	0	0	0	IEI_only
HGNC:26883	FAM216B	0	0	0	0	Background
HGNC:16465	EPSTI1	0	0	0	0	Background
HGNC:20325	DNAJC15	0	0	0	0	Background
HGNC:25474	ENOX1	0	0	0	0	Background
HGNC:26478	CCDC122	0	0	0	0	Background
HGNC:26789	LACC1	1	0	0	0	IEI_only
HGNC:28776	SMIM2	0	0	0	0	Background
HGNC:20607	SERP2	0	0	0	0	Background
HGNC:16826	TSC22D1	0	0	0	0	Background
HGNC:8057	NUFIP1	0	0	0	0	Background
HGNC:20298	GPALPP1	0	0	0	0	Background
HGNC:4653	GTF2F2	0	0	0	0	Background
HGNC:23227	KCTD4	0	0	0	0	Background
HGNC:12022	TPT1	0	0	0	0	Background
HGNC:27371	SLC25A30	0	0	0	0	Background
HGNC:18619	COG3	0	0	0	0	Background
HGNC:26523	ERICH6B	0	0	0	0	Background
HGNC:30720	CBY2	0	0	0	0	Background
HGNC:30553	SIAH3	0	0	0	0	Background
HGNC:20368	ZC3H13	0	0	0	0	Background
HGNC:2300	CPB2	0	0	0	0	Background
HGNC:6528	LCP1	0	0	0	0	Background
HGNC:34296	LRRC63	0	0	0	0	Background
HGNC:20420	RUBCNL	0	0	0	0	Background
HGNC:20309	LRCH1	0	0	0	0	Background
HGNC:3465	ESD	0	0	0	0	Background
HGNC:5293	HTR2A	0	0	0	0	Background
HGNC:11448	SUCLA2	0	0	0	0	Background
HGNC:23063	NUDT15	0	0	0	0	Background
HGNC:17903	MED4	0	0	0	0	Background
HGNC:6174	ITM2B	0	0	0	0	Background
HGNC:9884	RB1	0	0	0	0	Background
HGNC:15520	LPAR6	0	0	0	0	Background
HGNC:1914	RCBTB2	0	0	0	0	Background
HGNC:18274	CYSLTR2	0	0	0	0	Background
HGNC:20296	FNDC3A	0	0	0	0	Background
HGNC:4495	MLNR	0	0	0	0	Background
HGNC:20299	CDADC1	0	0	0	0	Background
HGNC:20290	CAB39L	0	0	0	0	Background
HGNC:20263	SETDB2	0	1	1	0	ASD_only
HGNC:17024	PHF11	0	0	0	0	Background
HGNC:18243	RCBTB1	0	0	0	0	Background
HGNC:24046	ARL11	0	0	0	0	Background
HGNC:18061	EBPL	0	0	0	0	Background
HGNC:6396	KPNA3	0	0	0	0	Background
HGNC:14297	SPRYD7	0	0	0	0	Background
HGNC:9976	TRIM13	0	0	0	0	Background
HGNC:18893	KCNRG	0	0	0	0	Background
HGNC:13747	DLEU1	0	0	0	0	Background
HGNC:17567	DLEU7	0	0	0	0	Background
HGNC:25671	RNASEH2B	1	0	0	0	IEI_only
HGNC:26413	FAM124A	0	0	0	0	Background
HGNC:24774	SERPINE3	0	0	0	0	Background
HGNC:14879	INTS6	0	1	1	0	ASD_only
HGNC:20482	WDFY2	0	0	0	0	Background
HGNC:25832	DHRS12	0	0	0	0	Background
HGNC:25303	CCDC70	0	0	0	0	Background
HGNC:870	ATP7B	0	0	0	0	Background
HGNC:32456	ALG11	0	0	0	0	Background
HGNC:20321	UTP14C	0	0	0	0	Background
HGNC:7748	NEK5	0	0	0	0	Background
HGNC:7746	NEK3	0	0	0	0	Background
HGNC:17754	THSD1	0	0	0	0	Background
HGNC:20312	VPS36	0	0	0	0	Background
HGNC:1990	CKAP2	0	0	0	0	Background
HGNC:27067	HNRNPA1L2	0	0	0	0	Background
HGNC:16987	SUGT1	0	0	0	0	Background
HGNC:17005	CNMD	0	0	0	0	Background
HGNC:8660	PCDH8	0	0	0	0	Background
HGNC:17190	OLFM4	0	0	0	0	Background
HGNC:24754	PRR20A	0	0	0	0	Background
HGNC:37220	PRR20B	0	0	0	0	Background
HGNC:37221	PRR20C	0	0	0	0	Background
HGNC:37222	PRR20D	0	0	0	0	Background
HGNC:37223	PRR20E	0	0	0	0	Background
HGNC:14267	PCDH17	0	0	0	0	Background
HGNC:15480	DIAPH3	0	0	0	0	Background
HGNC:20612	TDRD3	0	0	0	0	Background
HGNC:14257	PCDH20	0	0	0	0	Background
HGNC:8661	PCDH9	0	1	1	0	ASD_only
HGNC:6352	KLHL1	0	0	0	0	Background
HGNC:2663	DACH1	0	0	0	0	Background
HGNC:33830	MZT1	0	0	0	0	Background
HGNC:24724	BORA	0	0	0	0	Background
HGNC:20604	DIS3	0	0	0	0	Background
HGNC:23352	PIBF1	0	0	0	0	Background
HGNC:6349	KLF5	0	0	0	0	Background
HGNC:6346	KLF12	0	0	0	0	Background
HGNC:19165	TBC1D4	0	0	0	0	Background
HGNC:24015	COMMD6	0	0	0	0	Background
HGNC:12515	UCHL3	0	0	0	0	Background
HGNC:6646	LMO7	0	0	0	0	Background
HGNC:44370	LMO7DN	0	0	0	0	Background
HGNC:14678	KCTD12	0	0	0	0	Background
HGNC:33904	ACOD1	0	0	0	0	Background
HGNC:2076	CLN5	0	0	0	0	Background
HGNC:13599	FBXL3	0	0	0	0	Background
HGNC:23386	MYCBP2	0	1	1	0	ASD_only
HGNC:10573	SCEL	0	0	0	0	Background
HGNC:26387	SLAIN1	0	0	0	0	Background
HGNC:3180	EDNRB	0	0	0	0	Background
HGNC:9218	POU4F1	0	0	0	0	Background
HGNC:20308	OBI1	0	0	0	0	Background
HGNC:20327	RBM26	0	0	0	0	Background
HGNC:18537	NDFIP2	0	0	0	0	Background
HGNC:11270	SPRY2	0	1	1	0	ASD_only
HGNC:20297	SLITRK1	0	0	0	0	Background
HGNC:23503	SLITRK6	0	0	0	0	Background
HGNC:20295	SLITRK5	0	1	1	0	ASD_only
HGNC:4453	GPC5	0	0	0	0	Background
HGNC:4454	GPC6	0	1	1	0	ASD_only
HGNC:2709	DCT	0	0	0	0	Background
HGNC:20324	TGDS	0	0	0	0	Background
HGNC:28899	GPR180	0	0	0	0	Background
HGNC:11197	SOX21	0	0	0	0	Background
HGNC:55	ABCC4	0	0	0	0	Background
HGNC:2033	CLDN10	0	0	0	0	Background
HGNC:20908	DZIP1	0	0	0	0	Background
HGNC:9439	DNAJC3	0	0	0	0	Background
HGNC:15664	UGGT2	0	0	0	0	Background
HGNC:19134	HS6ST3	0	0	0	0	Background
HGNC:4531	OXGR1	0	0	0	0	Background
HGNC:16746	MBNL2	0	0	0	0	Background
HGNC:9861	RAP2A	0	0	0	0	Background
HGNC:6402	IPO5	0	0	0	0	Background
HGNC:3591	FARP1	0	0	0	0	Background
HGNC:17267	RNF113B	0	0	0	0	Background
HGNC:11403	STK24	0	0	0	0	Background
HGNC:10920	SLC15A1	0	0	0	0	Background
HGNC:14132	DOCK9	0	0	0	0	Background
HGNC:20486	UBAC2	0	0	0	0	Background
HGNC:4472	GPR18	0	0	0	0	Background
HGNC:3128	GPR183	0	0	0	0	Background
HGNC:11865	TM9SF2	0	0	0	0	Background
HGNC:18355	CLYBL	0	0	0	0	Background
HGNC:20322	ZIC5	0	0	0	0	Background
HGNC:12873	ZIC2	0	0	0	0	Background
HGNC:8653	PCCA	0	0	0	0	Background
HGNC:25100	GGACT	0	0	0	0	Background
HGNC:25904	TMTC4	0	0	0	0	Background
HGNC:19082	NALCN	0	0	0	0	Background
HGNC:6164	ITGBL1	0	0	0	0	Background
HGNC:3671	FGF14	0	0	0	0	Background
HGNC:12016	TPP2	1	0	0	0	IEI_only
HGNC:33717	METTL21C	0	0	0	0	Background
HGNC:26851	LRTM3	0	0	0	0	Background
HGNC:25188	TEX30	0	0	0	0	Background
HGNC:19350	POGLUT2	0	0	0	0	Background
HGNC:16034	BIVM	0	0	0	0	Background
HGNC:43690	BIVM-ERCC5	0	0	0	0	Background
HGNC:3437	ERCC5	0	0	0	0	Background
HGNC:10906	SLC10A2	0	0	0	0	Background
HGNC:21191	DAOA	0	0	0	0	Background
HGNC:3227	EFNB2	0	0	0	0	Background
HGNC:25482	ARGLU1	0	0	0	0	Background
HGNC:33877	NALF1	0	0	0	0	Background
HGNC:6601	LIG4	1	0	0	0	IEI_only
HGNC:20293	ABHD13	0	0	0	0	Background
HGNC:11929	TNFSF13B	0	0	0	0	Background
HGNC:29822	MYO16	0	1	1	0	ASD_only
HGNC:6126	IRS2	0	0	0	0	Background
HGNC:2202	COL4A1	0	0	0	0	Background
HGNC:2203	COL4A2	0	0	0	0	Background
HGNC:18260	RAB20	0	0	0	0	Background
HGNC:25576	NAXD	0	0	0	0	Background
HGNC:25695	CARS2	0	0	0	0	Background
HGNC:6062	ING1	0	0	0	0	Background
HGNC:27492	PRECSIT	0	0	0	0	Background
HGNC:20265	ANKRD10	0	0	0	0	Background
HGNC:15607	ARHGEF7	0	0	0	0	Background
HGNC:20370	TEX29	0	0	0	0	Background
HGNC:11189	SOX1	0	0	0	0	Background
HGNC:29575	SPACA7	0	0	0	0	Background
HGNC:18598	TUBGCP3	0	0	0	0	Background
HGNC:33793	ATP11AUN	0	0	0	0	Background
HGNC:13552	ATP11A	0	0	0	0	Background
HGNC:14576	MCF2L	0	0	0	0	Background
HGNC:3544	F7	0	0	0	0	Background
HGNC:3528	F10	0	0	0	0	Background
HGNC:9460	PROZ	0	0	0	0	Background
HGNC:25653	PCID2	0	0	0	0	Background
HGNC:2554	CUL4A	0	0	0	0	Background
HGNC:6499	LAMP1	0	0	0	0	Background
HGNC:20310	GRTP1	0	0	0	0	Background
HGNC:21303	ADPRHL1	0	0	0	0	Background
HGNC:20328	DCUN1D2	0	0	0	0	Background
HGNC:20329	SLC9D1	0	0	0	0	Background
HGNC:11749	TFDP1	0	0	0	0	Background
HGNC:820	ATP4B	0	0	0	0	Background
HGNC:10013	GRK1	0	0	0	0	Background
HGNC:28297	TMEM255B	0	0	0	0	Background
HGNC:4168	GAS6	0	0	0	0	Background
HGNC:20331	RASA3	0	0	0	0	Background
HGNC:1720	CDC16	0	0	0	0	Background
HGNC:20332	UPF3A	0	0	0	0	Background
HGNC:20311	CHAMP1	0	1	1	0	ASD_only
HGNC:30738	OR11H12	0	0	0	0	Background
HGNC:37096	POTEM	0	0	0	0	Background
HGNC:33896	POTEG	0	0	0	0	Background
HGNC:14742	OR4N2	0	0	0	0	Background
HGNC:15426	OR4Q3	0	0	0	0	Background
HGNC:14735	OR4M1	0	0	0	0	Background
HGNC:14728	OR4K2	0	0	0	0	Background
HGNC:14745	OR4K5	0	0	0	0	Background
HGNC:14726	OR4K1	0	0	0	0	Background
HGNC:15353	OR4K15	0	0	0	0	Background
HGNC:15352	OR4K14	0	0	0	0	Background
HGNC:15351	OR4K13	0	0	0	0	Background
HGNC:15356	OR4L1	0	0	0	0	Background
HGNC:15355	OR4K17	0	0	0	0	Background
HGNC:15358	OR4N5	0	0	0	0	Background
HGNC:15346	OR11G2	0	0	0	0	Background
HGNC:15349	OR11H6	0	0	0	0	Background
HGNC:15347	OR11H4	0	0	0	0	Background
HGNC:19274	TTC5	0	0	0	0	Background
HGNC:19437	CCNB1IP1	0	0	0	0	Background
HGNC:272	PARP2	0	0	0	0	Background
HGNC:11726	TEP1	0	0	0	0	Background
HGNC:31952	KLHL33	0	0	0	0	Background
HGNC:18028	OSGEP	0	0	0	0	Background
HGNC:587	APEX1	0	0	0	0	Background
HGNC:19299	PIP4P1	0	0	0	0	Background
HGNC:7892	PNP	1	0	0	0	IEI_only
HGNC:19275	RNASE10	0	0	0	0	Background
HGNC:20673	RNASE9	0	0	0	0	Background
HGNC:19269	RNASE11	0	0	0	0	Background
HGNC:24211	RNASE12	0	0	0	0	Background
HGNC:15363	OR6S1	0	0	0	0	Background
HGNC:10047	RNASE4	0	0	0	0	Background
HGNC:483	ANG	0	0	0	0	Background
HGNC:16978	EDDM3A	0	0	0	0	Background
HGNC:19223	EDDM3B	0	0	0	0	Background
HGNC:10048	RNASE6	0	0	0	0	Background
HGNC:10044	RNASE1	0	0	0	0	Background
HGNC:10046	RNASE3	0	0	0	0	Background
HGNC:10045	RNASE2	0	0	0	0	Background
HGNC:19280	METTL17	0	0	0	0	Background
HGNC:17127	SLC39A2	0	0	0	0	Background
HGNC:14460	NDRG2	0	0	0	0	Background
HGNC:19293	TPPP2	0	0	0	0	Background
HGNC:25285	RNASE13	0	0	0	0	Background
HGNC:19278	RNASE7	0	0	0	0	Background
HGNC:19277	RNASE8	0	0	0	0	Background
HGNC:25516	ARHGEF40	0	0	0	0	Background
HGNC:13011	ZNF219	0	0	0	0	Background
HGNC:32545	TMEM253	0	0	0	0	Background
HGNC:15362	OR5AU1	0	0	0	0	Background
HGNC:5035	HNRNPC	0	0	0	0	Background
HGNC:13436	RPGRIP1	0	0	0	0	Background
HGNC:11465	SUPT16H	0	1	1	0	ASD_only
HGNC:20153	CHD8	0	1	1	0	ASD_only
HGNC:20246	RAB2B	0	0	0	0	Background
HGNC:20161	TOX4	0	0	0	0	Background
HGNC:17563	METTL3	0	0	0	0	Background
HGNC:10526	SALL2	0	0	0	0	Background
HGNC:8171	OR10G3	0	0	0	0	Background
HGNC:8170	OR10G2	0	0	0	0	Background
HGNC:8297	OR4E2	0	0	0	0	Background
HGNC:2664	DAD1	0	0	0	0	Background
HGNC:20154	ABHD4	0	0	0	0	Background
HGNC:14707	OR6J1	0	0	0	0	Background
HGNC:8526	OXA1L	0	0	0	0	Background
HGNC:11065	SLC7A7	1	1	1	1	Overlap_raw
HGNC:16655	MRPL52	0	0	0	0	Background
HGNC:7160	MMP14	0	0	0	0	Background
HGNC:14553	LRP10	0	0	0	0	Background
HGNC:20248	REM2	0	0	0	0	Background
HGNC:20155	RBM23	0	0	0	0	Background
HGNC:10894	PRMT5	0	0	0	0	Background
HGNC:20163	HAUS4	0	0	0	0	Background
HGNC:20250	AJUBA	0	0	0	0	Background
HGNC:20162	C14orf93	0	0	0	0	Background
HGNC:9542	PSMB5	0	0	0	0	Background
HGNC:31963	PSMB11	0	0	0	0	Background
HGNC:14265	CDH24	0	0	0	0	Background
HGNC:17066	ACIN1	0	0	0	0	Background
HGNC:20270	C14orf119	0	0	0	0	Background
HGNC:1836	CEBPE	1	0	0	0	IEI_only
HGNC:11066	SLC7A8	0	0	0	0	Background
HGNC:20438	RNF212B	0	0	0	0	Background
HGNC:20164	HOMEZ	0	0	0	0	Background
HGNC:14943	PPP1R3E	0	0	0	0	Background
HGNC:995	BCL2L2	0	0	0	0	Background
HGNC:42959	BCL2L2-PABPN1	0	0	0	0	Background
HGNC:8565	PABPN1	0	0	0	0	Background
HGNC:23095	SLC22A17	0	0	0	0	Background
HGNC:16898	EFS	0	0	0	0	Background
HGNC:13765	IL25	0	0	0	0	Background
HGNC:19176	CMTM5	0	0	0	0	Background
HGNC:7576	MYH6	0	0	0	0	Background
HGNC:7577	MYH7	0	0	0	0	Background
HGNC:20271	NGDN	0	0	0	0	Background
HGNC:20152	ZFHX2	0	0	0	0	Background
HGNC:18987	THTPA	0	0	0	0	Background
HGNC:556	AP1G2	0	0	0	0	Background
HGNC:20156	JPH4	0	0	0	0	Background
HGNC:18349	DHRS2	0	0	0	0	Background
HGNC:23175	DHRS4-AS1	0	0	0	0	Background
HGNC:16985	DHRS4	0	0	0	0	Background
HGNC:19731	DHRS4L2	0	0	0	0	Background
HGNC:20272	CARMIL3	0	0	0	0	Background
HGNC:2319	CPNE6	0	0	0	0	Background
HGNC:8002	NRL	0	0	0	0	Background
HGNC:8725	PCK2	0	0	0	0	Background
HGNC:20258	DCAF11	0	0	0	0	Background
HGNC:33714	FITM1	0	0	0	0	Background
HGNC:9568	PSME1	0	0	0	0	Background
HGNC:20273	EMC9	0	0	0	0	Background
HGNC:9569	PSME2	0	0	0	0	Background
HGNC:16031	RNF31	1	0	0	0	IEI_only
HGNC:6131	IRF9	1	0	0	0	IEI_only
HGNC:16879	REC8	0	0	0	0	Background
HGNC:19426	IPO4	0	0	0	0	Background
HGNC:11864	TM9SF1	0	0	0	0	Background
HGNC:19825	TSSK4	0	0	0	0	Background
HGNC:20274	CHMP4A	0	0	0	0	Background
HGNC:28781	MDP1	0	0	0	0	Background
HGNC:39551	NEDD8-MDP1	0	0	0	0	Background
HGNC:7732	NEDD8	0	0	0	0	Background
HGNC:4377	GMPR2	0	0	0	0	Background
HGNC:11824	TINF2	1	0	0	0	IEI_only
HGNC:11777	TGM1	0	0	0	0	Background
HGNC:9795	RABGGTA	0	0	0	0	Background
HGNC:16445	DHRS1	0	0	0	0	Background
HGNC:19826	NOP9	0	0	0	0	Background
HGNC:1977	CIDEB	0	0	0	0	Background
HGNC:19260	LTB4R2	0	0	0	0	Background
HGNC:6713	LTB4R	0	0	0	0	Background
HGNC:235	ADCY4	0	0	0	0	Background
HGNC:10021	RIPK3	1	0	0	0	IEI_only
HGNC:7778	NFATC4	0	0	0	0	Background
HGNC:20165	NYNRIN	0	0	0	0	Background
HGNC:20146	CBLN3	0	0	0	0	Background
HGNC:20166	KHNYN	0	0	0	0	Background
HGNC:20275	SDR39U1	0	0	0	0	Background
HGNC:2097	CMA1	0	0	0	0	Background
HGNC:2532	CTSG	0	0	0	0	Background
HGNC:4710	GZMH	0	0	0	0	Background
HGNC:4709	GZMB	0	0	0	0	Background
HGNC:19666	STXBP6	0	0	0	0	Background
HGNC:7886	NOVA1	0	0	0	0	Background
HGNC:3811	FOXG1	0	1	1	0	ASD_only
HGNC:19828	LINC01551	0	0	0	0	Background
HGNC:9407	PRKD1	0	0	0	0	Background
HGNC:20338	G2E3	0	0	0	0	Background
HGNC:20726	SCFD1	0	0	0	0	Background
HGNC:2180	COCH	0	0	0	0	Background
HGNC:15720	STRN3	0	0	0	0	Background
HGNC:575	AP4S1	0	0	0	0	Background
HGNC:20157	HECTD1	0	0	0	0	Background
HGNC:20276	HEATR5A	0	0	0	0	Background
HGNC:20277	DTD2	0	0	0	0	Background
HGNC:20278	NUBPL	0	0	0	0	Background
HGNC:53232	LINC02313	0	0	0	0	Background
HGNC:675	ARHGAP5	0	1	1	0	ASD_only
HGNC:376	AKAP6	0	0	0	0	Background
HGNC:19311	NPAS3	0	0	0	0	Background
HGNC:14661	EGLN3	0	0	0	0	Background
HGNC:20361	SPTSSA	0	0	0	0	Background
HGNC:19312	EAPP	0	0	0	0	Background
HGNC:14970	SNX6	0	0	0	0	Background
HGNC:1875	CFL2	0	0	0	0	Background
HGNC:960	BAZ1A	0	0	0	0	Background
HGNC:11301	SRP54	1	0	0	0	IEI_only
HGNC:19829	FAM177A1	0	0	0	0	Background
HGNC:17485	PPP2R3C	0	0	0	0	Background
HGNC:19958	PRORP	0	0	0	0	Background
HGNC:9535	PSMA6	0	0	0	0	Background
HGNC:7797	NFKBIA	1	0	0	0	IEI_only
HGNC:17539	INSM2	0	0	0	0	Background
HGNC:17770	RALGAPA1	0	0	0	0	Background
HGNC:20512	BRMS1L	0	0	0	0	Background
HGNC:20427	MBIP	0	0	0	0	Background
HGNC:18387	SFTA3	0	0	0	0	Background
HGNC:11825	NKX2-1	0	0	0	0	Background
HGNC:16364	NKX2-8	0	0	0	0	Background
HGNC:8623	PAX9	0	0	0	0	Background
HGNC:14411	SLC25A21	0	0	0	0	Background
HGNC:44298	SLC25A21-AS1	0	0	0	0	Background
HGNC:21460	MIPOL1	0	0	0	0	Background
HGNC:5021	FOXA1	0	0	0	0	Background
HGNC:19739	TTC6	0	0	0	0	Background
HGNC:11330	SSTR1	0	0	0	0	Background
HGNC:19832	CLEC14A	0	0	0	0	Background
HGNC:10701	SEC23A	0	0	0	0	Background
HGNC:10884	GEMIN2	0	0	0	0	Background
HGNC:23066	TRAPPC6B	0	0	0	0	Background
HGNC:9162	PNN	0	0	0	0	Background
HGNC:18432	MIA2	0	0	0	0	Background
HGNC:19833	FBXO33	0	1	1	0	ASD_only
HGNC:20360	LRFN5	0	1	1	0	ASD_only
HGNC:20494	FSCB	0	0	0	0	Background
HGNC:19834	DORIP1	0	0	0	0	Background
HGNC:19741	KLHL28	0	0	0	0	Background
HGNC:19959	TOGARAM1	0	0	0	0	Background
HGNC:20314	PRPF39	0	1	1	0	ASD_only
HGNC:3719	FKBP3	0	0	0	0	Background
HGNC:23168	FANCM	1	0	0	0	IEI_only
HGNC:20190	MIS18BP1	0	0	0	0	Background
HGNC:17976	RPL10L	0	0	0	0	Background
HGNC:19835	MDGA2	0	1	1	0	ASD_only
HGNC:10419	RPS29	0	0	0	0	Background
HGNC:19742	LRR1	0	0	0	0	Background
HGNC:10346	RPL36AL	0	0	0	0	Background
HGNC:7045	MGAT2	0	0	0	0	Background
HGNC:20188	DNAAF2	0	0	0	0	Background
HGNC:9178	POLE2	1	0	0	0	IEI_only
HGNC:19836	KLHDC1	0	0	0	0	Background
HGNC:20231	KLHDC2	0	0	0	0	Background
HGNC:10663	NEMF	0	0	0	0	Background
HGNC:659	ARF6	0	0	0	0	Background
HGNC:27503	LINC01588	0	0	0	0	Background
HGNC:20352	VCPKMT	0	0	0	0	Background
HGNC:11188	SOS2	0	1	1	0	ASD_only
HGNC:20499	L2HGDH	0	0	0	0	Background
HGNC:18799	DMAC2L	0	0	0	0	Background
HGNC:1781	CDKL1	0	0	0	0	Background
HGNC:6867	MAP4K5	0	0	0	0	Background
HGNC:11231	ATL1	0	0	0	0	Background
HGNC:17795	SAV1	0	0	0	0	Background
HGNC:14906	NIN	0	0	0	0	Background
HGNC:9725	PYGL	0	0	0	0	Background
HGNC:19837	ABHD12B	0	0	0	0	Background
HGNC:16288	TRIM9	0	0	0	0	Background
HGNC:15487	TMX1	0	0	0	0	Background
HGNC:19839	FRMD6	0	0	0	0	Background
HGNC:4404	GNG2	0	0	0	0	Background
HGNC:23169	RTRAF	0	0	0	0	Background
HGNC:13389	NID2	0	0	0	0	Background
HGNC:9591	PTGDR	0	0	0	0	Background
HGNC:9594	PTGER2	0	0	0	0	Background
HGNC:19965	TXNDC16	0	0	0	0	Background
HGNC:25445	GPR137C	0	0	0	0	Background
HGNC:13280	ERO1A	0	0	0	0	Background
HGNC:9553	PSMC6	0	0	0	0	Background
HGNC:11447	STYX	0	0	0	0	Background
HGNC:19980	GNPNAT1	0	0	0	0	Background
HGNC:15767	FERMT2	0	0	0	0	Background
HGNC:19714	DDHD1	0	0	0	0	Background
HGNC:1071	BMP4	0	0	0	0	Background
HGNC:1791	CDKN3	0	0	0	0	Background
HGNC:19431	CNIH1	0	0	0	0	Background
HGNC:4373	GMFB	0	0	0	0	Background
HGNC:15528	CGRRF1	0	0	0	0	Background
HGNC:23023	SAMD4A	0	0	0	0	Background
HGNC:4193	GCH1	0	0	0	0	Background
HGNC:23170	WDHD1	0	0	0	0	Background
HGNC:19392	SOCS4	0	0	0	0	Background
HGNC:19840	MAPK1IP1L	0	0	0	0	Background
HGNC:6563	LGALS3	0	0	0	0	Background
HGNC:16864	DLGAP5	0	0	0	0	Background
HGNC:20201	FBXO34	0	0	0	0	Background
HGNC:19962	ATG14	0	0	0	0	Background
HGNC:19841	TBPL2	0	0	0	0	Background
HGNC:6467	KTN1	0	0	0	0	Background
HGNC:8828	PELI2	0	0	0	0	Background
HGNC:20185	TMEM260	0	0	0	0	Background
HGNC:8522	OTX2	0	0	0	0	Background
HGNC:10696	EXOC5	0	1	1	0	ASD_only
HGNC:20192	AP5M1	0	0	0	0	Background
HGNC:19844	NAA30	0	0	0	0	Background
HGNC:20189	CCDC198	0	0	0	0	Background
HGNC:19845	SLC35F4	0	0	0	0	Background
HGNC:19846	ARMH4	0	0	0	0	Background
HGNC:17372	ACTR10	0	0	0	0	Background
HGNC:9532	PSMA3	0	0	0	0	Background
HGNC:9885	ARID4A	0	0	0	0	Background
HGNC:33752	TOMM20L	0	0	0	0	Background
HGNC:11819	TIMM9	0	0	0	0	Background
HGNC:19960	KIAA0586	0	0	0	0	Background
HGNC:17748	DACT1	0	0	0	0	Background
HGNC:18142	DAAM1	0	0	0	0	Background
HGNC:19991	GPR135	0	0	0	0	Background
HGNC:20488	L3HYPDH	0	0	0	0	Background
HGNC:20184	JKAMP	0	0	0	0	Background
HGNC:19847	CCDC175	0	0	0	0	Background
HGNC:10467	RTN1	0	0	0	0	Background
HGNC:19848	LRRC9	0	0	0	0	Background
HGNC:20349	PCNX4	0	0	0	0	Background
HGNC:21524	DHRS7	0	0	0	0	Background
HGNC:9275	PPM1A	0	0	0	0	Background
HGNC:19849	C14orf39	0	0	0	0	Background
HGNC:10892	SIX6	0	0	0	0	Background
HGNC:10887	SIX1	0	0	0	0	Background
HGNC:10890	SIX4	0	0	0	0	Background
HGNC:7181	MNAT1	0	0	0	0	Background
HGNC:23141	TRMT5	0	0	0	0	Background
HGNC:19863	SLC38A6	0	0	0	0	Background
HGNC:9403	PRKCH	0	0	0	0	Background
HGNC:27254	CDC50B	0	0	0	0	Background
HGNC:44292	LINC03033	0	0	0	0	Background
HGNC:4910	HIF1A	0	0	0	0	Background
HGNC:11134	SNAPC1	0	0	0	0	Background
HGNC:23142	SYT16	0	0	0	0	Background
HGNC:6254	KCNH5	0	0	0	0	Background
HGNC:688	RHOJ	0	0	0	0	Background
HGNC:9313	PPP2R5E	0	0	0	0	Background
HGNC:20489	WDR89	0	0	0	0	Background
HGNC:17720	SGPP1	0	0	0	0	Background
HGNC:17084	SYNE2	0	0	0	0	Background
HGNC:3468	ESR2	0	1	1	0	ASD_only
HGNC:7432	MTHFD1	1	0	0	0	IEI_only
HGNC:13112	ZBTB25	0	0	0	0	Background
HGNC:375	AKAP5	0	0	0	0	Background
HGNC:20259	ZBTB1	0	0	0	0	Background
HGNC:5235	HSPA2	0	0	0	0	Background
HGNC:20097	PPP1R36	0	0	0	0	Background
HGNC:20364	PLEKHG3	0	0	0	0	Background
HGNC:11274	SPTB	0	0	0	0	Background
HGNC:20099	CHURC1	0	0	0	0	Background
HGNC:42960	CHURC1-FNTB	0	0	0	0	Background
HGNC:3785	FNTB	0	0	0	0	Background
HGNC:4554	GPX2	0	0	0	0	Background
HGNC:20150	RAB15	0	0	0	0	Background
HGNC:6913	MAX	0	0	0	0	Background
HGNC:4019	FUT8	0	0	0	0	Background
HGNC:15465	GPHN	0	1	1	0	ASD_only
HGNC:20101	GARIN2	0	0	0	0	Background
HGNC:18669	PALS1	0	0	0	0	Background
HGNC:13527	ATP6V1D	0	0	0	0	Background
HGNC:3265	EIF2S1	0	0	0	0	Background
HGNC:19238	PLEK2	0	0	0	0	Background
HGNC:20130	TMEM229B	0	0	0	0	Background
HGNC:17733	PLEKHH1	0	0	0	0	Background
HGNC:8964	PIGH	0	0	0	0	Background
HGNC:664	ARG2	0	0	0	0	Background
HGNC:17793	VTI1B	0	0	0	0	Background
HGNC:17964	RDH11	0	0	0	0	Background
HGNC:19977	RDH12	0	0	0	0	Background
HGNC:20761	ZFYVE26	0	1	1	0	ASD_only
HGNC:9822	RAD51B	0	0	0	0	Background
HGNC:1107	ZFP36L1	0	0	0	0	Background
HGNC:163	ACTN1	0	0	0	0	Background
HGNC:20224	DCAF5	0	0	0	0	Background
HGNC:20217	EXD2	0	0	0	0	Background
HGNC:23233	GALNT16	0	0	0	0	Background
HGNC:3447	ERH	0	0	0	0	Background
HGNC:20182	SLC39A9	0	0	0	0	Background
HGNC:20148	PLEKHD1	0	0	0	0	Background
HGNC:23243	CCDC177	0	0	0	0	Background
HGNC:19956	SUSD6	0	0	0	0	Background
HGNC:10787	SRSF5	0	0	0	0	Background
HGNC:10905	SLC10A1	0	0	0	0	Background
HGNC:20318	SMOC1	0	0	0	0	Background
HGNC:11070	SLC8A3	0	0	0	0	Background
HGNC:20213	COX16	0	0	0	0	Background
HGNC:18955	SYNJ2BP	0	0	0	0	Background
HGNC:200	ADAM21	0	0	0	0	Background
HGNC:199	ADAM20	0	0	0	0	Background
HGNC:19970	MED6	0	0	0	0	Background
HGNC:20267	TTC9	0	0	0	0	Background
HGNC:6861	MAP3K9	0	0	0	0	Background
HGNC:19740	PCNX1	0	0	0	0	Background
HGNC:20284	SIPA1L1	0	0	0	0	Background
HGNC:10002	RGS6	0	0	0	0	Background
HGNC:17427	DPF3	0	0	0	0	Background
HGNC:20229	DCAF4	0	0	0	0	Background
HGNC:13180	ZFYVE1	0	0	0	0	Background
HGNC:23244	RBM25	0	0	0	0	Background
HGNC:9508	PSEN1	1	0	0	0	IEI_only
HGNC:19262	PAPLN	0	0	0	0	Background
HGNC:8060	NUMB	0	0	0	0	Background
HGNC:16761	HEATR4	0	0	0	0	Background
HGNC:33128	ACOT1	0	0	0	0	Background
HGNC:18431	ACOT2	0	0	0	0	Background
HGNC:19748	ACOT4	0	0	0	0	Background
HGNC:33159	ACOT6	0	0	0	0	Background
HGNC:23247	DNAL1	0	0	0	0	Background
HGNC:9158	PNMA1	0	0	0	0	Background
HGNC:19853	MIDEAS	0	0	0	0	Background
HGNC:20149	PTGR2	0	0	0	0	Background
HGNC:20144	ZNF410	0	0	0	0	Background
HGNC:19854	FAM161B	0	0	0	0	Background
HGNC:20233	COQ6	0	0	0	0	Background
HGNC:3367	ENTPD5	0	0	0	0	Background
HGNC:19855	BBOF1	0	0	0	0	Background
HGNC:7179	ALDH6A1	0	0	0	0	Background
HGNC:19856	LIN52	0	0	0	0	Background
HGNC:1975	VSX2	0	0	0	0	Background
HGNC:68	ABCD4	0	0	0	0	Background
HGNC:20223	VRTN	0	0	0	0	Background
HGNC:32388	SYNDIG1L	0	0	0	0	Background
HGNC:14537	NPC2	0	0	0	0	Background
HGNC:19857	ISCA2	0	0	0	0	Background
HGNC:6715	LTBP2	0	0	0	0	Background
HGNC:20363	AREL1	0	0	0	0	Background
HGNC:20220	FCF1	0	0	0	0	Background
HGNC:17798	YLPM1	0	0	0	0	Background
HGNC:26715	PROX2	0	0	0	0	Background
HGNC:2911	DLST	0	0	0	0	Background
HGNC:20222	RPS6KL1	0	0	0	0	Background
HGNC:8893	PGF	0	0	0	0	Background
HGNC:3258	EIF2B2	0	0	0	0	Background
HGNC:7128	MLH3	0	0	0	0	Background
HGNC:179	ACYP1	0	0	0	0	Background
HGNC:20354	ZC2HC1C	0	0	0	0	Background
HGNC:18591	NEK9	0	0	0	0	Background
HGNC:16998	TMED10	0	0	0	0	Background
HGNC:58290	FOS-AS1	0	0	0	0	Background
HGNC:3796	FOS	0	0	0	0	Background
HGNC:17546	JDP2	0	0	0	0	Background
HGNC:958	BATF	0	0	0	0	Background
HGNC:20105	FLVCR2	0	0	0	0	Background
HGNC:19963	TTLL5	0	0	0	0	Background
HGNC:1187	ERG28	0	0	0	0	Background
HGNC:29669	IFT43	0	0	0	0	Background
HGNC:11769	TGFB3	0	0	0	0	Background
HGNC:20210	GPATCH2L	0	0	0	0	Background
HGNC:3473	ESRRB	0	1	1	0	ASD_only
HGNC:19964	VASH1	0	1	1	0	ASD_only
HGNC:19961	ANGEL1	0	0	0	0	Background
HGNC:23346	LRRC74A	0	0	0	0	Background
HGNC:14282	IRF2BPL	0	1	1	0	ASD_only
HGNC:20365	CIPC	0	0	0	0	Background
HGNC:23787	TMEM63C	0	0	0	0	Background
HGNC:20106	ZDHHC22	0	0	0	0	Background
HGNC:14077	NGB	0	0	0	0	Background
HGNC:19743	POMT2	0	0	0	0	Background
HGNC:4643	GSTZ1	0	0	0	0	Background
HGNC:18633	TMED8	0	0	0	0	Background
HGNC:18631	SAMD15	0	0	0	0	Background
HGNC:20487	NOXRED1	0	0	0	0	Background
HGNC:20347	VIPAS39	0	0	0	0	Background
HGNC:1189	AHSA1	0	0	0	0	Background
HGNC:23176	ISM2	0	0	0	0	Background
HGNC:11278	SPTLC2	0	0	0	0	Background
HGNC:17911	ALKBH1	0	0	0	0	Background
HGNC:20495	SLIRP	0	0	0	0	Background
HGNC:16696	SNW1	0	0	0	0	Background
HGNC:26385	SLIRP-OT1	0	0	0	0	Background
HGNC:19038	ADCK1	0	0	0	0	Background
HGNC:8010	NRXN3	0	1	1	0	ASD_only
HGNC:2884	DIO2	0	0	0	0	Background
HGNC:20359	CEP128	0	0	0	0	Background
HGNC:12373	TSHR	0	0	0	0	Background
HGNC:4646	GTF2A1	0	0	0	0	Background
HGNC:30652	STON2	0	0	0	0	Background
HGNC:10717	SEL1L	0	0	0	0	Background
HGNC:3761	FLRT2	0	0	0	0	Background
HGNC:27507	LINC01148	0	0	0	0	Background
HGNC:4115	GALC	0	0	0	0	Background
HGNC:4517	GPR65	0	0	0	0	Background
HGNC:6273	KCNK10	0	0	0	0	Background
HGNC:20423	SPATA7	0	0	0	0	Background
HGNC:9651	PTPN21	0	0	0	0	Background
HGNC:20509	ZC3H14	0	0	0	0	Background
HGNC:18197	EML5	0	0	0	0	Background
HGNC:20087	TTC8	0	0	0	0	Background
HGNC:1928	FOXN3	0	0	0	0	Background
HGNC:20357	EFCAB11	0	0	0	0	Background
HGNC:18884	TDP1	0	0	0	0	Background
HGNC:6275	KCNK13	0	0	0	0	Background
HGNC:9547	PSMC1	0	0	0	0	Background
HGNC:20186	NRDE2	0	0	0	0	Background
HGNC:1442	CALM1	0	0	0	0	Background
HGNC:19858	TTC7B	0	0	0	0	Background
HGNC:10434	RPS6KA5	0	0	0	0	Background
HGNC:20498	DGLUCY	0	0	0	0	Background
HGNC:4519	GPR68	0	0	0	0	Background
HGNC:19967	CCDC88C	0	1	1	0	ASD_only
HGNC:20219	PPP4R3A	0	0	0	0	Background
HGNC:20500	CATSPERB	0	0	0	0	Background
HGNC:19859	TC2N	0	0	0	0	Background
HGNC:3602	FBLN5	0	0	0	0	Background
HGNC:12305	TRIP11	0	0	0	0	Background
HGNC:7106	ATXN3	0	0	0	0	Background
HGNC:7695	NDUFB1	0	0	0	0	Background
HGNC:2325	CPSF2	0	0	0	0	Background
HGNC:10978	SLC24A4	0	0	0	0	Background
HGNC:18751	RIN3	0	0	0	0	Background
HGNC:9472	LGMN	0	0	0	0	Background
HGNC:4428	GOLGA5	0	0	0	0	Background
HGNC:1929	CHGA	0	0	0	0	Background
HGNC:6177	ITPK1	0	0	0	0	Background
HGNC:16658	MOAP1	0	0	0	0	Background
HGNC:20218	LYSET	0	0	0	0	Background
HGNC:20356	GON7	0	0	0	0	Background
HGNC:20344	UBR7	0	0	0	0	Background
HGNC:18269	BTBD7	0	0	0	0	Background
HGNC:19966	UNC79	0	1	1	0	ASD_only
HGNC:24382	COX8C	0	0	0	0	Background
HGNC:18319	PRIMA1	0	0	0	0	Background
HGNC:20491	FAM181A	0	0	0	0	Background
HGNC:16012	ASB2	0	0	0	0	Background
HGNC:20351	OTUB2	0	0	0	0	Background
HGNC:13266	DDX24	0	0	0	0	Background
HGNC:19754	IFI27L1	0	0	0	0	Background
HGNC:5397	IFI27	0	0	0	0	Background
HGNC:19753	IFI27L2	0	0	0	0	Background
HGNC:23788	PPP4R4	0	0	0	0	Background
HGNC:15996	SERPINA10	0	0	0	0	Background
HGNC:1540	SERPINA6	0	0	0	0	Background
HGNC:8941	SERPINA1	0	0	0	0	Background
HGNC:19193	SERPINA11	0	0	0	0	Background
HGNC:15995	SERPINA9	0	0	0	0	Background
HGNC:18359	SERPINA12	0	0	0	0	Background
HGNC:8948	SERPINA4	0	0	0	0	Background
HGNC:8723	SERPINA5	0	0	0	0	Background
HGNC:16	SERPINA3	0	0	0	0	Background
HGNC:4612	GSC	0	0	0	0	Background
HGNC:17098	DICER1	0	0	0	0	Background
HGNC:19972	CLMN	0	0	0	0	Background
HGNC:19861	SYNE3	0	0	0	0	Background
HGNC:56940	SYNE3-AS1	0	0	0	0	Background
HGNC:20134	GLRX5	0	0	0	0	Background
HGNC:11649	TCL1B	0	0	0	0	Background
HGNC:11648	TCL1A	0	0	0	0	Background
HGNC:20346	C14orf132	0	0	0	0	Background
HGNC:1030	BDKRB2	0	0	0	0	Background
HGNC:1029	BDKRB1	0	0	0	0	Background
HGNC:20187	ATG2B	0	0	0	0	Background
HGNC:20343	GSKIP	0	0	0	0	Background
HGNC:20091	AK7	0	0	0	0	Background
HGNC:14981	PAPOLA	0	0	0	0	Background
HGNC:12718	VRK1	0	0	0	0	Background
HGNC:53231	LINC02312	0	0	0	0	Background
HGNC:20111	LINC01550	0	0	0	0	Background
HGNC:26375	LINC02914	0	0	0	0	Background
HGNC:13222	BCL11B	1	0	0	0	IEI_only
HGNC:20493	SETD3	0	0	0	0	Background
HGNC:1596	CCNK	0	0	0	0	Background
HGNC:35459	CCDC85C	0	0	0	0	Background
HGNC:19710	HHIPL1	0	0	0	0	Background
HGNC:2641	CYP46A1	0	0	0	0	Background
HGNC:3330	EML1	0	0	0	0	Background
HGNC:20234	EVL	0	0	0	0	Background
HGNC:20113	DEGS2	0	0	0	0	Background
HGNC:12856	YY1	0	1	1	0	ASD_only
HGNC:20116	SLC25A29	0	0	0	0	Background
HGNC:20115	SLC25A47	0	0	0	0	Background
HGNC:12729	WARS1	0	0	0	0	Background
HGNC:21064	WDR25	0	0	0	0	Background
HGNC:24163	BEGAIN	0	0	0	0	Background
HGNC:2907	DLK1	0	0	0	0	Background
HGNC:14665	RTL1	0	0	0	0	Background
HGNC:2885	DIO3	0	0	0	0	Background
HGNC:20119	LINC00239	0	0	0	0	Background
HGNC:9311	PPP2R5C	0	0	0	0	Background
HGNC:2961	DYNC1H1	0	1	1	0	ASD_only
HGNC:5253	HSP90AA1	0	0	0	0	Background
HGNC:19667	WDR20	0	0	0	0	Background
HGNC:9833	MOK	0	0	0	0	Background
HGNC:20345	ZNF839	0	0	0	0	Background
HGNC:23789	CINP	0	0	0	0	Background
HGNC:19957	TECPR2	0	0	0	0	Background
HGNC:20096	ANKRD9	0	0	0	0	Background
HGNC:17441	RCOR1	0	0	0	0	Background
HGNC:12033	TRAF3	1	0	0	0	IEI_only
HGNC:14604	AMN	0	0	0	0	Background
HGNC:1738	CDC42BPB	0	1	1	0	ASD_only
HGNC:20120	EXOC3L4	0	0	0	0	Background
HGNC:11895	TNFAIP2	0	0	0	0	Background
HGNC:3299	EIF5	0	0	0	0	Background
HGNC:6897	MARK3	0	0	0	0	Background
HGNC:1991	CKB	0	0	0	0	Background
HGNC:23790	TRMT61A	0	0	0	0	Background
HGNC:941	BAG5	0	0	0	0	Background
HGNC:6387	KLC1	0	0	0	0	Background
HGNC:20492	COA8	0	0	0	0	Background
HGNC:12830	XRCC3	0	0	0	0	Background
HGNC:20760	ZFYVE21	0	0	0	0	Background
HGNC:14950	PPP1R13B	0	0	0	0	Background
HGNC:1188	ATP5MJ	0	0	0	0	Background
HGNC:20122	TDRD9	0	0	0	0	Background
HGNC:40912	RD3L	0	0	0	0	Background
HGNC:20123	ASPG	0	0	0	0	Background
HGNC:20226	KIF26A	0	0	0	0	Background
HGNC:20137	TMEM179	0	0	0	0	Background
HGNC:33795	C14orf180	0	0	0	0	Background
HGNC:23791	INF2	0	0	0	0	Background
HGNC:20093	ADSS1	0	0	0	0	Background
HGNC:17712	SIVA1	0	0	0	0	Background
HGNC:391	AKT1	0	0	0	0	Background
HGNC:32550	ZBTB42	0	0	0	0	Background
HGNC:20362	CEP170B	0	0	0	0	Background
HGNC:23792	PLD4	0	0	0	0	Background
HGNC:20125	AHNAK2	0	0	0	0	Background
HGNC:20126	CLBA1	0	0	0	0	Background
HGNC:14625	CDCA4	0	0	0	0	Background
HGNC:17482	GPR132	0	0	0	0	Background
HGNC:6189	JAG2	0	0	0	0	Background
HGNC:20141	NUDT14	0	0	0	0	Background
HGNC:11551	BRF1	0	0	0	0	Background
HGNC:19897	BTBD6	0	0	0	0	Background
HGNC:23794	PACS2	0	0	0	0	Background
HGNC:40026	TEX22	0	0	0	0	Background
HGNC:7410	MTA1	0	0	0	0	Background
HGNC:2361	CRIP2	0	0	0	0	Background
HGNC:2360	CRIP1	0	0	0	0	Background
HGNC:20127	TEDC1	0	0	0	0	Background
HGNC:20511	TMEM121	0	0	0	0	Background
HGNC:19955	FAM30A	0	0	0	0	Background
HGNC:37225	GOLGA6L6	0	0	0	0	Background
HGNC:48327	POTEB2	0	0	0	0	Background
HGNC:33734	POTEB	0	0	0	0	Background
HGNC:55109	OR4M2B	0	0	0	0	Background
HGNC:15375	OR4N4	0	0	0	0	Background
HGNC:37444	GOLGA6L1	0	0	0	0	Background
HGNC:18600	TUBGCP5	0	1	1	0	ASD_only
HGNC:13759	CYFIP1	0	1	1	0	ASD_only
HGNC:17044	NIPA2	0	1	1	0	ASD_only
HGNC:17043	NIPA1	0	1	1	0	ASD_only
HGNC:44409	GOLGA8S	0	0	0	0	Background
HGNC:26695	GOLGA6L2	0	0	0	0	Background
HGNC:7114	MKRN3	0	0	0	0	Background
HGNC:6814	MAGEL2	0	1	1	0	ASD_only
HGNC:7675	NDN	0	0	0	0	Background
HGNC:1190	NPAP1	0	0	0	0	Background
HGNC:11164	SNRPN	0	0	0	0	Background
HGNC:11171	SNURF	0	0	0	0	Background
HGNC:12496	UBE3A	0	1	1	0	ASD_only
HGNC:13542	ATP10A	0	1	1	0	ASD_only
HGNC:4083	GABRB3	0	1	1	0	ASD_only
HGNC:4079	GABRA5	0	0	0	0	Background
HGNC:4088	GABRG3	0	1	1	0	ASD_only
HGNC:8101	OCA2	0	0	0	0	Background
HGNC:4868	HERC2	0	0	0	0	Background
HGNC:32378	GOLGA8F	0	0	0	0	Background
HGNC:25328	GOLGA8G	0	0	0	0	Background
HGNC:44404	GOLGA8M	0	0	0	0	Background
HGNC:579	APBA2	0	1	1	0	ASD_only
HGNC:29075	ENTREP2	0	0	0	0	Background
HGNC:7677	NSMCE3	1	1	1	1	Overlap_raw
HGNC:11827	TJP1	0	0	0	0	Background
HGNC:38650	GOLGA8J	0	0	0	0	Background
HGNC:44410	GOLGA8T	0	0	0	0	Background
HGNC:15781	CHRFAM7A	0	0	0	0	Background
HGNC:44407	GOLGA8R	0	0	0	0	Background
HGNC:44408	GOLGA8Q	0	0	0	0	Background
HGNC:37443	GOLGA8H	0	0	0	0	Background
HGNC:15782	ARHGAP11B	0	1	1	0	ASD_only
HGNC:29170	FAN1	0	1	1	0	ASD_only
HGNC:25999	MTMR10	0	0	0	0	Background
HGNC:7146	TRPM1	0	1	1	0	ASD_only
HGNC:13672	KLF13	0	0	0	0	Background
HGNC:20718	OTUD7A	0	1	1	0	ASD_only
HGNC:1960	CHRNA7	0	1	1	0	ASD_only
HGNC:38652	GOLGA8K	0	0	0	0	Background
HGNC:44406	GOLGA8O	0	0	0	0	Background
HGNC:44405	GOLGA8N	0	0	0	0	Background
HGNC:15783	ARHGAP11A	0	0	0	0	Background
HGNC:10816	SCG5	0	0	0	0	Background
HGNC:2001	GREM1	0	0	0	0	Background
HGNC:3768	FMN1	0	0	0	0	Background
HGNC:10485	RYR3	0	0	0	0	Background
HGNC:13509	AVEN	0	0	0	0	Background
HGNC:1954	CHRM5	0	0	0	0	Background
HGNC:24301	EMC7	0	0	0	0	Background
HGNC:19401	PGBD4	0	0	0	0	Background
HGNC:26199	KATNBL1	0	0	0	0	Background
HGNC:28032	EMC4	0	0	0	0	Background
HGNC:10914	SLC12A6	0	0	0	0	Background
HGNC:14378	NOP10	1	0	0	0	IEI_only
HGNC:29919	NUTM1	0	0	0	0	Background
HGNC:30059	LPCAT4	0	0	0	0	Background
HGNC:31972	GOLGA8A	0	0	0	0	Background
HGNC:31973	GOLGA8B	0	0	0	0	Background
HGNC:19154	GJD2	0	0	0	0	Background
HGNC:143	ACTC1	0	0	0	0	Background
HGNC:29513	AQR	0	0	0	0	Background
HGNC:26061	ZNF770	0	0	0	0	Background
HGNC:30543	DPH6	0	0	0	0	Background
HGNC:26929	CDIN1	0	0	0	0	Background
HGNC:7001	MEIS2	0	1	1	0	ASD_only
HGNC:28558	TMCO5A	0	0	0	0	Background
HGNC:20249	SPRED1	0	0	0	0	Background
HGNC:26773	TSLIG3B	0	0	0	0	Background
HGNC:9878	RASGRP1	1	0	0	0	IEI_only
HGNC:33796	LINC02694	0	0	0	0	Background
HGNC:33797	LINC02915	0	0	0	0	Background
HGNC:11785	THBS1	0	1	1	0	ASD_only
HGNC:21674	FSIP1	0	0	0	0	Background
HGNC:32370	GPR176	0	0	0	0	Background
HGNC:19687	EIF2AK4	0	0	0	0	Background
HGNC:11299	SRP14	0	0	0	0	Background
HGNC:24132	BMF	0	0	0	0	Background
HGNC:1149	BUB1B	0	0	0	0	Background
HGNC:52276	BUB1B-PAK6	0	0	0	0	Background
HGNC:16061	PAK6	0	0	0	0	Background
HGNC:33868	PAK6-AS1	0	0	0	0	Background
HGNC:9055	PLCB2	0	0	0	0	Background
HGNC:40027	ANKRD63	0	0	0	0	Background
HGNC:33488	CCDC9B	0	0	0	0	Background
HGNC:37226	PHGR1	0	0	0	0	Background
HGNC:19712	DISP2	0	0	0	0	Background
HGNC:30767	KNSTRN	0	0	0	0	Background
HGNC:6186	IVD	0	0	0	0	Background
HGNC:29153	BAHD1	0	0	0	0	Background
HGNC:24464	CHST14	0	0	0	0	Background
HGNC:28295	CCDC32	0	0	0	0	Background
HGNC:24180	RPUSD2	0	0	0	0	Background
HGNC:24054	KNL1	0	0	0	0	Background
HGNC:9817	RAD51	1	0	0	0	IEI_only
HGNC:25550	RMDN3	0	0	0	0	Background
HGNC:4194	GCHFR	0	0	0	0	Background
HGNC:25556	DNAJC17	0	0	0	0	Background
HGNC:34489	C15orf62	0	1	1	0	ASD_only
HGNC:20758	ZFYVE19	0	0	0	0	Background
HGNC:14953	PPP1R14D	0	0	0	0	Background
HGNC:11246	SPINT1	0	0	0	0	Background
HGNC:18313	RHOV	0	0	0	0	Background
HGNC:15972	VPS18	0	0	0	0	Background
HGNC:2910	DLL4	0	0	0	0	Background
HGNC:28680	CHAC1	0	0	0	0	Background
HGNC:26956	INO80	1	0	0	0	IEI_only
HGNC:28507	EXD1	0	0	0	0	Background
HGNC:17433	CHP1	0	0	0	0	Background
HGNC:20300	OIP5	0	0	0	0	Background
HGNC:18538	NUSAP1	0	0	0	0	Background
HGNC:18828	NDUFAF1	0	0	0	0	Background
HGNC:28996	RTF1	0	0	0	0	Background
HGNC:6178	ITPKA	0	0	0	0	Background
HGNC:6721	LTK	0	0	0	0	Background
HGNC:24567	RPAP1	0	0	0	0	Background
HGNC:12446	TYRO3	0	0	0	0	Background
HGNC:14010	MGA	0	0	0	0	Background
HGNC:29536	MAPKBP1	0	0	0	0	Background
HGNC:34397	JMJD7	0	0	0	0	Background
HGNC:9036	PLA2G4B	0	0	0	0	Background
HGNC:34449	JMJD7-PLA2G4B	0	0	0	0	Background
HGNC:15680	SPTBN5	0	0	0	0	Background
HGNC:3245	EHD4	0	0	0	0	Background
HGNC:24791	PLA2G4E	0	0	0	0	Background
HGNC:30038	PLA2G4D	0	0	0	0	Background
HGNC:27396	PLA2G4F	0	0	0	0	Background
HGNC:20593	VPS39	0	0	0	0	Background
HGNC:24522	TMEM87A	0	0	0	0	Background
HGNC:4139	GANC	0	0	0	0	Background
HGNC:1480	CAPN3	0	0	0	0	Background
HGNC:12886	ZNF106	0	0	0	0	Background
HGNC:11131	SNAP23	0	0	0	0	Background
HGNC:26719	LRRC57	0	0	0	0	Background
HGNC:25530	HAUS2	0	0	0	0	Background
HGNC:19162	STARD9	0	0	0	0	Background
HGNC:1713	CDAN1	0	0	0	0	Background
HGNC:19141	TTBK2	0	0	0	0	Background
HGNC:16808	UBR1	0	1	1	0	ASD_only
HGNC:3381	EPB42	0	0	0	0	Background
HGNC:26269	TMEM62	0	0	0	0	Background
HGNC:1587	CCNDBP1	0	0	0	0	Background
HGNC:11781	TGM5	0	0	0	0	Background
HGNC:30790	TGM7	0	0	0	0	Background
HGNC:17558	LCMT2	0	0	0	0	Background
HGNC:31853	MAPDA	0	0	0	0	Background
HGNC:26673	ZSCAN29	0	0	0	0	Background
HGNC:16691	TUBGCP4	0	0	0	0	Background
HGNC:11999	TP53BP1	0	0	0	0	Background
HGNC:6835	MAP1A	0	1	1	0	ASD_only
HGNC:29023	PPIP5K1	0	0	0	0	Background
HGNC:1995	CKMT1B	0	0	0	0	Background
HGNC:16035	STRC	0	0	0	0	Background
HGNC:18810	CATSPER2	0	0	0	0	Background
HGNC:31736	CKMT1A	0	0	0	0	Background
HGNC:4606	PDIA3	0	0	0	0	Background
HGNC:23113	ELL3	0	0	0	0	Background
HGNC:10757	SERF2	0	0	0	0	Background
HGNC:32237	SERINC4	0	0	0	0	Background
HGNC:18418	HYPK	0	0	0	0	Background
HGNC:7032	MFAP1	0	0	0	0	Background
HGNC:25773	WDR76	0	0	0	0	Background
HGNC:28214	FRMD5	0	0	0	0	Background
HGNC:24892	GOLM2	0	0	0	0	Background
HGNC:26936	CTDSPL2	0	0	0	0	Background
HGNC:3270	EIF3J	0	0	0	0	Background
HGNC:11226	SPG11	0	0	0	0	Background
HGNC:33630	PATL2	0	0	0	0	Background
HGNC:914	B2M	1	0	0	0	IEI_only
HGNC:17857	TRIM69	0	0	0	0	Background
HGNC:28520	TERB2	0	1	1	0	ASD_only
HGNC:11184	SORD	0	0	0	0	Background
HGNC:13273	DUOX2	0	0	0	0	Background
HGNC:32698	DUOXA2	0	0	0	0	Background
HGNC:26507	DUOXA1	0	0	0	0	Background
HGNC:3062	DUOX1	0	0	0	0	Background
HGNC:25116	SHF	0	0	0	0	Background
HGNC:11002	SLC28A2	0	0	0	0	Background
HGNC:4175	GATM	0	0	0	0	Background
HGNC:28762	AFG2B	0	0	0	0	Background
HGNC:29898	COXFA4L3	0	0	0	0	Background
HGNC:11015	SLC30A4	0	0	0	0	Background
HGNC:8549	BLOC1S6	0	0	0	0	Background
HGNC:20390	SQOR	0	0	0	0	Background
HGNC:16770	SEMA6D	0	0	0	0	Background
HGNC:20611	SLC24A5	0	0	0	0	Background
HGNC:17940	MYEF2	0	0	0	0	Background
HGNC:31109	CTXN2	0	0	0	0	Background
HGNC:10910	SLC12A1	0	0	0	0	Background
HGNC:3078	DUT	1	0	0	0	IEI_only
HGNC:3603	FBN1	0	1	1	0	ASD_only
HGNC:29298	CEP152	0	0	0	0	Background
HGNC:16743	SHC4	0	0	0	0	Background
HGNC:1191	EID1	0	0	0	0	Background
HGNC:28997	SECISBP2L	0	0	0	0	Background
HGNC:30747	COPS2	0	0	0	0	Background
HGNC:4119	GALK2	0	0	0	0	Background
HGNC:26543	FAM227B	0	0	0	0	Background
HGNC:3685	FGF7	0	0	0	0	Background
HGNC:30926	DTWD1	0	0	0	0	Background
HGNC:13536	ATP8B4	0	0	0	0	Background
HGNC:10996	SLC27A2	0	0	0	0	Background
HGNC:4855	HDC	0	0	0	0	Background
HGNC:4074	GABPB1	0	0	0	0	Background
HGNC:12631	USP8	0	0	0	0	Background
HGNC:20079	USP50	0	0	0	0	Background
HGNC:17994	TRPM7	0	0	0	0	Background
HGNC:30227	SPPL2A	1	0	0	0	IEI_only
HGNC:573	AP4E1	0	0	0	0	Background
HGNC:20620	TIPE3	0	0	0	0	Background
HGNC:2594	CYP19A1	0	0	0	0	Background
HGNC:29514	GLDN	0	0	0	0	Background
HGNC:2938	DMXL2	0	1	1	0	ASD_only
HGNC:13707	SCG3	0	0	0	0	Background
HGNC:28571	LYSMD2	0	0	0	0	Background
HGNC:11872	TMOD2	0	0	0	0	Background
HGNC:11873	TMOD3	0	0	0	0	Background
HGNC:30401	LEO1	0	1	1	0	ASD_only
HGNC:6879	MAPK6	0	0	0	0	Background
HGNC:993	BCL2L10	0	0	0	0	Background
HGNC:4401	GNB5	0	0	0	0	Background
HGNC:7604	MYO5C	0	1	1	0	ASD_only
HGNC:7602	MYO5A	0	1	1	0	ASD_only
HGNC:16967	ARPP19	0	0	0	0	Background
HGNC:25609	ATOSA	0	0	0	0	Background
HGNC:8138	ONECUT1	0	0	0	0	Background
HGNC:26790	WDR72	0	0	0	0	Background
HGNC:23149	UNC13C	0	0	0	0	Background
HGNC:18479	RSL24D1	0	0	0	0	Background
HGNC:9766	RAB27A	1	0	0	0	IEI_only
HGNC:8959	PIGB	0	0	0	0	Background
HGNC:24227	CCPG1	0	0	0	0	Background
HGNC:44654	PIERCE2	0	0	0	0	Background
HGNC:21493	DNAAF4	0	0	0	0	Background
HGNC:30256	PYGO1	0	0	0	0	Background
HGNC:26373	PRTG	0	0	0	0	Background
HGNC:7727	NEDD4	0	0	0	0	Background
HGNC:25777	RFX7	0	0	0	0	Background
HGNC:29585	TEX9	0	0	0	0	Background
HGNC:29636	MNS1	0	0	0	0	Background
HGNC:25953	ZNF280D	0	0	0	0	Background
HGNC:11623	TCF12	0	0	0	0	Background
HGNC:25931	CGNL1	0	1	1	0	ASD_only
HGNC:26424	GCOM1	0	0	0	0	Background
HGNC:43444	MYZAP	0	0	0	0	Background
HGNC:14862	POLR2M	0	0	0	0	Background
HGNC:15472	ALDH1A2	0	0	0	0	Background
HGNC:643	AQP9	0	0	0	0	Background
HGNC:6619	LIPC	0	0	0	0	Background
HGNC:188	ADAM10	0	0	0	0	Background
HGNC:26954	MINDY2	0	0	0	0	Background
HGNC:17384	RNF111	0	0	0	0	Background
HGNC:20709	SLTM	0	0	0	0	Background
HGNC:1580	CCNB2	0	0	0	0	Background
HGNC:7599	MYO1E	0	1	1	0	ASD_only
HGNC:21481	LDHAL6B	0	0	0	0	Background
HGNC:28379	FAM81A	0	0	0	0	Background
HGNC:4205	GCNT3	0	0	0	0	Background
HGNC:4647	GTF2A2	0	0	0	0	Background
HGNC:1083	BNIP2	0	0	0	0	Background
HGNC:3799	FOXB1	0	0	0	0	Background
HGNC:537	ANXA2	0	0	0	0	Background
HGNC:29885	ICE2	0	0	0	0	Background
HGNC:10258	RORA	0	0	0	0	Background
HGNC:23594	VPS13C	0	0	0	0	Background
HGNC:33627	C2CD4A	0	0	0	0	Background
HGNC:33628	C2CD4B	0	0	0	0	Background
HGNC:15447	TLN2	0	0	0	0	Background
HGNC:12010	TPM1	0	0	0	0	Background
HGNC:16468	LACTB	0	0	0	0	Background
HGNC:18476	RPS27L	0	0	0	0	Background
HGNC:30273	RAB8B	0	0	0	0	Background
HGNC:24080	APH1B	0	0	0	0	Background
HGNC:1371	CA12	0	0	0	0	Background
HGNC:12626	USP3	0	0	0	0	Background
HGNC:27537	FBXL22	0	0	0	0	Background
HGNC:4867	HERC1	0	1	1	0	ASD_only
HGNC:2675	DAPK2	0	0	0	0	Background
HGNC:26235	CIAO2A	0	0	0	0	Background
HGNC:11172	SNX1	0	0	0	0	Background
HGNC:16315	SNX22	0	0	0	0	Background
HGNC:9255	PPIB	0	0	0	0	Background
HGNC:2454	CSNK1G1	0	0	0	0	Background
HGNC:28961	PCLAF	0	0	0	0	Background
HGNC:12310	TRIP4	0	0	0	0	Background
HGNC:29003	ZNF609	0	0	0	0	Background
HGNC:8096	OAZ2	0	0	0	0	Background
HGNC:19098	RBPMS2	0	0	0	0	Background
HGNC:26220	PIF1	0	0	0	0	Background
HGNC:30026	PLEKHO2	0	0	0	0	Background
HGNC:28002	ANKDD1A	0	0	0	0	Background
HGNC:20373	SPG21	0	0	0	0	Background
HGNC:29666	MTFMT	0	0	0	0	Background
HGNC:29956	SLC51B	0	0	0	0	Background
HGNC:30289	RASL12	0	0	0	0	Background
HGNC:37227	KBTBD13	0	0	0	0	Background
HGNC:40028	UBAP1L	0	0	0	0	Background
HGNC:8767	PDCD7	0	0	0	0	Background
HGNC:2088	CLPX	0	0	0	0	Background
HGNC:1980	CILP	0	0	0	0	Background
HGNC:26040	PARP16	0	0	0	0	Background
HGNC:9700	IGDCC3	0	0	0	0	Background
HGNC:13770	IGDCC4	0	0	0	0	Background
HGNC:16490	DPP8	0	0	0	0	Background
HGNC:24175	HACD3	0	0	0	0	Background
HGNC:25372	INTS14	0	0	0	0	Background
HGNC:10975	SLC24A1	0	0	0	0	Background
HGNC:24321	DENND4A	0	0	0	0	Background
HGNC:9760	RAB11A	0	0	0	0	Background
HGNC:29635	MEGF11	0	1	1	0	ASD_only
HGNC:28698	DIS3L	0	0	0	0	Background
HGNC:30750	TIPIN	0	0	0	0	Background
HGNC:6840	MAP2K1	0	0	0	0	Background
HGNC:15484	SNAPC5	0	0	0	0	Background
HGNC:10353	RPL4	0	0	0	0	Background
HGNC:25468	ZWILCH	0	1	1	0	ASD_only
HGNC:15583	LCTL	0	0	0	0	Background
HGNC:49541	LINC01169	0	0	0	0	Background
HGNC:6772	SMAD6	0	0	0	0	Background
HGNC:6769	SMAD3	1	0	0	0	IEI_only
HGNC:56692	SMAD3-AS1	0	0	0	0	Background
HGNC:25662	AAGAB	0	0	0	0	Background
HGNC:25721	IQCH	0	0	0	0	Background
HGNC:34453	C15orf61	0	0	0	0	Background
HGNC:6845	MAP2K5	0	0	0	0	Background
HGNC:21326	SKOR1	0	0	0	0	Background
HGNC:2752	PIAS1	0	0	0	0	Background
HGNC:18445	CALML4	0	0	0	0	Background
HGNC:2077	CLN6	0	0	0	0	Background
HGNC:3649	FEM1B	0	0	0	0	Background
HGNC:6136	ITGA11	0	0	0	0	Background
HGNC:2256	CORO2B	0	0	0	0	Background
HGNC:13233	ANP32A	0	1	1	0	ASD_only
HGNC:15570	SPESP1	0	0	0	0	Background
HGNC:14874	NOX5	0	0	0	0	Background
HGNC:17855	GLCE	0	0	0	0	Background
HGNC:29645	PAQR5	0	0	0	0	Background
HGNC:6392	KIF23	0	0	0	0	Background
HGNC:10372	RPLP1	0	0	0	0	Background
HGNC:11839	TLE3	0	1	1	0	ASD_only
HGNC:15947	UACA	0	0	0	0	Background
HGNC:24012	LARP6	0	0	0	0	Background
HGNC:25965	LRRC49	0	0	0	0	Background
HGNC:23193	THAP10	0	0	0	0	Background
HGNC:25835	THSD4	0	0	0	0	Background
HGNC:27286	CT62	0	0	0	0	Background
HGNC:7608	MYO9A	0	0	0	0	Background
HGNC:22992	SENP8	0	0	0	0	Background
HGNC:27287	GRAMD2A	0	0	0	0	Background
HGNC:9021	PKM	0	0	0	0	Background
HGNC:26921	PARP6	0	0	0	0	Background
HGNC:14059	CELF6	0	1	1	0	ASD_only
HGNC:4878	HEXA	0	0	0	0	Background
HGNC:33733	TMEM202	0	0	0	0	Background
HGNC:689	ARIH1	0	0	0	0	Background
HGNC:32205	GOLGA6B	0	0	0	0	Background
HGNC:26984	HIGD2B	0	0	0	0	Background
HGNC:969	BBS4	0	1	1	0	ASD_only
HGNC:25250	ADPGK	0	0	0	0	Background
HGNC:7754	NEO1	0	1	1	0	ASD_only
HGNC:16882	HCN4	0	0	0	0	Background
HGNC:25065	REC114	0	0	0	0	Background
HGNC:17867	NPTN	0	0	0	0	Background
HGNC:19137	CD276	0	1	1	0	ASD_only
HGNC:33753	INSYN1	0	0	0	0	Background
HGNC:28536	TBC1D21	0	0	0	0	Background
HGNC:6665	LOXL1	0	0	0	0	Background
HGNC:14560	STOML1	0	0	0	0	Background
HGNC:9113	PML	0	0	0	0	Background
HGNC:13567	GOLGA6A	0	0	0	0	Background
HGNC:29286	ISLR2	0	0	0	0	Background
HGNC:6133	ISLR	0	0	0	0	Background
HGNC:30650	STRA6	0	0	0	0	Background
HGNC:26552	CCDC33	0	0	0	0	Background
HGNC:2590	CYP11A1	0	0	0	0	Background
HGNC:10741	SEMA7A	0	0	0	0	Background
HGNC:28221	UBL7	0	0	0	0	Background
HGNC:14350	ARID3B	0	0	0	0	Background
HGNC:2071	CLK3	0	0	0	0	Background
HGNC:26114	EDC3	0	0	0	0	Background
HGNC:2595	CYP1A1	0	0	0	0	Background
HGNC:2596	CYP1A2	0	0	0	0	Background
HGNC:2444	CSK	0	0	0	0	Background
HGNC:6632	LMAN1L	0	0	0	0	Background
HGNC:27652	CPLX3	0	0	0	0	Background
HGNC:19703	ULK3	0	0	0	0	Background
HGNC:10564	SCAMP2	0	0	0	0	Background
HGNC:7216	MPI	0	0	0	0	Background
HGNC:24695	FAM219B	0	0	0	0	Background
HGNC:2267	COX5A	0	0	0	0	Background
HGNC:30361	RPP25	0	0	0	0	Background
HGNC:30386	SCAMP5	0	0	0	0	Background
HGNC:28107	PPCDC	0	0	0	0	Background
HGNC:24497	PRMT2IP	0	0	0	0	Background
HGNC:32206	GOLGA6C	0	0	0	0	Background
HGNC:32204	GOLGA6D	0	0	0	0	Background
HGNC:26027	COMMD4	0	0	0	0	Background
HGNC:18448	NEIL1	0	0	0	0	Background
HGNC:6827	MAN2C1	0	0	0	0	Background
HGNC:19353	SIN3A	0	1	1	0	ASD_only
HGNC:9661	PTPN9	0	0	0	0	Background
HGNC:14245	SNUPN	0	0	0	0	Background
HGNC:14497	IMP3	0	0	0	0	Background
HGNC:28468	SNX33	0	0	0	0	Background
HGNC:2466	CSPG4	0	0	0	0	Background
HGNC:28735	CIMAP1C	0	0	0	0	Background
HGNC:19248	UBE2Q2	0	0	0	0	Background
HGNC:13593	FBXO22	0	0	0	0	Background
HGNC:29862	NRG4	0	0	0	0	Background
HGNC:26763	TMEM266	0	0	0	0	Background
HGNC:3481	ETFA	0	0	0	0	Background
HGNC:18524	ISL2	0	0	0	0	Background
HGNC:13081	SCAPER	0	0	0	0	Background
HGNC:9935	RCN2	0	0	0	0	Background
HGNC:9580	PSTPIP1	1	0	0	0	IEI_only
HGNC:17752	TSPAN3	0	0	0	0	Background
HGNC:29431	PEAK1	0	0	0	0	Background
HGNC:5001	HMG20A	0	0	0	0	Background
HGNC:21205	LINGO1	0	0	0	0	Background
HGNC:29183	TBC1D2B	0	0	0	0	Background
HGNC:34549	SH2D7	0	0	0	0	Background
HGNC:24579	CIB2	0	1	1	0	ASD_only
HGNC:5384	IDH3A	0	0	0	0	Background
HGNC:29567	ACSBG1	0	0	0	0	Background
HGNC:14885	DNAJA4	0	0	0	0	Background
HGNC:30300	SKIC8	0	0	0	0	Background
HGNC:2338	CRABP1	0	0	0	0	Background
HGNC:6115	IREB2	0	0	0	0	Background
HGNC:34403	HYKK	0	0	0	0	Background
HGNC:9533	PSMA4	0	0	0	0	Background
HGNC:1959	CHRNA5	0	0	0	0	Background
HGNC:1957	CHRNA3	0	0	0	0	Background
HGNC:1964	CHRNB4	0	0	0	0	Background
HGNC:223	ADAMTS7	0	0	0	0	Background
HGNC:16989	MORF4L1	0	0	0	0	Background
HGNC:2535	CTSH	0	0	0	0	Background
HGNC:9875	RASGRF1	0	0	0	0	Background
HGNC:33888	ANKRD34C	0	0	0	0	Background
HGNC:28889	TMED3	0	0	0	0	Background
HGNC:29172	MINAR1	0	0	0	0	Background
HGNC:7437	MTHFS	0	0	0	0	Background
HGNC:44655	ST20-MTHFS	0	0	0	0	Background
HGNC:33520	ST20	0	0	0	0	Background
HGNC:27521	ST20-AS1	0	0	0	0	Background
HGNC:991	BCL2A1	0	0	0	0	Background
HGNC:30164	ZFAND6	0	0	0	0	Background
HGNC:3579	FAH	0	0	0	0	Background
HGNC:56077	ARNT2-DT	0	0	0	0	Background
HGNC:16876	ARNT2	0	1	1	0	ASD_only
HGNC:26925	ABHD17C	0	0	0	0	Background
HGNC:29213	CEMIP	0	0	0	0	Background
HGNC:13520	MESD	0	0	0	0	Background
HGNC:13519	TLNRD1	0	0	0	0	Background
HGNC:26782	CFAP161	0	0	0	0	Background
HGNC:5980	IL16	0	0	0	0	Background
HGNC:18065	STARD5	0	0	0	0	Background
HGNC:22995	TMC3	0	0	0	0	Background
HGNC:25297	MEX3B	0	0	0	0	Background
HGNC:51425	LINC01583	0	0	0	0	Background
HGNC:25789	EFL1	1	0	0	0	IEI_only
HGNC:33727	SAXO2	0	0	0	0	Background
HGNC:37228	GOLGA6L10	0	0	0	0	Background
HGNC:37229	GOLGA6L9	0	0	0	0	Background
HGNC:10397	RPS17	0	0	0	0	Background
HGNC:21744	CPEB1	0	0	0	0	Background
HGNC:567	AP3B2	0	0	0	0	Background
HGNC:18024	FSD2	0	0	0	0	Background
HGNC:30493	WHAMM	0	0	0	0	Background
HGNC:17513	HOMER2	0	0	0	0	Background
HGNC:31022	RAMAC	0	0	0	0	Background
HGNC:28443	C15orf40	0	0	0	0	Background
HGNC:1120	BTBD1	0	0	0	0	Background
HGNC:11860	TM6SF1	0	0	0	0	Background
HGNC:24937	HDGFL3	0	0	0	0	Background
HGNC:1081	BNC1	0	0	0	0	Background
HGNC:10832	SH3GL3	0	0	0	0	Background
HGNC:14633	ADAMTSL3	0	0	0	0	Background
HGNC:44656	UBE2Q2P16	0	0	0	0	Background
HGNC:27256	GOLGA6L4	0	0	0	0	Background
HGNC:20994	ZSCAN2	0	0	0	0	Background
HGNC:25928	WDR73	0	0	0	0	Background
HGNC:7842	NMB	0	0	0	0	Background
HGNC:17718	SEC11A	0	0	0	0	Background
HGNC:28986	ZNF592	0	0	0	0	Background
HGNC:17574	ALPK3	0	0	0	0	Background
HGNC:11001	SLC28A1	0	0	0	0	Background
HGNC:8793	PDE8A	0	0	0	0	Background
HGNC:371	AKAP13	0	0	0	0	Background
HGNC:25732	KLHL25	0	0	0	0	Background
HGNC:26504	AGBL1	0	0	0	0	Background
HGNC:8033	NTRK3	0	1	1	0	ASD_only
HGNC:1192	MRPL46	0	0	0	0	Background
HGNC:14050	MRPS11	0	0	0	0	Background
HGNC:25477	DET1	0	0	0	0	Background
HGNC:25722	AEN	0	0	0	0	Background
HGNC:6130	ISG20	0	0	0	0	Background
HGNC:319	ACAN	0	0	0	0	Background
HGNC:21446	HAPLN3	0	0	0	0	Background
HGNC:7036	MFGE8	0	0	0	0	Background
HGNC:18717	ABHD2	0	0	0	0	Background
HGNC:10024	RLBP1	0	0	0	0	Background
HGNC:25568	FANCI	1	0	0	0	IEI_only
HGNC:9179	POLG	0	0	0	0	Background
HGNC:18140	RHCG	0	0	0	0	Background
HGNC:28704	TICRR	0	0	0	0	Background
HGNC:30497	KIF7	0	0	0	0	Background
HGNC:9076	PLIN1	0	0	0	0	Background
HGNC:8852	PEX11A	0	0	0	0	Background
HGNC:26924	WDR93	0	0	0	0	Background
HGNC:29658	MESP1	0	0	0	0	Background
HGNC:29659	MESP2	0	0	0	0	Background
HGNC:500	ANPEP	0	0	0	0	Background
HGNC:571	AP3S2	0	0	0	0	Background
HGNC:38824	ARPIN-AP3S2	0	0	0	0	Background
HGNC:28782	ARPIN	0	0	0	0	Background
HGNC:25352	ZNF710	0	0	0	0	Background
HGNC:5383	IDH2	0	0	0	0	Background
HGNC:10730	SEMA4B	0	0	0	0	Background
HGNC:16920	CIB1	1	0	0	0	IEI_only
HGNC:34360	GDPGP1	0	0	0	0	Background
HGNC:32484	TTLL13	0	0	0	0	Background
HGNC:18077	NGRN	0	0	0	0	Background
HGNC:4069	GABARAPL3	0	0	0	0	Background
HGNC:33108	ZNF774	0	1	1	0	ASD_only
HGNC:6110	IQGAP1	0	0	0	0	Background
HGNC:26148	CRTC3	0	0	0	0	Background
HGNC:1058	BLM	1	0	0	0	IEI_only
HGNC:8568	FURIN	0	0	0	0	Background
HGNC:3657	FES	0	0	0	0	Background
HGNC:6825	MAN2A2	0	0	0	0	Background
HGNC:30594	UNC45A	0	0	0	0	Background
HGNC:30522	HDDC3	0	0	0	0	Background
HGNC:30457	RCCD1	0	0	0	0	Background
HGNC:9341	PRC1	0	0	0	0	Background
HGNC:12712	VPS33B	0	0	0	0	Background
HGNC:16874	SV2B	0	0	0	0	Background
HGNC:10952	SLCO3A1	0	0	0	0	Background
HGNC:10870	ST8SIA2	0	1	1	0	ASD_only
HGNC:26549	C15orf32	0	0	0	0	Background
HGNC:34339	FAM174B	0	0	0	0	Background
HGNC:1917	CHD2	0	1	1	0	ASD_only
HGNC:30308	RGMA	0	0	0	0	Background
HGNC:25636	MCTP2	0	0	0	0	Background
HGNC:7976	NR2F2	0	0	0	0	Background
HGNC:28676	SPATA8	0	0	0	0	Background
HGNC:28088	LINC00923	0	0	0	0	Background
HGNC:28087	ARRDC4	0	0	0	0	Background
HGNC:5465	IGF1R	0	0	0	0	Background
HGNC:27080	PGPEP1L	0	0	0	0	Background
HGNC:24466	SYNM	0	0	0	0	Background
HGNC:25730	TTC23	0	0	0	0	Background
HGNC:28355	LRRC28	0	0	0	0	Background
HGNC:6993	MEF2A	0	0	0	0	Background
HGNC:26571	LYSMD4	0	0	0	0	Background
HGNC:17109	ADAMTS17	0	0	0	0	Background
HGNC:23752	CERS3	0	0	0	0	Background
HGNC:30922	LINS1	0	0	0	0	Background
HGNC:17182	ASB7	0	0	0	0	Background
HGNC:409	ALDH1A3	0	0	0	0	Background
HGNC:18608	LRRK1	0	0	0	0	Background
HGNC:17198	CHSY1	0	0	0	0	Background
HGNC:30396	SELENOS	0	0	0	0	Background
HGNC:11152	SNRPA1	0	0	0	0	Background
HGNC:8569	PCSK6	0	0	0	0	Background
HGNC:24128	TM2D3	0	0	0	0	Background
HGNC:24728	TARS3	0	0	0	0	Background
HGNC:56078	UBE2Q2P13	0	0	0	0	Background
HGNC:15372	OR4F6	0	0	0	0	Background
HGNC:15078	OR4F15	0	0	0	0	Background
HGNC:8301	OR4F4	0	0	0	0	Background
HGNC:14126	WASH4P	0	0	0	0	Background
HGNC:14121	POLR3K	0	0	0	0	Background
HGNC:14161	SNRNP25	0	0	0	0	Background
HGNC:20561	RHBDF1	0	0	0	0	Background
HGNC:7211	MPG	0	0	0	0	Background
HGNC:14124	NPRL3	0	0	0	0	Background
HGNC:4835	HBZ	0	0	0	0	Background
HGNC:4826	HBM	0	0	0	0	Background
HGNC:4824	HBA2	0	0	0	0	Background
HGNC:4823	HBA1	0	0	0	0	Background
HGNC:4833	HBQ1	0	0	0	0	Background
HGNC:6723	LUC7L	0	0	0	0	Background
HGNC:14163	FAM234A	0	0	0	0	Background
HGNC:9993	RGS11	0	0	0	0	Background
HGNC:680	ARHGDIG	0	0	0	0	Background
HGNC:14180	PDIA2	0	0	0	0	Background
HGNC:903	AXIN1	0	0	0	0	Background
HGNC:14484	MRPL28	0	0	0	0	Background
HGNC:17205	PGAP6	0	0	0	0	Background
HGNC:7852	NME4	0	0	0	0	Background
HGNC:2754	DECR2	0	0	0	0	Background
HGNC:17224	RAB11FIP3	0	0	0	0	Background
HGNC:11182	CAPN15	0	0	0	0	Background
HGNC:14139	PRR35	0	0	0	0	Background
HGNC:14135	PIGQ	0	0	0	0	Background
HGNC:26700	NHLRC4	0	0	0	0	Background
HGNC:18285	RAB40C	0	0	0	0	Background
HGNC:30912	WFIKKN1	0	0	0	0	Background
HGNC:14141	METTL26	0	1	1	0	ASD_only
HGNC:14142	MCRIP2	0	0	0	0	Background
HGNC:26960	WDR90	0	0	0	0	Background
HGNC:21169	RHOT2	0	0	0	0	Background
HGNC:10007	RHBDL1	0	0	0	0	Background
HGNC:11427	STUB1	0	0	0	0	Background
HGNC:14148	JMJD8	0	0	0	0	Background
HGNC:20852	WDR24	0	0	0	0	Background
HGNC:14150	FBXL16	0	0	0	0	Background
HGNC:14151	METRN	0	0	0	0	Background
HGNC:14152	ANTKMT	0	0	0	0	Background
HGNC:14153	CCDC78	0	0	0	0	Background
HGNC:14177	HAGHL	0	0	0	0	Background
HGNC:14179	CIAO3	0	0	0	0	Background
HGNC:7371	MSLN	0	0	0	0	Background
HGNC:14170	MSLNL	0	0	0	0	Background
HGNC:14173	RPUSD1	0	0	0	0	Background
HGNC:18435	CHTF18	0	0	0	0	Background
HGNC:14131	GNG13	0	0	0	0	Background
HGNC:37230	PRR25	0	0	0	0	Background
HGNC:14154	LMF1	0	0	0	0	Background
HGNC:11203	SOX8	0	0	0	0	Background
HGNC:11334	SSTR5	0	0	0	0	Background
HGNC:31374	C1QTNF8	0	0	0	0	Background
HGNC:1395	CACNA1H	0	1	1	0	ASD_only
HGNC:14134	TPSG1	0	0	0	0	Background
HGNC:12019	TPSAB1	0	0	0	0	Background
HGNC:14118	TPSD1	0	0	0	0	Background
HGNC:12485	UBE2I	0	0	0	0	Background
HGNC:948	BAIAP3	0	0	0	0	Background
HGNC:14175	TSR3	0	0	0	0	Background
HGNC:23026	GNPTG	0	0	0	0	Background
HGNC:14184	UNKL	0	0	0	0	Background
HGNC:27558	UQCC4	0	0	0	0	Background
HGNC:34454	CCDC154	0	0	0	0	Background
HGNC:2025	CLCN7	1	0	0	0	IEI_only
HGNC:14171	PTX4	0	0	0	0	Background
HGNC:29099	TELO2	0	0	0	0	Background
HGNC:29077	IFT140	0	0	0	0	Background
HGNC:14158	TMEM204	0	0	0	0	Background
HGNC:14122	CRAMP1	0	0	0	0	Background
HGNC:14137	JPT2	0	0	0	0	Background
HGNC:6884	MAPK8IP3	0	0	1	0	Background
HGNC:7851	NME3	0	0	0	0	Background
HGNC:16618	MRPS34	0	0	0	0	Background
HGNC:27289	EME2	0	0	0	0	Background
HGNC:30629	SPSB3	0	0	0	0	Background
HGNC:8042	NUBP2	0	0	0	0	Background
HGNC:5468	IGFALS	0	0	0	0	Background
HGNC:4805	HAGH	0	0	0	0	Background
HGNC:14169	FAHD1	0	0	0	0	Background
HGNC:28569	MEIOB	0	0	0	0	Background
HGNC:14178	HS3ST6	0	0	0	0	Background
HGNC:14133	MSRB1	0	0	0	0	Background
HGNC:10351	RPL3L	0	0	0	0	Background
HGNC:7696	NDUFB10	0	0	0	0	Background
HGNC:10404	RPS2	0	0	0	0	Background
HGNC:23235	RNF151	0	0	0	0	Background
HGNC:11587	TBL3	0	0	0	0	Background
HGNC:19404	NOXO1	0	0	0	0	Background
HGNC:4236	GFER	0	0	0	0	Background
HGNC:11501	SYNGR3	0	0	0	0	Background
HGNC:28079	ZNF598	0	0	0	0	Background
HGNC:30509	NPW	0	0	0	0	Background
HGNC:11076	NHERF2	0	0	0	0	Background
HGNC:8028	NTHL1	0	0	0	0	Background
HGNC:12363	TSC2	0	1	1	0	ASD_only
HGNC:9008	PKD1	0	0	0	0	Background
HGNC:14259	RAB26	0	0	0	0	Background
HGNC:20456	TRAF7	0	1	1	0	ASD_only
HGNC:20879	CASKIN1	0	1	1	0	ASD_only
HGNC:24825	MLST8	0	0	0	0	Background
HGNC:28309	BRICD5	0	0	0	0	Background
HGNC:8909	PGP	0	0	0	0	Background
HGNC:3121	E4F1	0	0	0	0	Background
HGNC:2958	DNASE1L2	0	0	0	0	Background
HGNC:2703	ECI1	0	0	0	0	Background
HGNC:10080	RNPS1	0	0	0	0	Background
HGNC:33	ABCA3	0	0	0	0	Background
HGNC:1591	CCNF	0	0	0	0	Background
HGNC:25849	TEDC2	0	0	0	0	Background
HGNC:8030	NTN3	0	0	0	0	Background
HGNC:29203	TBC1D24	0	0	0	0	Background
HGNC:855	ATP6V0C	0	0	0	0	Background
HGNC:24262	AMDHD2	0	0	0	0	Background
HGNC:32553	CEMP1	0	0	0	0	Background
HGNC:8816	PDPK1	0	0	0	0	Background
HGNC:21423	KCTD5	0	0	0	0	Background
HGNC:15475	PRSS27	0	0	0	0	Background
HGNC:16639	SRRM2	0	1	1	0	ASD_only
HGNC:11619	ELOB	0	0	0	0	Background
HGNC:30405	PRSS33	0	0	0	0	Background
HGNC:9485	PRSS21	0	0	0	0	Background
HGNC:30456	ZG16B	0	0	0	0	Background
HGNC:14368	PRSS22	0	0	0	0	Background
HGNC:25178	FLYWCH2	0	0	0	0	Background
HGNC:25404	FLYWCH1	0	0	0	0	Background
HGNC:18797	KREMEN2	0	0	0	0	Background
HGNC:29650	PKMYT1	0	0	0	0	Background
HGNC:26386	PAQR4	0	0	0	0	Background
HGNC:2051	CLDN9	0	0	0	0	Background
HGNC:2048	CLDN6	0	0	0	0	Background
HGNC:18152	TNFRSF12A	0	0	0	0	Background
HGNC:21198	HCFC1R1	0	0	0	0	Background
HGNC:28369	THOC6	0	0	0	0	Background
HGNC:33584	BICDL2	0	0	0	0	Background
HGNC:14246	MMP25	0	0	0	0	Background
HGNC:16830	IL32	0	0	0	0	Background
HGNC:12997	ZSCAN10	0	0	0	0	Background
HGNC:12996	ZNF205	0	0	0	0	Background
HGNC:13005	ZNF213	0	0	0	0	Background
HGNC:27290	CASP16P	0	0	0	0	Background
HGNC:8194	OR1F1	0	0	0	0	Background
HGNC:12993	ZNF200	0	0	0	0	Background
HGNC:6998	MEFV	1	0	0	0	IEI_only
HGNC:13056	ZNF263	0	0	0	0	Background
HGNC:18331	TIGD7	0	0	0	0	Background
HGNC:13146	ZNF75A	0	0	0	0	Background
HGNC:8242	OR2C1	0	0	0	0	Background
HGNC:37161	MTRNR2L4	0	0	0	0	Background
HGNC:20812	ZSCAN32	0	0	0	0	Background
HGNC:12963	ZNF174	0	0	0	0	Background
HGNC:26573	ZNF597	0	0	0	0	Background
HGNC:25875	NAA60	0	0	0	0	Background
HGNC:34455	C16orf90	0	0	0	0	Background
HGNC:19009	IFT38	0	0	0	0	Background
HGNC:23845	SLX4	1	0	0	0	IEI_only
HGNC:2956	DNASE1	0	0	0	0	Background
HGNC:16264	TRAP1	0	0	0	0	Background
HGNC:2348	CREBBP	0	1	1	0	ASD_only
HGNC:240	ADCY9	0	0	0	0	Background
HGNC:11295	SRL	0	0	0	0	Background
HGNC:11745	TFAP4	0	0	0	0	Background
HGNC:29450	GLIS2	0	0	0	0	Background
HGNC:29679	PAM16	0	0	0	0	Background
HGNC:44424	CORO7-PAM16	0	0	0	0	Background
HGNC:26161	CORO7	0	0	0	0	Background
HGNC:18517	VASN	0	0	0	0	Background
HGNC:11808	DNAJA3	0	0	0	0	Background
HGNC:24987	NMRAL1	0	0	0	0	Background
HGNC:5014	HMOX2	0	0	0	0	Background
HGNC:13234	CDIP1	0	0	0	0	Background
HGNC:40031	C16orf96	0	0	0	0	Background
HGNC:29576	UBALD1	0	0	0	0	Background
HGNC:20254	MGRN1	0	0	0	0	Background
HGNC:28154	NUDT16L1	0	0	0	0	Background
HGNC:29422	ANKS3	0	0	0	0	Background
HGNC:25081	DNAAF8	0	0	0	0	Background
HGNC:23716	ZNF500	0	0	0	0	Background
HGNC:26348	SEPTIN12	0	0	0	0	Background
HGNC:48329	SMIM22	0	0	0	0	Background
HGNC:29478	ROGDI	0	0	0	0	Background
HGNC:24434	GLYR1	0	0	0	0	Background
HGNC:12506	UBN1	0	0	0	0	Background
HGNC:9273	PPL	0	0	0	0	Background
HGNC:29032	SEC14L5	0	0	0	0	Background
HGNC:17378	NAGPA	0	0	0	0	Background
HGNC:18294	ALG1	0	0	0	0	Background
HGNC:28687	C16orf89	0	0	0	0	Background
HGNC:32221	EEF2KMT	0	0	0	0	Background
HGNC:18222	RBFOX1	0	1	1	0	ASD_only
HGNC:33227	TMEM114	0	0	0	0	Background
HGNC:28368	METTL22	0	0	0	0	Background
HGNC:23	ABAT	0	1	1	0	ASD_only
HGNC:24530	TMEM186	0	0	0	0	Background
HGNC:9115	PMM2	0	0	0	0	Background
HGNC:17150	CARHSP1	0	0	0	0	Background
HGNC:12630	USP7	0	1	1	0	ASD_only
HGNC:30103	HAPSTR1	0	0	0	0	Background
HGNC:4585	GRIN2A	0	1	1	0	ASD_only
HGNC:20397	ATF7IP2	0	0	0	0	Background
HGNC:3334	EMP2	0	0	0	0	Background
HGNC:26554	TEKT5	0	0	0	0	Background
HGNC:8041	NUBP1	0	0	0	0	Background
HGNC:20398	TVP23A	0	0	0	0	Background
HGNC:7067	CIITA	1	0	0	0	IEI_only
HGNC:13267	DEXI	0	0	0	0	Background
HGNC:29013	CLEC16A	0	0	0	0	Background
HGNC:28349	RMI2	0	0	0	0	Background
HGNC:19383	SOCS1	1	0	0	0	IEI_only
HGNC:11952	TNP2	0	0	0	0	Background
HGNC:13732	PRM3	0	0	0	0	Background
HGNC:9448	PRM2	0	0	0	0	Background
HGNC:9447	PRM1	0	0	0	0	Background
HGNC:53879	APOLTP	0	0	0	0	Background
HGNC:16841	LITAF	0	0	0	0	Background
HGNC:11149	SNN	0	0	0	0	Background
HGNC:28030	TXNDC11	0	0	0	0	Background
HGNC:30959	ZC3H7A	0	0	0	0	Background
HGNC:24534	RSL1D1	0	0	0	0	Background
HGNC:4621	GSPT1	0	0	0	0	Background
HGNC:37451	NPIPB2	0	0	0	0	Background
HGNC:11913	TNFRSF17	0	0	0	0	Background
HGNC:30542	SNX29	0	0	0	0	Background
HGNC:25632	CPPED1	0	0	0	0	Background
HGNC:37231	SHISA9	0	0	0	0	Background
HGNC:3436	ERCC4	1	0	0	0	IEI_only
HGNC:29819	MRTFB	0	1	1	0	ASD_only
HGNC:8609	PARN	1	0	0	0	IEI_only
HGNC:17613	BFAR	0	0	0	0	Background
HGNC:9029	PLA2G10	0	0	0	0	Background
HGNC:41978	NPIPA3	0	0	0	0	Background
HGNC:41979	NPIPA2	0	0	0	0	Background
HGNC:30060	NOMO1	0	0	0	0	Background
HGNC:7909	NPIPA1	0	0	0	0	Background
HGNC:28995	PDXDC1	0	0	0	0	Background
HGNC:29909	NTAN1	0	0	0	0	Background
HGNC:30346	RRN3	0	0	0	0	Background
HGNC:41980	NPIPA5	0	0	0	0	Background
HGNC:26827	MPV17L	0	0	0	0	Background
HGNC:19213	BMERB1	0	0	0	0	Background
HGNC:29562	MARF1	0	0	0	0	Background
HGNC:17619	NDE1	0	0	0	0	Background
HGNC:7569	MYH11	0	0	0	0	Background
HGNC:26435	CEP20	0	0	0	0	Background
HGNC:51	ABCC1	0	0	0	0	Background
HGNC:57	ABCC6	0	0	0	0	Background
HGNC:25242	NOMO3	0	0	0	0	Background
HGNC:27893	NPIPA6	0	0	0	0	Background
HGNC:41982	NPIPA7	0	0	0	0	Background
HGNC:15516	XYLT1	0	0	0	0	Background
HGNC:41983	NPIPA8	0	0	0	0	Background
HGNC:41984	NPIPA9	0	0	0	0	Background
HGNC:22652	NOMO2	0	0	0	0	Background
HGNC:10389	RPS15A	0	0	0	0	Background
HGNC:697	ARL6IP1	0	0	0	0	Background
HGNC:30045	SMG1	0	0	0	0	Background
HGNC:23000	TMC7	0	0	0	0	Background
HGNC:2244	COQ7	0	0	0	0	Background
HGNC:27257	ITPRIPL2	0	0	0	0	Background
HGNC:24119	SYT17	0	1	1	0	ASD_only
HGNC:34522	CLEC19A	0	0	0	0	Background
HGNC:22999	TMC5	0	0	0	0	Background
HGNC:29644	GDE1	0	0	0	0	Background
HGNC:24342	CCP110	0	0	0	0	Background
HGNC:24641	VPS35L	0	0	0	0	Background
HGNC:34404	KNOP1	0	0	0	0	Background
HGNC:28556	IQCK	0	0	0	0	Background
HGNC:13308	GPRC5B	0	0	0	0	Background
HGNC:19995	GPR139	0	0	0	0	Background
HGNC:4441	GP2	0	0	0	0	Background
HGNC:12559	UMOD	0	0	0	0	Background
HGNC:27338	PDILT	0	0	0	0	Background
HGNC:26060	ACSM5	0	0	0	0	Background
HGNC:32017	ACSM2A	0	0	0	0	Background
HGNC:30931	ACSM2B	0	0	0	0	Background
HGNC:10522	ACSM3	0	0	0	0	Background
HGNC:18049	ACSM1	0	0	0	0	Background
HGNC:23807	THUMPD1	0	0	0	0	Background
HGNC:30541	ERI2	0	0	0	0	Background
HGNC:24661	REXO5	0	0	0	0	Background
HGNC:28734	DCUN1D3	0	0	0	0	Background
HGNC:25074	LYRM1	0	0	0	0	Background
HGNC:2949	DNAH3	0	1	1	0	ASD_only
HGNC:30136	LDAF1	0	0	0	0	Background
HGNC:13188	ZP2	0	0	0	0	Background
HGNC:26795	ANKS4B	0	0	0	0	Background
HGNC:2418	CRYM	0	0	0	0	Background
HGNC:28989	NPIPB3	0	0	0	0	Background
HGNC:24586	METTL9	0	0	0	0	Background
HGNC:5953	IGSF6	0	0	0	0	Background
HGNC:16378	OTOA	0	0	0	0	Background
HGNC:41985	NPIPB4	0	0	0	0	Background
HGNC:12586	UQCRC2	0	0	0	0	Background
HGNC:28740	PDZD9	0	0	0	0	Background
HGNC:27087	MOSMO	0	0	0	0	Background
HGNC:27088	VWA3A	0	0	0	0	Background
HGNC:35414	SDR42E2	0	0	0	0	Background
HGNC:24615	EEF2K	0	0	0	0	Background
HGNC:30347	POLR3E	0	0	0	0	Background
HGNC:1799	CDR2	0	0	0	0	Background
HGNC:37233	NPIPB5	0	0	0	0	Background
HGNC:5195	HS3ST2	0	0	0	0	Background
HGNC:20060	USP31	0	0	0	0	Background
HGNC:10602	SCNN1G	0	0	0	0	Background
HGNC:10600	SCNN1B	0	0	0	0	Background
HGNC:18622	COG7	0	0	0	0	Background
HGNC:16064	GGA2	0	0	0	0	Background
HGNC:29419	EARS2	0	0	0	0	Background
HGNC:30565	UBFD1	0	0	0	0	Background
HGNC:7694	NDUFAB1	0	0	0	0	Background
HGNC:26144	PALB2	1	0	0	0	IEI_only
HGNC:24594	DCTN5	0	0	0	0	Background
HGNC:9077	PLK1	0	0	0	0	Background
HGNC:16942	ERN2	0	0	0	0	Background
HGNC:24927	CHP2	0	0	0	0	Background
HGNC:9395	PRKCB	0	1	1	0	ASD_only
HGNC:1407	CACNG3	0	0	0	0	Background
HGNC:9889	RBBP6	0	0	0	0	Background
HGNC:11969	TNRC6A	0	0	0	0	Background
HGNC:23091	SLC5A11	0	0	0	0	Background
HGNC:18239	ARHGAP17	0	0	0	0	Background
HGNC:17557	LCMT1	0	0	0	0	Background
HGNC:642	AQP8	0	0	0	0	Background
HGNC:25677	ZKSCAN2	0	0	0	0	Background
HGNC:5200	HS3ST4	0	0	0	0	Background
HGNC:25840	KDM8	0	0	0	0	Background
HGNC:29897	NSMCE1	0	0	0	0	Background
HGNC:51368	NSMCE1-DT	0	0	0	0	Background
HGNC:6015	IL4R	0	0	0	0	Background
HGNC:6006	IL21R	1	0	0	0	IEI_only
HGNC:4664	GTF3C1	0	0	0	0	Background
HGNC:29068	KATNIP	0	0	0	0	Background
HGNC:28283	GSG1L	0	0	0	0	Background
HGNC:19733	XPO6	0	0	0	0	Background
HGNC:17699	SBK1	0	0	0	0	Background
HGNC:37454	NPIPB6	0	0	0	0	Background
HGNC:26347	EIF3CL	0	0	0	0	Background
HGNC:33832	NPIPB7	0	0	0	0	Background
HGNC:2074	CLN3	0	0	0	0	Background
HGNC:24087	APOBR	0	0	0	0	Background
HGNC:19157	IL27	0	0	0	0	Background
HGNC:29990	NUPR1	0	0	0	0	Background
HGNC:25156	SGF29	0	0	0	0	Background
HGNC:11454	SULT1A2	0	0	0	0	Background
HGNC:11453	SULT1A1	0	0	0	0	Background
HGNC:37490	NPIPB8	0	0	0	0	Background
HGNC:3279	EIF3C	0	0	0	0	Background
HGNC:41987	NPIPB9	0	0	0	0	Background
HGNC:31326	ATXN2L	0	0	0	0	Background
HGNC:12420	TUFM	0	0	0	0	Background
HGNC:30417	SH2B1	0	0	0	0	Background
HGNC:811	ATP2A1	0	0	0	0	Background
HGNC:24817	RABEP2	0	0	0	0	Background
HGNC:1633	CD19	1	0	0	0	IEI_only
HGNC:25906	NFATC2IP	0	0	0	0	Background
HGNC:30621	SPNS1	0	0	0	0	Background
HGNC:18874	LAT	1	0	0	0	IEI_only
HGNC:37455	NPIPB10P	0	0	0	0	Background
HGNC:37453	NPIPB11	0	0	0	0	Background
HGNC:53563	BOLA2-SMG1P6	0	0	0	0	Background
HGNC:29488	BOLA2	0	0	0	0	Background
HGNC:28748	SLX1B	0	0	0	0	Background
HGNC:30004	SULT1A4	0	0	0	0	Background
HGNC:59184	SGF29P1	0	0	0	0	Background
HGNC:37491	NPIPB12	0	0	0	0	Background
HGNC:11249	SPN	0	0	0	0	Background
HGNC:9755	QPRT	0	0	0	0	Background
HGNC:26649	C16orf54	0	0	0	0	Background
HGNC:30961	ZG16	0	0	0	0	Background
HGNC:6391	KIF22	0	0	0	0	Background
HGNC:6914	MAZ	0	0	0	0	Background
HGNC:30500	PRRT2	0	0	0	0	Background
HGNC:7531	MVP	0	0	0	0	Background
HGNC:1769	CDIPT	0	0	0	0	Background
HGNC:30844	SEZ6L2	0	1	1	0	ASD_only
HGNC:27380	ASPHD1	0	0	0	0	Background
HGNC:22234	KCTD13	0	1	1	0	ASD_only
HGNC:25201	TMEM219	0	0	0	0	Background
HGNC:16835	TAOK2	0	1	1	0	ASD_only
HGNC:4917	HIRIP3	0	0	0	0	Background
HGNC:26905	INO80E	0	0	0	0	Background
HGNC:2985	DOC2A	0	0	0	0	Background
HGNC:26346	FIMP1	0	0	0	0	Background
HGNC:25295	TLCD3B	0	0	0	0	Background
HGNC:414	ALDOA	0	0	0	0	Background
HGNC:9319	PPP4C	0	0	0	0	Background
HGNC:11605	TBX6	0	0	0	0	Background
HGNC:18327	YPEL3	0	0	0	0	Background
HGNC:28638	GDPD3	0	0	0	0	Background
HGNC:6877	MAPK3	0	1	1	0	ASD_only
HGNC:2252	CORO1A	1	1	1	1	Overlap_raw
HGNC:32479	BOLA2B	0	0	0	0	Background
HGNC:20922	SLX1A	0	0	0	0	Background
HGNC:11455	SULT1A3	0	0	0	0	Background
HGNC:59185	SGF29P2	0	0	0	0	Background
HGNC:41989	NPIPB13	0	0	0	0	Background
HGNC:1656	CD2BP2	0	0	0	0	Background
HGNC:24510	TBC1D10B	0	0	0	0	Background
HGNC:29824	MYL11	0	0	0	0	Background
HGNC:13114	ZNF48	0	0	0	0	Background
HGNC:2879	SEPTIN1	0	0	0	0	Background
HGNC:29653	ZNF771	0	0	0	0	Background
HGNC:28777	DCTPP1	0	0	0	0	Background
HGNC:19686	SEPHS2	0	0	0	0	Background
HGNC:6148	ITGAL	0	0	0	0	Background
HGNC:26273	ZNF768	0	0	0	0	Background
HGNC:28350	ZNF747	0	0	0	0	Background
HGNC:28200	ZNF764	0	0	0	0	Background
HGNC:30489	ZNF688	0	0	0	0	Background
HGNC:26496	ZNF785	0	0	0	0	Background
HGNC:25173	ZNF689	0	0	0	0	Background
HGNC:28458	PRR14	0	0	0	0	Background
HGNC:20442	FBRS	0	0	0	0	Background
HGNC:16974	SRCAP	0	1	1	0	ASD_only
HGNC:8931	PHKG2	0	0	0	0	Background
HGNC:28078	CFAP119	0	0	0	0	Background
HGNC:16867	RNF40	0	0	0	0	Background
HGNC:29008	ZNF629	0	0	0	0	Background
HGNC:1006	BCL7C	0	0	0	0	Background
HGNC:2499	CTF1	0	0	0	0	Background
HGNC:25300	FBXL19	0	0	0	0	Background
HGNC:28185	ORAI3	0	0	0	0	Background
HGNC:29010	SETD1A	0	1	1	0	ASD_only
HGNC:18324	HSD3B7	0	0	0	0	Background
HGNC:18539	STX1B	0	0	0	0	Background
HGNC:11439	STX4	0	0	0	0	Background
HGNC:25821	ZNF668	0	0	0	0	Background
HGNC:29004	ZNF646	0	0	0	0	Background
HGNC:34407	PRSS53	0	0	0	0	Background
HGNC:23663	VKORC1	0	0	0	0	Background
HGNC:16902	BCKDK	0	1	1	0	ASD_only
HGNC:17933	KAT8	0	0	0	0	Background
HGNC:9491	PRSS8	0	0	0	0	Background
HGNC:26906	PRSS36	0	0	0	0	Background
HGNC:4010	FUS	0	0	0	0	Background
HGNC:16608	PYCARD	0	0	0	0	Background
HGNC:45036	PYCARD-AS1	0	0	0	0	Background
HGNC:32671	TRIM72	0	0	0	0	Background
HGNC:30261	PYDC1	0	0	0	0	Background
HGNC:6149	ITGAM	0	0	0	0	Background
HGNC:6152	ITGAX	0	0	0	0	Background
HGNC:6146	ITGAD	0	0	0	0	Background
HGNC:2279	COX6A2	0	0	0	0	Background
HGNC:28710	ZNF843	0	0	0	0	Background
HGNC:25781	ARMC5	0	0	0	0	Background
HGNC:11767	TGFB1I1	0	0	0	0	Background
HGNC:11037	SLC5A2	0	0	0	0	Background
HGNC:25848	RUSF1	0	0	0	0	Background
HGNC:18075	AHSP	0	0	0	0	Background
HGNC:26987	KRABD5	0	0	0	0	Background
HGNC:13060	ZNF267	0	0	0	0	Background
HGNC:44657	TP53TG3D	0	0	0	0	Background
HGNC:30759	TP53TG3	0	0	0	0	Background
HGNC:42962	TP53TG3C	0	0	0	0	Background
HGNC:37202	TP53TG3B	0	0	0	0	Background
HGNC:55105	IGHV3OR16-17	0	0	0	0	Background
HGNC:29547	SHCBP1	0	0	0	0	Background
HGNC:13487	VPS35	0	0	0	0	Background
HGNC:17151	ORC6	0	0	0	0	Background
HGNC:29826	MYLK3	0	0	0	0	Background
HGNC:33754	HDIP1	0	0	0	0	Background
HGNC:18062	GPT2	0	0	0	0	Background
HGNC:14884	DNAJA2	0	0	0	0	Background
HGNC:14644	NETO2	0	0	0	0	Background
HGNC:30697	ITFG1	0	0	0	0	Background
HGNC:8927	PHKB	0	0	0	0	Background
HGNC:14640	ABCC12	0	0	0	0	Background
HGNC:14639	ABCC11	0	0	0	0	Background
HGNC:20598	LONP2	0	0	0	0	Background
HGNC:10857	SIAH1	0	0	0	0	Background
HGNC:29850	N4BP1	0	0	0	0	Background
HGNC:1543	CBLN1	0	0	0	0	Background
HGNC:28479	C16orf78	0	0	0	0	Background
HGNC:16762	ZNF423	0	0	0	0	Background
HGNC:26759	CNEP1R1	0	0	0	0	Background
HGNC:26087	HEATR3	0	0	0	0	Background
HGNC:30758	TENT4B	0	0	0	0	Background
HGNC:238	ADCY7	0	0	0	0	Background
HGNC:14310	BRD7	0	0	0	0	Background
HGNC:17045	NKD1	0	0	0	0	Background
HGNC:30390	SNX20	0	0	0	0	Background
HGNC:5331	NOD2	1	0	0	0	IEI_only
HGNC:2584	CYLD	0	0	0	0	Background
HGNC:10524	SALL1	0	0	0	0	Background
HGNC:44658	LINC02911	0	0	0	0	Background
HGNC:11972	TOX3	0	0	0	0	Background
HGNC:25701	CHD9	0	0	0	0	Background
HGNC:9894	RBL2	0	0	0	0	Background
HGNC:16710	AKTIP	0	0	0	0	Background
HGNC:29168	RPGRIP1L	0	0	0	0	Background
HGNC:24678	FTO	0	0	0	0	Background
HGNC:53031	LINC02169	0	0	0	0	Background
HGNC:14360	IRX3	0	0	0	0	Background
HGNC:14361	IRX5	0	0	0	0	Background
HGNC:14675	IRX6	0	0	0	0	Background
HGNC:7166	MMP2	0	0	0	0	Background
HGNC:26032	LPCAT2	0	0	0	0	Background
HGNC:16371	CAPNS2	0	0	0	0	Background
HGNC:11048	SLC6A2	0	0	0	0	Background
HGNC:1863	CES1	0	0	0	0	Background
HGNC:26459	CES5A	0	0	0	0	Background
HGNC:4389	GNAO1	0	0	0	0	Background
HGNC:463	AMFR	0	0	0	0	Background
HGNC:13870	NUDT21	0	0	0	0	Background
HGNC:25585	OGFOD1	0	0	0	0	Background
HGNC:967	BBS2	0	0	0	0	Background
HGNC:18705	MT4	0	0	0	0	Background
HGNC:7408	MT3	0	0	0	0	Background
HGNC:7406	MT2A	0	0	0	0	Background
HGNC:7397	MT1E	0	0	0	0	Background
HGNC:14296	MT1M	0	0	0	0	Background
HGNC:7393	MT1A	0	0	0	0	Background
HGNC:7394	MT1B	0	0	0	0	Background
HGNC:7398	MT1F	0	0	0	0	Background
HGNC:7399	MT1G	0	0	0	0	Background
HGNC:7400	MT1H	0	0	0	0	Background
HGNC:7405	MT1X	0	0	0	0	Background
HGNC:28958	NUP93	0	0	0	0	Background
HGNC:10912	SLC12A3	0	0	0	0	Background
HGNC:13744	HERPUD1	0	0	0	0	Background
HGNC:1869	CETP	0	0	0	0	Background
HGNC:29933	NLRC5	0	0	0	0	Background
HGNC:2315	CPNE2	0	0	0	0	Background
HGNC:29856	PSME3IP1	0	0	0	0	Background
HGNC:29420	RSPRY1	0	0	0	0	Background
HGNC:17146	ARL2BP	0	0	0	0	Background
HGNC:18553	PLLP	0	0	0	0	Background
HGNC:10621	CCL22	0	0	0	0	Background
HGNC:10647	CX3CL1	0	0	0	0	Background
HGNC:10615	CCL17	0	0	0	0	Background
HGNC:28050	CIAPIN1	0	0	0	0	Background
HGNC:25302	COQ9	0	0	0	0	Background
HGNC:9189	POLR2C	0	0	0	0	Background
HGNC:19868	DOK4	0	0	0	0	Background
HGNC:28097	CCDC102A	0	0	0	0	Background
HGNC:19010	ADGRG5	0	0	0	0	Background
HGNC:4512	ADGRG1	0	0	0	0	Background
HGNC:13728	ADGRG3	0	0	0	0	Background
HGNC:25289	DRC7	0	0	0	0	Background
HGNC:6217	KATNB1	0	0	0	0	Background
HGNC:6326	KIFC3	0	0	0	0	Background
HGNC:2151	CNGB1	0	0	0	0	Background
HGNC:33745	SPMIP8	0	0	0	0	Background
HGNC:13644	ZNF319	0	0	0	0	Background
HGNC:25792	USB1	1	0	0	0	IEI_only
HGNC:7161	MMP15	0	0	0	0	Background
HGNC:29523	CFAP20	0	0	0	0	Background
HGNC:2459	CSNK2A2	0	0	0	0	Background
HGNC:25002	CFAP263	0	0	0	0	Background
HGNC:26336	PRSS54	0	0	0	0	Background
HGNC:25851	GINS3	0	0	0	0	Background
HGNC:14466	NDRG4	0	0	0	0	Background
HGNC:26116	SETD6	0	0	0	0	Background
HGNC:7877	CNOT1	0	1	1	0	ASD_only
HGNC:25582	SLC38A7	0	0	0	0	Background
HGNC:4433	GOT2	0	0	0	0	Background
HGNC:48743	APOOP5	0	0	0	0	Background
HGNC:1767	CDH8	0	1	1	0	ASD_only
HGNC:1750	CDH11	0	1	1	0	ASD_only
HGNC:1764	CDH5	0	0	0	0	Background
HGNC:24160	BEAN1	0	0	0	0	Background
HGNC:11831	TK2	0	0	0	0	Background
HGNC:13253	CKLF	0	0	0	0	Background
HGNC:39977	CKLF-CMTM1	0	0	0	0	Background
HGNC:19172	CMTM1	0	0	0	0	Background
HGNC:19173	CMTM2	0	0	0	0	Background
HGNC:19174	CMTM3	0	0	0	0	Background
HGNC:19175	CMTM4	0	0	0	0	Background
HGNC:2966	DYNC1LI2	0	0	0	0	Background
HGNC:26675	TERB1	0	0	0	0	Background
HGNC:621	NAE1	0	0	0	0	Background
HGNC:1381	CA7	0	0	0	0	Background
HGNC:30263	PDP2	0	0	0	0	Background
HGNC:1755	CDH16	0	0	0	0	Background
HGNC:10446	RRAD	0	0	0	0	Background
HGNC:24261	CIAO2B	0	0	0	0	Background
HGNC:1864	CES2	0	0	0	0	Background
HGNC:1865	CES3	0	0	0	0	Background
HGNC:26741	CES4A	0	0	0	0	Background
HGNC:1539	CBFB	0	0	0	0	Background
HGNC:29564	PHAF1	0	0	0	0	Background
HGNC:28714	B3GNT9	0	0	0	0	Background
HGNC:12030	TRADD	0	0	0	0	Background
HGNC:17875	FBXL8	0	0	0	0	Background
HGNC:5227	HSF4	0	0	0	0	Background
HGNC:7869	NOL3	0	0	0	0	Background
HGNC:34408	MATCAP1	0	0	0	0	Background
HGNC:27540	EXOC3L1	0	0	0	0	Background
HGNC:3118	E2F4	0	0	0	0	Background
HGNC:17289	ELMO3	0	0	0	0	Background
HGNC:13605	FBXL9P	0	0	0	0	Background
HGNC:25015	TMEM208	0	0	0	0	Background
HGNC:17905	FHOD1	0	0	0	0	Background
HGNC:11078	SLC9A5	0	0	0	0	Background
HGNC:24501	PLEKHG4	0	0	0	0	Background
HGNC:24753	KCTD19	0	0	0	0	Background
HGNC:25615	LRRC36	0	0	0	0	Background
HGNC:24162	TPPP3	0	0	0	0	Background
HGNC:17916	ZDHHC1	0	0	0	0	Background
HGNC:5209	HSD11B2	0	0	0	0	Background
HGNC:13724	ATP6V0D1	0	0	0	0	Background
HGNC:330	AGRP	0	0	0	0	Background
HGNC:25836	RIPOR1	0	0	0	0	Background
HGNC:13723	CTCF	0	1	1	0	ASD_only
HGNC:27089	CARMIL2	1	0	0	0	IEI_only
HGNC:25070	ACD	1	0	0	0	IEI_only
HGNC:15943	PARD6A	0	0	0	0	Background
HGNC:25246	ENKD1	0	0	0	0	Background
HGNC:33755	C16orf86	0	0	0	0	Background
HGNC:28159	GFOD2	0	0	0	0	Background
HGNC:29285	RANBP10	0	0	0	0	Background
HGNC:18586	TSNAXIP1	0	0	0	0	Background
HGNC:25787	CENPT	0	0	0	0	Background
HGNC:23194	THAP11	0	0	0	0	Background
HGNC:13722	NUTF2	0	0	0	0	Background
HGNC:17157	EDC4	0	0	0	0	Background
HGNC:29811	NRN1L	0	0	0	0	Background
HGNC:9529	PSKH1	0	0	0	0	Background
HGNC:2524	CTRL	0	0	0	0	Background
HGNC:9538	PSMB10	1	0	0	0	IEI_only
HGNC:6522	LCAT	0	0	0	0	Background
HGNC:10913	SLC12A4	0	0	0	0	Background
HGNC:23029	DPEP3	0	0	0	0	Background
HGNC:23028	DPEP2	0	0	0	0	Background
HGNC:26014	DUS2	0	0	0	0	Background
HGNC:17330	DDX28	0	0	0	0	Background
HGNC:7777	NFATC3	0	0	0	0	Background
HGNC:26152	ESRP2	0	0	0	0	Background
HGNC:17163	PLA2G15	0	0	0	0	Background
HGNC:11064	SLC7A6	0	0	0	0	Background
HGNC:25807	SLC7A6OS	0	0	0	0	Background
HGNC:25557	PRMT7	0	0	0	0	Background
HGNC:14240	SMPD3	0	0	0	0	Background
HGNC:23329	ZFP90	0	0	0	0	Background
HGNC:1762	CDH3	0	0	0	0	Background
HGNC:1748	CDH1	0	0	0	0	Background
HGNC:25749	TANGO6	0	0	0	0	Background
HGNC:4820	HAS3	0	0	0	0	Background
HGNC:24353	CHTF8	0	0	0	0	Background
HGNC:1983	UTP4	0	0	0	0	Background
HGNC:11169	SNTB2	0	0	0	0	Background
HGNC:13488	VPS4A	0	0	0	0	Background
HGNC:18623	COG8	0	0	0	0	Background
HGNC:30012	PDF	0	0	0	0	Background
HGNC:24328	NIP7	0	0	0	0	Background
HGNC:28331	TMED6	0	0	0	0	Background
HGNC:11729	TERF2	0	1	1	0	ASD_only
HGNC:24374	CYB5B	0	0	0	0	Background
HGNC:7774	NFAT5	1	0	0	0	IEI_only
HGNC:2874	NQO1	0	0	0	0	Background
HGNC:29540	NOB1	0	0	0	0	Background
HGNC:16804	WWP2	0	0	0	0	Background
HGNC:30388	CLEC18A	0	0	0	0	Background
HGNC:30264	PDPR	0	0	0	0	Background
HGNC:28538	CLEC18C	0	0	0	0	Background
HGNC:19055	EXOSC6	0	0	0	0	Background
HGNC:20	AARS1	0	0	0	0	Background
HGNC:2742	DDX19B	0	0	0	0	Background
HGNC:25628	DDX19A	0	0	0	0	Background
HGNC:10863	ST3GAL2	0	0	0	0	Background
HGNC:29500	FCSK	0	0	0	0	Background
HGNC:18620	COG4	0	0	0	0	Background
HGNC:10770	SF3B3	0	0	1	0	Background
HGNC:28529	IL34	0	0	0	0	Background
HGNC:25094	MTSS2	0	0	0	0	Background
HGNC:25507	VAC14	0	0	0	0	Background
HGNC:19368	HYDIN	0	1	1	0	ASD_only
HGNC:25635	CMTR2	0	0	0	0	Background
HGNC:1435	CALB2	0	0	0	0	Background
HGNC:13023	ZNF23	0	0	0	0	Background
HGNC:12981	ZNF19	0	0	0	0	Background
HGNC:1972	CHST4	0	0	0	0	Background
HGNC:11573	TAT	0	0	0	0	Background
HGNC:30525	MARVELD3	0	0	0	0	Background
HGNC:29149	PHLPP2	0	0	0	0	Background
HGNC:555	AP1G1	0	0	0	0	Background
HGNC:33279	ATXN1L	0	0	0	0	Background
HGNC:28977	IST1	0	0	0	0	Background
HGNC:28043	ZNF821	0	0	0	0	Background
HGNC:2867	DHODH	0	0	0	0	Background
HGNC:26041	TXNL4B	0	0	0	0	Background
HGNC:5141	HP	0	0	0	0	Background
HGNC:5156	HPR	0	0	0	0	Background
HGNC:17211	DHX38	0	0	0	0	Background
HGNC:17728	PMFBP1	0	0	0	0	Background
HGNC:777	ZFHX3	0	0	0	0	Background
HGNC:9565	PSMD7	0	0	0	0	Background
HGNC:34409	NPIPB15	0	0	0	0	Background
HGNC:33849	CLEC18B	0	0	0	0	Background
HGNC:4316	GLG1	0	0	0	0	Background
HGNC:25539	RFWD3	1	0	0	0	IEI_only
HGNC:26617	MLKL	0	0	0	0	Background
HGNC:21197	FA2H	0	0	0	0	Background
HGNC:25706	WDR59	0	0	0	0	Background
HGNC:18452	ZNRF1	0	0	0	0	Background
HGNC:19708	LDHD	0	0	0	0	Background
HGNC:23328	ZFP1	0	0	0	0	Background
HGNC:2522	CTRB2	0	0	0	0	Background
HGNC:2521	CTRB1	0	0	0	0	Background
HGNC:971	BCAR1	0	0	0	0	Background
HGNC:1873	CFDP1	0	0	0	0	Background
HGNC:29577	TMEM170A	0	0	0	0	Background
HGNC:6938	CHST6	0	0	0	0	Background
HGNC:1973	CHST5	0	0	0	0	Background
HGNC:37234	TMEM231	0	0	0	0	Background
HGNC:13291	GABARAPL2	0	0	0	0	Background
HGNC:228	ADAT1	0	0	0	0	Background
HGNC:6215	KARS1	1	0	0	0	IEI_only
HGNC:19246	TERF2IP	0	0	0	0	Background
HGNC:18747	CNTNAP4	0	1	1	0	ASD_only
HGNC:25020	MON1B	0	0	0	0	Background
HGNC:37236	SYCE1L	0	0	0	0	Background
HGNC:17110	ADAMTS18	0	0	0	0	Background
HGNC:8054	NUDT7	0	0	0	0	Background
HGNC:29315	VAT1L	0	0	0	0	Background
HGNC:2052	CLEC3A	0	0	0	0	Background
HGNC:12799	WWOX	0	1	1	0	ASD_only
HGNC:6776	MAF	0	0	0	0	Background
HGNC:15467	DYNLRB2	0	0	0	0	Background
HGNC:23030	CDYL2	0	0	0	0	Background
HGNC:24447	CMC2	0	0	0	0	Background
HGNC:30873	CENPN	0	0	0	0	Background
HGNC:29034	ATMIN	0	0	0	0	Background
HGNC:26525	C16orf46	0	0	0	0	Background
HGNC:4208	GCSH	0	0	0	0	Background
HGNC:13815	BCO1	0	0	0	0	Background
HGNC:4137	GAN	0	0	0	0	Background
HGNC:24319	CMIP	0	1	1	0	ASD_only
HGNC:9066	PLCG2	1	0	0	0	IEI_only
HGNC:29834	SDR42E1	0	0	0	0	Background
HGNC:5211	HSD17B2	0	0	0	0	Background
HGNC:7214	MPHOSPH6	0	0	0	0	Background
HGNC:1753	CDH13	0	1	1	0	ASD_only
HGNC:5203	HSBP1	0	0	0	0	Background
HGNC:7150	MLYCD	0	0	0	0	Background
HGNC:30093	OSGIN1	0	0	0	0	Background
HGNC:23746	NECAB2	0	0	0	0	Background
HGNC:32434	SLC38A8	0	0	0	0	Background
HGNC:15456	MBTPS1	0	0	0	0	Background
HGNC:16475	HSDL1	0	0	0	0	Background
HGNC:30539	DNAAF1	0	0	0	0	Background
HGNC:11534	TAF1C	0	1	1	0	ASD_only
HGNC:30714	ADAD2	0	0	0	0	Background
HGNC:19697	KCNG4	0	0	0	0	Background
HGNC:15466	WFDC1	0	0	0	0	Background
HGNC:29103	ATP2C2	0	0	0	0	Background
HGNC:29325	MEAK7	0	0	0	0	Background
HGNC:18304	COTL1	0	0	0	0	Background
HGNC:17844	KLHL36	0	0	0	0	Background
HGNC:12608	USP10	0	0	0	0	Background
HGNC:25248	CRISPLD2	0	0	0	0	Background
HGNC:18459	ZDHHC7	0	0	0	0	Background
HGNC:29058	KIAA0513	0	0	0	0	Background
HGNC:24781	CIBAR2	0	0	0	0	Background
HGNC:28979	GSE1	0	0	1	0	Background
HGNC:24575	GINS2	0	0	0	0	Background
HGNC:23362	CLMB	0	0	0	0	Background
HGNC:7864	EMC8	0	0	0	0	Background
HGNC:2265	COX4I1	0	0	0	0	Background
HGNC:5358	IRF8	1	0	0	0	IEI_only
HGNC:3809	FOXF1	0	0	0	0	Background
HGNC:25778	MTHFSD	0	0	0	0	Background
HGNC:3801	FOXC2	0	0	0	0	Background
HGNC:3817	FOXL1	0	0	0	0	Background
HGNC:40033	C16orf95	0	0	0	0	Background
HGNC:16510	FBXO31	0	0	0	0	Background
HGNC:13352	MAP1LC3B	0	0	0	0	Background
HGNC:24134	ZCCHC14	0	0	0	0	Background
HGNC:14203	JPH3	0	0	0	0	Background
HGNC:25272	KLHDC4	0	0	0	0	Background
HGNC:11063	SLC7A5	0	1	1	0	ASD_only
HGNC:1377	CA5A	0	0	0	0	Background
HGNC:13450	BANP	0	0	0	0	Background
HGNC:23216	ZNF469	0	0	0	0	Background
HGNC:19762	ZFPM1	0	0	0	0	Background
HGNC:25091	ZC3H18	0	0	0	0	Background
HGNC:5983	IL17C	0	0	0	0	Background
HGNC:2577	CYBA	1	0	0	0	IEI_only
HGNC:7529	MVD	0	0	0	0	Background
HGNC:18411	SNAI3	0	0	0	0	Background
HGNC:28856	RNF166	0	0	0	0	Background
HGNC:28005	CTU2	0	0	0	0	Background
HGNC:28993	PIEZO1	0	0	0	0	Background
HGNC:24576	CDT1	0	0	0	0	Background
HGNC:626	APRT	0	0	0	0	Background
HGNC:4122	GALNS	0	0	0	0	Background
HGNC:30887	TRAPPC2L	0	0	0	0	Background
HGNC:37237	PABPN1L	0	0	0	0	Background
HGNC:1537	CBFA2T3	0	0	0	0	Background
HGNC:27288	ACSF3	0	0	0	0	Background
HGNC:1754	CDH15	0	0	0	0	Background
HGNC:27091	SLC22A31	0	0	0	0	Background
HGNC:26479	ZNF778	0	0	0	0	Background
HGNC:21316	ANKRD11	0	1	1	0	ASD_only
HGNC:11237	SPG7	0	0	0	0	Background
HGNC:10303	RPL13	0	0	0	0	Background
HGNC:2320	CPNE7	0	0	0	0	Background
HGNC:3002	DPEP1	0	0	0	0	Background
HGNC:8740	CHMP1A	0	1	1	0	ASD_only
HGNC:26463	SPATA33	0	0	0	0	Background
HGNC:1770	CDK10	0	0	0	0	Background
HGNC:53027	LINC02166	0	0	0	0	Background
HGNC:28393	SPATA2L	0	0	0	0	Background
HGNC:13526	VPS9D1	0	0	0	0	Background
HGNC:23330	ZNF276	0	0	0	0	Background
HGNC:3582	FANCA	1	0	0	0	IEI_only
HGNC:30623	SPIRE2	0	0	0	0	Background
HGNC:29181	TCF25	0	0	0	0	Background
HGNC:6929	MC1R	0	0	0	0	Background
HGNC:20772	TUBB3	0	0	0	0	Background
HGNC:25969	DEF8	0	0	0	0	Background
HGNC:28272	CENPBD1P	0	0	0	0	Background
HGNC:28455	DBNDD1	0	0	0	0	Background
HGNC:4166	DRC4	0	0	0	0	Background
HGNC:1197	GAS8-AS1	0	0	0	0	Background
HGNC:9351	PRDM7	0	0	0	0	Background
HGNC:2986	DOC2B	0	0	0	0	Background
HGNC:10296	RPH3AL	0	0	0	0	Background
HGNC:33800	LIAT1	0	0	0	0	Background
HGNC:28705	RFLNB	0	0	0	0	Background
HGNC:25608	VPS53	0	0	0	0	Background
HGNC:29646	TLCD3A	0	0	0	0	Background
HGNC:15717	GEMIN4	0	0	0	0	Background
HGNC:14111	GLOD4	0	0	0	0	Background
HGNC:18485	MRM3	0	0	0	0	Background
HGNC:18008	NXN	0	0	0	0	Background
HGNC:17317	TIMM22	0	0	0	0	Background
HGNC:81	ABR	0	0	0	0	Background
HGNC:35126	BHLHA9	0	0	0	0	Background
HGNC:29592	TRARG1	0	0	0	0	Background
HGNC:12851	YWHAE	0	1	1	0	ASD_only
HGNC:2362	CRK	0	0	0	0	Background
HGNC:7597	MYO1C	0	0	0	0	Background
HGNC:33882	INPP5K	0	0	0	0	Background
HGNC:9001	PITPNA	0	0	0	0	Background
HGNC:23087	SLC43A2	0	0	0	0	Background
HGNC:16820	SCARF1	0	0	0	0	Background
HGNC:30266	RILP	0	0	0	0	Background
HGNC:17340	PRPF8	0	0	0	0	Background
HGNC:33522	TLCD2	0	0	0	0	Background
HGNC:26600	WDR81	0	0	0	0	Background
HGNC:9075	SERPINF2	0	0	0	0	Background
HGNC:8824	SERPINF1	0	0	0	0	Background
HGNC:21067	SMYD4	0	0	0	0	Background
HGNC:10289	RPA1	0	0	0	0	Background
HGNC:21329	RTN4RL1	0	0	0	0	Background
HGNC:3003	DPH1	0	0	0	0	Background
HGNC:24203	OVCA2	0	0	0	0	Background
HGNC:4909	HIC1	0	0	0	0	Background
HGNC:17809	SMG6	0	1	1	0	ASD_only
HGNC:14398	SRR	0	0	0	0	Background
HGNC:25542	TSR1	0	0	0	0	Background
HGNC:29026	SGSM2	0	0	0	0	Background
HGNC:7188	MNT	0	1	1	0	ASD_only
HGNC:28484	METTL16	0	0	0	0	Background
HGNC:8574	PAFAH1B1	0	0	0	0	Background
HGNC:29094	CLUH	0	0	0	0	Background
HGNC:29176	RAP1GAP2	0	0	0	0	Background
HGNC:8186	OR1D5	0	0	0	0	Background
HGNC:8183	OR1D2	0	0	0	0	Background
HGNC:8204	OR1G1	0	0	0	0	Background
HGNC:8180	OR1A2	0	0	0	0	Background
HGNC:8179	OR1A1	0	0	0	0	Background
HGNC:8283	OR3A2	0	0	0	0	Background
HGNC:8282	OR3A1	0	0	0	0	Background
HGNC:8189	OR1E1	0	0	0	0	Background
HGNC:8284	OR3A3	0	0	0	0	Background
HGNC:8190	OR1E2	0	0	0	0	Background
HGNC:30705	SPATA22	0	0	0	0	Background
HGNC:756	ASPA	0	0	0	0	Background
HGNC:18084	TRPV3	0	0	0	0	Background
HGNC:12716	TRPV1	0	0	0	0	Background
HGNC:1492	SHPK	0	0	0	0	Background
HGNC:2518	CTNS	0	0	0	0	Background
HGNC:30684	TAX1BP3	0	0	0	0	Background
HGNC:49191	P2RX5-TAX1BP3	0	0	0	0	Background
HGNC:28430	EMC6	0	0	0	0	Background
HGNC:8536	P2RX5	0	1	1	0	ASD_only
HGNC:6147	ITGAE	0	0	0	0	Background
HGNC:19682	HASPIN	0	0	0	0	Background
HGNC:24612	NCBP3	0	0	0	0	Background
HGNC:1469	CAMKK1	0	0	0	0	Background
HGNC:8533	P2RX1	0	0	0	0	Background
HGNC:813	ATP2A3	0	0	0	0	Background
HGNC:29027	ZZEF1	0	0	0	0	Background
HGNC:28471	CYB5D2	0	0	0	0	Background
HGNC:20763	ANKFY1	0	0	0	0	Background
HGNC:12482	UBE2G1	0	0	0	0	Background
HGNC:28433	SPNS3	0	0	0	0	Background
HGNC:26992	SPNS2	0	0	0	0	Background
HGNC:7546	MYBBP1A	0	0	0	0	Background
HGNC:26891	GGT6	0	0	0	0	Background
HGNC:24764	SMTNL2	0	0	0	0	Background
HGNC:433	ALOX15	0	0	0	0	Background
HGNC:30134	PELP1	0	0	0	0	Background
HGNC:712	ARRB2	0	0	0	0	Background
HGNC:32687	MED11	0	0	0	0	Background
HGNC:16642	CXCL16	0	0	0	0	Background
HGNC:20997	ZMYND15	0	0	0	0	Background
HGNC:11857	TM4SF5	0	0	0	0	Background
HGNC:30387	VMO1	0	0	0	0	Background
HGNC:33756	GLTPD2	0	0	0	0	Background
HGNC:9543	PSMB6	0	0	0	0	Background
HGNC:9068	PLD2	0	0	0	0	Background
HGNC:17565	MINK1	0	0	0	0	Background
HGNC:1966	CHRNE	0	0	0	0	Background
HGNC:37238	C17orf107	0	0	0	0	Background
HGNC:4439	GP1BA	0	0	0	0	Background
HGNC:10981	SLC25A11	0	0	0	0	Background
HGNC:24544	RNF167	0	0	0	0	Background
HGNC:8881	PFN1	0	0	0	0	Background
HGNC:3354	ENO3	0	0	0	0	Background
HGNC:11216	SPAG7	0	0	0	0	Background
HGNC:18807	CAMTA2	0	1	1	0	ASD_only
HGNC:32224	INCA1	0	0	0	0	Background
HGNC:6317	KIF1C	0	0	0	0	Background
HGNC:30225	SLC52A1	0	0	0	0	Background
HGNC:12861	ZFP3	0	0	0	0	Background
HGNC:13026	ZNF232	0	0	0	0	Background
HGNC:12629	USP6	0	0	0	0	Background
HGNC:29392	ZNF594	0	0	0	0	Background
HGNC:33504	SCIMP	0	0	0	0	Background
HGNC:17677	RABEP1	0	0	0	0	Background
HGNC:8067	NUP88	0	0	0	0	Background
HGNC:28641	RPAIN	0	0	0	0	Background
HGNC:1243	C1QBP	0	0	0	0	Background
HGNC:16718	DHX33	0	0	0	0	Background
HGNC:17943	DERL2	0	0	0	0	Background
HGNC:24967	MIS12	0	0	0	0	Background
HGNC:14374	NLRP1	1	0	0	0	IEI_only
HGNC:29060	WSCD1	0	0	0	0	Background
HGNC:359	AIPL1	0	0	0	0	Background
HGNC:25483	PIMREG	0	0	0	0	Background
HGNC:21043	PITPNM3	0	0	0	0	Background
HGNC:29110	KIAA0753	0	0	0	0	Background
HGNC:28218	TXNDC17	0	0	0	0	Background
HGNC:24260	MED31	0	0	0	0	Background
HGNC:34494	C17orf100	0	0	0	0	Background
HGNC:23089	SLC13A5	0	0	0	0	Background
HGNC:30932	XAF1	0	0	0	0	Background
HGNC:28565	FBXO39	0	0	0	0	Background
HGNC:15534	TEKT1	0	0	0	0	Background
HGNC:429	ALOX12	0	0	0	0	Background
HGNC:33911	RNASEK	0	0	0	0	Background
HGNC:44419	RNASEK-C17orf49	0	0	0	0	Background
HGNC:28737	BACC1	0	0	0	0	Background
HGNC:1002	BCL6B	0	0	0	0	Background
HGNC:31037	SLC16A13	0	0	0	0	Background
HGNC:23093	SLC16A11	0	0	0	0	Background
HGNC:16916	CLEC10A	0	0	0	0	Background
HGNC:743	ASGR2	0	0	0	0	Background
HGNC:742	ASGR1	0	0	0	0	Background
HGNC:2903	DLG4	0	1	1	0	ASD_only
HGNC:92	ACADVL	0	0	0	0	Background
HGNC:3086	DVL2	0	0	0	0	Background
HGNC:28428	PHF23	0	0	0	0	Background
HGNC:4067	GABARAP	0	0	0	0	Background
HGNC:19085	CTDNEP1	0	0	0	0	Background
HGNC:30617	ELP5	0	0	0	0	Background
HGNC:2049	CLDN7	0	0	0	0	Background
HGNC:11009	SLC2A4	0	0	0	0	Background
HGNC:17948	YBX2	0	0	0	0	Background
HGNC:3300	EIF5A	0	0	0	0	Background
HGNC:4550	GPS2	0	0	0	0	Background
HGNC:34410	NEURL4	0	0	0	0	Background
HGNC:16467	ACAP1	0	0	0	0	Background
HGNC:21302	KCTD11	0	0	0	0	Background
HGNC:27898	TMEM95	0	0	0	0	Background
HGNC:11940	TNK1	0	0	0	0	Background
HGNC:16495	PLSCR3	0	0	0	0	Background
HGNC:49186	TMEM256-PLSCR3	0	0	0	0	Background
HGNC:28618	TMEM256	0	0	0	0	Background
HGNC:14290	NLGN2	0	1	1	0	ASD_only
HGNC:32429	SPEM1	0	0	0	0	Background
HGNC:27315	SPEM2	0	0	0	0	Background
HGNC:26722	TMEM102	0	0	0	0	Background
HGNC:3667	FGF11	0	0	0	0	Background
HGNC:1961	CHRNB1	0	0	0	0	Background
HGNC:23847	ZBTB4	0	0	0	0	Background
HGNC:31351	SLC35G6	0	0	0	0	Background
HGNC:9187	POLR2A	0	0	0	0	Background
HGNC:11927	TNFSF12	1	0	0	0	IEI_only
HGNC:33537	TNFSF12-TNFSF13	0	0	0	0	Background
HGNC:11928	TNFSF13	1	0	0	0	IEI_only
HGNC:17862	SENP3	0	0	0	0	Background
HGNC:3282	EIF4A1	0	0	0	0	Background
HGNC:1693	CD68	0	0	0	0	Background
HGNC:7207	MPDU1	0	0	0	0	Background
HGNC:11196	SOX15	0	0	0	0	Background
HGNC:4024	FXR2	0	0	0	0	Background
HGNC:10839	SHBG	0	0	0	0	Background
HGNC:23160	SAT2	0	0	0	0	Background
HGNC:805	ATP1B2	0	0	0	0	Background
HGNC:11998	TP53	1	0	0	0	IEI_only
HGNC:25522	WRAP53	1	0	0	0	IEI_only
HGNC:3228	EFNB3	0	0	0	0	Background
HGNC:2948	DNAH2	0	0	0	0	Background
HGNC:29012	KDM6B	0	1	1	0	ASD_only
HGNC:32371	TMEM88	0	0	0	0	Background
HGNC:28212	NAA38	0	0	0	0	Background
HGNC:26516	CYB5D1	0	0	0	0	Background
HGNC:1918	CHD3	0	1	1	0	ASD_only
HGNC:6230	KCNAB3	0	0	0	0	Background
HGNC:19894	TRAPPC1	0	0	0	0	Background
HGNC:29616	CNTROB	0	0	0	0	Background
HGNC:4689	GUCY2D	0	0	0	0	Background
HGNC:434	ALOX15B	0	0	0	0	Background
HGNC:430	ALOX12B	0	0	0	0	Background
HGNC:13743	ALOXE3	0	0	0	0	Background
HGNC:15977	HES7	0	0	0	0	Background
HGNC:8845	PER1	0	1	1	0	ASD_only
HGNC:12643	VAMP2	0	0	0	0	Background
HGNC:28128	TMEM107	0	0	0	0	Background
HGNC:25939	BORCS6	0	0	0	0	Background
HGNC:11390	AURKB	0	0	0	0	Background
HGNC:26169	CTC1	1	0	0	0	IEI_only
HGNC:8863	PFAS	0	0	0	0	Background
HGNC:31921	SLC25A35	0	0	0	0	Background
HGNC:17679	RANGRF	0	0	0	0	Background
HGNC:15590	ARHGEF15	0	0	0	0	Background
HGNC:19056	ODF4	0	0	0	0	Background
HGNC:26989	KRABD2	0	0	0	0	Background
HGNC:10327	RPL26	0	0	0	0	Background
HGNC:34517	RNF222	0	0	0	0	Background
HGNC:17620	NDEL1	0	0	0	0	Background
HGNC:7568	MYH10	0	1	1	0	ASD_only
HGNC:26528	CCDC42	0	0	0	0	Background
HGNC:35463	SPDYE4	0	0	0	0	Background
HGNC:26656	MFSD6L	0	0	0	0	Background
HGNC:27101	PIK3R6	0	0	0	0	Background
HGNC:30035	PIK3R5	0	0	0	0	Background
HGNC:8029	NTN1	0	0	0	0	Background
HGNC:11443	STX8	0	0	0	0	Background
HGNC:16053	CFAP52	0	0	0	0	Background
HGNC:20072	USP43	0	0	0	0	Background
HGNC:32423	DHRS7C	0	0	0	0	Background
HGNC:51826	GSG1L2	0	0	0	0	Background
HGNC:4325	GLP2R	0	0	0	0	Background
HGNC:9937	RCVRN	0	0	0	0	Background
HGNC:4169	GAS7	0	0	0	0	Background
HGNC:7571	MYH13	0	0	0	0	Background
HGNC:7578	MYH8	0	0	0	0	Background
HGNC:7574	MYH4	0	1	1	0	ASD_only
HGNC:7567	MYH1	0	0	0	0	Background
HGNC:7572	MYH2	0	0	0	0	Background
HGNC:7573	MYH3	0	0	0	0	Background
HGNC:10603	SCO1	0	0	0	0	Background
HGNC:30925	ADPRM	0	0	0	0	Background
HGNC:33757	TMEM220	0	0	0	0	Background
HGNC:37239	PIRT	0	0	0	0	Background
HGNC:34491	SHISA6	0	0	0	0	Background
HGNC:2953	DNAH9	0	0	0	0	Background
HGNC:12969	ZNF18	0	1	1	0	ASD_only
HGNC:6844	MAP2K4	0	0	0	0	Background
HGNC:16067	MYOCD	0	0	0	0	Background
HGNC:29096	ARHGAP44	0	0	0	0	Background
HGNC:14198	ELAC2	0	0	0	0	Background
HGNC:5196	HS3ST3A1	0	0	0	0	Background
HGNC:2260	COX10	0	0	0	0	Background
HGNC:14395	CDRT15	0	0	0	0	Background
HGNC:5198	HS3ST3B1	0	0	0	0	Background
HGNC:9118	PMP22	0	0	0	0	Background
HGNC:14293	TEKT3	0	0	0	0	Background
HGNC:14383	CDRT4	0	0	0	0	Background
HGNC:42961	TVP23C-CDRT4	0	0	0	0	Background
HGNC:30453	TVP23C	0	0	0	0	Background
HGNC:14379	FBXW10B	0	0	0	0	Background
HGNC:17241	TRIM16	0	0	0	0	Background
HGNC:13501	ZNF286A	0	0	0	0	Background
HGNC:55384	ZNF286A-TBC1D26	0	0	0	0	Background
HGNC:28745	TBC1D26	0	0	0	0	Background
HGNC:264	ADORA2B	0	0	0	0	Background
HGNC:26993	ZSWIM7	0	0	0	0	Background
HGNC:26006	TTC19	0	0	0	0	Background
HGNC:7672	NCOR1	0	1	1	0	ASD_only
HGNC:8966	PIGL	0	0	0	0	Background
HGNC:29920	CENPV	0	0	0	0	Background
HGNC:12463	UBB	0	0	0	0	Background
HGNC:18082	TRPV2	0	0	0	0	Background
HGNC:32403	LRRC75A	0	0	0	0	Background
HGNC:13502	ZNF287	0	0	0	0	Background
HGNC:29254	ZNF624	0	0	0	0	Background
HGNC:29072	CCDC144A	0	0	0	0	Background
HGNC:18153	TNFRSF13B	1	0	0	0	IEI_only
HGNC:30321	MPRIP	0	0	0	0	Background
HGNC:30447	PLD6	0	0	0	0	Background
HGNC:27310	FLCN	0	0	0	0	Background
HGNC:2239	COPS3	0	0	0	0	Background
HGNC:15769	NT5M	0	0	0	0	Background
HGNC:25487	MED9	0	0	0	0	Background
HGNC:15828	RASD1	0	0	0	0	Background
HGNC:8830	PEMT	0	0	0	0	Background
HGNC:9834	RAI1	0	1	1	0	ASD_only
HGNC:11289	SREBF1	0	0	0	0	Background
HGNC:11984	TOM1L2	0	0	0	0	Background
HGNC:25384	DRC3	0	0	0	0	Background
HGNC:18802	ATPAF2	0	0	0	0	Background
HGNC:28453	GID4	0	0	0	0	Background
HGNC:3030	DRG2	0	0	0	0	Background
HGNC:7594	MYO15A	0	0	0	0	Background
HGNC:25996	ALKBH5	0	0	0	0	Background
HGNC:6628	LLGL1	0	0	0	0	Background
HGNC:3750	FLII	0	0	0	0	Background
HGNC:17920	MIEF2	0	0	0	0	Background
HGNC:11992	TOP3A	0	0	0	0	Background
HGNC:17921	SMCR8	0	0	0	0	Background
HGNC:10850	SHMT1	0	0	0	0	Background
HGNC:35236	EVPLL	0	0	0	0	Background
HGNC:33874	LGALS9C	0	0	0	0	Background
HGNC:25682	FAM106A	0	0	0	0	Background
HGNC:26858	TBC1D28	0	0	0	0	Background
HGNC:33241	ZNF286B	0	0	0	0	Background
HGNC:32670	TRIM16L	0	0	0	0	Background
HGNC:1211	FBXW10	0	0	0	0	Background
HGNC:20399	TVP23B	0	0	0	0	Background
HGNC:9467	PRPSAP2	0	0	0	0	Background
HGNC:23155	SLC5A10	0	0	0	0	Background
HGNC:32554	SACK1G	0	0	0	0	Background
HGNC:4562	GRAP	0	0	0	0	Background
HGNC:58391	LINC03151	0	0	0	0	Background
HGNC:37240	GRAPL	0	0	0	0	Background
HGNC:18639	EPN2	0	0	0	0	Background
HGNC:24123	B9D1	0	0	0	0	Background
HGNC:6880	MAPK7	0	0	0	0	Background
HGNC:7035	MFAP4	0	0	0	0	Background
HGNC:12968	RNF112	0	0	0	0	Background
HGNC:25588	SLC47A1	0	0	0	0	Background
HGNC:403	ALDH3A2	0	0	0	0	Background
HGNC:26439	SLC47A2	0	0	0	0	Background
HGNC:405	ALDH3A1	0	0	0	0	Background
HGNC:13480	ULK2	0	0	0	0	Background
HGNC:368	AKAP10	0	0	0	0	Background
HGNC:30615	SPECC1	0	0	0	0	Background
HGNC:24842	LGALS9B	0	0	0	0	Background
HGNC:34075	CDRT15L2	0	0	0	0	Background
HGNC:33735	CCDC144NL	0	0	0	0	Background
HGNC:12621	USP22	0	0	0	0	Background
HGNC:24547	DHRS7B	0	0	0	0	Background
HGNC:16823	TMEM11	0	0	0	0	Background
HGNC:6843	MAP2K3	0	0	0	0	Background
HGNC:6258	KCNJ12	0	0	0	0	Background
HGNC:27904	LINC02693	0	0	0	0	Background
HGNC:12467	UBBP4	0	0	0	0	Background
HGNC:37155	MTRNR2L1	0	0	0	0	Background
HGNC:19221	WSB1	0	0	0	0	Background
HGNC:6465	KSR1	0	0	0	0	Background
HGNC:6570	LGALS9	0	0	0	0	Background
HGNC:7873	NOS2	1	0	0	0	IEI_only
HGNC:27314	LYRM9	0	0	0	0	Background
HGNC:29858	NLK	0	0	0	0	Background
HGNC:28106	TMEM97	0	0	0	0	Background
HGNC:30989	IFT20	0	0	0	0	Background
HGNC:11894	TNFAIP1	0	0	0	0	Background
HGNC:23781	POLDIP2	0	0	0	0	Background
HGNC:18085	VMA12	0	0	0	0	Background
HGNC:12724	VTN	0	0	0	0	Background
HGNC:17074	SARM1	0	0	0	0	Background
HGNC:30521	SLC46A1	1	0	0	0	IEI_only
HGNC:10917	SLC13A2	0	0	0	0	Background
HGNC:12765	FOXN1	1	0	0	0	IEI_only
HGNC:12565	UNC119	0	0	0	0	Background
HGNC:14937	PIGS	0	0	0	0	Background
HGNC:418	ALDOC	0	0	0	0	Background
HGNC:13452	SPAG5	0	0	0	0	Background
HGNC:26314	RSKR	0	0	0	0	Background
HGNC:28960	BLTP2	0	0	0	0	Background
HGNC:10675	SDF2	0	0	0	0	Background
HGNC:11470	SUPT6H	0	0	0	0	Background
HGNC:28600	PROCA1	0	0	0	0	Background
HGNC:16519	RAB34	0	0	0	0	Background
HGNC:10317	RPL23A	0	0	0	0	Background
HGNC:25177	TLCD1	0	0	0	0	Background
HGNC:13387	NEK8	0	0	0	0	Background
HGNC:12034	TRAF4	0	0	0	0	Background
HGNC:25563	FAM222B	0	0	0	0	Background
HGNC:3424	ERAL1	0	0	0	0	Background
HGNC:3758	FLOT2	0	0	0	0	Background
HGNC:28326	DHRS13	0	0	0	0	Background
HGNC:20816	PHF12	0	1	1	0	ASD_only
HGNC:17804	PIPOX	0	0	0	0	Background
HGNC:15955	SEZ6	0	0	0	0	Background
HGNC:31104	MYO18A	0	0	0	0	Background
HGNC:2394	CRYBA1	0	0	0	0	Background
HGNC:17634	NUFIP2	0	0	0	0	Background
HGNC:29259	TAOK1	0	1	1	0	ASD_only
HGNC:26971	ABHD15	0	0	0	0	Background
HGNC:25102	TP53I13	0	0	0	0	Background
HGNC:4272	GIT1	0	0	0	0	Background
HGNC:26363	ANKRD13B	0	0	0	0	Background
HGNC:21356	CORO6	0	0	0	0	Background
HGNC:30580	SSH2	0	0	0	0	Background
HGNC:24801	EFCAB5	0	0	0	0	Background
HGNC:25305	NSRP1	0	0	0	0	Background
HGNC:11050	SLC6A4	0	1	1	0	ASD_only
HGNC:1059	BLMH	0	0	0	0	Background
HGNC:32431	TMIGD1	0	0	0	0	Background
HGNC:2301	CPD	0	0	0	0	Background
HGNC:4430	GOSR1	0	0	0	0	Background
HGNC:24509	TBC1D29P	0	0	0	0	Background
HGNC:17177	CRLF3	0	0	0	0	Background
HGNC:25752	ATAD5	0	0	0	0	Background
HGNC:26223	TEFM	0	0	0	0	Background
HGNC:16487	ADAP2	0	0	0	0	Background
HGNC:21158	RNF135	0	1	1	0	ASD_only
HGNC:7765	NF1	0	1	1	0	ASD_only
HGNC:8135	OMG	0	0	0	0	Background
HGNC:3500	EVI2B	0	0	0	0	Background
HGNC:3499	EVI2A	0	0	0	0	Background
HGNC:30267	RAB11FIP4	0	0	0	0	Background
HGNC:55941	MIR365BHG	0	0	0	0	Background
HGNC:28848	COPRS	0	0	0	0	Background
HGNC:18279	UTP6	0	0	0	0	Background
HGNC:17101	SUZ12	0	0	0	0	Background
HGNC:29070	LRRC37B	0	0	0	0	Background
HGNC:58924	LNCMB1	0	0	0	0	Background
HGNC:21168	RHOT1	0	0	0	0	Background
HGNC:16502	RHBDL3	0	0	0	0	Background
HGNC:30173	C17orf75	0	0	0	0	Background
HGNC:12998	ZNF207	0	0	0	0	Background
HGNC:9556	PSMD11	0	1	1	0	ASD_only
HGNC:1775	CDK5R1	0	0	0	0	Background
HGNC:7598	MYO1D	0	0	0	0	Background
HGNC:24529	TMEM98	0	0	0	0	Background
HGNC:16260	SPACA3	0	0	0	0	Background
HGNC:99	ASIC2	0	0	0	0	Background
HGNC:10618	CCL2	0	0	0	0	Background
HGNC:10634	CCL7	0	0	0	0	Background
HGNC:10610	CCL11	0	0	0	0	Background
HGNC:10635	CCL8	0	0	0	0	Background
HGNC:10611	CCL13	0	0	0	0	Background
HGNC:10609	CCL1	0	0	0	0	Background
HGNC:34412	TMEM132E-DT	0	0	0	0	Background
HGNC:26991	TMEM132E	0	0	0	0	Background
HGNC:1621	CCT6B	0	0	0	0	Background
HGNC:28291	ZNF830	0	0	0	0	Background
HGNC:6600	LIG3	0	0	0	0	Background
HGNC:24821	RFFL	0	0	0	0	Background
HGNC:9823	RAD51D	0	0	0	0	Background
HGNC:25286	FNDC8	0	0	0	0	Background
HGNC:19889	NLE1	0	0	0	0	Background
HGNC:14304	UNC45B	0	0	0	0	Background
HGNC:26848	SLC35G3	0	0	0	0	Background
HGNC:28286	SLFN5	0	0	0	0	Background
HGNC:26633	SLFN11	0	0	0	0	Background
HGNC:25500	SLFN12	0	0	0	0	Background
HGNC:26481	SLFN13	0	0	0	0	Background
HGNC:33920	SLFN12L	0	0	0	0	Background
HGNC:32689	SLFN14	0	0	0	0	Background
HGNC:8854	PEX12	0	0	0	0	Background
HGNC:563	AP2B1	0	0	0	0	Background
HGNC:30295	RASL10B	0	0	0	0	Background
HGNC:24846	GAS2L2	0	0	0	0	Background
HGNC:14366	MMP28	0	0	0	0	Background
HGNC:11547	TAF15	0	0	0	0	Background
HGNC:10632	CCL5	0	0	0	0	Background
HGNC:19950	RDM1	0	0	0	0	Background
HGNC:29614	LYZL6	0	0	0	0	Background
HGNC:10614	CCL16	0	0	0	0	Background
HGNC:10612	CCL14	0	0	0	0	Background
HGNC:44436	CCL15-CCL14	0	0	0	0	Background
HGNC:10613	CCL15	0	0	0	0	Background
HGNC:10622	CCL23	0	0	0	0	Background
HGNC:10616	CCL18	0	0	0	0	Background
HGNC:10627	CCL3	0	0	0	0	Background
HGNC:10630	CCL4	0	0	0	0	Background
HGNC:27011	TBC1D3B	0	0	0	0	Background
HGNC:30554	CCL3L3	0	0	0	0	Background
HGNC:10631	CCL4L1	0	0	0	0	Background
HGNC:24889	TBC1D3C	0	0	0	0	Background
HGNC:30708	TBC1D3H	0	0	0	0	Background
HGNC:10628	CCL3L1	0	0	0	0	Background
HGNC:24066	CCL4L2	0	0	0	0	Background
HGNC:29860	TBC1D3G	0	0	0	0	Background
HGNC:12309	ZNHIT3	0	0	0	0	Background
HGNC:26234	MYO19	0	0	0	0	Background
HGNC:23213	PIGW	0	0	0	0	Background
HGNC:19357	GGNBP2	0	1	1	0	ASD_only
HGNC:28639	DHRS11	0	0	0	0	Background
HGNC:26202	MRM1	0	0	0	0	Background
HGNC:6593	LHX1	0	0	0	0	Background
HGNC:19235	AATF	0	0	0	0	Background
HGNC:84	ACACA	0	0	0	0	Background
HGNC:26831	C17orf78	0	0	0	0	Background
HGNC:11531	TADA2A	0	0	0	0	Background
HGNC:17007	DUSP14	0	0	0	0	Background
HGNC:557	SYNRG	0	0	0	0	Background
HGNC:20038	DDX52	0	0	0	0	Background
HGNC:11630	HNF1B	0	0	0	0	Background
HGNC:18257	TBC1D3F	0	0	0	0	Background
HGNC:19031	TBC1D3	0	0	0	0	Background
HGNC:16651	MRPL45	0	0	0	0	Background
HGNC:31371	GPR179	0	0	0	0	Background
HGNC:29846	SOCS7	0	0	0	0	Background
HGNC:29293	ARHGAP23	0	0	0	0	Background
HGNC:29506	SRCIN1	0	0	0	0	Background
HGNC:7138	MLLT6	0	0	0	0	Background
HGNC:27578	CISD3	0	0	0	0	Background
HGNC:12929	PCGF2	0	0	0	0	Background
HGNC:9540	PSMB3	0	0	0	0	Background
HGNC:8998	PIP4K2B	0	0	0	0	Background
HGNC:25989	CWC25	0	0	0	0	Background
HGNC:10316	RPL23	0	0	0	0	Background
HGNC:6513	LASP1	0	0	0	0	Background
HGNC:31969	FBXO47	0	0	0	0	Background
HGNC:20945	PLXDC1	0	0	0	0	Background
HGNC:31111	ARL5C	0	0	0	0	Background
HGNC:1401	CACNB1	0	0	0	0	Background
HGNC:10312	RPL19	0	0	0	0	Background
HGNC:23990	STAC2	0	0	0	0	Background
HGNC:24679	FBXL20	0	0	0	0	Background
HGNC:9234	MED1	0	0	0	0	Background
HGNC:24224	CDK12	0	0	0	0	Background
HGNC:7763	NEUROD2	0	0	0	0	Background
HGNC:9287	PPP1R1B	0	1	1	0	ASD_only
HGNC:17579	STARD3	0	0	0	0	Background
HGNC:11610	TCAP	0	0	0	0	Background
HGNC:9160	PNMT	0	0	0	0	Background
HGNC:23719	PGAP3	0	0	0	0	Background
HGNC:3430	ERBB2	0	0	0	0	Background
HGNC:28230	MIEN1	0	0	0	0	Background
HGNC:4567	GRB7	0	0	0	0	Background
HGNC:13178	IKZF3	1	0	0	0	IEI_only
HGNC:20678	ZPBP2	0	0	0	0	Background
HGNC:23690	GSDMB	0	0	0	0	Background
HGNC:16038	ORMDL3	0	0	0	0	Background
HGNC:40034	LRRC3C	0	0	0	0	Background
HGNC:13311	GSDMA	0	0	0	0	Background
HGNC:9560	PSMD3	0	0	0	0	Background
HGNC:2438	CSF3	0	0	0	0	Background
HGNC:22963	MED24	0	0	0	0	Background
HGNC:11796	THRA	0	1	1	0	ASD_only
HGNC:7962	NR1D1	0	1	1	0	ASD_only
HGNC:27905	MSL1	0	0	0	0	Background
HGNC:17040	CASC3	0	0	0	0	Background
HGNC:17428	RAPGEFL1	0	0	0	0	Background
HGNC:30923	WIPF2	0	0	0	0	Background
HGNC:1744	CDC6	0	0	0	0	Background
HGNC:9864	RARA	0	0	0	0	Background
HGNC:56092	GJD3-AS1	0	0	0	0	Background
HGNC:19147	GJD3	0	0	0	0	Background
HGNC:11989	TOP2A	0	0	0	0	Background
HGNC:5473	IGFBP4	0	0	0	0	Background
HGNC:24352	TNS4	0	0	0	0	Background
HGNC:1608	CCR7	0	0	0	0	Background
HGNC:11109	SMARCE1	0	0	0	0	Background
HGNC:28695	KRT222	0	0	0	0	Background
HGNC:18527	KRT24	0	0	0	0	Background
HGNC:30839	KRT25	0	0	0	0	Background
HGNC:30840	KRT26	0	1	1	0	ASD_only
HGNC:30841	KRT27	0	0	0	0	Background
HGNC:30842	KRT28	0	0	0	0	Background
HGNC:6413	KRT10	0	0	0	0	Background
HGNC:28305	KRT10-AS1	0	0	0	0	Background
HGNC:6414	KRT12	0	0	0	0	Background
HGNC:20412	KRT20	0	0	0	0	Background
HGNC:6438	KRT23	0	0	0	0	Background
HGNC:32971	KRT39	0	0	0	0	Background
HGNC:26707	KRT40	0	0	0	0	Background
HGNC:18890	KRTAP3-3	0	0	0	0	Background
HGNC:16779	KRTAP3-2	0	0	0	0	Background
HGNC:16778	KRTAP3-1	0	0	0	0	Background
HGNC:16777	KRTAP1-5	0	0	0	0	Background
HGNC:18904	KRTAP1-4	0	0	0	0	Background
HGNC:16771	KRTAP1-3	0	0	0	0	Background
HGNC:16772	KRTAP1-1	0	0	0	0	Background
HGNC:16775	KRTAP2-1	0	0	0	0	Background
HGNC:18905	KRTAP2-2	0	0	0	0	Background
HGNC:18906	KRTAP2-3	0	0	0	0	Background
HGNC:18891	KRTAP2-4	0	0	0	0	Background
HGNC:18898	KRTAP4-7	0	0	0	0	Background
HGNC:17230	KRTAP4-8	0	0	0	0	Background
HGNC:18921	KRTAP4-16	0	0	0	0	Background
HGNC:18910	KRTAP4-9	0	0	0	0	Background
HGNC:18911	KRTAP4-11	0	0	0	0	Background
HGNC:16776	KRTAP4-12	0	0	0	0	Background
HGNC:18909	KRTAP4-6	0	0	0	0	Background
HGNC:18899	KRTAP4-5	0	0	0	0	Background
HGNC:16928	KRTAP4-4	0	0	0	0	Background
HGNC:18908	KRTAP4-3	0	0	0	0	Background
HGNC:18900	KRTAP4-2	0	0	0	0	Background
HGNC:18907	KRTAP4-1	0	0	0	0	Background
HGNC:18912	KRTAP9-1	0	0	0	0	Background
HGNC:16926	KRTAP9-2	0	0	0	0	Background
HGNC:16927	KRTAP9-3	0	0	0	0	Background
HGNC:17231	KRTAP9-8	0	0	0	0	Background
HGNC:18902	KRTAP9-4	0	0	0	0	Background
HGNC:16773	KRTAP9-9	0	0	0	0	Background
HGNC:18914	KRTAP9-6	0	0	0	0	Background
HGNC:18915	KRTAP9-7	0	0	0	0	Background
HGNC:34211	KRTAP29-1	0	0	0	0	Background
HGNC:18916	KRTAP16-1	0	0	0	0	Background
HGNC:18917	KRTAP17-1	0	0	0	0	Background
HGNC:6450	KRT33A	0	0	0	0	Background
HGNC:6451	KRT33B	0	0	0	0	Background
HGNC:6452	KRT34	0	0	0	0	Background
HGNC:6448	KRT31	0	0	0	0	Background
HGNC:6455	KRT37	0	0	0	0	Background
HGNC:6456	KRT38	0	0	0	0	Background
HGNC:6449	KRT32	0	0	0	0	Background
HGNC:6453	KRT35	0	0	0	0	Background
HGNC:6454	KRT36	0	0	0	0	Background
HGNC:6415	KRT13	0	0	0	0	Background
HGNC:6421	KRT15	0	0	0	0	Background
HGNC:6436	KRT19	0	0	0	0	Background
HGNC:6447	KRT9	0	0	0	0	Background
HGNC:6416	KRT14	0	0	0	0	Background
HGNC:6423	KRT16	0	0	0	0	Background
HGNC:6427	KRT17	0	0	0	0	Background
HGNC:6207	JUP	0	0	0	0	Background
HGNC:3249	EIF1	0	0	0	0	Background
HGNC:4164	GAST	0	0	0	0	Background
HGNC:4812	HAP1	0	0	0	0	Background
HGNC:16946	P3H4	0	0	0	0	Background
HGNC:18169	FKBP10	0	0	0	0	Background
HGNC:28300	NT5C3B	0	0	0	0	Background
HGNC:18829	KLHL10	0	0	0	0	Background
HGNC:19008	KLHL11	0	0	0	0	Background
HGNC:115	ACLY	0	0	0	0	Background
HGNC:2158	CNP	0	0	0	0	Background
HGNC:12392	DNAJC7	0	0	0	0	Background
HGNC:17898	NKIRAS2	0	0	0	0	Background
HGNC:33722	ZNF385C	0	0	0	0	Background
HGNC:29517	DHX58	0	0	0	0	Background
HGNC:4201	KAT2A	0	0	0	0	Background
HGNC:30589	HSPB9	0	0	0	0	Background
HGNC:9785	RAB5C	0	0	0	0	Background
HGNC:6253	KCNH4	0	0	0	0	Background
HGNC:4847	HCRT	0	0	0	0	Background
HGNC:24438	GHDC	0	0	0	0	Background
HGNC:11367	STAT5B	1	0	0	0	IEI_only
HGNC:11366	STAT5A	0	0	0	0	Background
HGNC:11364	STAT3	1	0	0	0	IEI_only
HGNC:9688	CAVIN1	0	0	0	0	Background
HGNC:865	ATP6V0A1	0	0	0	0	Background
HGNC:7632	NAGLU	0	0	0	0	Background
HGNC:5210	HSD17B1	0	0	0	0	Background
HGNC:29932	COASY	0	0	0	0	Background
HGNC:11645	MLX	0	0	0	0	Background
HGNC:17928	PSMC3IP	0	0	0	0	Background
HGNC:27258	RETREG3	0	0	0	0	Background
HGNC:12417	TUBG1	0	0	0	0	Background
HGNC:12419	TUBG2	0	0	0	0	Background
HGNC:26105	PLEKHH3	0	0	0	0	Background
HGNC:4474	CCR10	0	0	0	0	Background
HGNC:8011	CNTNAP1	0	0	0	0	Background
HGNC:3526	EZH1	0	0	0	0	Background
HGNC:9844	RAMP2	0	0	0	0	Background
HGNC:28122	VPS25	0	0	0	0	Background
HGNC:14544	WNK4	0	0	0	0	Background
HGNC:24990	COA3	0	0	0	0	Background
HGNC:26847	CNTD1	0	0	0	0	Background
HGNC:1034	BECN1	0	0	0	0	Background
HGNC:9570	PSME3	0	0	0	0	Background
HGNC:549	AOC2	0	0	0	0	Background
HGNC:550	AOC3	0	0	0	0	Background
HGNC:4056	G6PC1	0	0	0	0	Background
HGNC:28417	AARSD1	0	0	0	0	Background
HGNC:43946	PTGES3L-AARSD1	0	0	0	0	Background
HGNC:43943	PTGES3L	0	0	0	0	Background
HGNC:25418	RUNDC1	0	0	0	0	Background
HGNC:10328	RPL27	0	0	0	0	Background
HGNC:5399	IFI35	0	0	0	0	Background
HGNC:16919	VAT1	0	0	0	0	Background
HGNC:18315	RND2	0	0	0	0	Background
HGNC:1100	BRCA1	1	0	0	0	IEI_only
HGNC:6746	NBR1	0	0	0	0	Background
HGNC:28288	TMEM106A	0	0	0	0	Background
HGNC:656	ARL4D	0	0	0	0	Background
HGNC:2749	DHX8	0	0	0	0	Background
HGNC:3493	ETV4	0	0	0	0	Background
HGNC:7013	MEOX1	0	0	0	0	Background
HGNC:13771	SOST	0	0	0	0	Background
HGNC:3069	DUSP3	0	0	0	0	Background
HGNC:37241	CFAP97D1	0	0	0	0	Background
HGNC:7221	MPP3	0	0	0	0	Background
HGNC:30455	CD300LG	0	0	0	0	Background
HGNC:7220	MPP2	0	0	0	0	Background
HGNC:17505	FAM215A	0	0	0	0	Background
HGNC:52803	LINC01976	0	0	0	0	Background
HGNC:9327	PPY	0	0	0	0	Background
HGNC:9748	PYY	0	0	0	0	Background
HGNC:17996	NAGS	0	0	0	0	Background
HGNC:28653	TMEM101	0	0	0	0	Background
HGNC:26407	LSM12	0	0	0	0	Background
HGNC:24861	G6PC3	1	0	0	0	IEI_only
HGNC:14068	HDAC5	0	0	0	0	Background
HGNC:28460	HROB	0	0	0	0	Background
HGNC:19768	ASB16	0	0	0	0	Background
HGNC:28459	TMUB2	0	0	0	0	Background
HGNC:25416	ATXN7L3	0	0	0	0	Background
HGNC:12511	UBTF	0	0	0	0	Background
HGNC:11027	SLC4A1	0	0	0	0	Background
HGNC:16984	RUNDC3A	0	0	0	0	Background
HGNC:24279	SLC25A39	0	1	1	0	ASD_only
HGNC:4601	GRN	0	0	0	0	Background
HGNC:30480	FAM171A2	0	0	0	0	Background
HGNC:6138	ITGA2B	0	0	0	0	Background
HGNC:29066	GPATCH8	0	0	0	0	Background
HGNC:4040	FZD2	0	0	0	0	Background
HGNC:26670	MEIOC	0	0	0	0	Background
HGNC:26472	CCDC43	0	0	0	0	Background
HGNC:17883	DBF4B	0	0	0	0	Background
HGNC:189	ADAM11	0	0	0	0	Background
HGNC:4280	GJC1	0	0	0	0	Background
HGNC:24318	HIGD1B	0	0	0	0	Background
HGNC:30858	EFTUD2	0	0	0	0	Background
HGNC:32700	DNAAF19	0	0	0	0	Background
HGNC:35153	FAM187A	0	0	0	0	Background
HGNC:4235	GFAP	0	1	1	0	ASD_only
HGNC:27102	KIF18B	0	0	0	0	Background
HGNC:24182	C1QL1	0	0	0	0	Background
HGNC:26238	DCAKD	0	0	0	0	Background
HGNC:7857	NMT1	0	0	0	0	Background
HGNC:9061	PLCD3	0	0	0	0	Background
HGNC:23337	ACBD4	0	0	0	0	Background
HGNC:24953	HEXIM1	0	0	0	0	Background
HGNC:28591	HEXIM2	0	0	0	0	Background
HGNC:1212	FMNL1	0	0	0	0	Background
HGNC:26349	SPATA32	0	0	0	0	Background
HGNC:31813	ARHGAP27	0	0	0	0	Background
HGNC:29017	PLEKHM1	1	0	0	0	IEI_only
HGNC:2357	CRHR1	0	0	0	0	Background
HGNC:28902	SPPL2C	0	0	0	0	Background
HGNC:6893	MAPT	0	0	0	0	Background
HGNC:18839	STH	0	0	0	0	Background
HGNC:24565	KANSL1	0	1	1	0	ASD_only
HGNC:32387	ARL17B	0	0	0	0	Background
HGNC:29069	LRRC37A	0	0	0	0	Background
HGNC:32404	LRRC37A2	0	0	0	0	Background
HGNC:24096	ARL17A	0	0	0	0	Background
HGNC:8016	NSF	0	0	0	0	Background
HGNC:12782	WNT3	0	0	0	0	Background
HGNC:12779	WNT9B	0	0	0	0	Background
HGNC:4431	GOSR2	0	0	0	0	Background
HGNC:32422	RPRML	0	0	0	0	Background
HGNC:1728	CDC27	0	0	0	0	Background
HGNC:7585	MYL4	0	0	0	0	Background
HGNC:6156	ITGB3	0	1	1	0	ASD_only
HGNC:26864	EFCAB13	0	0	0	0	Background
HGNC:7900	NPEPPS	0	0	0	0	Background
HGNC:6400	KPNB1	0	0	0	0	Background
HGNC:30140	TBKBP1	0	0	0	0	Background
HGNC:11599	TBX21	1	0	0	0	IEI_only
HGNC:16387	OSBPL7	0	0	0	0	Background
HGNC:14055	MRPL10	0	0	0	0	Background
HGNC:25047	LRRC46	0	0	0	0	Background
HGNC:30381	SCRN2	0	0	0	0	Background
HGNC:14530	SP6	0	0	0	0	Background
HGNC:11207	SP2	0	0	0	0	Background
HGNC:30260	PNPO	0	0	0	0	Background
HGNC:28149	PRR15L	0	0	0	0	Background
HGNC:18673	CDK5RAP3	0	0	0	0	Background
HGNC:19356	COPZ2	0	0	0	0	Background
HGNC:7781	NFE2L1	0	0	0	0	Background
HGNC:1551	CBX1	0	0	0	0	Background
HGNC:14975	SNX11	0	0	0	0	Background
HGNC:15605	SKAP1	0	0	0	0	Background
HGNC:5111	HOXB1	0	0	0	0	Background
HGNC:5113	HOXB2	0	0	0	0	Background
HGNC:5114	HOXB3	0	0	0	0	Background
HGNC:5115	HOXB4	0	0	0	0	Background
HGNC:5116	HOXB5	0	0	0	0	Background
HGNC:5117	HOXB6	0	0	0	0	Background
HGNC:5118	HOXB7	0	0	0	0	Background
HGNC:5119	HOXB8	0	0	0	0	Background
HGNC:5120	HOXB9	0	0	0	0	Background
HGNC:30591	PRAC1	0	0	0	0	Background
HGNC:5112	HOXB13	0	0	0	0	Background
HGNC:26664	TTLL6	0	0	0	0	Background
HGNC:29912	CALCOCO2	0	0	0	0	Background
HGNC:841	ATP5MC1	0	0	0	0	Background
HGNC:25847	UBE2Z	0	0	0	0	Background
HGNC:17028	SNF8	0	0	0	0	Background
HGNC:4270	GIP	0	0	0	0	Background
HGNC:28866	IGF2BP1	0	0	0	0	Background
HGNC:24136	B4GALNT2	0	0	0	0	Background
HGNC:4412	GNGT2	0	0	0	0	Background
HGNC:29859	ABI3	0	0	0	0	Background
HGNC:16815	PHOSPHO1	0	0	0	0	Background
HGNC:29147	ZNF652	0	0	0	0	Background
HGNC:8912	PHB1	0	1	1	0	ASD_only
HGNC:7809	NGFR	0	0	0	0	Background
HGNC:8077	NXPH3	0	0	0	0	Background
HGNC:11254	SPOP	0	0	0	0	Background
HGNC:20798	SLC35B1	0	1	1	0	ASD_only
HGNC:24179	FAM117A	0	0	0	0	Background
HGNC:17016	KAT7	0	0	0	0	Background
HGNC:16641	TAC4	0	0	0	0	Background
HGNC:2917	DLX4	0	0	0	0	Background
HGNC:2916	DLX3	0	1	1	0	ASD_only
HGNC:6139	ITGA3	0	0	0	0	Background
HGNC:8810	PDK2	0	1	1	0	ASD_only
HGNC:27312	SAMD14	0	0	0	0	Background
HGNC:9298	PPP1R9B	0	1	1	0	ASD_only
HGNC:10805	SGCA	0	0	0	0	Background
HGNC:2197	COL1A1	0	0	0	0	Background
HGNC:26579	TMEM92	0	0	0	0	Background
HGNC:15517	XYLT2	0	0	0	0	Background
HGNC:14483	MRPL27	0	0	0	0	Background
HGNC:24965	EME1	0	0	0	0	Background
HGNC:28817	LRRC59	0	0	0	0	Background
HGNC:26101	ACSF2	0	0	0	0	Background
HGNC:1909	CHAD	0	0	0	0	Background
HGNC:25634	RSAD1	0	0	0	0	Background
HGNC:19677	MYCBPAP	0	0	0	0	Background
HGNC:18235	EPN3	0	0	0	0	Background
HGNC:26125	SPATA20	0	0	0	0	Background
HGNC:1394	CACNA1G	0	1	1	0	ASD_only
HGNC:54	ABCC3	0	0	0	0	Background
HGNC:28233	ANKRD40	0	0	0	0	Background
HGNC:24309	LUC7L3	0	0	0	0	Background
HGNC:30916	WFIKKN2	0	0	0	0	Background
HGNC:11979	TOB1	0	0	0	0	Background
HGNC:14524	SPAG9	0	0	0	0	Background
HGNC:7849	NME1	0	0	0	0	Background
HGNC:7850	NME2	0	0	0	0	Background
HGNC:33531	NME1-NME2	0	0	0	0	Background
HGNC:19866	MBTD1	0	0	0	0	Background
HGNC:24274	UTP18	0	0	0	0	Background
HGNC:1369	CA10	0	0	0	0	Background
HGNC:52940	LINC02089	0	0	0	0	Background
HGNC:29443	KIF2B	0	0	0	0	Background
HGNC:11983	TOM1L1	0	0	0	0	Background
HGNC:2261	COX11	0	0	0	0	Background
HGNC:19694	STXBP4	0	0	0	0	Background
HGNC:4977	HLF	0	0	0	0	Background
HGNC:7153	MMD	0	0	0	0	Background
HGNC:25607	TMEM100	0	0	0	0	Background
HGNC:8752	PCTP	0	0	0	0	Background
HGNC:26766	ANKFN1	0	0	0	0	Background
HGNC:7866	NOG	0	0	0	0	Background
HGNC:27900	C17orf67	0	0	0	0	Background
HGNC:2852	DGKE	0	0	0	0	Background
HGNC:12932	TRIM25	0	0	0	0	Background
HGNC:2184	COIL	0	0	0	0	Background
HGNC:29507	SCPEP1	0	0	0	0	Background
HGNC:367	AKAP1	0	0	0	0	Background
HGNC:18585	MSI2	0	0	0	0	Background
HGNC:49392	CCDC182	0	0	0	0	Background
HGNC:14509	MRPS23	0	0	0	0	Background
HGNC:31350	CUEDC1	0	0	0	0	Background
HGNC:12949	VEZF1	0	1	1	0	ASD_only
HGNC:10780	SRSF1	0	0	0	0	Background
HGNC:24596	DYNLL2	0	0	0	0	Background
HGNC:8293	OR4D1	0	0	0	0	Background
HGNC:8294	OR4D2	0	0	0	0	Background
HGNC:3423	EPX	0	0	0	0	Background
HGNC:7121	MKS1	0	0	0	0	Background
HGNC:6678	LPO	0	0	0	0	Background
HGNC:7218	MPO	0	0	0	0	Background
HGNC:16831	TSPOAP1	0	1	1	0	ASD_only
HGNC:11467	SUPT4H1	0	0	0	0	Background
HGNC:18505	RNF43	0	0	0	0	Background
HGNC:26862	HSF5	0	0	0	0	Background
HGNC:7452	MTMR4	0	0	0	0	Background
HGNC:9165	SEPTIN4	0	0	0	0	Background
HGNC:11737	TEX14	0	0	0	0	Background
HGNC:9820	RAD51C	1	0	0	0	IEI_only
HGNC:19322	PPM1E	0	0	0	0	Background
HGNC:7523	TRIM37	0	0	0	0	Background
HGNC:28006	SKA2	0	0	0	0	Background
HGNC:25619	PRR11	0	0	0	0	Background
HGNC:25551	SMG8	0	0	0	0	Background
HGNC:20883	GDPD1	0	0	0	0	Background
HGNC:18326	YPEL2	0	0	0	0	Background
HGNC:18018	DHX40	0	0	0	0	Background
HGNC:2092	CLTC	0	0	0	0	Background
HGNC:24265	PTRH2	0	0	0	0	Background
HGNC:29559	VMP1	0	0	0	0	Background
HGNC:16811	TUBD1	0	0	0	0	Background
HGNC:10436	RPS6KB1	0	0	0	0	Background
HGNC:30206	RNFT1	0	0	0	0	Background
HGNC:24076	HEATR6	0	0	0	0	Background
HGNC:1375	CA4	0	0	0	0	Background
HGNC:19143	USP32	0	0	0	0	Background
HGNC:26990	CHCT1	0	0	0	0	Background
HGNC:622	APPBP2	0	0	0	0	Background
HGNC:52834	LINC01999	0	0	0	0	Background
HGNC:9277	PPM1D	0	1	1	0	ASD_only
HGNC:14347	BCAS3	0	0	0	0	Background
HGNC:11597	TBX2	0	0	0	0	Background
HGNC:32699	LINC02875	0	0	0	0	Background
HGNC:11603	TBX4	0	0	0	0	Background
HGNC:23290	NACA2	0	0	0	0	Background
HGNC:20473	BRIP1	1	0	0	0	IEI_only
HGNC:29241	INTS2	0	0	0	0	Background
HGNC:22474	MED13	0	1	1	0	ASD_only
HGNC:26379	EFCAB3	0	0	0	0	Background
HGNC:25755	METTL2A	0	0	0	0	Background
HGNC:11842	TLK2	0	1	1	0	ASD_only
HGNC:16875	MRC2	0	0	0	0	Background
HGNC:26655	MARCHF10	0	0	0	0	Background
HGNC:30212	TANC2	0	1	1	0	ASD_only
HGNC:2571	CYB561	0	0	0	0	Background
HGNC:2707	ACE	0	1	1	0	ASD_only
HGNC:18862	KCNH6	0	0	0	0	Background
HGNC:30915	DCAF7	0	0	0	0	Background
HGNC:24316	TACO1	0	0	0	0	Background
HGNC:6855	MAP3K3	0	0	0	0	Background
HGNC:28142	LIMD2	0	0	0	0	Background
HGNC:30172	STRADA	0	0	0	0	Background
HGNC:24856	CCDC47	0	0	0	0	Background
HGNC:18676	DDX42	0	0	0	0	Background
HGNC:17136	FTSJ3	0	0	0	0	Background
HGNC:9552	PSMC5	0	0	0	0	Background
HGNC:11107	SMARCD2	1	0	0	0	IEI_only
HGNC:2441	CSH2	0	0	0	0	Background
HGNC:4262	GH2	0	0	0	0	Background
HGNC:2440	CSH1	0	0	0	0	Background
HGNC:2442	CSHL1	0	0	0	0	Background
HGNC:4261	GH1	0	0	0	0	Background
HGNC:1699	CD79B	1	0	0	0	IEI_only
HGNC:10591	SCN4A	0	1	1	0	ASD_only
HGNC:25673	PRR29	0	0	0	0	Background
HGNC:5345	ICAM2	0	0	0	0	Background
HGNC:3449	ERN1	1	0	0	0	IEI_only
HGNC:30884	TEX2	0	0	0	0	Background
HGNC:27570	MILR1	0	0	0	0	Background
HGNC:9180	POLG2	0	0	0	0	Background
HGNC:2746	DDX5	0	0	0	0	Background
HGNC:25141	CEP95	0	0	0	0	Background
HGNC:16809	SMURF2	0	0	0	0	Background
HGNC:32427	LRRC37A3	0	0	0	0	Background
HGNC:4381	GNA13	0	0	0	0	Background
HGNC:10004	RGS9	0	0	0	0	Background
HGNC:904	AXIN2	0	0	0	0	Background
HGNC:28514	CEP112	0	0	0	0	Background
HGNC:616	APOH	0	0	0	0	Background
HGNC:9393	PRKCA	0	1	1	0	ASD_only
HGNC:1409	CACNG5	0	0	0	0	Background
HGNC:1408	CACNG4	0	0	0	0	Background
HGNC:1405	CACNG1	0	0	0	0	Background
HGNC:16878	HELZ	0	0	0	0	Background
HGNC:9557	PSMD12	1	1	1	1	Overlap_raw
HGNC:21045	PITPNC1	0	0	0	0	Background
HGNC:24557	NOL11	0	0	0	0	Background
HGNC:3581	BPTF	0	0	0	0	Background
HGNC:27568	C17orf58	0	0	0	0	Background
HGNC:6395	KPNA2	0	0	0	0	Background
HGNC:28041	AMZ2	0	0	0	0	Background
HGNC:24102	ARSG	0	0	0	0	Background
HGNC:10927	SLC16A6	0	0	0	0	Background
HGNC:25471	WIPI1	0	0	0	0	Background
HGNC:9388	PRKAR1A	0	0	0	0	Background
HGNC:23015	FAM20A	0	0	0	0	Background
HGNC:38	ABCA8	0	0	0	0	Background
HGNC:39	ABCA9	0	0	0	0	Background
HGNC:36	ABCA6	0	0	0	0	Background
HGNC:30	ABCA10	0	1	1	0	ASD_only
HGNC:35	ABCA5	0	0	0	0	Background
HGNC:6846	MAP2K6	0	0	0	0	Background
HGNC:6262	KCNJ16	0	0	0	0	Background
HGNC:6263	KCNJ2	0	0	0	0	Background
HGNC:11204	SOX9	0	0	0	0	Background
HGNC:14463	SLC39A11	0	0	0	0	Background
HGNC:11331	SSTR2	0	0	0	0	Background
HGNC:6545	COG1	0	0	0	0	Background
HGNC:25918	VCF1	0	0	0	0	Background
HGNC:29601	MTNAP1	0	0	0	0	Background
HGNC:33632	CPSF4L	0	0	0	0	Background
HGNC:17147	CDC42EP4	0	0	0	0	Background
HGNC:19308	SDK2	0	0	0	0	Background
HGNC:10349	RPL38	0	0	0	0	Background
HGNC:13877	TTYH2	0	0	0	0	Background
HGNC:18744	DNAI2	0	0	0	0	Background
HGNC:26735	KIF19	0	0	0	0	Background
HGNC:33758	BTBD17	0	0	0	0	Background
HGNC:20088	GPR142	0	0	0	0	Background
HGNC:13309	GPRC5C	0	0	0	0	Background
HGNC:19319	CD300A	0	0	0	0	Background
HGNC:30811	CD300LB	0	0	0	0	Background
HGNC:19320	CD300C	0	0	0	0	Background
HGNC:16848	CD300LD	0	0	0	0	Background
HGNC:26480	CD300LD-AS1	0	0	0	0	Background
HGNC:28874	CD300E	0	0	0	0	Background
HGNC:30268	RAB37	0	0	0	0	Background
HGNC:29883	CD300LF	0	0	0	0	Background
HGNC:11075	NHERF1	0	0	0	0	Background
HGNC:23133	NAT9	0	0	0	0	Background
HGNC:25984	SLC38A12	0	0	0	0	Background
HGNC:4587	GRIN2C	0	0	0	0	Background
HGNC:3642	FDXR	0	0	0	0	Background
HGNC:30459	FADS6	0	0	0	0	Background
HGNC:16356	USH1G	0	0	0	0	Background
HGNC:19657	OTOP2	0	0	0	0	Background
HGNC:19658	OTOP3	0	0	0	0	Background
HGNC:15736	HID1	0	0	0	0	Background
HGNC:29999	CDR2L	0	0	0	0	Background
HGNC:5359	MRPL58	0	0	0	0	Background
HGNC:21294	KCTD2	0	0	0	0	Background
HGNC:845	ATP5PD	0	0	0	0	Background
HGNC:10926	SLC16A5	0	0	0	0	Background
HGNC:26168	ARMC7	0	0	0	0	Background
HGNC:17144	NT5C	0	0	0	0	Background
HGNC:14569	JPT1	0	0	0	0	Background
HGNC:11125	SUMO2	0	0	0	0	Background
HGNC:8734	NUP85	0	0	0	0	Background
HGNC:17079	GGA3	0	0	0	0	Background
HGNC:14499	MRPS7	0	0	0	0	Background
HGNC:24030	MIF4GD	0	0	0	0	Background
HGNC:14409	SLC25A19	0	0	0	0	Background
HGNC:4566	GRB2	0	0	0	0	Background
HGNC:28983	TMEM94	0	0	0	0	Background
HGNC:18200	CASKIN2	0	0	0	0	Background
HGNC:27561	TSEN54	0	0	0	0	Background
HGNC:6629	LLGL2	0	0	0	0	Background
HGNC:14083	MYO15B	0	0	0	0	Background
HGNC:9950	RECQL5	0	0	0	0	Background
HGNC:40030	SMIM5	0	0	0	0	Background
HGNC:40032	ERLN	0	0	0	0	Background
HGNC:30785	SAP30BP	0	0	0	0	Background
HGNC:6158	ITGB4	0	0	0	0	Background
HGNC:4118	GALK1	0	0	0	0	Background
HGNC:4765	H3-3B	0	0	0	0	Background
HGNC:29369	UNK	0	0	0	0	Background
HGNC:23147	UNC13D	1	0	0	0	IEI_only
HGNC:12738	WBP2	0	0	0	0	Background
HGNC:19020	TRIM47	0	0	0	0	Background
HGNC:27316	TRIM65	0	0	0	0	Background
HGNC:14033	MRPL38	0	0	0	0	Background
HGNC:24674	FBF1	0	0	0	0	Background
HGNC:119	ACOX1	0	0	0	0	Background
HGNC:37242	TEN1	0	0	0	0	Background
HGNC:1772	CDK3	0	0	0	0	Background
HGNC:3503	EVPL	0	0	0	0	Background
HGNC:11302	SRP68	0	0	0	0	Background
HGNC:29504	ZACN	0	0	0	0	Background
HGNC:4133	GALR2	0	0	0	0	Background
HGNC:23214	EXOC7	0	0	0	0	Background
HGNC:3816	FOXJ1	0	0	0	0	Background
HGNC:29402	RNF157	0	0	0	0	Background
HGNC:28438	UBALD2	0	0	0	0	Background
HGNC:25326	QRICH2	0	0	0	0	Background
HGNC:9466	PRPSAP1	0	0	0	0	Background
HGNC:11240	SPHK1	0	0	0	0	Background
HGNC:29554	UBE2O	0	0	0	0	Background
HGNC:19	AANAT	0	0	0	0	Background
HGNC:20788	RHBDF2	1	0	0	0	IEI_only
HGNC:16505	CYGB	0	0	0	0	Background
HGNC:32528	PRCD	0	0	0	0	Background
HGNC:10867	ST6GALNAC2	0	0	0	0	Background
HGNC:23614	ST6GALNAC1	0	0	0	0	Background
HGNC:7541	MXRA7	0	0	0	0	Background
HGNC:19355	JMJD6	0	0	0	0	Background
HGNC:26988	METTL23	0	0	0	0	Background
HGNC:10783	SRSF2	0	0	0	0	Background
HGNC:25458	MFSD11	0	0	0	0	Background
HGNC:24140	MGAT5B	0	0	0	0	Background
HGNC:10698	SEC14L1	0	0	0	0	Background
HGNC:7323	SEPTIN9	0	0	0	0	Background
HGNC:52800	LINC01973	0	0	0	0	Background
HGNC:29318	TNRC6C	0	1	1	0	ASD_only
HGNC:18021	TMC6	1	0	0	0	IEI_only
HGNC:20474	TMC8	1	0	0	0	IEI_only
HGNC:34490	C17orf99	0	0	0	0	Background
HGNC:11499	SYNGR2	0	0	0	0	Background
HGNC:11830	TK1	0	0	0	0	Background
HGNC:20910	AFMID	0	0	0	0	Background
HGNC:593	BIRC5	0	0	0	0	Background
HGNC:27563	TMEM235	0	0	0	0	Background
HGNC:19391	SOCS3	0	0	0	0	Background
HGNC:30029	PGS1	0	0	0	0	Background
HGNC:2946	DNAH17	0	1	1	0	ASD_only
HGNC:48594	DNAH17-AS1	0	0	0	0	Background
HGNC:9501	CYTH1	0	0	0	0	Background
HGNC:20062	USP36	0	0	0	0	Background
HGNC:11821	TIMP2	0	0	0	0	Background
HGNC:44659	CEP295NL	0	0	0	0	Background
HGNC:6564	LGALS3BP	0	0	0	0	Background
HGNC:19721	CANT1	0	0	0	0	Background
HGNC:44351	C1QTNF1-AS1	0	0	0	0	Background
HGNC:14324	C1QTNF1	0	0	0	0	Background
HGNC:24622	ENGASE	0	0	0	0	Background
HGNC:27097	RBFOX3	0	0	0	0	Background
HGNC:23764	ENPP7	0	0	0	0	Background
HGNC:1552	CBX2	0	0	0	0	Background
HGNC:15962	CBX8	0	0	0	0	Background
HGNC:1554	CBX4	0	0	0	0	Background
HGNC:28356	TBC1D16	0	0	0	0	Background
HGNC:26090	CCDC40	0	0	0	0	Background
HGNC:4065	GAA	0	0	0	0	Background
HGNC:18683	EIF4A3	0	0	0	0	Background
HGNC:16446	CARD14	1	0	0	0	IEI_only
HGNC:10818	SGSH	0	0	0	0	Background
HGNC:14471	SLC26A11	0	0	0	0	Background
HGNC:14539	RNF213	0	0	0	0	Background
HGNC:26640	ENDOV	0	0	0	0	Background
HGNC:7952	NPTX1	0	0	0	0	Background
HGNC:30287	RPTOR	0	0	0	0	Background
HGNC:25675	CHMP6	0	0	0	0	Background
HGNC:947	BAIAP2	0	0	0	0	Background
HGNC:21	LMTK1	0	0	0	0	Background
HGNC:29511	CEP131	0	0	0	0	Background
HGNC:26458	TEPSIN	0	0	0	0	Background
HGNC:33551	NDUFAF8	0	0	0	0	Background
HGNC:28237	SLC38A10	0	1	1	0	ASD_only
HGNC:26794	TMEM105	0	0	0	0	Background
HGNC:144	ACTG1	0	0	0	0	Background
HGNC:3960	FSCN2	0	0	0	0	Background
HGNC:26171	FAAP100	0	0	0	0	Background
HGNC:18261	NPLOC4	0	0	0	0	Background
HGNC:8789	PDE6G	0	0	0	0	Background
HGNC:27901	OXLD1	0	0	0	0	Background
HGNC:33451	CCDC137	0	0	0	0	Background
HGNC:27902	ARL16	0	0	0	0	Background
HGNC:4897	HGS	0	0	0	0	Background
HGNC:10378	MRPL12	0	0	0	0	Background
HGNC:10980	SLC25A10	0	0	0	0	Background
HGNC:4192	GCGR	0	0	0	0	Background
HGNC:28007	MCRIP1	0	0	0	0	Background
HGNC:16813	PPP1R27	0	0	0	0	Background
HGNC:8548	P4HB	0	0	0	0	Background
HGNC:678	ARHGDIA	0	0	0	0	Background
HGNC:19071	ALYREF	0	0	0	0	Background
HGNC:14452	ANAPC11	0	0	0	0	Background
HGNC:30099	NPB	0	0	0	0	Background
HGNC:8756	PCYT2	0	0	0	0	Background
HGNC:14935	SIRT7	0	0	0	0	Background
HGNC:6781	MAFG	0	0	0	0	Background
HGNC:9721	PYCR1	0	0	0	0	Background
HGNC:34548	MYADML2	0	0	0	0	Background
HGNC:27106	NOTUM	0	0	0	0	Background
HGNC:13825	ASPSCR1	0	0	0	0	Background
HGNC:11422	CENPX	0	0	0	0	Background
HGNC:28302	LRRC45	0	0	0	0	Background
HGNC:9803	RAC3	0	0	0	0	Background
HGNC:18985	DCXR	0	0	0	0	Background
HGNC:9974	RFNG	0	0	0	0	Background
HGNC:4549	GPS1	0	0	0	0	Background
HGNC:30086	DUS1L	0	0	0	0	Background
HGNC:3594	FASN	0	0	0	0	Background
HGNC:27564	CCDC57	0	0	0	0	Background
HGNC:10924	SLC16A3	0	0	0	0	Background
HGNC:2452	CSNK1D	0	0	0	0	Background
HGNC:1695	CD7	0	0	0	0	Background
HGNC:10707	SECTM1	0	0	0	0	Background
HGNC:33802	TEX19	0	0	0	0	Background
HGNC:4468	UTS2R	0	0	0	0	Background
HGNC:26174	OGFOD3	0	0	0	0	Background
HGNC:26307	HEXD	0	0	0	0	Background
HGNC:28672	CYBC1	1	0	0	0	IEI_only
HGNC:29916	NARF	0	0	0	0	Background
HGNC:6036	FOXK2	0	0	0	0	Background
HGNC:25072	WDR45B	0	0	0	0	Background
HGNC:18284	RAB40B	0	0	0	0	Background
HGNC:25700	FN3KRP	0	0	0	0	Background
HGNC:24822	FN3K	0	0	0	0	Background
HGNC:11581	TBCD	0	0	0	0	Background
HGNC:25843	ZNF750	0	0	0	0	Background
HGNC:21727	QTGAL	0	0	0	0	Background
HGNC:27584	METRNL	0	0	0	0	Background
HGNC:24983	TUBB8B	0	0	0	0	Background
HGNC:12612	USP14	0	0	0	0	Background
HGNC:19070	THOC1	0	0	0	0	Background
HGNC:16016	COLEC12	0	0	0	0	Background
HGNC:1866	CETN1	0	0	0	0	Background
HGNC:2096	CLUL1	0	0	0	0	Background
HGNC:29553	TYMSOS	0	0	0	0	Background
HGNC:12441	TYMS	0	0	0	0	Background
HGNC:30365	ENOSF1	0	0	0	0	Background
HGNC:12841	YES1	0	0	0	0	Background
HGNC:241	ADCYAP1	0	0	0	0	Background
HGNC:24726	METTL4	0	0	0	0	Background
HGNC:16909	NDC80	0	0	0	0	Background
HGNC:29090	SMCHD1	0	0	0	0	Background
HGNC:19881	EMILIN2	0	0	0	0	Background
HGNC:14450	LPIN2	1	0	0	0	IEI_only
HGNC:7613	MYOM1	0	0	0	0	Background
HGNC:16701	MYL12A	0	0	0	0	Background
HGNC:29827	MYL12B	0	0	0	0	Background
HGNC:11776	TGIF1	0	0	0	0	Background
HGNC:2905	DLGAP1	0	1	1	0	ASD_only
HGNC:28285	AKAIN1	0	0	0	0	Background
HGNC:12860	ZBTB14	0	0	0	0	Background
HGNC:3380	EPB41L3	0	0	0	0	Background
HGNC:37208	TMEM200C	0	0	0	0	Background
HGNC:26677	L3MBTL4	0	0	0	0	Background
HGNC:44660	LINC01387	0	0	0	0	Background
HGNC:25509	ARHGAP28	0	0	0	0	Background
HGNC:6481	LAMA1	0	1	1	0	ASD_only
HGNC:30219	LRRC30	0	0	0	0	Background
HGNC:9675	PTPRM	0	0	0	0	Background
HGNC:31332	RAB12	0	0	0	0	Background
HGNC:29121	MTCL1	0	0	0	0	Background
HGNC:7717	NDUFV2	0	0	0	0	Background
HGNC:29135	ANKRD12	0	0	0	0	Background
HGNC:12429	TWSG1	0	0	0	0	Background
HGNC:9841	RALBP1	0	0	0	0	Background
HGNC:9320	PPP4R1	0	0	0	0	Background
HGNC:9771	RAB31	0	0	0	0	Background
HGNC:16470	TXNDC2	0	0	0	0	Background
HGNC:12648	VAPA	0	0	0	0	Background
HGNC:15718	APCDD1	0	0	0	0	Background
HGNC:7642	NAPG	0	0	0	0	Background
HGNC:26270	PIEZO2	0	0	0	0	Background
HGNC:4388	GNAL	0	0	0	0	Background
HGNC:24287	CHMP1B	0	0	0	0	Background
HGNC:15988	MPPE1	0	0	0	0	Background
HGNC:6051	IMPA2	0	0	0	0	Background
HGNC:35241	ANKRD62	0	0	0	0	Background
HGNC:1976	CIDEA	0	0	0	0	Background
HGNC:20776	TUBB6	0	0	0	0	Background
HGNC:315	AFG3L2	0	0	0	0	Background
HGNC:24639	PRELID3A	0	0	0	0	Background
HGNC:30622	SPIRE1	0	0	0	0	Background
HGNC:24929	PSMG2	1	0	0	0	IEI_only
HGNC:25727	CEP76	0	0	0	0	Background
HGNC:9650	PTPN2	1	0	0	0	IEI_only
HGNC:30379	SEH1L	0	0	0	0	Background
HGNC:25515	CEP192	0	0	0	0	Background
HGNC:1224	LDLRAD4	0	0	0	0	Background
HGNC:28346	MIMS1	0	0	0	0	Background
HGNC:10075	RNMT	0	0	0	0	Background
HGNC:6933	MC5R	0	0	0	0	Background
HGNC:6930	MC2R	0	0	0	0	Background
HGNC:30574	ZNF519	0	0	0	0	Background
HGNC:33894	POTEC	0	0	0	0	Background
HGNC:24165	ANKRD30B	0	0	0	0	Background
HGNC:10251	ROCK1	0	0	0	0	Background
HGNC:31042	GREB1L	0	0	0	0	Background
HGNC:24645	ESCO1	0	0	0	0	Background
HGNC:11158	SNRPD1	0	0	0	0	Background
HGNC:18718	ABHD3	0	0	0	0	Background
HGNC:21086	MIB1	0	1	1	0	ASD_only
HGNC:4174	GATA6	0	0	0	0	Background
HGNC:24346	CTAGE1	0	0	0	0	Background
HGNC:9891	RBBP8	0	0	0	0	Background
HGNC:25097	CABLES1	0	0	0	0	Background
HGNC:31723	SLC35D4	0	0	0	0	Background
HGNC:11451	RIOK3	0	0	0	0	Background
HGNC:24326	RMC1	0	0	0	0	Background
HGNC:7897	NPC1	0	0	0	0	Background
HGNC:27110	ANKRD29	0	0	0	0	Background
HGNC:6483	LAMA3	0	0	0	0	Background
HGNC:26595	TTC39C	0	0	0	0	Background
HGNC:15569	CABYR	0	0	0	0	Background
HGNC:16398	OSBPL1A	0	0	0	0	Background
HGNC:20387	IMPACT	0	0	0	0	Background
HGNC:17383	HRH4	0	0	0	0	Background
HGNC:24605	ZNF521	0	0	0	0	Background
HGNC:11340	SS18	0	0	0	0	Background
HGNC:22985	PSMA8	0	0	0	0	Background
HGNC:11538	TAF4B	0	0	0	0	Background
HGNC:18249	KCTD1	0	0	0	0	Background
HGNC:637	AQP4	0	0	0	0	Background
HGNC:19898	CHST9	0	0	0	0	Background
HGNC:1759	CDH2	0	0	0	0	Background
HGNC:3037	DSC3	0	0	0	0	Background
HGNC:3036	DSC2	0	0	0	0	Background
HGNC:3035	DSC1	0	0	0	0	Background
HGNC:3048	DSG1	0	0	0	0	Background
HGNC:21307	DSG4	0	0	0	0	Background
HGNC:3050	DSG3	0	0	0	0	Background
HGNC:3049	DSG2	0	0	0	0	Background
HGNC:12405	TTR	0	0	0	0	Background
HGNC:929	B4GALT6	0	0	0	0	Background
HGNC:23324	SLC25A52	0	0	0	0	Background
HGNC:29169	TRAPPC8	0	0	0	0	Background
HGNC:21150	RNF125	0	0	0	0	Background
HGNC:17765	RNF138	0	0	0	0	Background
HGNC:26136	GAREM1	0	0	0	0	Background
HGNC:7020	MEP1B	0	0	0	0	Background
HGNC:29266	KLHL14	0	0	0	0	Background
HGNC:58976	KLHL14-AS1	0	0	0	0	Background
HGNC:29588	CCDC178	0	0	0	0	Background
HGNC:29357	ASXL3	0	1	1	0	ASD_only
HGNC:7870	NOL4	0	0	0	0	Background
HGNC:3057	DTNA	0	0	0	0	Background
HGNC:6891	MAPRE2	0	0	0	0	Background
HGNC:18818	ZNF397	0	0	0	0	Background
HGNC:33517	ZSCAN30	0	0	0	0	Background
HGNC:13032	ZNF24	0	0	0	0	Background
HGNC:18824	ZNF396	0	0	0	0	Background
HGNC:26994	INO80C	0	0	0	0	Background
HGNC:4123	GALNT1	0	0	0	0	Background
HGNC:28802	RMP24	0	0	0	0	Background
HGNC:25560	RPRD1A	0	0	0	0	Background
HGNC:18607	SLC39A6	0	0	0	0	Background
HGNC:18248	ELP2	0	1	1	0	ASD_only
HGNC:18234	MOCOS	0	0	0	0	Background
HGNC:26178	FHOD3	0	0	0	0	Background
HGNC:24561	TPGS2	0	0	0	0	Background
HGNC:29248	KIAA1328	0	0	0	0	Background
HGNC:14015	CELF4	0	1	1	0	ASD_only
HGNC:8974	PIK3C3	0	0	0	0	Background
HGNC:10017	RIT2	0	1	1	0	ASD_only
HGNC:11512	SYT4	0	0	0	0	Background
HGNC:15573	SETBP1	0	1	1	0	ASD_only
HGNC:10919	SLC14A2	0	0	0	0	Background
HGNC:10918	SLC14A1	0	0	0	0	Background
HGNC:27596	SIGLEC15	0	0	0	0	Background
HGNC:29331	EPG5	1	0	0	0	IEI_only
HGNC:9581	PSTPIP2	0	0	0	0	Background
HGNC:823	ATP5F1A	0	0	0	0	Background
HGNC:25174	HAUS1	0	0	0	0	Background
HGNC:28172	ARK2N	0	0	0	0	Background
HGNC:31696	ARK2C	0	0	0	0	Background
HGNC:26521	LOXHD1	0	0	0	0	Background
HGNC:17827	ST8SIA5	0	0	0	0	Background
HGNC:17311	PIAS2	0	0	0	0	Background
HGNC:25387	KATNAL2	0	1	1	0	ASD_only
HGNC:30771	ELOA2	0	0	0	0	Background
HGNC:25364	HDHD2	0	0	0	0	Background
HGNC:18550	IER3IP1	0	0	0	0	Background
HGNC:32695	SKOR2	0	0	0	0	Background
HGNC:6768	SMAD2	0	0	0	0	Background
HGNC:31700	ZBTB7C	0	0	0	0	Background
HGNC:23925	CTIF	0	0	0	0	Background
HGNC:6773	SMAD7	0	0	0	0	Background
HGNC:21317	DYM	0	0	0	0	Background
HGNC:31690	C18orf32	0	0	0	0	Background
HGNC:44661	RPL17-C18orf32	0	0	0	0	Background
HGNC:10307	RPL17	0	0	0	0	Background
HGNC:6623	LIPG	0	0	0	0	Background
HGNC:83	ACAA2	0	0	0	0	Background
HGNC:7603	MYO5B	0	0	0	0	Background
HGNC:26530	CFAP53	0	0	0	0	Background
HGNC:6916	MBD1	0	1	1	0	ASD_only
HGNC:24343	CXXC1	0	0	0	0	Background
HGNC:28109	SKA1	0	0	0	0	Background
HGNC:6878	MAPK4	0	0	0	0	Background
HGNC:24121	MRO	0	0	0	0	Background
HGNC:6984	ME2	0	0	0	0	Background
HGNC:14197	ELAC1	0	0	0	0	Background
HGNC:6770	SMAD4	0	1	1	0	ASD_only
HGNC:28040	MEX3C	0	0	0	0	Background
HGNC:2701	DCC	0	1	1	0	ASD_only
HGNC:6917	MBD2	0	0	0	0	Background
HGNC:9182	POLI	0	0	0	0	Background
HGNC:18066	STARD6	0	0	0	0	Background
HGNC:13796	C18orf54	0	0	0	0	Background
HGNC:26808	DYNAP	0	0	0	0	Background
HGNC:9767	RAB27B	0	0	0	0	Background
HGNC:24350	CCDC68	0	0	0	0	Background
HGNC:11634	TCF4	0	1	1	0	ASD_only
HGNC:12436	TXNL1	0	0	0	0	Background
HGNC:13490	WDR7	0	0	0	0	Background
HGNC:28505	BOD1L2	0	0	0	0	Background
HGNC:14269	ST8SIA3	0	0	0	0	Background
HGNC:8139	ONECUT2	0	0	0	0	Background
HGNC:3647	FECH	0	0	0	0	Background
HGNC:7643	NARS1	0	0	0	0	Background
HGNC:3706	ATP8B1	0	0	0	0	Background
HGNC:7728	NEDD4L	0	0	0	0	Background
HGNC:20565	ALPK2	0	0	0	0	Background
HGNC:6819	MALT1	1	0	0	0	IEI_only
HGNC:30940	ZNF532	0	0	0	0	Background
HGNC:23400	SEC11C	0	0	0	0	Background
HGNC:4605	GRP	0	0	0	0	Background
HGNC:18662	RAX	0	0	0	0	Background
HGNC:24330	CPLX4	0	0	0	0	Background
HGNC:6631	LMAN1	0	0	0	0	Background
HGNC:29426	CCBE1	1	0	0	0	IEI_only
HGNC:9108	PMAIP1	0	0	0	0	Background
HGNC:6932	MC4R	0	0	0	0	Background
HGNC:1760	CDH20	0	0	0	0	Background
HGNC:26811	RNF152	0	0	0	0	Background
HGNC:8967	PIGN	0	0	0	0	Background
HGNC:29289	RELCH	0	0	0	0	Background
HGNC:11908	TNFRSF11A	1	0	0	0	IEI_only
HGNC:22916	ZCCHC2	0	0	0	0	Background
HGNC:20610	PHLPP1	0	0	0	0	Background
HGNC:990	BCL2	0	0	0	0	Background
HGNC:4021	KDSR	0	0	0	0	Background
HGNC:10895	VPS4B	0	0	0	0	Background
HGNC:8949	SERPINB5	0	0	0	0	Background
HGNC:14220	SERPINB12	0	0	0	0	Background
HGNC:8944	SERPINB13	0	0	0	0	Background
HGNC:10570	SERPINB4	0	0	0	0	Background
HGNC:10569	SERPINB3	0	0	0	0	Background
HGNC:13902	SERPINB7	0	0	0	0	Background
HGNC:8584	SERPINB2	0	0	0	0	Background
HGNC:8942	SERPINB10	0	0	0	0	Background
HGNC:23037	HMSD	0	0	0	0	Background
HGNC:8952	SERPINB8	0	0	0	0	Background
HGNC:1766	CDH7	0	0	0	0	Background
HGNC:1758	CDH19	0	0	0	0	Background
HGNC:18144	DSEL	0	0	0	0	Background
HGNC:24718	TMX3	0	0	0	0	Background
HGNC:26295	CCDC102B	0	0	0	0	Background
HGNC:28301	DOK6	0	0	0	0	Background
HGNC:16961	CD226	0	0	0	0	Background
HGNC:18654	RTTN	0	0	0	0	Background
HGNC:16833	SOCS6	0	0	0	0	Background
HGNC:52728	LINC01909	0	0	0	0	Background
HGNC:18406	GTSCR1	0	0	0	0	Background
HGNC:52718	LINC01899	0	0	0	0	Background
HGNC:1544	CBLN2	0	0	0	0	Background
HGNC:13823	NETO1	0	0	0	0	Background
HGNC:54480	LINC02864	0	0	0	0	Background
HGNC:13617	FBXO15	0	0	0	0	Background
HGNC:25010	TIMM21	0	0	0	0	Background
HGNC:2570	CYB5A	0	0	0	0	Background
HGNC:40037	C18orf63	0	0	0	0	Background
HGNC:31729	DIPK1C	0	0	0	0	Background
HGNC:24437	CNDP2	0	0	0	0	Background
HGNC:20675	CNDP1	0	0	0	0	Background
HGNC:19904	ZNF407	0	0	0	0	Background
HGNC:28697	PTGR3	0	0	0	0	Background
HGNC:10669	TSHZ1	0	1	1	0	ASD_only
HGNC:27598	SMIM21	0	0	0	0	Background
HGNC:28990	ZNF516	0	0	0	0	Background
HGNC:27599	LINC00908	0	0	0	0	Background
HGNC:53779	ZNF236-DT	0	0	0	0	Background
HGNC:13028	ZNF236	0	0	0	0	Background
HGNC:6925	MBP	0	0	0	0	Background
HGNC:4132	GALR1	0	0	0	0	Background
HGNC:10527	SALL3	0	0	0	0	Background
HGNC:13541	ATP9B	0	0	0	0	Background
HGNC:7775	NFATC1	1	0	0	0	IEI_only
HGNC:2498	CTDP1	0	0	0	0	Background
HGNC:6249	KCNG2	0	0	0	0	Background
HGNC:26188	SLC66A2	0	0	0	0	Background
HGNC:37243	HSBP1L1	0	0	0	0	Background
HGNC:30551	TXNL4A	0	0	0	0	Background
HGNC:26120	RBFA	0	0	0	0	Background
HGNC:23803	ADNP2	0	0	0	0	Background
HGNC:44109	PARD6G-AS1	0	0	0	0	Background
HGNC:16076	PARD6G	0	0	0	0	Background
HGNC:15381	OR4F17	0	0	0	0	Background
HGNC:9230	PLPP2	0	0	0	0	Background
HGNC:29210	MIER2	0	0	0	0	Background
HGNC:13706	SPMAP2	0	0	0	0	Background
HGNC:29417	C2CD4C	0	0	0	0	Background
HGNC:29869	SHC2	0	0	0	0	Background
HGNC:26841	CIMAP1D	0	0	0	0	Background
HGNC:6765	MADCAM1	0	0	0	0	Background
HGNC:25058	TPGS1	0	0	0	0	Background
HGNC:1734	CDC34	0	0	0	0	Background
HGNC:4712	GZMM	0	0	0	0	Background
HGNC:1116	BSG	0	0	0	0	Background
HGNC:4846	HCN2	0	0	0	0	Background
HGNC:9200	POLRMT	0	0	0	0	Background
HGNC:3679	FGF22	0	0	0	0	Background
HGNC:21151	RNF126	0	0	0	0	Background
HGNC:3973	FSTL3	0	0	0	0	Background
HGNC:31397	PRSS57	0	0	0	0	Background
HGNC:8594	PALM	0	0	0	0	Background
HGNC:27000	MISP	0	0	0	0	Background
HGNC:9583	PTBP1	0	0	0	0	Background
HGNC:23497	PLPPR3	0	0	0	0	Background
HGNC:913	AZU1	0	0	0	0	Background
HGNC:9495	PRTN3	0	0	0	0	Background
HGNC:3309	ELANE	1	0	0	0	IEI_only
HGNC:2771	CFD	1	0	0	0	IEI_only
HGNC:17556	MED16	0	0	0	0	Background
HGNC:28270	R3HDM4	0	0	0	0	Background
HGNC:4510	KISS1R	0	0	0	0	Background
HGNC:3031	ARID3A	0	0	0	0	Background
HGNC:17956	WDR18	0	0	0	0	Background
HGNC:16768	GRIN3B	0	0	0	0	Background
HGNC:17039	TMEM259	0	0	0	0	Background
HGNC:2156	CNN2	0	0	0	0	Background
HGNC:37	ABCA7	0	1	1	0	ASD_only
HGNC:17102	ARHGAP45	0	0	0	0	Background
HGNC:9192	POLR2E	0	0	0	0	Background
HGNC:4556	GPX4	0	0	0	0	Background
HGNC:29158	SBNO2	0	0	0	0	Background
HGNC:11389	STK11	0	0	0	0	Background
HGNC:28617	CBARP	0	0	0	0	Background
HGNC:837	ATP5F1D	0	0	0	0	Background
HGNC:16298	MIDN	0	0	0	0	Background
HGNC:1982	CIRBP	0	0	0	0	Background
HGNC:26073	FAM174C	0	0	0	0	Background
HGNC:29641	PWWP3A	0	0	0	0	Background
HGNC:3222	EFNA2	0	0	0	0	Background
HGNC:7714	NDUFS7	0	0	0	0	Background
HGNC:4136	GAMT	0	0	0	0	Background
HGNC:2683	DAZAP1	0	0	0	0	Background
HGNC:10388	RPS15	0	0	0	0	Background
HGNC:24036	APC2	0	0	0	0	Background
HGNC:26711	C19orf25	0	0	0	0	Background
HGNC:8746	PCSK4	0	0	0	0	Background
HGNC:30078	REEP6	0	0	0	0	Background
HGNC:27912	ADAMTSL5	0	0	0	0	Background
HGNC:27001	PLK5	0	0	0	0	Background
HGNC:16734	MEX3D	0	0	0	0	Background
HGNC:6918	MBD3	0	1	1	0	ASD_only
HGNC:30862	UQCR11	0	0	0	0	Background
HGNC:11633	TCF3	1	0	0	0	IEI_only
HGNC:13399	ONECUT3	0	0	0	0	Background
HGNC:13535	ATP8B3	0	0	0	0	Background
HGNC:24616	REXO1	0	0	0	0	Background
HGNC:16857	KLF16	0	1	1	0	ASD_only
HGNC:28756	ABHD17A	0	0	0	0	Background
HGNC:30385	SCAMP4	0	0	0	0	Background
HGNC:25151	ADAT3	0	0	0	0	Background
HGNC:2455	CSNK1G2	0	0	0	0	Background
HGNC:15504	BTBD2	0	0	0	0	Background
HGNC:7111	MKNK2	0	0	0	0	Background
HGNC:29802	MOB3A	0	0	0	0	Background
HGNC:26950	IZUMO4	0	0	0	0	Background
HGNC:568	AP3D1	1	0	0	0	IEI_only
HGNC:24948	DOT1L	0	0	1	0	Background
HGNC:18211	PLEKHJ1	0	0	0	0	Background
HGNC:10766	SF3A2	0	0	0	0	Background
HGNC:464	AMH	0	0	0	0	Background
HGNC:24963	JSRP1	0	0	0	0	Background
HGNC:8095	OAZ1	0	0	0	0	Background
HGNC:24793	PEAK3	0	0	0	0	Background
HGNC:21206	LINGO3	0	0	0	0	Background
HGNC:20470	LSM7	0	0	0	0	Background
HGNC:30079	TMPRSS9	0	0	0	0	Background
HGNC:11816	TIMM13	0	0	0	0	Background
HGNC:6638	LMNB2	0	0	0	0	Background
HGNC:4096	GADD45B	0	0	0	0	Background
HGNC:4410	GNG7	0	0	0	0	Background
HGNC:19127	DIRAS1	0	0	0	0	Background
HGNC:17128	SLC39A3	0	0	0	0	Background
HGNC:10819	SGTA	0	0	0	0	Background
HGNC:11793	THOP1	0	0	0	0	Background
HGNC:26629	ZNF554	0	0	0	0	Background
HGNC:28382	ZNF555	0	0	0	0	Background
HGNC:25669	ZNF556	0	0	0	0	Background
HGNC:13125	ZNF57	0	0	0	0	Background
HGNC:13150	ZNF77	0	0	0	0	Background
HGNC:30788	TLE6	0	0	0	0	Background
HGNC:11838	TLE2	0	0	0	0	Background
HGNC:307	TLE5	0	0	0	0	Background
HGNC:4379	GNA11	0	0	0	0	Background
HGNC:4383	GNA15	0	0	0	0	Background
HGNC:3170	S1PR4	0	0	0	0	Background
HGNC:26923	NCLN	0	0	0	0	Background
HGNC:14058	CELF5	0	0	0	0	Background
HGNC:7786	NFIC	0	0	0	0	Background
HGNC:37244	SMIM24	0	0	0	0	Background
HGNC:28662	DOHH	0	0	0	0	Background
HGNC:24824	FZR1	0	0	0	0	Background
HGNC:28299	MFSD12	0	0	0	0	Background
HGNC:34496	TEKTIP1	0	0	0	0	Background
HGNC:5002	HMG20B	0	0	0	0	Background
HGNC:18183	GIPC3	0	0	0	0	Background
HGNC:11608	TBXA2R	0	0	0	0	Background
HGNC:29938	CACTIN	0	0	0	0	Background
HGNC:8996	PIP5K1C	0	0	0	0	Background
HGNC:11829	TJP3	0	0	0	0	Background
HGNC:580	APBA3	0	0	0	0	Background
HGNC:16685	MRPL54	0	0	0	0	Background
HGNC:18286	RAX2	0	0	0	0	Background
HGNC:6906	MATK	0	0	0	0	Background
HGNC:29189	ZFR2	0	0	0	0	Background
HGNC:779	ATCAY	0	0	0	0	Background
HGNC:17871	NMRK2	0	0	0	0	Background
HGNC:2676	DAPK3	0	0	0	0	Background
HGNC:3214	EEF2	0	0	0	0	Background
HGNC:17002	PIAS4	0	0	0	0	Background
HGNC:18078	ZBTB7A	0	0	0	0	Background
HGNC:6842	MAP2K2	0	0	0	0	Background
HGNC:18855	CREB3L3	0	0	0	0	Background
HGNC:14934	SIRT6	0	0	0	0	Background
HGNC:29424	ANKRD24	0	0	0	0	Background
HGNC:3129	EBI3	0	0	0	0	Background
HGNC:25518	YJU2	0	0	0	0	Background
HGNC:30633	SHD	0	0	0	0	Background
HGNC:28324	TMIGD2	0	0	0	0	Background
HGNC:13745	FSD1	0	0	0	0	Background
HGNC:30430	STAP2	0	0	0	0	Background
HGNC:25934	MPND	0	0	0	0	Background
HGNC:10830	SH3GL1	0	0	0	0	Background
HGNC:1910	CHAF1A	0	0	0	0	Background
HGNC:14928	UBXN6	0	0	0	0	Background
HGNC:14680	HDGFL2	0	0	0	0	Background
HGNC:29393	PLIN4	0	0	0	0	Background
HGNC:33196	PLIN5	0	0	0	0	Background
HGNC:29480	LRG1	0	0	0	0	Background
HGNC:10739	SEMA6B	0	0	0	0	Background
HGNC:28279	TIPE1	0	0	0	0	Background
HGNC:16948	MYDGF	0	0	0	0	Background
HGNC:18648	DPP9	1	0	0	0	IEI_only
HGNC:16934	FEM1A	0	0	0	0	Background
HGNC:18348	TICAM1	1	0	0	0	IEI_only
HGNC:16893	PLIN3	0	0	0	0	Background
HGNC:31407	ARRDC5	0	0	0	0	Background
HGNC:29136	KDM4B	0	1	1	0	ASD_only
HGNC:9681	PTPRS	0	0	0	0	Background
HGNC:17726	ZNRF4	0	0	0	0	Background
HGNC:21605	SAFB2	0	0	0	0	Background
HGNC:10520	SAFB	0	0	0	0	Background
HGNC:13631	RPL36	0	0	0	0	Background
HGNC:33702	MICOS13	0	0	0	0	Background
HGNC:30419	HSD11B1L	0	0	0	0	Background
HGNC:9479	LONP1	0	0	0	0	Background
HGNC:28598	CATSPERD	0	0	0	0	Background
HGNC:28354	PRR22	0	0	0	0	Background
HGNC:26920	DUS3L	0	0	0	0	Background
HGNC:8007	NRTN	0	0	0	0	Background
HGNC:4017	FUT6	0	0	0	0	Background
HGNC:4014	FUT3	0	0	0	0	Background
HGNC:4016	FUT5	0	0	0	0	Background
HGNC:20371	NDUFA11	0	0	0	0	Background
HGNC:33803	VMAC	0	0	0	0	Background
HGNC:1487	CAPS	0	0	0	0	Background
HGNC:9850	RANBP3	0	0	0	0	Background
HGNC:9983	RFX2	0	0	0	0	Background
HGNC:24174	ACSBG2	0	0	0	0	Background
HGNC:7134	MLLT1	0	0	0	0	Background
HGNC:18356	ACER1	0	0	0	0	Background
HGNC:2084	CLPP	0	0	0	0	Background
HGNC:21306	ALKBH7	0	0	0	0	Background
HGNC:9579	PSPN	0	0	0	0	Background
HGNC:4652	GTF2F1	0	0	0	0	Background
HGNC:6316	KHSRP	0	0	0	0	Background
HGNC:28533	SLC25A41	0	0	0	0	Background
HGNC:19375	SLC25A23	0	0	0	0	Background
HGNC:20237	CRB3	0	0	0	0	Background
HGNC:26225	DENND1C	0	0	0	0	Background
HGNC:20774	TUBB4A	0	0	0	0	Background
HGNC:11939	TNFSF9	1	0	0	0	IEI_only
HGNC:11937	CD70	1	0	0	0	IEI_only
HGNC:11930	TNFSF14	0	0	0	0	Background
HGNC:1318	C3	1	0	0	0	IEI_only
HGNC:17829	GPR108	0	0	0	0	Background
HGNC:12304	TRIP10	0	0	0	0	Background
HGNC:16885	SH2D3A	0	0	0	0	Background
HGNC:12657	VAV1	0	0	0	0	Background
HGNC:3336	ADGRE1	0	0	0	0	Background
HGNC:37204	MBD3L5	0	0	0	0	Background
HGNC:37206	MBD3L4	0	0	0	0	Background
HGNC:18532	MBD3L2	0	0	0	0	Background
HGNC:37205	MBD3L3	0	0	0	0	Background
HGNC:28632	ZNF557	0	0	0	0	Background
HGNC:6091	INSR	0	0	0	0	Background
HGNC:17090	ARHGEF18	0	0	0	0	Background
HGNC:20208	PEX11G	0	0	0	0	Background
HGNC:24745	SAXO5	0	0	0	0	Background
HGNC:16838	ZNF358	0	0	0	0	Background
HGNC:13356	MCOLN1	0	0	0	0	Background
HGNC:16268	PNPLA6	0	0	0	0	Background
HGNC:29307	CAMSAP3	0	0	0	0	Background
HGNC:14089	XAB2	0	0	0	0	Background
HGNC:40038	PET100	0	0	0	0	Background
HGNC:30209	PCP2	0	0	0	0	Background
HGNC:11445	STXBP2	1	0	0	0	IEI_only
HGNC:20389	RETN	0	0	0	0	Background
HGNC:27291	MCEMP1	0	0	0	0	Background
HGNC:23067	TRAPPC5	0	0	0	0	Background
HGNC:3612	FCER2	0	0	0	0	Background
HGNC:24591	CLEC4G	0	0	0	0	Background
HGNC:1641	CD209	0	0	0	0	Background
HGNC:13523	CLEC4M	0	0	0	0	Background
HGNC:30464	EVI5L	0	0	0	0	Background
HGNC:26172	PRR36	0	0	0	0	Background
HGNC:26272	LRRC8E	0	0	0	0	Background
HGNC:6847	MAP2K7	0	0	0	0	Background
HGNC:44152	TGFBR3L	0	0	0	0	Background
HGNC:11135	SNAPC2	0	0	0	0	Background
HGNC:31108	CTXN1	0	0	0	0	Background
HGNC:17316	TIMM44	0	0	0	0	Background
HGNC:3312	ELAVL1	0	0	0	0	Background
HGNC:10624	CCL25	0	0	0	0	Background
HGNC:18794	FBN3	0	0	0	0	Background
HGNC:23747	CERS4	0	0	0	0	Background
HGNC:16692	CD320	0	0	0	0	Background
HGNC:7691	NDUFA7	0	0	0	0	Background
HGNC:10418	RPS28	0	0	0	0	Background
HGNC:24796	KANK3	0	0	0	0	Background
HGNC:16039	ANGPTL4	0	0	0	0	Background
HGNC:9761	RAB11B	0	0	0	0	Background
HGNC:28038	MARCHF2	0	0	0	0	Background
HGNC:5046	HNRNPM	0	0	0	0	Background
HGNC:30091	PRAM1	0	0	0	0	Background
HGNC:20630	ZNF414	0	0	0	0	Background
HGNC:7600	MYO1F	0	0	0	0	Background
HGNC:13201	ADAMTS10	0	0	0	0	Background
HGNC:28494	ACTL9	0	0	0	0	Background
HGNC:15391	OR2Z1	0	0	0	0	Background
HGNC:26422	ZNF558	0	0	0	0	Background
HGNC:15774	MBD3L1	0	0	0	0	Background
HGNC:15582	MUC16	0	0	0	0	Background
HGNC:8220	OR1M1	0	0	0	0	Background
HGNC:8466	OR7G2	0	0	0	0	Background
HGNC:8465	OR7G1	0	0	0	0	Background
HGNC:8467	OR7G3	0	0	0	0	Background
HGNC:13507	ZNF317	0	0	0	0	Background
HGNC:8378	OR7D2	0	0	0	0	Background
HGNC:8380	OR7D4	0	0	0	0	Background
HGNC:8396	OR7E24	0	0	0	0	Background
HGNC:24750	ZNF699	0	0	0	0	Background
HGNC:28197	ZNF559	0	1	1	0	ASD_only
HGNC:42964	ZNF559-ZNF177	0	0	0	0	Background
HGNC:12966	ZNF177	0	0	0	0	Background
HGNC:13059	ZNF266	0	0	0	0	Background
HGNC:26484	ZNF560	0	0	0	0	Background
HGNC:20725	ZNF426	0	0	0	0	Background
HGNC:12904	ZNF121	0	0	0	0	Background
HGNC:28684	ZNF561	0	0	0	0	Background
HGNC:27613	ZNF561-AS1	0	0	0	0	Background
HGNC:25950	ZNF562	0	0	0	0	Background
HGNC:33242	ZNF812P	0	0	0	0	Background
HGNC:27260	ZNF846	0	0	0	0	Background
HGNC:13611	FBXL12	0	0	0	0	Background
HGNC:13736	UBL5	0	0	0	0	Background
HGNC:8988	PIN1	0	0	0	0	Background
HGNC:17189	OLFM2	0	0	0	0	Background
HGNC:14864	COL5A3	0	0	0	0	Background
HGNC:14423	RDH8	0	0	0	0	Background
HGNC:25649	SHFL	0	0	0	0	Background
HGNC:23140	ANGPTL6	0	0	0	0	Background
HGNC:33526	PPAN-P2RY11	0	0	0	0	Background
HGNC:9227	PPAN	0	0	0	0	Background
HGNC:8540	P2RY11	0	0	0	0	Background
HGNC:3274	EIF3G	0	1	1	0	ASD_only
HGNC:2976	DNMT1	0	0	0	0	Background
HGNC:3169	S1PR2	0	0	0	0	Background
HGNC:14276	MRPL4	0	0	0	0	Background
HGNC:5344	ICAM1	0	0	0	0	Background
HGNC:5347	ICAM4	0	0	0	0	Background
HGNC:5348	ICAM5	0	0	0	0	Background
HGNC:37245	ZGLP1	0	0	0	0	Background
HGNC:59021	FDX2-ZGLP1	0	0	0	0	Background
HGNC:30546	FDX2	0	0	0	0	Background
HGNC:30296	RAVER1	0	0	0	0	Background
HGNC:5346	ICAM3	0	0	0	0	Background
HGNC:12440	TYK2	1	0	0	0	IEI_only
HGNC:1735	CDC37	0	0	0	0	Background
HGNC:8780	PDE4A	0	0	0	0	Background
HGNC:23177	KEAP1	0	0	0	0	Background
HGNC:14299	S1PR5	0	0	0	0	Background
HGNC:20789	ATG4D	0	0	0	0	Background
HGNC:25769	KRI1	0	0	0	0	Background
HGNC:1790	CDKN2D	0	0	0	0	Background
HGNC:558	AP1M2	0	0	0	0	Background
HGNC:17292	SLC44A2	0	0	0	0	Background
HGNC:6038	ILF3	0	0	0	0	Background
HGNC:23797	QTRT1	0	0	0	0	Background
HGNC:2974	DNM2	0	0	0	0	Background
HGNC:17291	TMED1	0	0	0	0	Background
HGNC:34073	C19orf38	0	0	0	0	Background
HGNC:23393	CARM1	0	0	0	0	Background
HGNC:28476	YIPF2	0	0	0	0	Background
HGNC:25152	TIMM29	0	0	0	0	Background
HGNC:11100	SMARCA4	0	1	1	0	ASD_only
HGNC:6547	LDLR	0	0	0	0	Background
HGNC:26913	SPC24	0	0	0	0	Background
HGNC:29300	KANK2	0	0	0	0	Background
HGNC:19189	DOCK6	0	0	0	0	Background
HGNC:24933	ANGPTL8	0	0	0	0	Background
HGNC:30725	TSPAN16	0	0	0	0	Background
HGNC:9779	RAB3D	0	0	0	0	Background
HGNC:29631	TMEM205	0	0	0	0	Background
HGNC:26996	CCDC159	0	0	0	0	Background
HGNC:29566	PLPPR2	0	0	0	0	Background
HGNC:26638	SWSAP1	0	0	0	0	Background
HGNC:3416	EPOR	0	0	0	0	Background
HGNC:30282	RGL3	0	0	0	0	Background
HGNC:28303	ODAD3	0	0	0	0	Background
HGNC:9411	PRKCSH	0	0	0	0	Background
HGNC:3314	ELAVL3	0	1	1	0	ASD_only
HGNC:25196	ZNF653	0	0	0	0	Background
HGNC:29548	ECSIT	0	0	0	0	Background
HGNC:2155	CNN1	0	0	0	0	Background
HGNC:28691	ELOF1	0	0	0	0	Background
HGNC:30570	ZNF627	0	0	0	0	Background
HGNC:124	ACP5	1	0	0	0	IEI_only
HGNC:30936	ZNF823	0	0	0	0	Background
HGNC:20875	ZNF441	0	0	0	0	Background
HGNC:23706	ZNF491	0	0	0	0	Background
HGNC:20874	ZNF440	0	0	0	0	Background
HGNC:20873	ZNF439	0	0	0	0	Background
HGNC:13138	ZNF69	0	0	0	0	Background
HGNC:25292	ZNF700	0	0	0	0	Background
HGNC:27614	ZNF763	0	0	0	0	Background
HGNC:20811	ZNF433	0	0	0	0	Background
HGNC:37246	ZNF878	0	0	0	0	Background
HGNC:25932	ZNF844	0	0	0	0	Background
HGNC:33112	ZNF788P	0	0	0	0	Background
HGNC:12992	ZNF20	0	0	0	0	Background
HGNC:48368	ZNF625-ZNF20	0	0	0	0	Background
HGNC:30571	ZNF625	0	0	0	0	Background
HGNC:12920	ZNF136	0	0	0	0	Background
HGNC:13110	ZNF44	0	0	0	0	Background
HGNC:30498	ZNF563	0	0	0	0	Background
HGNC:20877	ZNF442	0	0	0	0	Background
HGNC:28071	ZNF799	0	0	0	0	Background
HGNC:20878	ZNF443	0	0	0	0	Background
HGNC:20629	ZNF709	0	0	0	0	Background
HGNC:31106	ZNF564	0	0	0	0	Background
HGNC:23705	ZNF490	0	0	0	0	Background
HGNC:26895	ZNF791	0	0	0	0	Background
HGNC:6826	MAN2B1	0	0	0	0	Background
HGNC:32672	WDR83	0	0	0	0	Background
HGNC:30203	WDR83OS	0	0	0	0	Background
HGNC:2869	DHPS	0	0	0	0	Background
HGNC:28136	FBXW9	0	0	0	0	Background
HGNC:19998	TNPO2	0	0	0	0	Background
HGNC:28424	TRIR	0	0	0	0	Background
HGNC:752	GET3	0	0	0	0	Background
HGNC:17107	BEST2	0	0	0	0	Background
HGNC:19885	HOOK2	0	0	0	0	Background
HGNC:6205	JUNB	0	0	0	0	Background
HGNC:9353	PRDX2	0	0	0	0	Background
HGNC:18518	RNASEH2A	1	0	0	0	IEI_only
HGNC:30310	RTBDN	0	0	0	0	Background
HGNC:19034	MAST1	0	0	0	0	Background
HGNC:2960	DNASE2	1	0	0	0	IEI_only
HGNC:6345	KLF1	0	0	0	0	Background
HGNC:4189	GCDH	0	0	0	0	Background
HGNC:27411	SYCE2	0	0	0	0	Background
HGNC:3592	FARSA	0	0	0	0	Background
HGNC:1455	CALR	0	0	0	0	Background
HGNC:9812	RAD23A	0	0	0	0	Background
HGNC:29996	GADD45GIP1	0	0	0	0	Background
HGNC:26780	DAND5	0	0	0	0	Background
HGNC:7788	NFIX	0	0	0	0	Background
HGNC:6734	LYL1	0	0	0	0	Background
HGNC:25980	TRMT1	0	0	0	0	Background
HGNC:20967	NACC1	0	1	1	0	ASD_only
HGNC:11428	STX10	0	0	0	0	Background
HGNC:28871	IER2	0	0	0	0	Background
HGNC:1388	CACNA1A	0	1	1	0	ASD_only
HGNC:28118	YJU2B	0	0	0	0	Background
HGNC:28469	MRI1	0	0	0	0	Background
HGNC:24991	C19orf53	0	0	0	0	Background
HGNC:25704	ZSWIM4	0	0	0	0	Background
HGNC:22048	NANOS3	0	0	0	0	Background
HGNC:28153	BRME1	0	0	0	0	Background
HGNC:30237	CC2D1A	0	1	1	0	ASD_only
HGNC:26275	PODNL1	0	0	0	0	Background
HGNC:25095	DCAF15	0	0	0	0	Background
HGNC:9982	RFX1	0	0	0	0	Background
HGNC:17135	RLN3	0	0	0	0	Background
HGNC:17290	IL27RA	1	0	0	0	IEI_only
HGNC:33274	PALM3	0	0	0	0	Background
HGNC:26963	MISP3	0	0	0	0	Background
HGNC:34354	C19orf67	0	0	0	0	Background
HGNC:17958	SAMD1	0	0	0	0	Background
HGNC:9380	PRKACA	0	0	0	0	Background
HGNC:20996	ASF1B	0	0	0	0	Background
HGNC:20973	ADGRL1	0	0	0	0	Background
HGNC:1711	ADGRE5	0	0	0	0	Background
HGNC:17821	DDX39A	0	0	0	0	Background
HGNC:9405	PKN1	0	0	0	0	Background
HGNC:9593	PTGER1	0	0	0	0	Background
HGNC:1226	GIPC1	0	0	0	0	Background
HGNC:5270	DNAJB1	0	0	0	0	Background
HGNC:4551	TECR	0	0	0	0	Background
HGNC:7702	NDUFB7	0	0	0	0	Background
HGNC:34520	CLEC17A	0	0	0	0	Background
HGNC:23647	ADGRE3	0	0	0	0	Background
HGNC:15624	ZNF333	0	0	0	0	Background
HGNC:3337	ADGRE2	0	0	0	0	Background
HGNC:8368	OR7A5	0	0	0	0	Background
HGNC:8373	OR7C1	0	0	0	0	Background
HGNC:8356	OR7A10	0	0	0	0	Background
HGNC:8363	OR7A17	0	0	0	0	Background
HGNC:8374	OR7C2	0	0	0	0	Background
HGNC:10944	SLC1A6	0	0	0	0	Background
HGNC:26866	TEKTL1	0	0	0	0	Background
HGNC:1502	CASP14	0	0	0	0	Background
HGNC:8207	OR1I1	0	0	0	0	Background
HGNC:25824	SYDE1	0	0	0	0	Background
HGNC:6041	HACL2	0	0	0	0	Background
HGNC:7883	NOTCH3	0	0	0	0	Background
HGNC:23760	EPHX3	0	0	0	0	Background
HGNC:13575	BRD4	0	1	1	0	ASD_only
HGNC:378	AKAP8	0	0	0	0	Background
HGNC:29857	AKAP8L	0	0	0	0	Background
HGNC:30917	WIZ	0	0	0	0	Background
HGNC:26129	RASAL3	0	0	0	0	Background
HGNC:30013	PGLYRP2	0	0	0	0	Background
HGNC:26820	CYP4F22	0	0	0	0	Background
HGNC:2646	CYP4F3	0	0	0	0	Background
HGNC:18857	CYP4F12	0	0	0	0	Background
HGNC:8173	OR10H2	0	0	0	0	Background
HGNC:8174	OR10H3	0	0	0	0	Background
HGNC:15389	OR10H5	0	0	0	0	Background
HGNC:8172	OR10H1	0	0	0	0	Background
HGNC:2645	CYP4F2	0	0	0	0	Background
HGNC:13265	CYP4F11	0	0	0	0	Background
HGNC:15388	OR10H4	0	0	0	0	Background
HGNC:12013	TPM4	0	0	0	0	Background
HGNC:7007	RAB8A	0	0	0	0	Background
HGNC:24920	HSH2D	0	0	0	0	Background
HGNC:24580	CIB3	0	0	0	0	Background
HGNC:24563	FAM32A	0	0	0	0	Background
HGNC:13667	AP1M1	0	0	0	0	Background
HGNC:6347	KLF2	0	0	0	0	Background
HGNC:24634	EPS15L1	0	0	0	0	Background
HGNC:20407	CALR3	0	0	0	0	Background
HGNC:26141	C19orf44	0	0	0	0	Background
HGNC:16930	CHERP	0	0	0	0	Background
HGNC:20803	SLC35E1	0	0	0	0	Background
HGNC:2376	MED26	0	0	0	0	Background
HGNC:28419	SMIM7	0	0	0	0	Background
HGNC:28462	TMEM38A	0	0	0	0	Background
HGNC:27619	NWD1	0	0	0	0	Background
HGNC:19354	SIN3B	0	1	1	0	ASD_only
HGNC:3540	F2RL3	0	0	0	0	Background
HGNC:23228	CPAMD8	0	0	0	0	Background
HGNC:30532	HAUS8	0	0	0	0	Background
HGNC:7609	MYO9B	0	1	1	0	ASD_only
HGNC:30882	USE1	0	0	0	0	Background
HGNC:26221	OCEL1	0	0	0	0	Background
HGNC:7977	NR2F6	0	0	0	0	Background
HGNC:24058	USHBP1	0	0	0	0	Background
HGNC:25008	BABAM1	0	0	0	0	Background
HGNC:26812	ANKLE1	0	0	0	0	Background
HGNC:23759	ABHD8	0	0	0	0	Background
HGNC:14488	MRPL34	0	0	0	0	Background
HGNC:28360	DDA1	0	0	0	0	Background
HGNC:29329	ANO8	0	0	0	0	Background
HGNC:14880	GTPBP3	0	0	0	0	Background
HGNC:13635	PLVAP	0	0	0	0	Background
HGNC:1119	BST2	0	0	0	0	Background
HGNC:25153	MVB12A	0	0	0	0	Background
HGNC:21943	TMEM221	0	0	0	0	Background
HGNC:25179	NXNL1	0	0	0	0	Background
HGNC:10995	SLC27A1	0	0	0	0	Background
HGNC:8903	PGLS	0	0	0	0	Background
HGNC:24130	NIBAN3	0	0	0	0	Background
HGNC:26182	COLGALT1	0	0	0	0	Background
HGNC:23150	UNC13A	0	1	1	0	ASD_only
HGNC:15715	MAP1S	0	0	0	0	Background
HGNC:29002	FCHO1	1	0	0	0	IEI_only
HGNC:13528	B3GNT3	0	0	0	0	Background
HGNC:6086	INSL3	0	0	0	0	Background
HGNC:6193	JAK3	1	0	0	0	IEI_only
HGNC:10311	RPL18A	0	0	0	0	Background
HGNC:11040	SLC5A5	0	0	0	0	Background
HGNC:25171	CCDC124	0	0	0	0	Background
HGNC:6290	KCNN1	0	0	0	0	Background
HGNC:25225	ARRDC2	0	0	0	0	Background
HGNC:5971	IL12RB1	1	0	0	0	IEI_only
HGNC:19036	MAST3	0	0	0	0	Background
HGNC:8980	PIK3R2	0	0	0	0	Background
HGNC:5398	IFI30	0	0	0	0	Background
HGNC:28177	MPV17L2	0	0	0	0	Background
HGNC:9777	RAB3A	0	0	0	0	Background
HGNC:8782	PDE4C	0	0	0	0	Background
HGNC:29350	IQCN	0	0	0	0	Background
HGNC:6206	JUND	0	0	0	0	Background
HGNC:17259	LSM4	0	0	0	0	Background
HGNC:13568	PGPEP1	0	0	0	0	Background
HGNC:30142	GDF15	0	0	0	0	Background
HGNC:29806	LRRC25	0	0	0	0	Background
HGNC:15676	SSBP4	0	0	0	0	Background
HGNC:29821	ISYNA1	0	0	0	0	Background
HGNC:23114	ELL	0	0	0	0	Background
HGNC:3724	FKBP8	0	0	0	0	Background
HGNC:28420	KXD1	0	0	0	0	Background
HGNC:12458	UBA52	0	0	0	0	Background
HGNC:2364	CRLF1	0	0	0	0	Background
HGNC:26098	REX1BD	0	0	0	0	Background
HGNC:13237	TMEM59L	0	0	0	0	Background
HGNC:25623	KLHL26	0	0	0	0	Background
HGNC:16062	CRTC1	0	0	0	0	Background
HGNC:2227	COMP	0	0	0	0	Background
HGNC:9962	UPF1	0	0	0	0	Background
HGNC:4214	GDF1	0	0	0	0	Background
HGNC:14253	CERS1	0	0	0	0	Background
HGNC:2234	COPE	0	0	0	0	Background
HGNC:18684	DDX49	0	0	0	0	Background
HGNC:17514	HOMER3	0	0	0	0	Background
HGNC:18641	SUGP2	0	0	0	0	Background
HGNC:25049	ARMC6	0	0	0	0	Background
HGNC:28380	SLC25A42	0	0	0	0	Background
HGNC:26020	TMEM161A	0	0	0	0	Background
HGNC:39979	BORCS8-MEF2B	0	0	0	0	Background
HGNC:6995	MEF2B	0	0	0	0	Background
HGNC:37247	BORCS8	0	0	0	0	Background
HGNC:9987	RFXANK	1	0	0	0	IEI_only
HGNC:30763	NR2C2AP	0	0	0	0	Background
HGNC:2465	NCAN	0	0	0	0	Background
HGNC:31357	HAPLN4	0	0	0	0	Background
HGNC:11861	TM6SF2	0	0	0	0	Background
HGNC:18643	SUGP1	0	0	0	0	Background
HGNC:29140	MAU2	0	0	0	0	Background
HGNC:29989	GATAD2A	0	0	0	0	Background
HGNC:30410	TSSK6	0	0	0	0	Background
HGNC:17194	NDUFA13	0	0	0	0	Background
HGNC:24785	YJEFN3	0	0	0	0	Background
HGNC:24213	CILP2	0	0	0	0	Background
HGNC:13403	PBX4	0	0	0	0	Background
HGNC:3168	LPAR2	0	0	0	0	Background
HGNC:24852	GMIP	0	0	0	0	Background
HGNC:24215	ATP13A1	0	0	0	0	Background
HGNC:12881	ZNF101	0	0	0	0	Background
HGNC:12924	ZNF14	0	0	0	0	Background
HGNC:23780	ZNF506	0	0	0	0	Background
HGNC:13497	ZNF253	0	0	0	0	Background
HGNC:13169	ZNF93	0	0	0	0	Background
HGNC:28857	ZNF682	0	0	0	0	Background
HGNC:13165	ZNF90	0	0	0	0	Background
HGNC:20807	ZNF486	0	0	0	0	Background
HGNC:32468	ZNF737	0	0	0	0	Background
HGNC:30461	ZNF626	0	1	1	0	ASD_only
HGNC:13135	ZNF66	0	0	0	0	Background
HGNC:13160	ZNF85	0	0	0	0	Background
HGNC:20808	ZNF430	0	0	0	0	Background
HGNC:27124	ZNF714	0	0	0	0	Background
HGNC:20809	ZNF431	0	0	0	0	Background
HGNC:12945	ZNF708	0	0	0	0	Background
HGNC:32469	ZNF738	0	0	0	0	Background
HGNC:23708	ZNF493	0	0	0	0	Background
HGNC:20817	ZNF429	0	0	0	0	Background
HGNC:12880	ZNF100	0	0	0	0	Background
HGNC:13109	ZNF43	0	0	0	0	Background
HGNC:12999	ZNF208	0	0	0	0	Background
HGNC:13498	ZNF257	0	0	0	0	Background
HGNC:20429	ZNF676	0	0	0	0	Background
HGNC:32464	ZNF729	0	0	0	0	Background
HGNC:13174	ZNF98	0	0	0	0	Background
HGNC:23707	ZNF492	0	0	0	0	Background
HGNC:13175	ZNF99	0	0	0	0	Background
HGNC:32463	ZNF728	0	0	0	0	Background
HGNC:32470	ZNF730	0	0	0	0	Background
HGNC:32460	ZNF724	0	0	0	0	Background
HGNC:13166	ZNF91	0	0	0	0	Background
HGNC:30768	ZNF675	0	0	0	0	Background
HGNC:26457	ZNF681	0	0	0	0	Background
HGNC:32462	ZNF726	0	0	0	0	Background
HGNC:13047	ZNF254	0	0	0	0	Background
HGNC:12587	UQCRFS1	0	0	0	0	Background
HGNC:33595	VSTM2B	0	0	0	0	Background
HGNC:30081	POP4	0	0	0	0	Background
HGNC:20764	PLEKHF1	0	0	0	0	Background
HGNC:25443	C19orf12	0	0	0	0	Background
HGNC:1589	CCNE1	0	0	0	0	Background
HGNC:13236	URI1	0	0	0	0	Background
HGNC:29025	ZNF536	0	0	0	0	Background
HGNC:30700	TSHZ3	0	1	1	0	ASD_only
HGNC:23783	ZNF507	0	0	0	0	Background
HGNC:27120	DPY19L3	0	0	0	0	Background
HGNC:8764	PDCD5	0	0	0	0	Background
HGNC:25310	ANKRD27	0	0	0	0	Background
HGNC:30304	RGS9BP	0	0	0	0	Background
HGNC:32036	NUDT19	0	0	0	0	Background
HGNC:25044	TDRD12	0	0	0	0	Background
HGNC:11067	SLC7A9	0	0	0	0	Background
HGNC:25907	CEP89	0	0	0	0	Background
HGNC:28467	FAAP24	1	0	0	0	IEI_only
HGNC:19974	RHPN2	0	0	0	0	Background
HGNC:24658	GPATCH1	0	0	0	0	Background
HGNC:26999	WDR88	0	0	0	0	Background
HGNC:6695	LRP3	0	0	0	0	Background
HGNC:11058	SLC7A10	0	0	0	0	Background
HGNC:1833	CEBPA	0	0	0	0	Background
HGNC:1837	CEBPG	0	0	0	0	Background
HGNC:8840	PEPD	1	0	0	0	IEI_only
HGNC:15993	CHST8	0	0	0	0	Background
HGNC:23297	KCTD15	0	0	0	0	Background
HGNC:24489	LSM14A	0	0	0	0	Background
HGNC:29016	GARRE1	0	0	0	0	Background
HGNC:4458	GPI	0	0	0	0	Background
HGNC:28194	PDCD2L	0	0	0	0	Background
HGNC:30661	UBA2	0	0	0	0	Background
HGNC:20964	WTIP	0	0	0	0	Background
HGNC:27616	SCGB2B2	0	0	0	0	Background
HGNC:13848	ZNF302	0	0	0	0	Background
HGNC:12971	ZNF181	0	0	0	0	Background
HGNC:26408	ZNF599	0	0	0	0	Background
HGNC:13090	ZNF30	0	0	0	0	Background
HGNC:24751	ZNF792	0	0	0	0	Background
HGNC:29305	GRAMD1A	0	0	0	0	Background
HGNC:10586	SCN1B	0	0	0	0	Background
HGNC:5155	HPN	0	0	0	0	Background
HGNC:4027	FXYD3	0	0	0	0	Background
HGNC:18712	LGI4	0	0	0	0	Background
HGNC:4025	FXYD1	0	0	0	0	Background
HGNC:4034	FXYD7	0	0	0	0	Background
HGNC:4029	FXYD5	0	0	0	0	Background
HGNC:26366	FAM187B	0	0	0	0	Background
HGNC:29572	LSR	0	0	0	0	Background
HGNC:12594	USF2	0	0	0	0	Background
HGNC:15598	HAMP	0	0	0	0	Background
HGNC:6783	MAG	0	0	0	0	Background
HGNC:1643	CD22	0	0	0	0	Background
HGNC:4498	FFAR1	0	0	0	0	Background
HGNC:4499	FFAR3	0	0	0	0	Background
HGNC:4500	GPR42	0	0	0	0	Background
HGNC:4501	FFAR2	0	0	0	0	Background
HGNC:16313	KRTDAP	0	0	0	0	Background
HGNC:25063	DMKN	0	0	0	0	Background
HGNC:24950	SBSN	0	0	0	0	Background
HGNC:24864	GAPDHS	0	0	0	0	Background
HGNC:30414	TMEM147	0	0	0	0	Background
HGNC:819	ATP4A	0	0	0	0	Background
HGNC:29130	HAUS5	0	0	0	0	Background
HGNC:28117	RBM42	0	0	0	0	Background
HGNC:3491	ETV2	0	0	0	0	Background
HGNC:2280	COX6B1	0	0	0	0	Background
HGNC:12577	UPK1A	0	0	0	0	Background
HGNC:16763	ZBTB32	0	0	0	0	Background
HGNC:15840	KMT2B	0	0	0	0	Background
HGNC:23620	IGFLR1	0	0	0	0	Background
HGNC:23020	U2AF1L4	0	0	0	0	Background
HGNC:30100	PSENEN	1	0	0	0	IEI_only
HGNC:33234	LIN37	0	0	0	0	Background
HGNC:26511	HSPB6	0	0	0	0	Background
HGNC:25204	PROSER3	0	0	0	0	Background
HGNC:23085	ARHGAP33	0	0	0	0	Background
HGNC:17325	PRODH2	0	0	0	0	Background
HGNC:7908	NPHS1	0	0	0	0	Background
HGNC:18816	KIRREL2	0	0	0	0	Background
HGNC:597	APLP1	0	0	0	0	Background
HGNC:15671	NFKBID	0	0	0	0	Background
HGNC:16977	HCST	0	0	0	0	Background
HGNC:12449	TYROBP	0	0	0	0	Background
HGNC:28370	LRFN3	0	0	0	0	Background
HGNC:33867	SDHAF1	0	0	0	0	Background
HGNC:26703	SYNE4	0	0	0	0	Background
HGNC:28243	ALKBH6	0	0	0	0	Background
HGNC:24314	CLIP3	0	0	0	0	Background
HGNC:23191	THAP8	0	0	0	0	Background
HGNC:24502	WDR62	0	0	0	0	Background
HGNC:14186	OVOL3	0	0	0	0	Background
HGNC:9196	POLR2I	0	0	0	0	Background
HGNC:1989	TBCB	0	0	0	0	Background
HGNC:1481	CAPNS1	0	0	0	0	Background
HGNC:2287	COX7A1	0	0	0	0	Background
HGNC:26726	ZNF565	0	0	0	0	Background
HGNC:12931	ZNF146	0	0	0	0	Background
HGNC:29312	ZFP14	0	0	0	0	Background
HGNC:28682	ZFP82	0	0	0	0	Background
HGNC:25919	ZNF566	0	0	0	0	Background
HGNC:13499	ZNF260	0	0	0	0	Background
HGNC:29328	ZNF529	0	0	0	0	Background
HGNC:17409	ZNF382	0	0	0	0	Background
HGNC:21629	ZNF461	0	0	0	0	Background
HGNC:28696	ZNF567	0	0	0	0	Background
HGNC:27994	ZNF850	0	0	0	0	Background
HGNC:52671	ZNF850-DT	0	0	0	0	Background
HGNC:33114	ZNF790	0	0	0	0	Background
HGNC:16367	ZNF345	0	0	0	0	Background
HGNC:34032	ZNF829	0	0	0	0	Background
HGNC:25392	ZNF568	0	0	0	0	Background
HGNC:20649	ZNF420	0	0	0	0	Background
HGNC:26305	ZNF585A	0	0	0	0	Background
HGNC:30948	ZNF585B	0	0	0	0	Background
HGNC:18609	ZNF383	0	0	0	0	Background
HGNC:4928	ZNF875	0	0	0	0	Background
HGNC:29385	ZNF527	0	0	0	0	Background
HGNC:24737	ZNF569	0	0	0	0	Background
HGNC:26416	ZNF570	0	0	0	0	Background
HGNC:33115	ZNF793	0	0	0	0	Background
HGNC:25331	ZNF540	0	0	0	0	Background
HGNC:25000	ZNF571	0	0	0	0	Background
HGNC:29555	ZFP30	0	0	0	0	Background
HGNC:26745	ZNF781	0	0	0	0	Background
HGNC:28192	ZNF607	0	0	0	0	Background
HGNC:26420	ZNF573	0	0	0	0	Background
HGNC:29934	WDR87	0	0	0	0	Background
HGNC:23801	SIPA1L3	0	0	0	0	Background
HGNC:20225	DPF1	0	0	0	0	Background
HGNC:11247	SPINT2	0	0	0	0	Background
HGNC:14871	PPP1R14A	0	0	0	0	Background
HGNC:16668	C19orf33	0	0	0	0	Background
HGNC:30511	YIF1B	0	0	0	0	Background
HGNC:6281	KCNK6	0	0	0	0	Background
HGNC:25243	CATSPERG	0	0	0	0	Background
HGNC:9566	PSMD8	0	0	0	0	Background
HGNC:18869	GGN	0	0	0	0	Background
HGNC:31041	SPRED3	0	0	0	0	Background
HGNC:27119	TSLIG3C	0	1	1	0	ASD_only
HGNC:18958	RASGRP4	0	0	0	0	Background
HGNC:10483	RYR1	0	0	0	0	Background
HGNC:6863	MAP4K1	0	0	0	0	Background
HGNC:24656	EIF3K	0	0	0	0	Background
HGNC:166	ACTN4	0	1	1	0	ASD_only
HGNC:13249	CAPN12	0	1	1	0	ASD_only
HGNC:6568	LGALS7	0	0	0	0	Background
HGNC:34447	LGALS7B	0	0	0	0	Background
HGNC:6565	LGALS4	0	0	0	0	Background
HGNC:3149	ECH1	0	0	0	0	Background
HGNC:5045	HNRNPL	0	0	0	0	Background
HGNC:24795	RINL	0	0	0	0	Background
HGNC:10886	SIRT2	0	0	0	0	Background
HGNC:7798	NFKBIB	0	0	0	0	Background
HGNC:44662	CCER2	0	0	0	0	Background
HGNC:17697	SARS2	0	0	0	0	Background
HGNC:10380	MRPS12	0	0	0	0	Background
HGNC:18754	FBXO17	0	0	0	0	Background
HGNC:18753	FBXO27	0	0	0	0	Background
HGNC:33781	ACP7	0	0	0	0	Background
HGNC:16059	PAK4	0	0	0	0	Background
HGNC:33739	NCCRP1	0	0	0	0	Background
HGNC:18442	SYCN	0	0	0	0	Background
HGNC:18365	IFNL3	0	0	0	0	Background
HGNC:18364	IFNL2	0	0	0	0	Background
HGNC:18363	IFNL1	0	0	0	0	Background
HGNC:29290	LRFN1	0	0	0	0	Background
HGNC:4374	GMFG	0	0	0	0	Background
HGNC:25492	SAMD4B	0	0	0	0	Background
HGNC:25459	PAF1	0	0	0	0	Background
HGNC:23074	MED29	0	0	0	0	Background
HGNC:12862	ZFP36	0	0	0	0	Background
HGNC:29515	PLEKHG2	0	0	0	0	Background
HGNC:10396	RPS16	0	0	0	0	Background
HGNC:11469	SUPT5H	0	0	0	0	Background
HGNC:23656	TIMM50	0	0	0	0	Background
HGNC:2909	DLL3	0	0	0	0	Background
HGNC:30399	SELENOV	0	0	0	0	Background
HGNC:26796	EID2B	0	0	0	0	Background
HGNC:28292	EID2	0	0	0	0	Background
HGNC:15449	LGALS13	0	0	0	0	Background
HGNC:40039	LGALS16	0	0	0	0	Background
HGNC:30054	LGALS14	0	0	0	0	Background
HGNC:2014	CLC	0	0	0	0	Background
HGNC:31953	LEUTX	0	0	0	0	Background
HGNC:3092	DYRK1B	0	0	0	0	Background
HGNC:3599	FBL	0	0	0	0	Background
HGNC:13572	FCGBP	0	0	0	0	Background
HGNC:9551	PSMC4	0	0	0	0	Background
HGNC:28671	ZNF546	0	0	0	0	Background
HGNC:33109	ZNF780B	0	0	0	0	Background
HGNC:27603	ZNF780A	0	0	0	0	Background
HGNC:6849	MAP3K10	0	0	0	0	Background
HGNC:26395	TTC9B	0	0	0	0	Background
HGNC:25805	CCNP	0	0	0	0	Background
HGNC:392	AKT2	0	0	0	0	Background
HGNC:26723	C19orf47	0	0	0	0	Background
HGNC:17158	PLD3	0	0	0	0	Background
HGNC:19007	HIPK4	0	0	0	0	Background
HGNC:13797	PRX	0	0	0	0	Background
HGNC:17932	SERTAD1	0	0	0	0	Background
HGNC:17931	SERTAD3	0	0	0	0	Background
HGNC:1063	BLVRB	0	0	0	0	Background
HGNC:14896	SPTBN4	0	0	0	0	Background
HGNC:19214	SHKBP1	0	0	0	0	Background
HGNC:6717	LTBP4	0	0	0	0	Background
HGNC:8061	NUMBL	0	0	0	0	Background
HGNC:19041	COQ8B	0	0	0	0	Background
HGNC:14897	ITPKC	0	0	0	0	Background
HGNC:24758	ACTMAP	0	0	0	0	Background
HGNC:11151	SNRPA	0	0	0	0	Background
HGNC:7076	MIA	0	0	0	0	Background
HGNC:48352	MIA-RAB4B	0	0	0	0	Background
HGNC:9782	RAB4B	0	0	0	0	Background
HGNC:44465	RAB4B-EGLN2	0	0	0	0	Background
HGNC:14660	EGLN2	0	0	0	0	Background
HGNC:2610	CYP2A6	0	0	0	0	Background
HGNC:2611	CYP2A7	0	0	0	0	Background
HGNC:2615	CYP2B6	0	0	0	0	Background
HGNC:2608	CYP2A13	0	0	0	0	Background
HGNC:2632	CYP2F1	0	0	0	0	Background
HGNC:15654	CYP2S1	0	0	0	0	Background
HGNC:905	AXL	0	0	0	0	Background
HGNC:17011	HNRNPUL1	0	0	0	0	Background
HGNC:11766	TGFB1	1	0	0	0	IEI_only
HGNC:28289	CCDC97	0	0	0	0	Background
HGNC:32393	TMEM91	0	0	0	0	Background
HGNC:28636	B9D2	0	0	0	0	Background
HGNC:986	BCKDHA	0	0	0	0	Background
HGNC:24662	EXOSC5	0	0	0	0	Background
HGNC:24139	B3GNT8	0	0	0	0	Background
HGNC:25496	DMAC2	0	0	0	0	Background
HGNC:34497	ERICH4	0	0	0	0	Background
HGNC:28834	CEACAM21	0	0	0	0	Background
HGNC:1816	CEACAM4	0	0	0	0	Background
HGNC:1819	CEACAM7	0	0	0	0	Background
HGNC:1817	CEACAM5	0	0	0	0	Background
HGNC:1818	CEACAM6	0	0	0	0	Background
HGNC:1815	CEACAM3	0	0	0	0	Background
HGNC:28659	LYPD4	0	0	0	0	Background
HGNC:13911	DMRTC2	0	0	0	0	Background
HGNC:10402	RPS19	0	0	0	0	Background
HGNC:1698	CD79A	1	0	0	0	IEI_only
HGNC:681	ARHGEF1	1	0	0	0	IEI_only
HGNC:9794	RABAC1	0	0	0	0	Background
HGNC:801	ATP1A3	0	1	1	0	ASD_only
HGNC:4583	GRIK5	0	1	1	0	ASD_only
HGNC:26166	ZNF574	0	0	0	0	Background
HGNC:9213	POU2F2	0	0	0	0	Background
HGNC:24450	DEDD2	0	0	0	0	Background
HGNC:29415	ZNF526	0	0	0	0	Background
HGNC:4616	GSK3A	0	0	0	0	Background
HGNC:3444	ERF	0	0	0	0	Background
HGNC:14214	CIC	0	1	1	0	ASD_only
HGNC:8576	PAFAH1B3	0	0	0	0	Background
HGNC:33728	PRR19	0	0	0	0	Background
HGNC:26912	TMEM145	0	0	0	0	Background
HGNC:3233	MEGF8	0	0	0	0	Background
HGNC:30183	CNFN	0	0	0	0	Background
HGNC:6621	LIPE	0	0	0	0	Background
HGNC:19232	CXCL17	0	0	0	0	Background
HGNC:1814	CEACAM1	0	0	0	0	Background
HGNC:1820	CEACAM8	0	0	0	0	Background
HGNC:9520	PSG3	0	0	0	0	Background
HGNC:9525	PSG8	0	0	0	0	Background
HGNC:9514	PSG1	0	0	0	0	Background
HGNC:9523	PSG6	0	0	0	0	Background
HGNC:9516	PSG11	0	0	0	0	Background
HGNC:9519	PSG2	0	0	0	0	Background
HGNC:9522	PSG5	0	0	0	0	Background
HGNC:9521	PSG4	0	0	0	0	Background
HGNC:9526	PSG9	0	0	0	0	Background
HGNC:30722	TEX101	0	0	0	0	Background
HGNC:24880	LYPD3	0	0	0	0	Background
HGNC:30499	PHLDB3	0	0	0	0	Background
HGNC:23287	ETHE1	0	0	0	0	Background
HGNC:27606	ZNF575	0	0	0	0	Background
HGNC:12828	XRCC1	0	0	0	0	Background
HGNC:44206	PINLYP	0	0	0	0	Background
HGNC:24868	IRGQ	0	0	0	0	Background
HGNC:28357	ZNF576	0	0	0	0	Background
HGNC:37248	SRRM5	0	0	0	0	Background
HGNC:20804	ZNF428	0	0	0	0	Background
HGNC:30825	CADM4	0	0	0	0	Background
HGNC:9053	PLAUR	0	1	1	0	ASD_only
HGNC:28835	IRGC	0	0	0	0	Background
HGNC:25763	SMG9	0	0	0	0	Background
HGNC:6293	KCNN4	0	0	0	0	Background
HGNC:26397	LYPD5	0	0	0	0	Background
HGNC:13077	ZNF283	0	0	0	0	Background
HGNC:19417	ZNF404	0	0	0	0	Background
HGNC:13111	ZNF45	0	0	0	0	Background
HGNC:13014	ZNF221	0	0	0	0	Background
HGNC:12940	ZNF155	0	0	0	0	Background
HGNC:13024	ZNF230	0	0	0	0	Background
HGNC:13015	ZNF222	0	0	0	0	Background
HGNC:13016	ZNF223	0	0	0	0	Background
HGNC:13078	ZNF284	0	0	0	0	Background
HGNC:13017	ZNF224	0	0	0	0	Background
HGNC:13018	ZNF225	0	0	0	0	Background
HGNC:13027	ZNF234	0	0	0	0	Background
HGNC:13019	ZNF226	0	0	0	0	Background
HGNC:13020	ZNF227	0	0	0	0	Background
HGNC:12866	ZNF235	0	0	0	0	Background
HGNC:30946	ZNF233	0	0	0	0	Background
HGNC:12892	ZNF112	0	0	0	0	Background
HGNC:13079	ZNF285	0	0	0	0	Background
HGNC:13022	ZNF229	0	0	0	0	Background
HGNC:12970	ZNF180	0	0	0	0	Background
HGNC:40040	IGSF23	0	0	0	0	Background
HGNC:9705	PVR	0	0	0	0	Background
HGNC:31951	CEACAM19	0	0	0	0	Background
HGNC:31948	CEACAM16	0	0	0	0	Background
HGNC:998	BCL3	0	0	0	0	Background
HGNC:15961	CBLC	0	0	0	0	Background
HGNC:6722	BCAM	0	0	0	0	Background
HGNC:9707	NECTIN2	0	0	0	0	Background
HGNC:18001	TOMM40	0	0	0	0	Background
HGNC:613	APOE	0	0	0	0	Background
HGNC:607	APOC1	0	0	0	0	Background
HGNC:611	APOC4	0	0	0	0	Background
HGNC:44426	APOC4-APOC2	0	0	0	0	Background
HGNC:609	APOC2	0	0	0	0	Background
HGNC:2087	CLPTM1	0	0	0	0	Background
HGNC:9956	RELB	1	0	0	0	IEI_only
HGNC:17731	CLASRP	0	0	0	0	Background
HGNC:15981	ZNF296	0	0	0	0	Background
HGNC:20045	GEMIN7	0	0	0	0	Background
HGNC:13538	MARK4	0	0	0	0	Background
HGNC:27607	PPP1R37	0	0	0	0	Background
HGNC:24739	NKPD1	0	0	0	0	Background
HGNC:23069	TRAPPC6A	0	0	0	0	Background
HGNC:20914	BLOC1S3	0	0	0	0	Background
HGNC:30162	EXOC3L2	0	0	0	0	Background
HGNC:1994	CKM	0	0	0	0	Background
HGNC:20717	KLC3	0	0	0	0	Background
HGNC:3434	ERCC2	0	0	0	0	Background
HGNC:18838	PPP1R13L	0	0	0	0	Background
HGNC:24219	POLR1G	0	0	0	0	Background
HGNC:3433	ERCC1	0	0	0	0	Background
HGNC:3797	FOSB	0	0	0	0	Background
HGNC:10468	RTN2	0	0	0	0	Background
HGNC:26845	PPM1N	0	0	0	0	Background
HGNC:12652	VASP	0	0	0	0	Background
HGNC:8142	OPA3	0	0	0	0	Background
HGNC:4497	GPR4	0	0	0	0	Background
HGNC:18035	EML2	0	0	0	0	Background
HGNC:48331	EML2-AS1	0	0	0	0	Background
HGNC:4271	GIPR	0	0	0	0	Background
HGNC:11159	SNRPD2	0	0	0	0	Background
HGNC:25952	QPCTL	0	0	0	0	Background
HGNC:25069	FBXO46	0	0	0	0	Background
HGNC:44318	MEIOSIN	0	0	0	0	Background
HGNC:10891	SIX5	0	0	0	0	Background
HGNC:2933	DMPK	0	1	1	0	ASD_only
HGNC:2936	DMWD	0	1	1	0	ASD_only
HGNC:14241	RSPH6A	0	0	0	0	Background
HGNC:22935	SYMPK	0	0	0	0	Background
HGNC:5023	FOXA3	0	0	0	0	Background
HGNC:21728	IRF2BP1	0	0	0	0	Background
HGNC:20178	MYPOP	0	0	0	0	Background
HGNC:23292	NANOS2	0	0	0	0	Background
HGNC:7887	NOVA2	0	0	0	0	Background
HGNC:33629	CCDC61	0	0	0	0	Background
HGNC:8904	PGLYRP1	0	0	0	0	Background
HGNC:32931	IGFL4	0	0	0	0	Background
HGNC:32930	IGFL3	0	0	0	0	Background
HGNC:32929	IGFL2	0	0	0	0	Background
HGNC:24093	IGFL1	0	0	0	0	Background
HGNC:15825	HIF3A	0	0	0	0	Background
HGNC:9322	PPP5C	0	1	1	0	ASD_only
HGNC:25367	CCDC8	0	0	0	0	Background
HGNC:25578	PNMA8A	0	0	0	0	Background
HGNC:44209	PPP5D1P	0	0	0	0	Background
HGNC:29206	PNMA8B	0	0	0	0	Background
HGNC:1449	CALM3	0	0	0	0	Background
HGNC:9602	PTGIR	0	0	0	0	Background
HGNC:19664	GNG8	0	0	0	0	Background
HGNC:30745	DACT3	0	0	0	0	Background
HGNC:17293	PRKD2	0	1	1	0	ASD_only
HGNC:15721	STRN4	0	0	0	0	Background
HGNC:17997	FKRP	0	0	0	0	Background
HGNC:10943	SLC1A5	0	0	0	0	Background
HGNC:565	AP2S1	0	1	1	0	ASD_only
HGNC:4591	ARHGAP35	0	0	0	0	Background
HGNC:7894	NPAS1	0	0	0	0	Background
HGNC:26042	TMEM160	0	0	0	0	Background
HGNC:17808	ZC3H4	0	1	1	0	ASD_only
HGNC:30660	SAE1	0	1	1	0	ASD_only
HGNC:17868	BBC3	0	0	0	0	Background
HGNC:24560	CCDC9	0	0	0	0	Background
HGNC:27406	INAFM1	0	0	0	0	Background
HGNC:1338	C5AR1	0	0	0	0	Background
HGNC:4527	C5AR2	0	0	0	0	Background
HGNC:16719	DHX34	0	0	0	0	Background
HGNC:29537	MEIS3	0	0	0	0	Background
HGNC:11069	SLC8A2	0	0	0	0	Background
HGNC:6404	KPTN	0	0	0	0	Background
HGNC:7641	NAPA	0	0	0	0	Background
HGNC:25294	ZNF541	0	0	0	0	Background
HGNC:4332	BICRA	0	1	1	0	ASD_only
HGNC:3243	EHD2	0	0	0	0	Background
HGNC:4333	NOP53	0	0	0	0	Background
HGNC:10752	SELENOW	0	0	0	0	Background
HGNC:32174	TPRX1	0	0	0	0	Background
HGNC:2383	CRX	0	0	0	0	Background
HGNC:32175	TPRX2	0	0	0	0	Background
HGNC:11458	SULT2A1	0	0	0	0	Background
HGNC:33906	BSPH1	0	0	0	0	Background
HGNC:14417	ELSPBP1	0	0	0	0	Background
HGNC:13714	CABP5	0	0	0	0	Background
HGNC:9037	PLA2G4C	0	0	0	0	Background
HGNC:6598	LIG1	1	0	0	0	IEI_only
HGNC:34495	ZSWIM9	0	0	0	0	Background
HGNC:12894	ZNF114	0	0	0	0	Background
HGNC:17057	CARD8	0	0	0	0	Background
HGNC:26560	ODAD1	0	0	0	0	Background
HGNC:3335	EMP3	0	0	0	0	Background
HGNC:25603	TMEM143	0	0	0	0	Background
HGNC:11502	SYNGR4	0	0	0	0	Background
HGNC:6304	KDELR1	0	0	0	0	Background
HGNC:4588	GRIN2D	0	0	0	0	Background
HGNC:21270	GRWD1	0	0	0	0	Background
HGNC:6260	KCNJ14	0	0	0	0	Background
HGNC:9502	CYTH2	0	0	0	0	Background
HGNC:19295	LMTK3	0	0	0	0	Background
HGNC:11459	SULT2B1	0	0	0	0	Background
HGNC:25972	SACK1E	0	0	0	0	Background
HGNC:16441	SPACA4	0	0	0	0	Background
HGNC:10310	RPL18	0	0	0	0	Background
HGNC:18859	SPHK2	0	0	0	0	Background
HGNC:2697	DBP	0	0	0	0	Background
HGNC:1370	CA11	0	0	0	0	Background
HGNC:25208	NTN5	0	0	0	0	Background
HGNC:4013	FUT2	0	0	0	0	Background
HGNC:26689	MAMSTR	0	0	0	0	Background
HGNC:24716	RASIP1	0	0	0	0	Background
HGNC:28539	IZUMO1	0	0	0	0	Background
HGNC:4012	FUT1	0	0	0	0	Background
HGNC:3678	FGF21	0	0	0	0	Background
HGNC:977	BCAT2	0	0	0	0	Background
HGNC:23238	HSD17B14	0	0	0	0	Background
HGNC:14339	PLEKHA4	0	0	0	0	Background
HGNC:14375	PPP1R15A	0	0	0	0	Background
HGNC:12424	TULP2	0	0	0	0	Background
HGNC:8043	NUCB1	0	0	0	0	Background
HGNC:17887	DHDH	0	0	0	0	Background
HGNC:959	BAX	0	0	0	0	Background
HGNC:3999	FTL	0	0	0	0	Background
HGNC:4706	GYS1	0	0	0	0	Background
HGNC:10475	RUVBL2	0	0	0	0	Background
HGNC:6584	LHB	0	0	0	0	Background
HGNC:1886	CGB3	0	0	0	0	Background
HGNC:16722	CGB2	0	0	0	0	Background
HGNC:16721	CGB1	0	0	0	0	Background
HGNC:16452	CGB5	0	0	0	0	Background
HGNC:16453	CGB8	0	0	0	0	Background
HGNC:16451	CGB7	0	0	0	0	Background
HGNC:8024	NTF4	0	0	0	0	Background
HGNC:6226	KCNA7	0	0	0	0	Background
HGNC:11150	SNRNP70	0	0	0	0	Background
HGNC:17788	LIN7B	0	1	1	0	ASD_only
HGNC:25534	C19orf73	0	0	0	0	Background
HGNC:9247	PPFIA3	0	0	0	0	Background
HGNC:5178	HRC	0	0	0	0	Background
HGNC:17993	TRPM4	0	0	0	0	Background
HGNC:13622	SLC6A16	0	0	0	0	Background
HGNC:1666	CD37	0	0	0	0	Background
HGNC:11715	TEAD2	0	0	0	0	Background
HGNC:16528	DKKL1	0	0	0	0	Background
HGNC:26520	KASH5	0	0	0	0	Background
HGNC:30828	PTH2	0	0	0	0	Background
HGNC:44663	GFY	0	0	0	0	Background
HGNC:16704	SLC17A7	0	0	0	0	Background
HGNC:26075	PIH1D1	0	0	0	0	Background
HGNC:28114	ALDH16A1	0	0	0	0	Background
HGNC:3766	FLT3LG	1	0	0	0	IEI_only
HGNC:10304	RPL13A	0	0	0	0	Background
HGNC:10384	RPS11	0	0	0	0	Background
HGNC:3621	FCGRT	0	0	0	0	Background
HGNC:21145	RCN3	0	0	0	0	Background
HGNC:17946	NOSIP	0	0	0	0	Background
HGNC:9470	PRRG2	0	0	0	0	Background
HGNC:29217	PRR12	0	1	1	0	ASD_only
HGNC:10447	RRAS	0	0	0	0	Background
HGNC:30403	SCAF1	0	1	1	0	ASD_only
HGNC:6118	IRF3	1	0	0	0	IEI_only
HGNC:13787	BCL2L12	0	0	0	0	Background
HGNC:5187	PRMT1	0	0	0	0	Background
HGNC:27293	ADM5	0	0	0	0	Background
HGNC:18540	CPT1C	0	0	0	0	Background
HGNC:30719	TSKS	0	0	0	0	Background
HGNC:561	AP2A1	0	0	0	0	Background
HGNC:26219	FUZ	0	0	0	0	Background
HGNC:28845	MED25	0	0	0	0	Background
HGNC:9632	PTOV1	0	0	0	0	Background
HGNC:9154	PNKP	0	0	0	0	Background
HGNC:28426	AKT1S1	0	0	0	0	Background
HGNC:25699	TBC1D17	0	0	0	0	Background
HGNC:19094	IL4I1	0	0	0	0	Background
HGNC:8066	NUP62	0	0	0	0	Background
HGNC:790	ATF5	0	0	0	0	Background
HGNC:15622	SIGLEC11	0	0	0	0	Background
HGNC:18996	VRK3	0	0	0	0	Background
HGNC:23239	ZNF473	0	0	0	0	Background
HGNC:28518	IZUMO2	0	0	0	0	Background
HGNC:23212	MYH14	0	0	0	0	Background
HGNC:6235	KCNC3	0	0	0	0	Background
HGNC:7965	NR1H2	0	0	0	0	Background
HGNC:13395	NAPSA	0	0	0	0	Background
HGNC:9175	POLD1	1	0	0	0	IEI_only
HGNC:11242	SPIB	0	0	0	0	Background
HGNC:7550	MYBPC2	0	0	0	0	Background
HGNC:25107	GARIN5A	0	0	0	0	Background
HGNC:27609	EMC10	0	0	0	0	Background
HGNC:28853	JOSD2	0	0	0	0	Background
HGNC:33856	ASPDH	0	0	0	0	Background
HGNC:25042	LRRC4B	0	0	0	0	Background
HGNC:11511	SYT3	0	0	0	0	Background
HGNC:40041	C19orf81	0	0	0	0	Background
HGNC:15474	SHANK1	0	1	1	0	ASD_only
HGNC:10576	CLEC11A	0	0	0	0	Background
HGNC:4487	GPR32	0	0	0	0	Background
HGNC:14376	ACP4	0	0	0	0	Background
HGNC:29667	C19orf48P	0	0	0	0	Background
HGNC:6357	KLK1	0	0	0	0	Background
HGNC:20453	KLK15	0	0	0	0	Background
HGNC:6364	KLK3	0	0	0	0	Background
HGNC:6363	KLK2	0	0	0	0	Background
HGNC:6365	KLK4	0	0	0	0	Background
HGNC:6366	KLK5	0	0	0	0	Background
HGNC:6367	KLK6	0	0	0	0	Background
HGNC:6368	KLK7	0	0	0	0	Background
HGNC:6369	KLK8	0	0	0	0	Background
HGNC:6370	KLK9	0	0	0	0	Background
HGNC:6358	KLK10	0	0	0	0	Background
HGNC:6359	KLK11	0	0	0	0	Background
HGNC:6360	KLK12	0	0	0	0	Background
HGNC:6361	KLK13	0	0	0	0	Background
HGNC:6362	KLK14	0	0	0	0	Background
HGNC:29590	CTU1	0	0	0	0	Background
HGNC:10878	SIGLEC9	0	0	0	0	Background
HGNC:10876	SIGLEC7	0	0	0	0	Background
HGNC:1659	CD33	0	0	0	0	Background
HGNC:26856	SIGLECL1	0	0	0	0	Background
HGNC:34550	IGLON5	0	0	0	0	Background
HGNC:27111	VSIG10L	0	0	0	0	Background
HGNC:3482	ETFB	0	1	1	0	ASD_only
HGNC:28511	CLDND2	0	0	0	0	Background
HGNC:7830	NKG7	0	0	0	0	Background
HGNC:6610	LIM2	0	0	0	0	Background
HGNC:27112	C19orf84	0	0	0	0	Background
HGNC:15620	SIGLEC10	0	0	0	0	Background
HGNC:10877	SIGLEC8	0	0	0	0	Background
HGNC:31949	CEACAM18	0	0	0	0	Background
HGNC:15482	SIGLEC12	0	0	0	0	Background
HGNC:10875	SIGLEC6	0	0	0	0	Background
HGNC:12964	ZNF175	0	0	0	0	Background
HGNC:10874	SIGLEC5	0	0	0	0	Background
HGNC:32926	SIGLEC14	0	0	0	0	Background
HGNC:4818	HAS1	0	0	0	0	Background
HGNC:3826	FPR1	1	0	0	0	IEI_only
HGNC:3827	FPR2	0	0	0	0	Background
HGNC:3828	FPR3	0	0	0	0	Background
HGNC:28673	ZNF577	0	0	0	0	Background
HGNC:25741	ZNF649	0	0	0	0	Background
HGNC:25827	ZNF613	0	0	0	0	Background
HGNC:16656	ZNF350	0	0	0	0	Background
HGNC:24740	ZNF615	0	0	0	0	Background
HGNC:24722	ZNF614	0	0	0	0	Background
HGNC:20810	ZNF432	0	0	0	0	Background
HGNC:27611	ZNF841	0	0	0	0	Background
HGNC:28062	ZNF616	0	0	0	0	Background
HGNC:34333	ZNF836	0	0	0	0	Background
HGNC:9302	PPP2R1A	0	0	0	0	Background
HGNC:28063	ZNF766	0	0	0	0	Background
HGNC:23305	ZNF480	0	0	0	0	Background
HGNC:26687	ZNF610	0	0	0	0	Background
HGNC:37249	ZNF880	0	0	0	0	Background
HGNC:29384	ZNF528	0	0	0	0	Background
HGNC:26337	ZNF534	0	0	0	0	Background
HGNC:26449	ZNF578	0	0	0	0	Background
HGNC:33230	ZNF808	0	0	0	0	Background
HGNC:25597	ZNF701	0	0	0	0	Background
HGNC:13158	ZNF83	0	0	0	0	Background
HGNC:28766	ZNF611	0	0	0	0	Background
HGNC:30951	ZNF600	0	0	0	0	Background
HGNC:13073	ZNF28	0	0	0	0	Background
HGNC:33105	ZNF468	0	0	0	0	Background
HGNC:13842	ZNF320	0	0	0	0	Background
HGNC:26995	ZNF816	0	0	0	0	Background
HGNC:38879	ZNF816-ZNF321P	0	0	0	0	Background
HGNC:26501	ERVV-1	0	0	0	0	Background
HGNC:39051	ERVV-2	0	0	0	0	Background
HGNC:12948	ZNF160	0	0	0	0	Background
HGNC:20636	ZNF415	0	0	0	0	Background
HGNC:16447	ZNF347	0	0	0	0	Background
HGNC:25885	ZNF665	0	0	0	0	Background
HGNC:28730	ZNF677	0	0	0	0	Background
HGNC:19872	VN1R2	0	0	0	0	Background
HGNC:19871	VN1R4	0	0	0	0	Background
HGNC:14878	BIRC8	0	0	0	0	Background
HGNC:25112	ZNF845	0	0	0	0	Background
HGNC:29423	ZNF525	0	0	0	0	Background
HGNC:25092	ZNF765	0	0	0	0	Background
HGNC:33257	ZNF813	0	0	0	0	Background
HGNC:15489	ZNF331	0	0	0	0	Background
HGNC:32166	DPRX	0	0	0	0	Background
HGNC:22938	NLRP12	1	0	0	0	IEI_only
HGNC:7544	MYADM	0	0	0	0	Background
HGNC:9402	PRKCG	0	0	0	0	Background
HGNC:13626	CACNG7	0	0	0	0	Background
HGNC:13628	CACNG8	0	0	0	0	Background
HGNC:13625	CACNG6	0	0	0	0	Background
HGNC:29455	VSTM1	0	0	0	0	Background
HGNC:37250	TARM1	0	0	0	0	Background
HGNC:29960	OSCAR	0	0	0	0	Background
HGNC:7686	NDUFA3	0	0	0	0	Background
HGNC:13630	TFPT	0	0	0	0	Background
HGNC:15446	PRPF31	0	0	0	0	Background
HGNC:7879	CNOT3	0	1	1	0	ASD_only
HGNC:15502	LENG1	0	0	0	0	Background
HGNC:22998	TMC4	0	0	0	0	Background
HGNC:15505	MBOAT7	0	1	1	0	ASD_only
HGNC:15506	TSEN34	0	0	0	0	Background
HGNC:10442	RPS9	0	0	0	0	Background
HGNC:6607	LILRB3	0	0	0	0	Background
HGNC:15495	LILRA6	0	0	0	0	Background
HGNC:6609	LILRB5	0	0	0	0	Background
HGNC:6606	LILRB2	0	1	1	0	ASD_only
HGNC:6604	LILRA3	0	0	0	0	Background
HGNC:16309	LILRA5	0	0	0	0	Background
HGNC:15503	LILRA4	0	0	0	0	Background
HGNC:6477	LAIR1	0	0	0	0	Background
HGNC:13476	TTYH1	0	0	0	0	Background
HGNC:15500	LENG8	0	0	0	0	Background
HGNC:16306	LENG9	0	0	0	0	Background
HGNC:17408	CDC42EP5	0	0	0	0	Background
HGNC:6478	LAIR2	0	0	0	0	Background
HGNC:25043	KIR3DX1	0	0	0	0	Background
HGNC:6603	LILRA2	0	0	0	0	Background
HGNC:6605	LILRB1	0	0	0	0	Background
HGNC:6602	LILRA1	0	0	0	0	Background
HGNC:53114	LILRB1-AS1	0	0	0	0	Background
HGNC:6608	LILRB4	0	0	0	0	Background
HGNC:6338	KIR3DL1	0	0	0	0	Background
HGNC:16312	KIR3DL3	0	0	0	0	Background
HGNC:6332	KIR2DL4	0	0	0	0	Background
HGNC:6331	KIR2DL3	0	0	0	0	Background
HGNC:6329	KIR2DL1	0	0	0	0	Background
HGNC:6339	KIR3DL2	0	0	0	0	Background
HGNC:3608	FCAR	0	0	0	0	Background
HGNC:6731	NCR1	0	0	0	0	Background
HGNC:22947	NLRP7	0	0	0	0	Background
HGNC:22948	NLRP2	0	0	0	0	Background
HGNC:14388	GP6	0	0	0	0	Background
HGNC:19978	RDH13	0	0	0	0	Background
HGNC:21295	EPS8L1	0	0	0	0	Background
HGNC:14947	PPP1R12C	0	0	0	0	Background
HGNC:11948	TNNT1	0	0	0	0	Background
HGNC:11947	TNNI3	0	0	0	0	Background
HGNC:30492	DNAAF3	0	0	0	0	Background
HGNC:11513	SYT5	0	0	0	0	Background
HGNC:9672	PTPRH	0	0	0	0	Background
HGNC:28448	TMEM86B	0	0	0	0	Background
HGNC:29195	PPP6R1	0	0	0	0	Background
HGNC:24989	HSPBP1	0	0	0	0	Background
HGNC:18994	BRSK1	0	0	0	0	Background
HGNC:34415	TMEM150B	0	0	0	0	Background
HGNC:28405	KMT5C	0	0	0	0	Background
HGNC:24380	COX6B2	0	0	0	0	Background
HGNC:25278	GARIN5B	0	0	0	0	Background
HGNC:5966	IL11	0	0	0	0	Background
HGNC:29632	TMEM190	0	0	0	0	Background
HGNC:40042	TMEM238	0	0	0	0	Background
HGNC:10330	RPL28	0	0	0	0	Background
HGNC:17895	UBE2S	0	0	0	0	Background
HGNC:35409	SHISA7	0	0	0	0	Background
HGNC:26278	ISOC2	0	0	0	0	Background
HGNC:28054	ZNF628	0	0	0	0	Background
HGNC:28918	NAT14	0	0	0	0	Background
HGNC:26641	SSC5D	0	0	0	0	Background
HGNC:34416	SBK2	0	0	0	0	Background
HGNC:44121	SBK3	0	0	0	0	Background
HGNC:26646	ZNF579	0	0	0	0	Background
HGNC:25917	FIZ1	0	0	0	0	Background
HGNC:28322	ZNF524	0	0	0	0	Background
HGNC:38705	ZNF865	0	0	1	0	Background
HGNC:33111	ZNF784	0	0	0	0	Background
HGNC:29473	ZNF580	0	0	0	0	Background
HGNC:25017	ZNF581	0	0	0	0	Background
HGNC:30181	CCDC106	0	0	0	0	Background
HGNC:23156	U2AF2	0	0	0	0	Background
HGNC:21604	EPN1	0	0	0	0	Background
HGNC:22941	NLRP9	0	0	0	0	Background
HGNC:16449	RFPL4A	0	0	0	0	Background
HGNC:45147	RFPL4AL1	0	0	0	0	Background
HGNC:22945	NLRP11	0	0	0	0	Background
HGNC:22943	NLRP4	0	0	0	0	Background
HGNC:22937	NLRP13	0	0	0	0	Background
HGNC:22940	NLRP8	0	0	0	0	Background
HGNC:21269	NLRP5	0	0	0	0	Background
HGNC:26998	ZNF787	0	0	0	0	Background
HGNC:16052	ZNF444	0	0	0	0	Background
HGNC:24840	GALP	0	0	0	0	Background
HGNC:34246	ZSCAN5B	0	0	0	0	Background
HGNC:34294	ZSCAN5C	0	0	0	0	Background
HGNC:23710	ZSCAN5A	0	0	0	0	Background
HGNC:37706	ZSCAN5DP	0	0	0	0	Background
HGNC:53168	EDDM13	0	0	0	0	Background
HGNC:26421	ZNF582	0	0	0	0	Background
HGNC:26427	ZNF583	0	0	0	0	Background
HGNC:28854	ZNF667	0	0	0	0	Background
HGNC:23226	ZNF471	0	0	0	0	Background
HGNC:17801	ZFP28	0	0	0	0	Background
HGNC:22220	ZNF470	0	0	0	0	Background
HGNC:13141	ZNF71	0	0	0	0	Background
HGNC:27114	SMIM17	0	0	0	0	Background
HGNC:34332	ZNF835	0	0	0	0	Background
HGNC:12875	ZIM2	0	0	0	0	Background
HGNC:8826	PEG3	0	0	0	0	Background
HGNC:18563	USP29	0	0	0	0	Background
HGNC:16366	ZIM3	0	0	0	0	Background
HGNC:32179	DUXA	0	0	0	0	Background
HGNC:13057	ZNF264	0	0	0	0	Background
HGNC:11391	AURKC	0	0	0	0	Background
HGNC:23272	ZNF805	0	0	0	0	Background
HGNC:21628	ZNF460	0	0	0	0	Background
HGNC:25281	ZNF543	0	0	0	0	Background
HGNC:13505	ZNF304	0	0	0	0	Background
HGNC:26432	ZNF547	0	0	0	0	Background
HGNC:10710	TRAPPC2B	0	0	0	0	Background
HGNC:26561	ZNF548	0	1	1	0	ASD_only
HGNC:12958	ZNF17	0	0	0	0	Background
HGNC:32783	ZNF749	0	0	0	0	Background
HGNC:13548	VN1R1	0	0	0	0	Background
HGNC:33106	ZNF772	0	0	0	0	Background
HGNC:20648	ZNF419	0	0	0	0	Background
HGNC:30487	ZNF773	0	0	0	0	Background
HGNC:26632	ZNF549	0	0	0	0	Background
HGNC:28643	ZNF550	0	0	0	0	Background
HGNC:20645	ZNF416	0	0	0	0	Background
HGNC:33104	ZIK1	0	0	0	0	Background
HGNC:29297	ZNF530	0	0	0	0	Background
HGNC:12918	ZNF134	0	0	0	0	Background
HGNC:13003	ZNF211	0	0	0	0	Background
HGNC:23709	ZSCAN4	0	0	0	0	Background
HGNC:25108	ZNF551	0	0	0	0	Background
HGNC:12939	ZNF154	0	0	0	0	Background
HGNC:26279	ZNF671	0	0	0	0	Background
HGNC:26765	ZNF776	0	0	0	0	Background
HGNC:25949	ZNF586	0	0	0	0	Background
HGNC:26135	ZNF552	0	0	0	0	Background
HGNC:37142	ZNF587B	0	0	0	0	Background
HGNC:33258	ZNF814	0	0	0	0	Background
HGNC:30955	ZNF587	0	0	0	0	Background
HGNC:20646	ZNF417	0	0	0	0	Background
HGNC:20647	ZNF418	0	0	0	0	Background
HGNC:13049	ZNF256	0	0	0	0	Background
HGNC:28642	C19orf18	0	0	0	0	Background
HGNC:25879	ZNF606	0	0	0	0	Background
HGNC:44322	ZNF606-AS1	0	0	0	0	Background
HGNC:23712	ZSCAN1	0	0	0	0	Background
HGNC:12919	ZNF135	0	0	0	0	Background
HGNC:21037	ZSCAN18	0	0	0	0	Background
HGNC:14209	ZNF329	0	0	0	0	Background
HGNC:13068	ZNF274	0	0	0	0	Background
HGNC:16759	ZNF544	0	0	0	0	Background
HGNC:56757	ZNF8-ERVK3-1	0	0	0	0	Background
HGNC:4929	ZSCAN22	0	0	0	0	Background
HGNC:5	A1BG	0	0	0	0	Background
HGNC:23714	ZNF497	0	0	0	0	Background
HGNC:25164	ZNF837	0	0	0	0	Background
HGNC:10426	RPS5	0	0	0	0	Background
HGNC:51249	RNF225	0	0	0	0	Background
HGNC:27318	ZNF584	0	0	0	0	Background
HGNC:12916	ZNF132	0	0	0	0	Background
HGNC:33107	ZNF324B	0	0	0	0	Background
HGNC:14096	ZNF324	0	0	0	0	Background
HGNC:21036	ZNF446	0	0	0	0	Background
HGNC:10999	SLC27A5	0	0	0	0	Background
HGNC:23715	ZBTB45	0	0	0	0	Background
HGNC:16384	TRIM28	0	0	0	0	Background
HGNC:30216	CHMP2A	0	0	0	0	Background
HGNC:12491	UBE2M	0	0	0	0	Background
HGNC:13108	MZF1	0	0	0	0	Background
HGNC:18105	DEFB125	0	0	0	0	Background
HGNC:15900	DEFB126	0	0	0	0	Background
HGNC:16206	DEFB127	0	0	0	0	Background
HGNC:18106	DEFB128	0	0	0	0	Background
HGNC:16218	DEFB129	0	0	0	0	Background
HGNC:33806	DEFB132	0	0	0	0	Background
HGNC:16227	C20orf96	0	0	0	0	Background
HGNC:16230	ZCCHC3	0	0	0	0	Background
HGNC:11198	SOX12	0	0	0	0	Background
HGNC:16229	NRSN2	0	0	0	0	Background
HGNC:16228	TRIB3	0	0	0	0	Background
HGNC:15864	RBCK1	1	0	0	0	IEI_only
HGNC:16133	TBC1D20	0	0	0	0	Background
HGNC:2457	CSNK2A1	0	1	1	0	ASD_only
HGNC:11627	TCF15	0	0	0	0	Background
HGNC:16132	SRXN1	0	0	0	0	Background
HGNC:15952	SCRT2	0	0	0	0	Background
HGNC:16187	SLC52A3	0	0	0	0	Background
HGNC:16188	FAM110A	0	0	0	0	Background
HGNC:487	ANGPT4	0	0	0	0	Background
HGNC:16175	RSPO4	0	0	0	0	Background
HGNC:9571	PSMF1	0	0	0	0	Background
HGNC:15893	TMEM74B	0	0	0	0	Background
HGNC:37254	C20orf202	0	0	0	0	Background
HGNC:16271	RAD21L1	0	1	1	0	ASD_only
HGNC:15931	SNPH	0	0	0	0	Background
HGNC:15756	SDCBP2	0	0	0	0	Background
HGNC:3711	FKBP1A	0	0	0	0	Background
HGNC:15912	NSFL1C	0	0	0	0	Background
HGNC:16247	SIRPB2	0	0	0	0	Background
HGNC:16248	SIRPD	0	0	0	0	Background
HGNC:15928	SIRPB1	0	0	0	0	Background
HGNC:15757	SIRPG	0	0	0	0	Background
HGNC:9662	SIRPA	0	0	0	0	Background
HGNC:8820	PDYN	0	0	0	0	Background
HGNC:16254	STK35	0	0	0	0	Background
HGNC:11779	TGM3	0	0	0	0	Background
HGNC:16255	TGM6	0	0	0	0	Background
HGNC:11153	SNRPB	0	0	0	0	Background
HGNC:16017	ZNF343	0	0	0	0	Background
HGNC:16527	TMC2	0	0	0	0	Background
HGNC:15911	NOP56	0	0	0	0	Background
HGNC:5385	IDH3B	0	0	0	0	Background
HGNC:29278	EBF4	0	0	0	0	Background
HGNC:15771	CPXM1	0	0	0	0	Background
HGNC:40044	TMEM239	0	0	0	0	Background
HGNC:16134	C20orf141	0	0	0	0	Background
HGNC:16212	PCED1A	0	0	0	0	Background
HGNC:14584	VPS16	0	0	0	0	Background
HGNC:9664	PTPRA	0	0	0	0	Background
HGNC:4420	GNRH2	0	0	0	0	Background
HGNC:14045	MRPS26	0	0	0	0	Background
HGNC:8528	OXT	0	1	1	0	ASD_only
HGNC:894	AVP	0	0	0	0	Background
HGNC:17777	UBOX5	0	0	0	0	Background
HGNC:25790	FASTKD5	0	0	0	0	Background
HGNC:30139	LZTS3	0	0	0	0	Background
HGNC:16110	DDRGK1	0	0	0	0	Background
HGNC:6176	ITPA	0	0	0	0	Background
HGNC:16438	SLC4A11	0	0	0	0	Background
HGNC:17721	DNAAF9	0	0	0	0	Background
HGNC:885	ATRN	0	0	0	0	Background
HGNC:13821	GFRA4	0	0	0	0	Background
HGNC:15478	ADAM33	0	0	0	0	Background
HGNC:11127	SIGLEC1	0	0	0	0	Background
HGNC:16193	HSPA12B	0	0	0	0	Background
HGNC:15873	ADISSP	0	0	0	0	Background
HGNC:15874	SPEF1	0	0	0	0	Background
HGNC:1852	CENPB	0	0	0	0	Background
HGNC:1726	CDC25B	0	0	0	0	Background
HGNC:15875	AP5S1	0	0	0	0	Background
HGNC:29233	MAVS	0	0	0	0	Background
HGNC:15894	PANK2	0	0	0	0	Background
HGNC:13779	RNF24	0	0	0	0	Background
HGNC:15862	SMOX	0	0	0	0	Background
HGNC:280	ADRA1D	0	0	0	0	Background
HGNC:9449	PRNP	0	0	0	0	Background
HGNC:15748	PRND	0	0	0	0	Background
HGNC:18046	PRNT	0	0	0	0	Background
HGNC:9883	RASSF2	0	0	0	0	Background
HGNC:10973	SLC23A2	0	0	0	0	Background
HGNC:15876	TMEM230	0	0	0	0	Background
HGNC:8729	PCNA	0	0	0	0	Background
HGNC:1801	CDS2	0	0	0	0	Background
HGNC:15836	PROKR2	0	0	0	0	Background
HGNC:26957	GPCPD1	0	0	0	0	Background
HGNC:26318	SHLD1	0	0	0	0	Background
HGNC:1930	CHGB	0	0	0	0	Background
HGNC:20900	TRMT6	0	0	0	0	Background
HGNC:16147	MCM8	0	0	0	0	Background
HGNC:16148	CRLS1	0	0	0	0	Background
HGNC:16208	LRRN4	0	0	0	0	Background
HGNC:15889	FERMT1	1	0	0	0	IEI_only
HGNC:1069	BMP2	0	0	0	0	Background
HGNC:4809	HAO1	0	0	0	0	Background
HGNC:25237	TMX4	0	0	0	0	Background
HGNC:15917	PLCB1	0	1	1	0	ASD_only
HGNC:9059	PLCB4	0	0	0	0	Background
HGNC:16097	LAMP5	0	0	0	0	Background
HGNC:15916	PAK5	0	0	0	0	Background
HGNC:15803	ANKEF1	0	0	0	0	Background
HGNC:11132	SNAP25	0	1	1	0	ASD_only
HGNC:7108	MKKS	0	0	0	0	Background
HGNC:16225	SLX4IP	0	0	0	0	Background
HGNC:6188	JAG1	0	0	0	0	Background
HGNC:16180	LINC02871	0	0	0	0	Background
HGNC:15854	BTBD3	0	0	0	0	Background
HGNC:16253	SPTLC3	0	0	0	0	Background
HGNC:16213	ISM1	0	0	0	0	Background
HGNC:15859	TASP1	0	0	0	0	Background
HGNC:15898	ESF1	0	0	0	0	Background
HGNC:15899	NDUFAF5	0	0	0	0	Background
HGNC:15897	SEL1L2	0	0	0	0	Background
HGNC:16126	MACROD2	0	1	1	0	ASD_only
HGNC:3762	FLRT3	0	0	0	0	Background
HGNC:15869	KIF16B	0	0	0	0	Background
HGNC:11155	SNRPB2	0	0	0	0	Background
HGNC:8517	OTOR	0	0	0	0	Background
HGNC:8744	PCSK2	0	0	0	0	Background
HGNC:1040	BFSP1	0	0	0	0	Background
HGNC:15750	DSTN	0	0	0	0	Background
HGNC:10448	RRBP1	0	0	0	0	Background
HGNC:16172	BANF2	0	0	0	0	Background
HGNC:14969	SNX5	0	1	1	0	ASD_only
HGNC:15804	OVOL2	0	0	0	0	Background
HGNC:16205	MGME1	0	0	0	0	Background
HGNC:40045	PET117	0	0	0	0	Background
HGNC:15904	KAT14	0	0	0	0	Background
HGNC:12917	ZNF133	0	0	0	0	Background
HGNC:15858	DZANK1	0	0	0	0	Background
HGNC:15763	POLR3F	1	0	0	0	IEI_only
HGNC:9892	RBBP9	0	0	0	0	Background
HGNC:10702	SEC23B	0	0	0	0	Background
HGNC:16219	DTD1	0	0	0	0	Background
HGNC:16210	SCP2D1-AS1	0	0	0	0	Background
HGNC:16211	SCP2D1	0	0	0	0	Background
HGNC:10977	SLC24A3	0	0	0	0	Background
HGNC:18750	RIN2	0	0	0	0	Background
HGNC:15908	NAA20	0	0	0	0	Background
HGNC:15762	CRNKL1	0	0	0	0	Background
HGNC:15872	CFAP61	0	0	0	0	Background
HGNC:6090	INSM1	0	0	0	0	Background
HGNC:16207	RALGAPA2	0	0	0	0	Background
HGNC:12836	XRN2	0	0	0	0	Background
HGNC:7837	NKX2-4	0	0	0	0	Background
HGNC:7835	NKX2-2	0	0	0	0	Background
HGNC:8615	PAX1	1	0	0	0	IEI_only
HGNC:5022	FOXA2	0	0	0	0	Background
HGNC:11333	SSTR4	0	0	0	0	Background
HGNC:11784	THBD	1	0	0	0	IEI_only
HGNC:15855	CD93	0	0	0	0	Background
HGNC:15913	NXT1	0	0	0	0	Background
HGNC:15808	GZF1	0	0	0	0	Background
HGNC:15751	NAPB	0	0	0	0	Background
HGNC:15958	CSTL1	0	0	0	0	Background
HGNC:15959	CST11	0	0	0	0	Background
HGNC:2480	CST8	0	0	0	0	Background
HGNC:16233	CST9L	0	0	0	0	Background
HGNC:13261	CST9	0	0	0	0	Background
HGNC:2475	CST3	0	0	0	0	Background
HGNC:2476	CST4	0	0	0	0	Background
HGNC:2473	CST1	0	0	0	0	Background
HGNC:2474	CST2	0	0	0	0	Background
HGNC:2477	CST5	0	0	0	0	Background
HGNC:16437	GGTLC1	0	0	0	0	Background
HGNC:15885	SYNDIG1	0	0	0	0	Background
HGNC:2479	CST7	0	0	0	0	Background
HGNC:13238	APMAP	0	0	0	0	Background
HGNC:16091	ACSS1	0	0	0	0	Background
HGNC:12723	VSX1	0	0	0	0	Background
HGNC:3368	ENTPD6	0	0	0	0	Background
HGNC:9723	PYGB	0	0	0	0	Background
HGNC:15868	ABHD12	0	0	0	0	Background
HGNC:28980	GINS1	1	0	0	0	IEI_only
HGNC:29163	NINL	0	1	1	0	ASD_only
HGNC:16140	NANP	0	0	0	0	Background
HGNC:15809	ZNF337	0	0	0	0	Background
HGNC:34503	FAM182B	0	0	0	0	Background
HGNC:15792	FRG1BP	0	0	0	0	Background
HGNC:18096	DEFB115	0	0	0	0	Background
HGNC:18097	DEFB116	0	0	0	0	Background
HGNC:16196	DEFB118	0	0	0	0	Background
HGNC:18099	DEFB119	0	0	0	0	Background
HGNC:18101	DEFB121	0	0	0	0	Background
HGNC:18103	DEFB123	0	0	0	0	Background
HGNC:18104	DEFB124	0	0	0	0	Background
HGNC:15922	REM1	0	0	0	0	Background
HGNC:16435	HM13	0	0	0	0	Background
HGNC:5360	ID1	0	0	0	0	Background
HGNC:16232	COX4I2	0	0	0	0	Background
HGNC:992	BCL2L1	0	0	0	0	Background
HGNC:1249	TPX2	0	0	0	0	Background
HGNC:16243	MYLK2	0	0	0	0	Background
HGNC:3735	FOXS1	0	0	0	0	Background
HGNC:16236	DUSP15	0	1	1	0	ASD_only
HGNC:16118	TTLL9	0	0	0	0	Background
HGNC:16119	PDRG1	0	0	0	0	Background
HGNC:23062	XKR7	0	0	0	0	Background
HGNC:16153	CCM2L	0	0	0	0	Background
HGNC:4840	HCK	1	0	0	0	IEI_only
HGNC:30797	TM9SF4	0	1	1	0	ASD_only
HGNC:9047	PLAGL2	0	0	0	0	Background
HGNC:14988	POFUT1	0	0	0	0	Background
HGNC:6320	KIF3B	0	0	0	0	Background
HGNC:18318	ASXL1	0	0	0	0	Background
HGNC:16106	NOL4L	0	0	0	0	Background
HGNC:44310	NOL4L-DT	0	0	0	0	Background
HGNC:16223	COMMD7	0	0	0	0	Background
HGNC:2979	DNMT3B	1	0	0	0	IEI_only
HGNC:6890	MAPRE1	0	0	0	0	Background
HGNC:34532	EFCAB8	0	0	0	0	Background
HGNC:16252	SUN5	0	0	0	0	Background
HGNC:16177	BPIFB2	0	0	0	0	Background
HGNC:16504	BPIFB6	0	0	0	0	Background
HGNC:16178	BPIFB3	0	0	0	0	Background
HGNC:16179	BPIFB4	0	0	0	0	Background
HGNC:16203	BPIFA2	0	0	0	0	Background
HGNC:16204	BPIFA3	0	0	0	0	Background
HGNC:15749	BPIFA1	0	0	0	0	Background
HGNC:16108	BPIFB1	0	0	0	0	Background
HGNC:15880	CDK5RAP1	0	0	0	0	Background
HGNC:11167	SNTA1	0	0	0	0	Background
HGNC:1536	CBFA2T2	0	0	0	0	Background
HGNC:15851	NECAB3	0	0	0	0	Background
HGNC:16137	C20orf144	0	0	0	0	Background
HGNC:16127	ACTL10	0	0	0	0	Background
HGNC:3113	E2F1	0	0	0	0	Background
HGNC:15920	PXMP4	0	0	0	0	Background
HGNC:15992	ZNF341	1	0	0	0	IEI_only
HGNC:16171	CHMP4B	0	0	0	0	Background
HGNC:15921	RALY	0	0	0	0	Background
HGNC:3266	EIF2S2	0	0	0	0	Background
HGNC:745	ASIP	0	0	0	0	Background
HGNC:343	AHCY	0	0	0	0	Background
HGNC:13890	ITCH	1	0	0	0	IEI_only
HGNC:15468	DYNLRB1	0	0	0	0	Background
HGNC:6838	MAP1LC3A	0	0	0	0	Background
HGNC:15791	PIGU	0	0	0	0	Background
HGNC:15936	NCOA6	0	0	0	0	Background
HGNC:16104	TP53INP2	0	0	0	0	Background
HGNC:4259	GGT7	0	0	0	0	Background
HGNC:15814	ACSS2	0	0	0	0	Background
HGNC:4624	GSS	0	0	0	0	Background
HGNC:15906	MYH7B	0	0	0	0	Background
HGNC:16181	TRPC4AP	0	0	0	0	Background
HGNC:15877	EDEM2	0	0	0	0	Background
HGNC:9452	PROCR	0	0	0	0	Background
HGNC:7172	MMP24	0	0	0	0	Background
HGNC:6159	EIF6	0	0	0	0	Background
HGNC:16121	SACK1C	0	0	0	0	Background
HGNC:15891	UQCC1	0	0	0	0	Background
HGNC:33435	GDF5-AS1	0	0	0	0	Background
HGNC:4220	GDF5	0	0	0	0	Background
HGNC:1859	CEP250	0	0	0	0	Background
HGNC:16166	C20orf173	0	0	0	0	Background
HGNC:15927	ERGIC3	0	0	0	0	Background
HGNC:11214	SPAG4	0	0	0	0	Background
HGNC:2314	CPNE1	0	0	0	0	Background
HGNC:9898	RBM12	0	0	0	0	Background
HGNC:15910	NFS1	0	0	0	0	Background
HGNC:16185	ROMO1	0	0	0	0	Background
HGNC:15923	RBM39	0	0	0	0	Background
HGNC:16098	PHF20	0	0	0	0	Background
HGNC:10566	SCAND1	0	0	0	0	Background
HGNC:16145	CNBD2	0	0	0	0	Background
HGNC:3378	EPB41L1	0	0	0	0	Background
HGNC:15886	AAR2	0	0	0	0	Background
HGNC:24476	DLGAP4	0	0	0	0	Background
HGNC:15754	MYL9	0	0	0	0	Background
HGNC:15764	TGIF2	0	0	0	0	Background
HGNC:44664	TGIF2-RAB5IF	0	0	0	0	Background
HGNC:15870	RAB5IF	0	0	0	0	Background
HGNC:17329	SLA2	0	0	0	0	Background
HGNC:14462	NDRG3	0	0	0	0	Background
HGNC:16165	DSN1	0	0	0	0	Background
HGNC:16111	MTCL2	0	0	0	0	Background
HGNC:16112	TLDC2	0	0	0	0	Background
HGNC:15925	SAMHD1	1	0	0	0	IEI_only
HGNC:9893	RBL1	0	0	0	0	Background
HGNC:16125	MROH8	0	0	0	0	Background
HGNC:10382	RPN2	0	0	0	0	Background
HGNC:4265	GHRH	0	0	0	0	Background
HGNC:15799	MANBAL	0	0	0	0	Background
HGNC:11283	SRC	0	0	0	0	Background
HGNC:1055	BLCAP	0	0	0	0	Background
HGNC:7860	NNAT	0	0	0	0	Background
HGNC:15879	CTNNBL1	1	0	0	0	IEI_only
HGNC:16096	VSTM2L	0	0	0	0	Background
HGNC:29029	TTI1	0	0	0	0	Background
HGNC:16209	RPRD1B	0	0	0	0	Background
HGNC:11778	TGM2	0	0	0	0	Background
HGNC:29372	KIAA1755	0	0	0	0	Background
HGNC:1095	BPI	0	0	0	0	Background
HGNC:6517	LBP	0	0	0	0	Background
HGNC:29221	RALGAPB	0	1	1	0	ASD_only
HGNC:28606	ADIG	0	0	0	0	Background
HGNC:16226	ARHGAP40	0	0	0	0	Background
HGNC:11018	SLC32A1	0	0	0	0	Background
HGNC:14671	ACTR5	0	0	0	0	Background
HGNC:15850	PPP1R16B	0	0	0	0	Background
HGNC:16122	SACK1D	0	0	0	0	Background
HGNC:15861	DHX35	0	0	0	0	Background
HGNC:6408	MAFB	0	0	0	0	Background
HGNC:11986	TOP1	0	0	0	0	Background
HGNC:9065	PLCG1	1	0	0	0	IEI_only
HGNC:15935	ZHX3	0	0	0	0	Background
HGNC:14451	LPIN3	0	0	0	0	Background
HGNC:16123	EMILIN3	0	0	0	0	Background
HGNC:19057	CHD6	0	0	0	0	Background
HGNC:9682	PTPRT	0	1	1	0	ASD_only
HGNC:10788	SRSF6	0	0	0	0	Background
HGNC:15905	L3MBTL1	0	0	0	0	Background
HGNC:13900	SGK2	0	0	0	0	Background
HGNC:15901	IFT52	0	0	0	0	Background
HGNC:7548	MYBL2	0	0	0	0	Background
HGNC:16198	GTSF1L	0	0	0	0	Background
HGNC:16095	TOX2	0	0	0	0	Background
HGNC:14202	JPH2	0	0	0	0	Background
HGNC:16105	OSER1	0	0	0	0	Background
HGNC:4213	GDAP1L1	0	0	0	0	Background
HGNC:16135	FITM2	0	0	0	0	Background
HGNC:16249	R3HDML	0	0	0	0	Background
HGNC:5024	HNF4A	0	0	0	0	Background
HGNC:16195	LINC01620	0	0	0	0	Background
HGNC:16114	TTPAL	0	0	0	0	Background
HGNC:11699	SERINC3	0	0	0	0	Background
HGNC:9019	PKIG	0	0	0	0	Background
HGNC:186	ADA	1	1	1	1	Overlap_raw
HGNC:12770	CCN5	0	0	0	0	Background
HGNC:13814	KCNK15	0	0	0	0	Background
HGNC:16183	RIMS4	0	0	0	0	Background
HGNC:12849	YWHAB	0	0	0	0	Background
HGNC:15797	PABPC1L	0	0	0	0	Background
HGNC:15746	TOMM34	0	0	0	0	Background
HGNC:11408	STK4	1	0	0	0	IEI_only
HGNC:6300	KCNS1	0	0	0	0	Background
HGNC:20477	WFDC5	0	0	0	0	Background
HGNC:16115	WFDC12	0	0	0	0	Background
HGNC:8947	PI3	0	0	0	0	Background
HGNC:10742	SEMG1	0	0	0	0	Background
HGNC:10743	SEMG2	0	0	0	0	Background
HGNC:11092	SLPI	0	0	0	0	Background
HGNC:6910	MATN4	0	0	0	0	Background
HGNC:13761	RBPJL	0	0	0	0	Background
HGNC:10661	SDC4	0	0	0	0	Background
HGNC:16162	SYS1	0	0	0	0	Background
HGNC:33535	SYS1-DBNDD2	0	0	0	0	Background
HGNC:15856	TP53TG5	0	0	0	0	Background
HGNC:15881	DBNDD2	0	0	0	0	Background
HGNC:14938	PIGT	0	0	0	0	Background
HGNC:15939	WFDC2	0	0	0	0	Background
HGNC:11248	SPINT3	0	0	0	0	Background
HGNC:16164	WFDC6	0	0	0	0	Background
HGNC:38825	EPPIN-WFDC6	0	0	0	0	Background
HGNC:15932	EPPIN	0	0	0	0	Background
HGNC:16163	WFDC8	0	0	0	0	Background
HGNC:20380	WFDC9	0	0	0	0	Background
HGNC:16139	WFDC10A	0	0	0	0	Background
HGNC:20478	WFDC11	0	0	0	0	Background
HGNC:20479	WFDC10B	0	0	0	0	Background
HGNC:16131	WFDC13	0	0	0	0	Background
HGNC:16130	SPINT4	0	0	0	0	Background
HGNC:15957	WFDC3	0	0	0	0	Background
HGNC:16160	DNTTIP1	0	0	0	0	Background
HGNC:15937	UBE2C	0	0	0	0	Background
HGNC:11944	TNNC2	0	0	0	0	Background
HGNC:16154	SNX21	0	0	0	0	Background
HGNC:15919	ACOT8	0	0	0	0	Background
HGNC:16157	ZSWIM3	0	0	0	0	Background
HGNC:16155	ZSWIM1	0	0	0	0	Background
HGNC:16158	SPATA25	0	0	0	0	Background
HGNC:16156	NEURL2	0	0	0	0	Background
HGNC:9251	CTSA	0	0	0	0	Background
HGNC:9093	PLTP	0	0	0	0	Background
HGNC:16200	PCIF1	0	0	0	0	Background
HGNC:15807	ZNF335	0	0	0	0	Background
HGNC:7176	MMP9	0	0	0	0	Background
HGNC:13818	SLC12A5	0	1	1	0	ASD_only
HGNC:15909	NCOA5	0	0	0	0	Background
HGNC:11919	CD40	1	0	0	0	IEI_only
HGNC:13251	CDH22	0	1	1	0	ASD_only
HGNC:17117	SLC35H1	0	0	0	0	Background
HGNC:17233	ELMO2	0	0	0	0	Background
HGNC:15806	ZNF334	0	0	0	0	Background
HGNC:16116	OCSTAMP	0	0	0	0	Background
HGNC:14430	SLC13A3	0	0	0	0	Background
HGNC:16197	TP53RK	0	0	0	0	Background
HGNC:13444	SLC2A10	0	0	0	0	Background
HGNC:3520	EYA2	0	0	0	0	Background
HGNC:9397	ZMYND8	0	1	1	0	ASD_only
HGNC:7670	NCOA3	0	0	0	0	Background
HGNC:20392	SULF2	0	0	0	0	Background
HGNC:32594	PREX1	0	1	1	0	ASD_only
HGNC:15853	ARFGEF2	0	0	0	0	Background
HGNC:2431	CSE1L	0	0	0	0	Background
HGNC:11370	STAU1	0	0	0	0	Background
HGNC:15837	DDX27	0	0	0	0	Background
HGNC:29271	ZNFX1	1	0	0	0	IEI_only
HGNC:6231	KCNB1	0	1	1	0	ASD_only
HGNC:9603	PTGIS	0	0	0	0	Background
HGNC:928	B4GALT5	0	0	0	0	Background
HGNC:20728	SLC9A8	0	0	0	0	Background
HGNC:14681	SPATA2	0	0	0	0	Background
HGNC:13094	RNF114	0	0	0	0	Background
HGNC:11128	SNAI1	0	0	0	0	Background
HGNC:12494	UBE2V1	0	0	0	0	Background
HGNC:33521	PEDS1-UBE2V1	0	0	0	0	Background
HGNC:16735	PEDS1	0	0	0	0	Background
HGNC:1834	CEBPB	0	0	0	0	Background
HGNC:9642	PTPN1	0	0	0	0	Background
HGNC:16168	RIPOR3	0	0	0	0	Background
HGNC:16245	PARD6B	0	0	0	0	Background
HGNC:14367	BCAS4	0	0	0	0	Background
HGNC:15766	ADNP	0	1	1	0	ASD_only
HGNC:3005	DPM1	0	0	0	0	Background
HGNC:15765	MOCS3	0	0	0	0	Background
HGNC:6248	KCNG1	0	0	0	0	Background
HGNC:7776	NFATC2	1	0	0	0	IEI_only
HGNC:13540	ATP9A	0	0	0	0	Background
HGNC:15924	SALL4	0	0	0	0	Background
HGNC:15940	ZFP64	0	0	0	0	Background
HGNC:13010	TSHZ2	0	0	0	0	Background
HGNC:13009	ZNF217	0	0	0	0	Background
HGNC:974	BCAS1	0	1	1	0	ASD_only
HGNC:2602	CYP24A1	0	0	0	0	Background
HGNC:8868	PFDN4	0	0	0	0	Background
HGNC:16173	DOK5	0	0	0	0	Background
HGNC:16231	CBLN4	0	0	0	0	Background
HGNC:6931	MC3R	0	0	0	0	Background
HGNC:16102	MIMS2	0	0	0	0	Background
HGNC:11393	AURKA	0	0	0	0	Background
HGNC:2483	CSTF1	0	0	0	0	Background
HGNC:15878	CASS4	0	0	0	0	Background
HGNC:15890	RTF2	0	0	0	0	Background
HGNC:16099	GCNT7	0	0	0	0	Background
HGNC:16100	FAM209A	0	0	0	0	Background
HGNC:16101	FAM209B	0	0	0	0	Background
HGNC:11744	TFAP2C	0	0	0	0	Background
HGNC:1074	BMP7	0	0	0	0	Background
HGNC:11250	SPO11	0	0	0	0	Background
HGNC:9828	RAE1	0	0	0	0	Background
HGNC:37157	MTRNR2L3	0	0	0	0	Background
HGNC:15818	RBM38	0	0	0	0	Background
HGNC:16234	CTCFL	0	0	0	0	Background
HGNC:8724	PCK1	0	0	0	0	Background
HGNC:16176	ZBP1	0	0	0	0	Background
HGNC:14107	PMEPA1	0	0	0	0	Background
HGNC:16216	CIMIP1	0	0	0	0	Background
HGNC:16217	ANKRD60	0	0	0	0	Background
HGNC:15755	PPP4R1L	0	0	0	0	Background
HGNC:9764	RAB22A	0	0	0	0	Background
HGNC:12649	VAPB	0	0	0	0	Background
HGNC:26892	APCDD1L	0	0	0	0	Background
HGNC:28663	LINC01711	0	0	0	0	Background
HGNC:11431	STX16	0	0	0	0	Background
HGNC:41993	STX16-NPEPL1	0	0	0	0	Background
HGNC:16244	NPEPL1	0	0	0	0	Background
HGNC:4392	GNAS	0	1	1	0	ASD_only
HGNC:15934	NELFCD	0	0	0	0	Background
HGNC:2547	CTSZ	0	0	0	0	Background
HGNC:16257	TUBB1	0	0	0	0	Background
HGNC:838	ATP5F1E	0	0	0	0	Background
HGNC:15892	PRELID3B	0	0	0	0	Background
HGNC:16167	ZNF831	0	0	0	0	Background
HGNC:3178	EDN3	0	0	0	0	Background
HGNC:15833	PHACTR3	0	0	0	0	Background
HGNC:11490	SYCP2	0	0	0	0	Background
HGNC:16170	FAM217B	0	0	0	0	Background
HGNC:9294	PPP1R3D	0	0	0	0	Background
HGNC:15902	CDH26	0	0	0	0	Background
HGNC:1763	CDH4	0	0	0	0	Background
HGNC:58218	CDH4-AS2	0	0	0	0	Background
HGNC:11537	TAF4	0	1	1	0	ASD_only
HGNC:15887	LSM14B	0	0	0	0	Background
HGNC:9536	PSMA7	0	0	0	0	Background
HGNC:15592	SS18L1	0	0	0	0	Background
HGNC:16239	MTG2	0	0	0	0	Background
HGNC:5184	HRH3	0	0	0	0	Background
HGNC:15761	OSBPL2	0	0	0	0	Background
HGNC:15759	ADRM1	0	0	0	0	Background
HGNC:6485	LAMA5	0	0	0	0	Background
HGNC:10409	RPS21	0	0	0	0	Background
HGNC:16143	CABLES2	0	0	0	0	Background
HGNC:16144	RBBP8NL	0	0	0	0	Background
HGNC:15802	GATA5	0	0	0	0	Background
HGNC:16159	MIR1-1HG	0	0	0	0	Background
HGNC:10953	SLCO4A1	0	0	0	0	Background
HGNC:8039	NTSR1	0	0	0	0	Background
HGNC:15866	MRGBP	0	0	0	0	Background
HGNC:15768	OGFR	0	0	0	0	Background
HGNC:2219	COL9A3	0	0	0	0	Background
HGNC:11646	TCFL5	0	0	0	0	Background
HGNC:2680	DIDO1	0	0	0	0	Background
HGNC:15857	GID8	0	0	0	0	Background
HGNC:16192	SLC17A9	0	0	0	0	Background
HGNC:16093	BHLHE23	0	0	0	0	Background
HGNC:15867	YTHDF1	0	0	0	0	Background
HGNC:13702	BIRC7	0	0	0	0	Background
HGNC:16191	NKAIN4	0	0	0	0	Background
HGNC:15852	ARFGAP1	0	0	0	0	Background
HGNC:14670	COL20A1	0	0	0	0	Background
HGNC:1958	CHRNA4	0	0	0	0	Background
HGNC:6296	KCNQ2	0	1	1	0	ASD_only
HGNC:3192	EEF1A2	0	0	0	0	Background
HGNC:16142	PPDPF	0	0	0	0	Background
HGNC:9617	PTK6	0	0	0	0	Background
HGNC:11298	SRMS	0	0	0	0	Background
HGNC:28764	FNDC11	0	0	0	0	Background
HGNC:30021	HELZ2	0	0	0	0	Background
HGNC:4371	GMEB2	0	0	0	0	Background
HGNC:15926	STMN3	0	0	0	0	Background
HGNC:15888	RTEL1	1	0	0	0	IEI_only
HGNC:44095	RTEL1-TNFRSF6B	0	0	0	0	Background
HGNC:11921	TNFRSF6B	0	0	0	0	Background
HGNC:662	ARFRP1	0	0	0	0	Background
HGNC:15948	ZGPAT	0	0	0	0	Background
HGNC:26016	LIME1	0	0	0	0	Background
HGNC:15930	SLC2A4RG	0	0	0	0	Background
HGNC:16094	ZBTB46	0	0	0	0	Background
HGNC:16128	ABHD16B	0	0	0	0	Background
HGNC:58392	ABHD16B-AS1	0	0	0	0	Background
HGNC:12007	TPD52L2	0	0	0	0	Background
HGNC:16235	DNAJC5	0	0	0	0	Background
HGNC:15938	UCKL1	0	0	0	0	Background
HGNC:29212	ZNF512B	0	0	0	0	Background
HGNC:16129	SAMD10	0	0	0	0	Background
HGNC:15860	PRPF6	0	0	0	0	Background
HGNC:11194	SOX18	0	0	0	0	Background
HGNC:11614	TCEA2	0	0	0	0	Background
HGNC:13735	RGS19	0	0	0	0	Background
HGNC:8155	OPRL1	0	0	0	0	Background
HGNC:33718	LKAAEAR1	0	0	0	0	Background
HGNC:4530	NPBWR2	0	0	0	0	Background
HGNC:7622	MYT1	0	0	0	0	Background
HGNC:15882	PCMTD2	0	0	0	0	Background
HGNC:12023	TPTE	0	0	0	0	Background
HGNC:23822	POTED	0	0	0	0	Background
HGNC:18821	LIPI	0	0	0	0	Background
HGNC:9897	RBM11	0	0	0	0	Background
HGNC:11375	HSPA13	0	0	0	0	Background
HGNC:10528	SAMSN1	0	0	0	0	Background
HGNC:8001	NRIP1	0	0	0	0	Background
HGNC:12624	USP25	0	0	0	0	Background
HGNC:1277	LINC01549	0	0	0	0	Background
HGNC:2559	CXADR	0	0	0	0	Background
HGNC:1132	BTG3	0	0	0	0	Background
HGNC:16459	C21orf91	0	0	0	0	Background
HGNC:17807	CHODL	0	0	0	0	Background
HGNC:9490	TMPRSS15	0	0	0	0	Background
HGNC:7657	NCAM2	0	0	0	0	Background
HGNC:14027	MRPL39	0	0	0	0	Background
HGNC:14686	JAM2	0	0	0	0	Background
HGNC:847	ATP5PF	0	0	0	0	Background
HGNC:4071	GABPA	0	0	0	0	Background
HGNC:620	APP	0	0	0	0	Background
HGNC:16274	CYYR1	0	0	0	0	Background
HGNC:217	ADAMTS1	0	0	0	0	Background
HGNC:221	ADAMTS5	0	0	0	0	Background
HGNC:16021	HEMK2	0	0	0	0	Background
HGNC:13082	LTN1	0	0	0	0	Background
HGNC:1302	RWDD2B	0	0	0	0	Background
HGNC:12614	USP16	0	0	0	0	Background
HGNC:1623	CCT8	0	0	0	0	Background
HGNC:16457	MAP3K7CL	0	0	0	0	Background
HGNC:935	BACH1	0	0	0	0	Background
HGNC:4579	GRIK1	0	0	0	0	Background
HGNC:1282	GRIK1-AS2	0	0	0	0	Background
HGNC:2038	CLDN17	0	0	0	0	Background
HGNC:2050	CLDN8	0	0	0	0	Background
HGNC:33902	KRTAP24-1	0	0	0	0	Background
HGNC:34003	KRTAP25-1	0	0	0	0	Background
HGNC:33760	KRTAP26-1	0	0	0	0	Background
HGNC:33864	KRTAP27-1	0	0	0	0	Background
HGNC:18928	KRTAP23-1	0	0	0	0	Background
HGNC:18923	KRTAP13-2	0	0	0	0	Background
HGNC:18924	KRTAP13-1	0	0	0	0	Background
HGNC:18925	KRTAP13-3	0	0	0	0	Background
HGNC:18926	KRTAP13-4	0	0	0	0	Background
HGNC:18927	KRTAP15-1	0	0	0	0	Background
HGNC:18936	KRTAP19-1	0	0	0	0	Background
HGNC:18937	KRTAP19-2	0	0	0	0	Background
HGNC:18938	KRTAP19-3	0	0	0	0	Background
HGNC:18939	KRTAP19-4	0	0	0	0	Background
HGNC:18940	KRTAP19-5	0	0	0	0	Background
HGNC:18941	KRTAP19-6	0	0	0	0	Background
HGNC:18942	KRTAP19-7	0	0	0	0	Background
HGNC:37091	KRTAP22-2	0	0	0	0	Background
HGNC:18933	KRTAP6-3	0	0	0	0	Background
HGNC:18932	KRTAP6-2	0	0	0	0	Background
HGNC:18947	KRTAP22-1	0	0	0	0	Background
HGNC:18931	KRTAP6-1	0	0	0	0	Background
HGNC:18943	KRTAP20-1	0	0	0	0	Background
HGNC:34002	KRTAP20-4	0	0	0	0	Background
HGNC:18944	KRTAP20-2	0	0	0	0	Background
HGNC:34001	KRTAP20-3	0	0	0	0	Background
HGNC:34216	KRTAP21-3	0	0	0	0	Background
HGNC:18946	KRTAP21-2	0	0	0	0	Background
HGNC:18945	KRTAP21-1	0	0	0	0	Background
HGNC:18935	KRTAP8-1	0	0	0	0	Background
HGNC:18922	KRTAP11-1	0	0	0	0	Background
HGNC:33898	KRTAP19-8	0	0	0	0	Background
HGNC:11805	TIAM1	0	0	0	0	Background
HGNC:11179	SOD1	0	1	1	0	ASD_only
HGNC:19304	SCAF4	0	1	1	0	ASD_only
HGNC:13326	HUNK	0	0	0	0	Background
HGNC:1286	MIS18A	0	0	0	0	Background
HGNC:1304	MRAP	0	0	0	0	Background
HGNC:17344	URB1	0	0	0	0	Background
HGNC:23128	URB1-DT	0	0	0	0	Background
HGNC:13239	EVA1C	0	0	0	0	Background
HGNC:11657	TCP10L	0	0	0	0	Background
HGNC:54636	CFAP298-TCP10L	0	0	0	0	Background
HGNC:1301	CFAP298	0	0	0	0	Background
HGNC:11503	SYNJ1	0	1	1	0	ASD_only
HGNC:13579	PAXBP1	0	0	0	0	Background
HGNC:1290	EPCIP-AS1	0	0	0	0	Background
HGNC:1305	EPCIP	0	0	0	0	Background
HGNC:9398	OLIG2	0	0	0	0	Background
HGNC:16983	OLIG1	0	0	0	0	Background
HGNC:1296	LINC01548	0	0	0	0	Background
HGNC:5433	IFNAR2	1	0	0	0	IEI_only
HGNC:5965	IL10RB	1	0	0	0	IEI_only
HGNC:5432	IFNAR1	1	0	0	0	IEI_only
HGNC:5440	IFNGR2	1	0	0	0	IEI_only
HGNC:1280	TMEM50B	0	0	0	0	Background
HGNC:1297	DNAJC28	0	0	0	0	Background
HGNC:4163	GART	0	0	0	0	Background
HGNC:11183	SON	0	1	1	0	ASD_only
HGNC:2993	DONSON	0	0	0	0	Background
HGNC:2420	CRYZL1	0	0	0	0	Background
HGNC:6183	ITSN1	0	1	1	0	ASD_only
HGNC:850	ATP5PO	0	0	0	0	Background
HGNC:14051	MRPS6	0	0	0	0	Background
HGNC:11038	SLC5A3	0	0	0	0	Background
HGNC:6242	KCNE2	0	0	0	0	Background
HGNC:1293	SMIM11	0	0	0	0	Background
HGNC:39602	C21orf140	0	0	0	0	Background
HGNC:39601	SMIM34	0	0	0	0	Background
HGNC:6240	KCNE1	0	0	0	0	Background
HGNC:3040	RCAN1	0	0	0	0	Background
HGNC:2065	CLIC6	0	0	0	0	Background
HGNC:10471	RUNX1	0	0	0	0	Background
HGNC:1258	SETD4	0	0	0	0	Background
HGNC:1548	CBR1	0	0	0	0	Background
HGNC:1549	CBR3	0	0	0	0	Background
HGNC:1291	DOP1B	0	0	0	0	Background
HGNC:23572	MORC3	0	0	0	0	Background
HGNC:1911	CHAF1B	0	0	0	0	Background
HGNC:2035	CLDN14	0	0	0	0	Background
HGNC:10883	SIM2	0	0	0	0	Background
HGNC:4976	HLCS	0	0	0	0	Background
HGNC:3047	RIPPLY3	0	0	0	0	Background
HGNC:3046	PIGP	0	0	0	0	Background
HGNC:12393	TTC3	0	0	0	0	Background
HGNC:3044	VPS26C	0	0	0	0	Background
HGNC:3091	DYRK1A	0	1	1	0	ASD_only
HGNC:6267	KCNJ6	0	0	0	0	Background
HGNC:3045	DSCR4	0	0	0	0	Background
HGNC:16707	DSCR8	0	0	0	0	Background
HGNC:6261	KCNJ15	0	1	1	0	ASD_only
HGNC:3446	ERG	0	1	1	0	ASD_only
HGNC:3489	ETS2	0	0	0	0	Background
HGNC:3043	PSMG1	0	0	0	0	Background
HGNC:12760	BRWD1	0	0	0	0	Background
HGNC:4984	HMGN1	0	1	1	0	ASD_only
HGNC:12790	GET1	0	0	0	0	Background
HGNC:1255	LCA5L	0	0	0	0	Background
HGNC:10822	SH3BGR	0	0	0	0	Background
HGNC:920	B3GALT5	0	0	0	0	Background
HGNC:16424	B3GALT5-AS1	0	0	0	0	Background
HGNC:5952	IGSF5	0	0	0	0	Background
HGNC:8742	PCP4	0	0	0	0	Background
HGNC:3039	DSCAM	0	1	1	0	ASD_only
HGNC:934	BACE2	0	0	0	0	Background
HGNC:1253	FAM3B	0	0	0	0	Background
HGNC:7533	MX2	0	0	0	0	Background
HGNC:7532	MX1	0	0	0	0	Background
HGNC:11876	TMPRSS2	0	0	0	0	Background
HGNC:496	RIPK4	0	0	0	0	Background
HGNC:13999	PRDM15	0	0	0	0	Background
HGNC:1266	C2CD2	0	0	0	0	Background
HGNC:13083	ZBTB21	0	1	1	0	ASD_only
HGNC:12560	UMODL1	0	0	0	0	Background
HGNC:23821	UMODL1-AS1	0	0	0	0	Background
HGNC:73	ABCG1	0	0	0	0	Background
HGNC:11757	TFF3	0	0	0	0	Background
HGNC:11756	TFF2	0	0	0	0	Background
HGNC:11755	TFF1	0	0	0	0	Background
HGNC:11877	TMPRSS3	0	0	0	0	Background
HGNC:12462	UBASH3A	0	0	0	0	Background
HGNC:12371	RSPH1	0	0	0	0	Background
HGNC:11024	SLC37A1	0	0	0	0	Background
HGNC:8795	PDE9A	0	0	0	0	Background
HGNC:12756	WDR4	0	0	0	0	Background
HGNC:7719	NDUFV3	0	0	0	0	Background
HGNC:9022	PKNOX1	0	0	0	0	Background
HGNC:1550	CBS	0	0	0	0	Background
HGNC:12453	U2AF1	0	0	0	0	Background
HGNC:2388	CRYAA	0	0	0	0	Background
HGNC:11142	SIK1	0	0	0	0	Background
HGNC:5226	HSF2BP	0	0	0	0	Background
HGNC:23818	RRP1B	0	0	0	0	Background
HGNC:8819	PDXK	0	0	0	0	Background
HGNC:2482	CSTB	0	0	0	0	Background
HGNC:18785	RRP1	0	0	0	0	Background
HGNC:326	AGPAT3	0	0	0	0	Background
HGNC:11868	TRAPPC10	0	0	0	0	Background
HGNC:9711	PWP2	0	0	0	0	Background
HGNC:1273	GATD3	0	0	0	0	Background
HGNC:17087	ICOSLG	1	0	0	0	IEI_only
HGNC:2980	DNMT3L	0	0	0	0	Background
HGNC:360	AIRE	1	0	0	0	IEI_only
HGNC:8876	PFKL	0	0	0	0	Background
HGNC:1260	CFAP410	0	0	0	0	Background
HGNC:12339	TRPM2	0	0	0	0	Background
HGNC:14965	LRRC3	0	0	0	0	Background
HGNC:1268	TSPEAR	0	0	0	0	Background
HGNC:22966	KRTAP10-1	0	0	0	0	Background
HGNC:22967	KRTAP10-2	0	0	0	0	Background
HGNC:22968	KRTAP10-3	0	0	0	0	Background
HGNC:20521	KRTAP10-4	0	0	0	0	Background
HGNC:22969	KRTAP10-5	0	0	0	0	Background
HGNC:20523	KRTAP10-6	0	0	0	0	Background
HGNC:22970	KRTAP10-7	0	0	0	0	Background
HGNC:20525	KRTAP10-8	0	0	0	0	Background
HGNC:22971	KRTAP10-9	0	0	0	0	Background
HGNC:22972	KRTAP10-10	0	0	0	0	Background
HGNC:20528	KRTAP10-11	0	0	0	0	Background
HGNC:20532	KRTAP12-4	0	0	0	0	Background
HGNC:20531	KRTAP12-3	0	0	0	0	Background
HGNC:20530	KRTAP12-2	0	0	0	0	Background
HGNC:20529	KRTAP12-1	0	0	0	0	Background
HGNC:20533	KRTAP10-12	0	0	0	0	Background
HGNC:12483	UBE2G2	0	0	0	0	Background
HGNC:11124	SUMO3	0	0	0	0	Background
HGNC:13524	PTTG1IP	0	0	0	0	Background
HGNC:6155	ITGB2	1	0	0	0	IEI_only
HGNC:15707	LINC01547	0	0	0	0	Background
HGNC:15811	SLX9	0	0	0	0	Background
HGNC:226	ADARB1	0	0	0	0	Background
HGNC:14683	POFUT2	0	0	0	0	Background
HGNC:2195	COL18A1	0	0	0	0	Background
HGNC:10937	SLC19A1	1	0	0	0	IEI_only
HGNC:8651	PCBP3	0	0	0	0	Background
HGNC:2211	COL6A1	0	0	0	0	Background
HGNC:2212	COL6A2	0	0	0	0	Background
HGNC:3974	FTCD	0	0	0	0	Background
HGNC:1298	SPATC1L	0	0	0	0	Background
HGNC:6708	LSS	0	0	0	0	Background
HGNC:6946	MCM3AP	0	0	0	0	Background
HGNC:1299	YBEY	0	0	0	0	Background
HGNC:1300	C21orf58	0	0	0	0	Background
HGNC:16068	PCNT	0	0	0	0	Background
HGNC:17217	DIP2A	0	1	1	0	ASD_only
HGNC:10500	S100B	0	0	0	0	Background
HGNC:5186	PRMT2	0	0	0	0	Background
HGNC:133	POTEH	0	0	0	0	Background
HGNC:15404	OR11H1	0	0	0	0	Background
HGNC:15553	CCT8L2	0	0	0	0	Background
HGNC:28778	XKR3	0	0	0	0	Background
HGNC:18325	GAB4	0	0	0	0	Background
HGNC:5985	IL17RA	1	0	0	0	IEI_only
HGNC:1844	TMEM121B	0	0	0	0	Background
HGNC:52452	LINC01664	0	0	0	0	Background
HGNC:1843	HDHD5	0	0	0	0	Background
HGNC:1839	ADA2	1	0	0	0	IEI_only
HGNC:1840	CECR2	0	1	1	0	ASD_only
HGNC:10988	SLC25A18	0	0	0	0	Background
HGNC:857	ATP6V1E1	0	0	0	0	Background
HGNC:17164	BCL2L13	0	0	0	0	Background
HGNC:1050	BID	0	0	0	0	Background
HGNC:24694	MICAL3	0	0	0	0	Background
HGNC:22965	PEX26	0	0	0	0	Background
HGNC:12410	TUBA8	0	0	0	0	Background
HGNC:12616	USP18	1	0	0	0	IEI_only
HGNC:52450	FAM230E	0	0	0	0	Background
HGNC:55894	POM121L15P	0	0	0	0	Background
HGNC:2846	DGCR6	0	0	0	0	Background
HGNC:9453	PRODH	0	1	1	0	ASD_only
HGNC:2845	DGCR2	0	0	0	0	Background
HGNC:16817	ESS2	0	0	0	0	Background
HGNC:11401	TSSK2	0	0	0	0	Background
HGNC:4613	GSC2	0	0	0	0	Background
HGNC:10979	SLC25A1	0	0	0	0	Background
HGNC:2093	CLTCL1	0	1	1	0	ASD_only
HGNC:4916	HIRA	0	0	0	0	Background
HGNC:27012	C22orf39	0	0	0	0	Background
HGNC:14491	MRPL40	0	0	0	0	Background
HGNC:12520	UFD1	0	0	0	0	Background
HGNC:1739	CDC45	0	0	0	0	Background
HGNC:2047	CLDN5	0	0	0	0	Background
HGNC:9164	SEPTIN5	0	0	0	0	Background
HGNC:4440	GP1BB	0	0	0	0	Background
HGNC:11592	TBX1	1	0	0	0	IEI_only
HGNC:4397	GNB1L	0	1	1	0	ASD_only
HGNC:26112	RTL10	0	0	0	0	Background
HGNC:18155	TXNRD2	0	0	0	0	Background
HGNC:2228	COMT	0	0	0	0	Background
HGNC:728	ARVCF	0	0	0	0	Background
HGNC:25439	TANGO2	0	0	0	0	Background
HGNC:2847	DGCR8	0	0	0	0	Background
HGNC:24974	TRMT2A	0	0	0	0	Background
HGNC:9847	RANBP1	0	0	0	0	Background
HGNC:18474	ZDHHC8	0	0	0	0	Background
HGNC:51899	CCDC188	0	0	0	0	Background
HGNC:18601	RTN4R	0	0	0	0	Background
HGNC:18551	DGCR6L	0	0	0	0	Background
HGNC:33426	GGTLC3	0	0	0	0	Background
HGNC:29344	RIMBP3	0	0	0	0	Background
HGNC:52423	FAM230G	0	0	0	0	Background
HGNC:20070	USP41P	0	0	0	0	Background
HGNC:13144	ZNF74	0	0	0	0	Background
HGNC:19869	SCARF2	0	0	0	0	Background
HGNC:25888	KLHL22	0	0	0	0	Background
HGNC:14248	MED15	0	0	0	0	Background
HGNC:8983	PI4KA	1	0	0	0	IEI_only
HGNC:4838	SERPIND1	0	0	0	0	Background
HGNC:11133	SNAP29	0	0	0	0	Background
HGNC:2363	CRKL	0	0	0	0	Background
HGNC:26398	AIFM3	0	0	0	0	Background
HGNC:6742	LZTR1	0	1	1	0	ASD_only
HGNC:23190	THAP7	0	0	0	0	Background
HGNC:8538	P2RX6	0	0	0	0	Background
HGNC:11062	SLC7A4	0	0	0	0	Background
HGNC:34301	LRRC74B	0	0	0	0	Background
HGNC:35444	POM121L7P	0	0	0	0	Background
HGNC:4251	GGT2P	0	0	0	0	Background
HGNC:33891	RIMBP3B	0	0	0	0	Background
HGNC:18595	HIC2	0	0	0	0	Background
HGNC:33892	RIMBP3C	0	0	0	0	Background
HGNC:12488	UBE2L3	0	0	0	0	Background
HGNC:27158	YDJC	0	0	0	0	Background
HGNC:26688	CCDC116	0	0	0	0	Background
HGNC:10676	SDF2L1	0	0	0	0	Background
HGNC:9261	PPIL2	0	0	0	0	Background
HGNC:12845	YPEL1	0	0	0	0	Background
HGNC:6871	MAPK1	0	0	0	0	Background
HGNC:19388	PPM1F	0	0	0	0	Background
HGNC:11993	TOP3B	0	1	1	0	ASD_only
HGNC:12709	VPREB1	0	0	0	0	Background
HGNC:23022	ZNF280B	0	0	0	0	Background
HGNC:18597	ZNF280A	0	0	0	0	Background
HGNC:9336	PRAME	0	0	0	0	Background
HGNC:58774	PRAME-AS	0	0	0	0	Background
HGNC:18596	GGTLC2	0	0	0	0	Background
HGNC:38476	IGLL5	0	0	0	0	Background
HGNC:13437	RSPH14	0	0	0	0	Background
HGNC:4395	GNAZ	0	0	0	0	Background
HGNC:9775	RAB36	0	0	0	0	Background
HGNC:1014	BCR	0	0	0	0	Background
HGNC:5870	IGLL1	1	0	0	0	IEI_only
HGNC:28031	DRICH1	0	0	0	0	Background
HGNC:31911	RGL4	0	0	0	0	Background
HGNC:13140	ZNF70	0	0	0	0	Background
HGNC:12710	VPREB3	0	0	0	0	Background
HGNC:15558	C22orf15	0	0	0	0	Background
HGNC:15559	CHCHD10	0	0	0	0	Background
HGNC:7157	MMP11	0	0	0	0	Background
HGNC:11103	SMARCB1	0	0	0	0	Background
HGNC:14236	DERL3	0	0	0	0	Background
HGNC:14239	SLC2A11	0	0	0	0	Background
HGNC:7097	MIF	0	0	0	0	Background
HGNC:27669	MIF-AS1	0	0	0	0	Background
HGNC:33437	GSTT2B	0	0	0	0	Background
HGNC:33446	DDTL	0	0	0	0	Background
HGNC:2732	DDT	0	0	0	0	Background
HGNC:4642	GSTT2	0	0	0	0	Background
HGNC:4641	GSTT1	0	0	0	0	Background
HGNC:24187	CABIN1	0	0	0	0	Background
HGNC:30667	SUSD2	0	0	0	0	Background
HGNC:4260	GGT5	0	0	0	0	Background
HGNC:29022	SPECC1L	0	0	0	0	Background
HGNC:49185	SPECC1L-ADORA2A	0	0	0	0	Background
HGNC:263	ADORA2A	0	1	1	0	ASD_only
HGNC:16297	UPB1	0	0	0	0	Background
HGNC:14237	GUCD1	0	0	0	0	Background
HGNC:11160	SNRPD3	0	0	0	0	Background
HGNC:4250	GGT1	0	0	0	0	Background
HGNC:33155	LRRC75B	0	0	0	0	Background
HGNC:18443	PIWIL3	0	0	0	0	Background
HGNC:29410	SGSM1	0	0	0	0	Background
HGNC:33725	LHFPL7	0	0	0	0	Background
HGNC:29345	KIAA1671	0	0	0	0	Background
HGNC:2400	CRYBB3	0	0	0	0	Background
HGNC:2398	CRYBB2	0	0	0	0	Background
HGNC:25323	LRP5L	0	0	0	0	Background
HGNC:290	GRK3	0	0	0	0	Background
HGNC:18150	MYO18B	0	0	0	0	Background
HGNC:10763	SEZ6L	0	0	0	0	Background
HGNC:30437	ASPHD2	0	0	0	0	Background
HGNC:15844	HPS4	0	0	0	0	Background
HGNC:33910	SRRD	0	0	0	0	Background
HGNC:17165	TFIP11	0	0	0	0	Background
HGNC:12021	TPST2	0	0	0	0	Background
HGNC:2397	CRYBB1	0	0	0	0	Background
HGNC:2396	CRYBA4	0	0	0	0	Background
HGNC:7180	MN1	0	0	0	0	Background
HGNC:9002	PITPNB	0	0	0	0	Background
HGNC:29179	TTC28	0	0	0	0	Background
HGNC:16627	CHEK2	0	0	0	0	Background
HGNC:28913	HSCB	0	0	0	0	Background
HGNC:26599	CCDC117	0	0	0	0	Background
HGNC:12801	XBP1	0	0	0	0	Background
HGNC:18126	ZNRF3	0	0	0	0	Background
HGNC:26931	C22orf31	0	0	0	0	Background
HGNC:17550	KREMEN1	0	0	0	0	Background
HGNC:18036	EMID1	0	0	0	0	Background
HGNC:1308	RHBDD3	0	0	0	0	Background
HGNC:3508	EWSR1	0	0	0	0	Background
HGNC:16955	GAS2L1	0	0	0	0	Background
HGNC:16954	RASL10A	0	0	0	0	Background
HGNC:554	AP1B1	0	0	0	0	Background
HGNC:9977	RFPL1	0	0	0	0	Background
HGNC:7737	NEFH	0	0	0	0	Background
HGNC:19074	THOC5	0	0	0	0	Background
HGNC:7827	NIPSNAP1	0	0	0	0	Background
HGNC:7773	NF2	0	0	0	0	Background
HGNC:20834	CABP7	0	0	0	0	Background
HGNC:28046	ZMAT5	0	0	0	0	Background
HGNC:30863	UQCR10	0	0	0	0	Background
HGNC:24103	ASCC2	0	0	0	0	Background
HGNC:7451	MTMR3	0	0	0	0	Background
HGNC:28383	HORMAD2	0	0	0	0	Background
HGNC:6596	LIF	0	0	0	0	Background
HGNC:8506	OSM	0	0	0	0	Background
HGNC:34423	CASTOR1	0	0	0	0	Background
HGNC:23609	TBC1D10A	0	0	0	0	Background
HGNC:10765	SF3A1	0	0	0	0	Background
HGNC:33854	CCDC157	0	0	0	0	Background
HGNC:33434	RNF215	0	0	0	0	Background
HGNC:10699	SEC14L2	0	0	0	0	Background
HGNC:26945	MTFP1	0	0	0	0	Background
HGNC:18655	SEC14L3	0	0	0	0	Background
HGNC:20627	SEC14L4	0	0	0	0	Background
HGNC:40047	SEC14L6	0	0	0	0	Background
HGNC:24240	GAL3ST1	0	0	0	0	Background
HGNC:8848	PES1	0	0	0	0	Background
HGNC:11653	TCN2	1	0	0	0	IEI_only
HGNC:17058	SLC35E4	0	0	0	0	Background
HGNC:18484	DUSP18	0	0	0	0	Background
HGNC:8504	OSBP2	0	0	0	0	Background
HGNC:23573	MORC2	0	0	0	0	Background
HGNC:11126	SMTN	0	0	0	0	Background
HGNC:30397	SELENOM	0	0	0	0	Background
HGNC:8956	INPP5J	0	0	0	0	Background
HGNC:17934	PLA2G3	0	0	0	0	Background
HGNC:26783	RNF185	0	0	0	0	Background
HGNC:6614	LIMK2	0	0	0	0	Background
HGNC:24942	PIK3IP1	0	0	0	0	Background
HGNC:13071	PATZ1	0	0	0	0	Background
HGNC:26029	LINC01521	0	0	0	0	Background
HGNC:3029	DRG1	0	0	0	0	Background
HGNC:16687	EIF4ENIF1	0	0	0	0	Background
HGNC:29064	SFI1	0	0	0	0	Background
HGNC:8999	PISD	0	0	0	0	Background
HGNC:28738	PRR14L	0	1	1	0	ASD_only
HGNC:18423	DEPDC5	0	0	0	0	Background
HGNC:23051	YWHAH-AS1	0	0	0	0	Background
HGNC:12853	YWHAH	0	0	0	0	Background
HGNC:11036	SLC5A1	0	0	0	0	Background
HGNC:27160	C22orf42	0	0	0	0	Background
HGNC:9979	RFPL2	0	0	0	0	Background
HGNC:11039	SLC5A4	0	0	0	0	Background
HGNC:9980	RFPL3	0	0	0	0	Background
HGNC:9981	RFPL3S	0	0	0	0	Background
HGNC:26935	RTCB	0	0	0	0	Background
HGNC:16503	BPIFC	0	0	0	0	Background
HGNC:13586	FBXO7	0	0	0	0	Background
HGNC:11496	SYN3	0	0	0	0	Background
HGNC:11822	TIMP3	0	0	0	0	Background
HGNC:6511	LARGE1	0	0	0	0	Background
HGNC:28084	ISX	0	0	0	0	Background
HGNC:5003	HMGXB4	0	0	0	0	Background
HGNC:11982	TOM1	0	0	0	0	Background
HGNC:5013	HMOX1	1	0	0	0	IEI_only
HGNC:6948	MCM5	0	0	0	0	Background
HGNC:18229	RASD2	0	0	0	0	Background
HGNC:6915	MB	0	0	0	0	Background
HGNC:14870	APOL6	0	0	0	0	Background
HGNC:14869	APOL5	0	0	0	0	Background
HGNC:9906	RBFOX2	0	0	0	0	Background
HGNC:14868	APOL3	0	0	0	0	Background
HGNC:14867	APOL4	0	0	0	0	Background
HGNC:619	APOL2	0	0	0	0	Background
HGNC:618	APOL1	1	0	0	0	IEI_only
HGNC:7579	MYH9	0	1	1	0	ASD_only
HGNC:17772	TXN2	0	0	0	0	Background
HGNC:26264	FOXRED2	0	0	0	0	Background
HGNC:3278	EIF3D	0	0	0	0	Background
HGNC:1406	CACNG2	0	1	1	0	ASD_only
HGNC:18626	IFT27	0	0	0	0	Background
HGNC:9704	PVALB	0	0	0	0	Background
HGNC:7662	NCF4	1	0	0	0	IEI_only
HGNC:2436	CSF2RB	1	0	0	0	IEI_only
HGNC:28568	CIMIP4	0	0	0	0	Background
HGNC:12388	TST	0	0	0	0	Background
HGNC:7223	MPST	0	0	0	0	Background
HGNC:25705	KCTD17	0	0	0	0	Background
HGNC:16517	TMPRSS6	0	0	0	0	Background
HGNC:6009	IL2RB	1	0	0	0	IEI_only
HGNC:14343	C1QTNF6	0	0	0	0	Background
HGNC:11332	SSTR3	0	0	0	0	Background
HGNC:9802	RAC2	1	0	0	0	IEI_only
HGNC:9505	CYTH4	0	0	0	0	Background
HGNC:29396	ELFN2	0	0	0	0	Background
HGNC:7038	MFNG	0	0	0	0	Background
HGNC:16422	CARD10	0	0	0	0	Background
HGNC:17014	CDC42EP1	0	0	0	0	Background
HGNC:6562	LGALS2	0	0	0	0	Background
HGNC:17842	GGA1	0	0	0	0	Background
HGNC:10824	SH3BP1	0	0	0	0	Background
HGNC:30259	PDXP	0	0	0	0	Background
HGNC:6561	LGALS1	0	0	0	0	Background
HGNC:28585	NOL12	0	0	0	0	Background
HGNC:17009	TRIOBP	0	0	0	0	Background
HGNC:4714	H1-0	0	0	0	0	Background
HGNC:4188	GCAT	0	0	0	0	Background
HGNC:4134	GALR3	0	0	0	0	Background
HGNC:25185	ANKRD54	0	0	0	0	Background
HGNC:18138	EIF3L	0	0	0	0	Background
HGNC:29804	MICALL1	0	0	0	0	Background
HGNC:18589	C22orf23	0	0	0	0	Background
HGNC:9193	POLR2F	0	0	0	0	Background
HGNC:11190	SOX10	0	0	0	0	Background
HGNC:9394	PICK1	0	0	0	0	Background
HGNC:16270	SLC16A8	0	0	0	0	Background
HGNC:26203	BAIAP2L2	0	0	0	0	Background
HGNC:9039	PLA2G6	0	0	0	0	Background
HGNC:6780	MAFF	0	0	0	0	Background
HGNC:1310	TMEM184B	0	0	0	0	Background
HGNC:2453	CSNK1E	0	1	1	0	ASD_only
HGNC:6265	KCNJ4	0	0	0	0	Background
HGNC:6306	KDELR3	0	0	0	0	Background
HGNC:2740	DDX17	0	0	0	0	Background
HGNC:2927	DMC1	0	0	0	0	Background
HGNC:44197	FAM227A	0	0	0	0	Background
HGNC:1307	CBY1	0	0	0	0	Background
HGNC:18002	TOMM22	0	0	0	0	Background
HGNC:28953	JOSD1	0	0	0	0	Background
HGNC:4669	GTPBP1	0	0	0	0	Background
HGNC:14210	SUN2	0	0	0	0	Background
HGNC:2955	DNAL4	0	0	0	0	Background
HGNC:7954	NPTXR	0	0	0	0	Background
HGNC:1556	CBX6	0	0	0	0	Background
HGNC:17343	APOBEC3A	0	0	0	0	Background
HGNC:17352	APOBEC3B	0	0	0	0	Background
HGNC:17353	APOBEC3C	0	0	0	0	Background
HGNC:17354	APOBEC3D	0	0	0	0	Background
HGNC:17356	APOBEC3F	0	0	0	0	Background
HGNC:17357	APOBEC3G	0	0	0	0	Background
HGNC:24100	APOBEC3H	0	0	0	0	Background
HGNC:1557	CBX7	0	0	0	0	Background
HGNC:8800	PDGFB	0	0	0	0	Background
HGNC:10332	RPL3	0	0	0	0	Background
HGNC:11498	SYNGR1	0	0	0	0	Background
HGNC:18157	TAB1	0	0	0	0	Background
HGNC:7046	MGAT3	0	0	0	0	Background
HGNC:25979	MIEF1	0	0	0	0	Background
HGNC:786	ATF4	0	0	0	0	Background
HGNC:28749	RPS19BP1	0	0	0	0	Background
HGNC:1396	CACNA1I	0	1	1	0	ASD_only
HGNC:26352	ENTHD1	0	0	0	0	Background
HGNC:4563	GRAP2	0	0	0	0	Background
HGNC:25148	SACK1F	0	0	0	0	Background
HGNC:29190	TNRC6B	0	1	1	0	ASD_only
HGNC:291	ADSL	0	1	1	0	ASD_only
HGNC:25228	SGSM3	0	1	1	0	ASD_only
HGNC:14334	MRTFA	1	0	0	0	IEI_only
HGNC:4479	MCHR1	0	0	0	0	Background
HGNC:10987	SLC25A17	0	0	0	0	Background
HGNC:11343	ST13	0	0	0	0	Background
HGNC:28052	XPNPEP3	0	0	0	0	Background
HGNC:24986	DNAJB7	0	0	0	0	Background
HGNC:9928	RBX1	0	0	0	0	Background
HGNC:3373	EP300	0	1	1	0	ASD_only
HGNC:18594	L3MBTL2	0	0	0	0	Background
HGNC:25165	CHADL	0	0	0	0	Background
HGNC:9854	RANGAP1	0	0	0	0	Background
HGNC:30869	ZC3H7B	0	0	0	0	Background
HGNC:11722	TEF	0	0	0	0	Background
HGNC:11980	TOB2	0	0	0	0	Background
HGNC:18000	PHF5A	0	0	0	0	Background
HGNC:118	ACO2	0	0	0	0	Background
HGNC:30349	POLR3H	0	0	0	0	Background
HGNC:30359	CSDC2	0	0	0	0	Background
HGNC:9114	PMM1	0	0	0	0	Background
HGNC:24577	DESI1	0	0	0	0	Background
HGNC:4055	XRCC6	0	0	0	0	Background
HGNC:7819	SNU13	0	0	0	0	Background
HGNC:26294	C22orf46P	0	0	0	0	Background
HGNC:28613	MEI1	0	0	0	0	Background
HGNC:26185	CCDC134	0	0	0	0	Background
HGNC:11290	SREBF2	0	0	0	0	Background
HGNC:18351	SHISA8	0	0	0	0	Background
HGNC:17755	TNFRSF13C	1	0	0	0	IEI_only
HGNC:18352	CENPM	0	0	0	0	Background
HGNC:10750	SEPTIN3	0	0	0	0	Background
HGNC:28389	WBP2NL	0	0	0	0	Background
HGNC:7631	NAGA	0	0	0	0	Background
HGNC:27161	PHETA2	0	0	0	0	Background
HGNC:25055	SMDT1	0	0	0	0	Background
HGNC:7690	NDUFA6	0	0	0	0	Background
HGNC:2625	CYP2D6	0	0	0	0	Background
HGNC:11631	TCF20	0	1	1	0	ASD_only
HGNC:29872	NFAM1	0	0	0	0	Background
HGNC:24286	RRP7A	0	0	0	0	Background
HGNC:29446	SERHL2	0	0	0	0	Background
HGNC:23782	POLDIP3	0	0	0	0	Background
HGNC:2873	CYB5R3	0	0	0	0	Background
HGNC:13213	ATP5MGL	0	0	0	0	Background
HGNC:18149	A4GALT	0	0	0	0	Background
HGNC:661	ARFGAP3	0	0	0	0	Background
HGNC:8571	PACSIN2	0	0	0	0	Background
HGNC:1312	TTLL1	0	0	0	0	Background
HGNC:1051	BIK	0	0	0	0	Background
HGNC:29622	MCAT	0	0	0	0	Background
HGNC:1158	TSPO	0	0	0	0	Background
HGNC:28974	TTLL12	0	0	0	0	Background
HGNC:13441	SCUBE1	0	0	0	0	Background
HGNC:1306	MPPED1	0	0	0	0	Background
HGNC:24204	EFCAB6	0	0	0	0	Background
HGNC:14903	SULT4A1	0	0	0	0	Background
HGNC:24888	PNPLA5	0	0	0	0	Background
HGNC:18590	PNPLA3	0	0	0	0	Background
HGNC:24276	SAMM50	0	0	0	0	Background
HGNC:14653	PARVB	0	0	0	0	Background
HGNC:14654	PARVG	0	0	0	0	Background
HGNC:29335	SHISAL1	0	0	0	0	Background
HGNC:13343	RTL6	0	0	0	0	Background
HGNC:31682	PRR5	0	0	0	0	Background
HGNC:34512	PRR5-ARHGAP8	0	0	0	0	Background
HGNC:677	ARHGAP8	0	0	0	0	Background
HGNC:25161	PHF21B	0	0	0	0	Background
HGNC:8065	NUP50	0	0	0	0	Background
HGNC:1314	KIAA0930	0	0	0	0	Background
HGNC:12580	UPK3A	0	0	0	0	Background
HGNC:1313	SIRAL2	0	0	0	0	Background
HGNC:11112	SMC1B	0	0	0	0	Background
HGNC:13241	RIBC2	0	0	0	0	Background
HGNC:3600	FBLN1	0	0	0	0	Background
HGNC:10549	ATXN10	0	0	0	0	Background
HGNC:12787	WNT7B	0	0	0	0	Background
HGNC:25606	PRR34	0	0	0	0	Background
HGNC:37189	MIRLET7BHG	0	0	0	0	Background
HGNC:9232	PPARA	0	0	0	0	Background
HGNC:33710	CDPF1	0	0	0	0	Background
HGNC:9015	PKDREJ	0	0	0	0	Background
HGNC:26082	TTC38	0	0	0	0	Background
HGNC:13698	GTSE1	0	0	0	0	Background
HGNC:25481	TRMU	0	0	0	0	Background
HGNC:1850	CELSR1	0	0	0	0	Background
HGNC:29113	GRAMD4	0	0	0	0	Background
HGNC:19256	CERK	0	0	0	0	Background
HGNC:1309	TBC1D22A	0	0	0	0	Background
HGNC:52431	LINC01644	0	0	0	0	Background
HGNC:21592	TAFA5	0	0	0	0	Background
HGNC:28010	MIR3667HG	0	0	0	0	Background
HGNC:1102	BRD1	0	0	0	0	Background
HGNC:20721	ZBED4	0	0	0	0	Background
HGNC:19358	ALG12	0	0	0	0	Background
HGNC:28150	CRELD2	0	0	0	0	Background
HGNC:19310	PIM3	0	0	0	0	Background
HGNC:33808	IL17REL	0	0	0	0	Background
HGNC:34000	TTLL8	0	0	0	0	Background
HGNC:17082	MLC1	0	0	0	0	Background
HGNC:7201	MOV10L1	0	0	0	0	Background
HGNC:8600	PANX2	0	0	0	0	Background
HGNC:28805	TRABD	0	0	0	0	Background
HGNC:30395	SELENOO	0	0	0	0	Background
HGNC:18127	TUBGCP6	0	0	0	0	Background
HGNC:18128	HDAC10	0	0	0	0	Background
HGNC:6874	MAPK12	0	0	0	0	Background
HGNC:6873	MAPK11	0	0	0	0	Background
HGNC:9104	PLXNB2	0	0	0	0	Background
HGNC:32690	DENND6B	0	0	0	0	Background
HGNC:19253	PPP6R2	0	0	0	0	Background
HGNC:10542	SBF1	0	1	1	0	ASD_only
HGNC:28898	ADM2	0	0	0	0	Background
HGNC:14522	MIOX	0	0	0	0	Background
HGNC:25096	LMF2	0	0	0	0	Background
HGNC:25071	NCAPH2	0	0	0	0	Background
HGNC:10604	SCO2	0	0	0	0	Background
HGNC:3148	TYMP	0	0	0	0	Background
HGNC:34388	CIMAP1B	0	0	0	0	Background
HGNC:25145	KLHDC7B	0	0	0	0	Background
HGNC:35245	SYCE3	0	0	0	0	Background
HGNC:2329	CPT1B	0	0	0	0	Background
HGNC:41998	CHKB-CPT1B	0	0	0	0	Background
HGNC:1938	CHKB	0	0	0	0	Background
HGNC:6883	MAPK8IP2	0	0	0	0	Background
HGNC:713	ARSA	0	0	0	0	Background
HGNC:14294	SHANK3	0	1	1	0	ASD_only
HGNC:126	ACR	0	0	0	0	Background
HGNC:9800	RABL2B	0	0	0	0	Background
HGNC:23148	PLCXD1	0	0	0	0	Background
HGNC:30189	GTPBP6	0	0	0	0	Background
HGNC:13417	PPP2R3B	0	0	0	0	Background
HGNC:10853	SHOX	0	1	1	0	ASD_only
HGNC:14281	CRLF2	0	0	0	0	Background
HGNC:2435	CSF2RA	1	0	0	0	IEI_only
HGNC:6012	IL3RA	0	0	0	0	Background
HGNC:10992	SLC25A6	0	0	0	0	Background
HGNC:751	ASMTL	0	0	0	0	Background
HGNC:15524	P2RY8	0	0	0	0	Background
HGNC:18783	AKAP17A	0	0	0	0	Background
HGNC:750	ASMT	0	1	1	0	ASD_only
HGNC:18399	DHRSX	0	0	0	0	Background
HGNC:447	ZBED1	0	0	0	0	Background
HGNC:7082	CD99	0	0	0	0	Background
HGNC:12806	XG	0	0	0	0	Background
HGNC:4700	GYG2	0	0	0	0	Background
HGNC:717	ARSD	0	0	0	0	Background
HGNC:719	ARSL	0	0	0	0	Background
HGNC:32488	ARSH	0	0	0	0	Background
HGNC:721	ARSF	0	0	0	0	Background
HGNC:27336	LINC01546	0	0	0	0	Background
HGNC:7539	MXRA5	0	0	0	0	Background
HGNC:9441	PRKX	0	0	0	0	Background
HGNC:14287	NLGN4X	0	1	1	0	ASD_only
HGNC:18159	VCX3A	0	0	0	0	Background
HGNC:16818	PUDP	0	0	0	0	Background
HGNC:11425	STS	0	0	0	0	Background
HGNC:12667	VCX	0	0	0	0	Background
HGNC:24887	PNPLA4	0	0	0	0	Background
HGNC:18158	VCX2	0	0	0	0	Background
HGNC:31838	VCX3B	0	0	0	0	Background
HGNC:6211	ANOS1	0	0	0	0	Background
HGNC:18403	FAM9A	0	0	0	0	Background
HGNC:18404	FAM9B	0	0	0	0	Background
HGNC:11585	TBL1X	0	1	1	0	ASD_only
HGNC:20145	GPR143	0	0	0	0	Background
HGNC:630	SHROOM2	0	0	0	0	Background
HGNC:51259	CLDN34	0	0	0	0	Background
HGNC:29237	WWC3	0	0	0	0	Background
HGNC:2022	CLCN4	0	1	1	0	ASD_only
HGNC:7095	MID1	0	0	0	0	Background
HGNC:4837	HCCS	0	0	0	0	Background
HGNC:676	ARHGAP6	0	0	0	0	Background
HGNC:461	AMELX	0	0	0	0	Background
HGNC:7370	MSL3	0	1	1	0	ASD_only
HGNC:29007	FRMPD4	0	0	0	0	Background
HGNC:9465	PRPS2	0	0	0	0	Background
HGNC:15631	TLR7	1	0	0	0	IEI_only
HGNC:15632	TLR8	1	0	0	0	IEI_only
HGNC:11881	TMSB4X	0	0	0	0	Background
HGNC:18405	FAM9C	0	0	0	0	Background
HGNC:24173	ATXN3L	0	0	0	0	Background
HGNC:3235	EGFL6	0	0	0	0	Background
HGNC:28277	TCEANC	0	0	0	0	Background
HGNC:9792	RAB9A	0	0	0	0	Background
HGNC:23068	TRAPPC2	0	0	0	0	Background
HGNC:2567	OFD1	0	1	1	0	ASD_only
HGNC:4461	GPM6B	0	0	0	0	Background
HGNC:26044	GEMIN8	0	0	0	0	Background
HGNC:4327	GLRA2	0	1	1	0	ASD_only
HGNC:3583	FANCB	1	0	0	0	IEI_only
HGNC:28381	MOSPD2	0	0	0	0	Background
HGNC:17184	ASB9	0	0	0	0	Background
HGNC:17186	ASB11	0	0	0	0	Background
HGNC:8957	PIGA	0	0	0	0	Background
HGNC:3708	VEGFD	0	0	0	0	Background
HGNC:30048	PIR	0	0	0	0	Background
HGNC:1079	BMX	0	0	0	0	Background
HGNC:13557	ACE2	0	0	0	0	Background
HGNC:29437	CLTRN	0	0	0	0	Background
HGNC:1378	CA5B	0	0	0	0	Background
HGNC:23019	ZRSR2	0	0	0	0	Background
HGNC:560	AP1S2	0	0	0	0	Background
HGNC:4609	GRPR	0	0	0	0	Background
HGNC:17418	MAGEB17	0	0	0	0	Background
HGNC:2520	CTPS2	0	0	0	0	Background
HGNC:1436	S100G	0	0	0	0	Background
HGNC:16273	SYAP1	0	1	1	0	ASD_only
HGNC:18578	TXLNG	0	0	0	0	Background
HGNC:9890	RBBP7	0	0	0	0	Background
HGNC:9963	REPS2	0	0	0	0	Background
HGNC:7820	NHS	0	0	0	0	Background
HGNC:10580	SCML1	0	0	0	0	Background
HGNC:9835	RAI2	0	0	0	0	Background
HGNC:28509	BEND2	0	0	0	0	Background
HGNC:10581	SCML2	0	0	0	0	Background
HGNC:11411	CDKL5	0	1	1	0	ASD_only
HGNC:10457	RS1	0	0	0	0	Background
HGNC:9243	PPEF1	0	0	0	0	Background
HGNC:8926	PHKA2	0	0	0	0	Background
HGNC:4516	ADGRG2	0	0	0	0	Background
HGNC:8806	PDHA1	0	0	0	0	Background
HGNC:31689	MAP3K15	0	0	0	0	Background
HGNC:13867	SH3KBP1	1	0	0	0	IEI_only
HGNC:27413	BCLAF3	0	0	0	0	Background
HGNC:25899	MAP7D2	0	0	0	0	Background
HGNC:3250	EIF1AX	0	0	0	0	Background
HGNC:10432	RPS6KA3	0	1	1	0	ASD_only
HGNC:19701	CNKSR2	0	1	1	0	ASD_only
HGNC:26634	KLHL34	0	0	0	0	Background
HGNC:11122	SMPX	0	0	0	0	Background
HGNC:15455	MBTPS2	0	0	0	0	Background
HGNC:31684	YY2	0	0	0	0	Background
HGNC:11123	SMS	0	0	0	0	Background
HGNC:8918	PHEX	0	0	0	0	Background
HGNC:26371	CBLL2	0	0	0	0	Background
HGNC:20083	DDX53	0	1	1	0	ASD_only
HGNC:26392	PTCHD1	0	1	1	0	ASD_only
HGNC:17169	PRDX4	0	0	0	0	Background
HGNC:17152	ACOT9	0	0	0	0	Background
HGNC:10540	SAT1	0	0	0	0	Background
HGNC:28727	APOO	0	0	0	0	Background
HGNC:26356	CXorf58	0	0	0	0	Background
HGNC:29347	KLHL15	0	0	0	0	Background
HGNC:3267	EIF2S3	0	0	0	0	Background
HGNC:12869	ZFX	0	0	0	0	Background
HGNC:8811	PDK3	0	0	0	0	Background
HGNC:8755	PCYT1B	0	0	0	0	Background
HGNC:9173	POLA1	1	0	0	0	IEI_only
HGNC:18060	ARX	0	1	1	0	ASD_only
HGNC:28515	MAGEB18	0	0	0	0	Background
HGNC:23796	MAGEB6	0	0	0	0	Background
HGNC:23795	MAGEB5	0	0	0	0	Background
HGNC:31811	DCAF8L2	0	0	0	0	Background
HGNC:25377	MAGEB10	0	0	0	0	Background
HGNC:31810	DCAF8L1	0	0	0	0	Background
HGNC:5996	IL1RAPL1	0	1	1	0	ASD_only
HGNC:6809	MAGEB2	0	0	0	0	Background
HGNC:6810	MAGEB3	0	0	0	0	Background
HGNC:6811	MAGEB4	0	0	0	0	Background
HGNC:6808	MAGEB1	0	0	0	0	Background
HGNC:7960	NR0B1	0	0	0	0	Background
HGNC:25667	TASL	0	0	0	0	Background
HGNC:4289	GK	0	0	0	0	Background
HGNC:30681	TAB3	0	0	0	0	Background
HGNC:3987	FTHL17	0	0	0	0	Background
HGNC:2928	DMD	0	0	0	0	Background
HGNC:29962	FAM47A	0	1	1	0	ASD_only
HGNC:18515	TMEM47	0	0	0	0	Background
HGNC:26659	FAM47B	0	0	0	0	Background
HGNC:21188	MAGEB16	0	0	0	0	Background
HGNC:26708	CFAP47	0	0	0	0	Background
HGNC:25301	FAM47C	0	0	0	0	Background
HGNC:9469	PRRG1	0	0	0	0	Background
HGNC:24767	LANCL3	0	0	0	0	Background
HGNC:12811	XK	0	0	0	0	Background
HGNC:2578	CYBB	1	0	0	0	IEI_only
HGNC:11694	DYNLT3	0	0	0	0	Background
HGNC:18417	H2AP	0	0	0	0	Background
HGNC:15589	SYTL5	0	0	0	0	Background
HGNC:11309	SRPX	0	0	0	0	Background
HGNC:10295	RPGR	0	0	0	0	Background
HGNC:8512	OTC	0	0	0	0	Background
HGNC:11854	TSPAN7	0	1	1	0	ASD_only
HGNC:20715	MID1IP1	0	0	0	0	Background
HGNC:20893	BCOR	0	0	0	0	Background
HGNC:18305	ATP6AP2	0	0	0	0	Background
HGNC:28589	CXorf38	0	0	0	0	Background
HGNC:2370	MED14	0	0	0	0	Background
HGNC:12632	USP9X	0	1	1	0	ASD_only
HGNC:2745	DDX3X	0	1	1	0	ASD_only
HGNC:8082	NYX	0	0	0	0	Background
HGNC:1497	CASK	0	1	1	0	ASD_only
HGNC:4490	GPR34	0	0	0	0	Background
HGNC:4533	GPR82	0	0	0	0	Background
HGNC:6833	MAOA	0	1	1	0	ASD_only
HGNC:6834	MAOB	0	1	1	0	ASD_only
HGNC:7678	NDP	0	0	0	0	Background
HGNC:26233	EFHC2	0	0	0	0	Background
HGNC:28746	FUNDC1	0	0	0	0	Background
HGNC:20476	DUSP21	0	0	0	0	Background
HGNC:12637	KDM6A	1	1	1	1	Overlap_raw
HGNC:25866	DIPK2B	0	0	0	0	Background
HGNC:26007	KRABD4	0	0	0	0	Background
HGNC:17625	ZNF674	0	0	0	0	Background
HGNC:13817	CHST7	0	0	0	0	Background
HGNC:17123	SLC9A7	0	0	0	0	Background
HGNC:10274	RP2	0	0	0	0	Background
HGNC:17986	LINC01545	0	0	0	0	Background
HGNC:22982	JADE3	0	0	0	0	Background
HGNC:9989	RGN	0	0	0	0	Background
HGNC:20372	NDUFB11	0	0	0	0	Background
HGNC:9896	RBM10	0	0	0	0	Background
HGNC:12469	UBA1	1	0	0	0	IEI_only
HGNC:8749	CDK16	0	1	1	0	ASD_only
HGNC:12609	USP11	0	0	0	0	Background
HGNC:12942	ZNF157	0	0	0	0	Background
HGNC:13107	ZNF41	0	0	0	0	Background
HGNC:27333	LINC01560	0	0	0	0	Background
HGNC:646	ARAF	0	0	0	0	Background
HGNC:11494	SYN1	0	1	1	0	ASD_only
HGNC:11820	TIMP1	0	0	0	0	Background
HGNC:8864	CFP	1	0	0	0	IEI_only
HGNC:3321	ELK1	0	0	0	0	Background
HGNC:12641	UXT	0	0	0	0	Background
HGNC:13156	ZNF81	0	0	0	0	Background
HGNC:13001	ZNF182	0	0	0	0	Background
HGNC:28855	ZNF630	0	0	0	0	Background
HGNC:31353	SPACA5	0	0	0	0	Background
HGNC:19142	SPACA5B	0	0	0	0	Background
HGNC:11339	SSX5	0	0	0	0	Background
HGNC:11335	SSX1	0	0	0	0	Background
HGNC:11337	SSX3	0	0	0	0	Background
HGNC:11338	SSX4	0	0	0	0	Background
HGNC:16880	SSX4B	0	0	0	0	Background
HGNC:18070	SLC38A5	0	0	0	0	Background
HGNC:13254	FTSJ1	0	0	0	0	Background
HGNC:17652	PORCN	0	0	0	0	Background
HGNC:3133	EBP	0	0	0	0	Background
HGNC:8092	TBC1D25	0	0	0	0	Background
HGNC:9900	RBM3	0	0	0	0	Background
HGNC:14352	WDR13	0	0	0	0	Background
HGNC:12731	WAS	1	0	0	0	IEI_only
HGNC:11479	SUV39H1	0	0	0	0	Background
HGNC:33358	GLOD5	0	0	0	0	Background
HGNC:4170	GATA1	0	0	0	0	Background
HGNC:14064	HDAC6	0	0	0	0	Background
HGNC:5174	ERAS	0	0	0	0	Background
HGNC:17301	PCSK1N	0	0	0	0	Background
HGNC:17310	TIMM17B	0	0	0	0	Background
HGNC:9330	PQBP1	0	0	0	0	Background
HGNC:11022	SLC35A2	0	0	0	0	Background
HGNC:8987	PIM2	0	0	0	0	Background
HGNC:25402	OTUD5	0	0	0	0	Background
HGNC:6237	KCND1	0	0	0	0	Background
HGNC:18706	GRIPAP1	0	0	0	0	Background
HGNC:11752	TFE3	0	0	0	0	Background
HGNC:28910	CCDC120	0	0	0	0	Background
HGNC:28911	PRAF2	0	0	0	0	Background
HGNC:28912	WDR45	0	0	0	0	Background
HGNC:30677	GPKOW	0	0	0	0	Background
HGNC:30006	MAGIX	0	0	0	0	Background
HGNC:9087	PLP2	0	0	0	0	Background
HGNC:6645	PRICKLE3	0	0	0	0	Background
HGNC:11506	SYP	0	0	0	0	Background
HGNC:1393	CACNA1F	0	1	1	0	ASD_only
HGNC:28909	CCDC22	0	0	0	0	Background
HGNC:6106	FOXP3	1	0	0	0	IEI_only
HGNC:14944	PPP1R3F	0	0	0	0	Background
HGNC:30968	GAGE10	0	0	0	0	Background
HGNC:17778	GAGE12J	0	0	0	0	Background
HGNC:29081	GAGE13	0	0	0	0	Background
HGNC:31960	GAGE2E	0	0	0	0	Background
HGNC:31959	GAGE2D	0	0	0	0	Background
HGNC:4105	GAGE12I	0	0	0	0	Background
HGNC:31958	GAGE2C	0	0	0	0	Background
HGNC:31957	GAGE2B	0	0	0	0	Background
HGNC:26779	GAGE12B	0	0	0	0	Background
HGNC:28402	GAGE12C	0	0	0	0	Background
HGNC:31904	GAGE12D	0	0	0	0	Background
HGNC:31905	GAGE12E	0	0	0	0	Background
HGNC:31906	GAGE12F	0	0	0	0	Background
HGNC:31907	GAGE12G	0	0	0	0	Background
HGNC:31908	GAGE12H	0	0	0	0	Background
HGNC:4099	GAGE2A	0	0	0	0	Background
HGNC:4098	GAGE1	0	0	0	0	Background
HGNC:4107	PAGE1	0	0	0	0	Background
HGNC:4108	PAGE4	0	0	0	0	Background
HGNC:13486	USP27X	0	0	0	0	Background
HGNC:2023	CLCN5	0	0	0	0	Background
HGNC:374	AKAP4	0	0	0	0	Background
HGNC:18709	CCNB3	0	0	0	0	Background
HGNC:29215	SHROOM4	0	0	0	0	Background
HGNC:1068	BMP15	0	0	0	0	Background
HGNC:17621	NUDT10	0	0	0	0	Background
HGNC:33738	EZHIP	0	0	0	0	Background
HGNC:18011	NUDT11	0	0	0	0	Background
HGNC:4622	GSPT2	0	0	0	0	Background
HGNC:6813	MAGED1	0	0	0	0	Background
HGNC:22880	MAGED4B	0	0	0	0	Background
HGNC:23793	MAGED4	0	0	0	0	Background
HGNC:4112	XAGE2	0	0	0	0	Background
HGNC:25400	XAGE1B	0	0	0	0	Background
HGNC:4111	XAGE1A	0	0	0	0	Background
HGNC:19653	SSX7	0	0	0	0	Background
HGNC:11336	SSX2	0	0	0	0	Background
HGNC:22263	SSX2B	0	0	0	0	Background
HGNC:33178	SPANXN5	0	0	0	0	Background
HGNC:30930	XAGE5	0	0	0	0	Background
HGNC:14618	XAGE3	0	0	0	0	Background
HGNC:31962	FAM156B	0	0	0	0	Background
HGNC:30114	FAM156A	0	0	0	0	Background
HGNC:18186	GPR173	0	0	0	0	Background
HGNC:24358	TSPYL2	0	0	0	0	Background
HGNC:11114	KDM5C	0	1	1	0	ASD_only
HGNC:29059	IQSEC2	0	1	1	0	ASD_only
HGNC:11111	SMC1A	0	0	0	0	Background
HGNC:26537	RIBC1	0	0	0	0	Background
HGNC:4800	HSD17B10	0	0	0	0	Background
HGNC:30892	HUWE1	0	0	0	0	Background
HGNC:20672	PHF8	0	0	0	0	Background
HGNC:16949	FAM120C	0	0	0	0	Background
HGNC:14543	WNK3	0	1	1	0	ASD_only
HGNC:25455	TSR2	0	0	0	0	Background
HGNC:3663	FGD1	0	0	0	0	Background
HGNC:25553	GNL3L	0	0	0	0	Background
HGNC:28907	ITIH6	0	0	0	0	Background
HGNC:16353	MAGED2	0	0	0	0	Background
HGNC:12326	TRO	0	0	0	0	Background
HGNC:8872	PFKFB1	0	0	0	0	Background
HGNC:17889	APEX2	0	0	0	0	Background
HGNC:397	ALAS2	0	0	0	0	Background
HGNC:31805	PAGE2B	0	0	0	0	Background
HGNC:31804	PAGE2	0	0	0	0	Background
HGNC:25085	VCF2	0	0	0	0	Background
HGNC:37167	MTRNR2L10	0	0	0	0	Background
HGNC:29992	PAGE5	0	0	0	0	Background
HGNC:4110	PAGE3	0	0	0	0	Background
HGNC:24092	MAGEH1	0	0	0	0	Background
HGNC:23086	USP51	0	0	0	0	Background
HGNC:30469	FOXR2	0	0	0	0	Background
HGNC:19901	RRAGB	0	0	0	0	Background
HGNC:6351	KLF8	0	0	0	0	Background
HGNC:12509	UBQLN2	0	0	0	0	Background
HGNC:27272	SPIN3	0	0	0	0	Background
HGNC:33147	SPIN2B	0	0	0	0	Background
HGNC:20694	SPIN2A	0	0	0	0	Background
HGNC:26440	FAAH2	0	0	0	0	Background
HGNC:13199	ZXDB	0	0	0	0	Background
HGNC:13198	ZXDA	0	0	0	0	Background
HGNC:27040	SPIN4	0	0	0	0	Background
HGNC:14561	ARHGEF9	0	1	1	0	ASD_only
HGNC:26837	AMER1	0	0	0	0	Background
HGNC:19763	ASB12	0	0	0	0	Background
HGNC:16825	MTMR8	0	0	0	0	Background
HGNC:24931	ZC4H2	0	0	0	0	Background
HGNC:17407	ZC3H12B	0	0	0	0	Background
HGNC:25726	LAS1L	0	0	0	0	Background
HGNC:7373	MSN	1	0	0	0	IEI_only
HGNC:17032	VSIG4	0	1	1	0	ASD_only
HGNC:4866	HEPH	0	0	0	0	Background
HGNC:17756	EDA2R	0	0	0	0	Background
HGNC:644	AR	0	1	1	0	ASD_only
HGNC:8148	OPHN1	0	1	1	0	ASD_only
HGNC:28304	YIPF6	0	0	0	0	Background
HGNC:19161	STARD8	0	0	0	0	Background
HGNC:3226	EFNB1	0	0	0	0	Background
HGNC:16648	PJA1	0	0	0	0	Background
HGNC:30701	NALF2	0	0	0	0	Background
HGNC:3157	EDA	0	0	0	0	Background
HGNC:23251	AWAT2	0	0	0	0	Background
HGNC:32312	OTUD6A	0	0	0	0	Background
HGNC:5461	IGBP1	0	0	0	0	Background
HGNC:23250	DGAT2L6	0	0	0	0	Background
HGNC:23252	AWAT1	0	0	0	0	Background
HGNC:8542	P2RY4	0	0	0	0	Background
HGNC:710	ARR3	0	0	0	0	Background
HGNC:18293	RAB41	0	0	0	0	Background
HGNC:28034	PDZD11	0	0	0	0	Background
HGNC:13339	KIF4A	0	0	0	0	Background
HGNC:25974	GDPD2	0	0	0	0	Background
HGNC:2902	DLG3	0	0	1	0	Background
HGNC:11733	TEX11	0	0	0	0	Background
HGNC:11061	SLC7A3	0	1	1	0	ASD_only
HGNC:14976	SNX12	0	0	0	0	Background
HGNC:7139	FOXO4	0	0	0	0	Background
HGNC:33713	CXorf65	0	0	0	0	Background
HGNC:6010	IL2RG	1	0	0	0	IEI_only
HGNC:11957	MED12	0	0	0	0	Background
HGNC:14289	NLGN3	0	1	1	0	ASD_only
HGNC:4283	GJB1	0	0	0	0	Background
HGNC:13054	ZMYM3	0	0	0	0	Background
HGNC:7871	NONO	0	0	0	0	Background
HGNC:6154	ITGB1BP2	0	0	0	0	Background
HGNC:11535	TAF1	0	0	0	0	Background
HGNC:8127	OGT	0	0	0	0	Background
HGNC:15805	GCNA	0	0	0	0	Background
HGNC:4540	CXCR3	0	0	0	0	Background
HGNC:33737	NHSL2	0	0	0	0	Background
HGNC:29430	RTL5	0	0	0	0	Background
HGNC:8992	PIN4	0	0	0	0	Background
HGNC:20794	ERCC6L	0	0	0	0	Background
HGNC:10424	RPS4X	0	0	0	0	Background
HGNC:1986	CITED1	0	0	0	0	Background
HGNC:13315	HDAC8	0	0	0	0	Background
HGNC:8925	PHKA1	0	0	0	0	Background
HGNC:31686	DMRTC1B	0	0	0	0	Background
HGNC:13910	DMRTC1	0	0	0	0	Background
HGNC:31852	PABPC1L2B	0	0	0	0	Background
HGNC:27989	PABPC1L2A	0	0	0	0	Background
HGNC:31706	NAP1L6P	0	0	0	0	Background
HGNC:7638	NAP1L2	0	0	0	0	Background
HGNC:1808	CDX4	0	0	0	0	Background
HGNC:1934	CHIC1	0	0	0	0	Background
HGNC:31749	ZCCHC13	0	0	0	0	Background
HGNC:10923	SLC16A2	0	0	0	0	Background
HGNC:13429	RLIM	0	0	0	0	Background
HGNC:29433	NEXMIF	0	1	1	0	ASD_only
HGNC:48	ABCB7	0	0	0	0	Background
HGNC:28334	UPRT	0	0	0	0	Background
HGNC:20342	ZDHHC15	0	0	0	0	Background
HGNC:24935	MAGEE2	0	0	0	0	Background
HGNC:28790	PBDC1	0	0	0	0	Background
HGNC:24934	MAGEE1	0	0	0	0	Background
HGNC:3672	FGF16	0	0	0	0	Background
HGNC:886	ATRX	0	1	1	0	ASD_only
HGNC:28880	MAGT1	1	0	0	0	IEI_only
HGNC:2291	COX7B	0	0	0	0	Background
HGNC:869	ATP7A	0	0	0	0	Background
HGNC:21731	PGAM4	0	0	0	0	Background
HGNC:8896	PGK1	0	0	0	0	Background
HGNC:17306	TAF9B	0	0	0	0	Background
HGNC:17451	CYSLTR1	0	0	0	0	Background
HGNC:22997	RTL3	0	0	0	0	Background
HGNC:4478	LPAR4	0	0	0	0	Background
HGNC:19906	P2RY10	0	0	0	0	Background
HGNC:30245	GPR174	0	0	0	0	Background
HGNC:6173	ITM2A	0	0	0	0	Background
HGNC:11600	TBX22	0	0	0	0	Background
HGNC:28399	TENT5D	0	0	0	0	Background
HGNC:17342	BRWD3	0	0	0	0	Background
HGNC:8013	HMGN5	0	0	0	0	Background
HGNC:10823	SH3BGRL	0	0	0	0	Background
HGNC:9217	POU3F4	0	0	0	0	Background
HGNC:2582	CYLC1	0	0	0	0	Background
HGNC:10435	RPS6KA6	0	0	0	0	Background
HGNC:26411	HDX	0	0	0	0	Background
HGNC:24009	APOOL	0	0	0	0	Background
HGNC:27992	SATL1	0	0	0	0	Background
HGNC:13128	ZNF711	0	1	1	0	ASD_only
HGNC:13711	POF1B	0	0	0	0	Background
HGNC:1940	CHM	0	0	0	0	Background
HGNC:16814	DACH2	0	0	0	0	Background
HGNC:6355	KLHL4	0	0	0	0	Background
HGNC:2332	CPXCR1	0	0	0	0	Background
HGNC:18570	TGIF2LX	0	0	0	0	Background
HGNC:13629	PABPC5	0	0	0	0	Background
HGNC:8656	PCDH11X	0	1	1	0	ASD_only
HGNC:7639	NAP1L3	0	0	0	0	Background
HGNC:26748	FAM133A	0	0	0	0	Background
HGNC:2877	DIAPH2	0	0	0	0	Background
HGNC:30305	RPA4	0	0	0	0	Background
HGNC:14270	PCDH19	0	1	1	0	ASD_only
HGNC:17757	TNMD	0	0	0	0	Background
HGNC:11858	TSPAN6	0	0	0	0	Background
HGNC:30668	SRPX2	0	0	0	0	Background
HGNC:15588	SYTL4	0	0	0	0	Background
HGNC:2484	CSTF2	0	0	0	0	Background
HGNC:7889	NOX1	0	0	0	0	Background
HGNC:29845	XKRX	0	0	0	0	Background
HGNC:31709	ARL13A	0	0	0	0	Background
HGNC:25748	TRMT2B	0	0	0	0	Background
HGNC:25864	TMEM35A	0	0	0	0	Background
HGNC:3968	CENPI	0	0	0	0	Background
HGNC:3032	DRP2	0	0	0	0	Background
HGNC:11548	TAF7L	0	0	0	0	Background
HGNC:11817	TIMM8A	0	0	0	0	Background
HGNC:1133	BTK	1	0	0	0	IEI_only
HGNC:10359	RPL36A	0	0	0	0	Background
HGNC:48349	RPL36A-HNRNPH2	0	0	0	0	Background
HGNC:4296	GLA	0	0	0	0	Background
HGNC:5042	HNRNPH2	0	1	1	0	ASD_only
HGNC:28615	ARMCX4	0	0	0	0	Background
HGNC:18073	ARMCX1	0	0	0	0	Background
HGNC:26094	ARMCX6	0	0	0	0	Background
HGNC:24065	ARMCX3	0	0	0	0	Background
HGNC:16869	ARMCX2	0	0	0	0	Background
HGNC:8075	NXF5	0	0	0	0	Background
HGNC:29377	ZMAT1	0	0	0	0	Background
HGNC:29818	TCEAL2	0	0	0	0	Background
HGNC:24553	TCEAL6	0	0	0	0	Background
HGNC:27990	BEX5	0	0	0	0	Background
HGNC:48369	TCP11X1	0	0	0	0	Background
HGNC:8072	NXF2	0	0	0	0	Background
HGNC:23984	NXF2B	0	0	0	0	Background
HGNC:48335	TCP11X2	0	0	0	0	Background
HGNC:30744	TMSB15A	0	0	0	0	Background
HGNC:25772	ARMCX5	0	0	0	0	Background
HGNC:24834	GPRASP1	0	0	0	0	Background
HGNC:25169	GPRASP2	0	0	0	0	Background
HGNC:29353	GPRASP3	0	0	0	0	Background
HGNC:25410	RAB40AL	0	0	0	0	Background
HGNC:1036	BEX1	0	0	0	0	Background
HGNC:8073	NXF3	0	0	0	0	Background
HGNC:25475	BEX4	0	0	0	0	Background
HGNC:28683	TCEAL8	0	0	0	0	Background
HGNC:22282	TCEAL5	0	0	0	0	Background
HGNC:30933	BEX2	0	0	0	0	Background
HGNC:28336	TCEAL7	0	0	0	0	Background
HGNC:30084	TCEAL9	0	0	0	0	Background
HGNC:13388	BEX3	0	0	0	0	Background
HGNC:18283	RAB40A	0	0	0	0	Background
HGNC:26121	TCEAL4	0	0	0	0	Background
HGNC:28247	TCEAL3	0	0	0	0	Background
HGNC:11616	TCEAL1	0	0	0	0	Background
HGNC:16849	MORF4L2	0	0	0	0	Background
HGNC:31715	GLRA4	0	0	0	0	Background
HGNC:28601	TMEM31	0	0	0	0	Background
HGNC:9086	PLP1	0	0	0	0	Background
HGNC:14090	RAB9B	0	0	0	0	Background
HGNC:28612	TMSB15B	0	0	0	0	Background
HGNC:27252	H2BW1	0	0	0	0	Background
HGNC:27867	H2BW2	0	0	0	0	Background
HGNC:31894	SLC25A53	0	0	0	0	Background
HGNC:32459	ZCCHC18	0	0	0	0	Background
HGNC:25195	FAM199X	0	0	0	0	Background
HGNC:14865	ESX1	0	0	0	0	Background
HGNC:5997	IL1RAPL2	0	1	1	0	ASD_only
HGNC:11735	TEX13A	0	0	0	0	Background
HGNC:25391	NRK	0	0	0	0	Background
HGNC:11583	SERPINA7	0	0	0	0	Background
HGNC:26583	PWWP3B	0	0	0	0	Background
HGNC:25486	RADX	0	0	0	0	Background
HGNC:21153	RNF128	0	0	0	0	Background
HGNC:24715	TBC1D8B	0	0	0	0	Background
HGNC:23485	MORC4	0	0	0	0	Background
HGNC:25117	RIPPLY1	0	0	0	0	Background
HGNC:2041	CLDN2	0	0	0	0	Background
HGNC:25617	RBM41	0	0	0	0	Background
HGNC:25960	NUP62CL	0	0	0	0	Background
HGNC:28570	DNAAF6	0	0	0	0	Background
HGNC:29382	FRMPD3	0	0	0	0	Background
HGNC:9462	PRPS1	0	0	0	0	Background
HGNC:3051	TSC22D3	0	0	0	0	Background
HGNC:31795	NCBP2L	0	0	0	0	Background
HGNC:7096	MID2	0	0	0	0	Background
HGNC:11736	TEX13B	0	0	0	0	Background
HGNC:28675	VSIG1	0	0	0	0	Background
HGNC:9555	PSMD10	0	0	0	0	Background
HGNC:16489	ATG4A	1	0	0	0	IEI_only
HGNC:2208	COL4A6	0	0	0	0	Background
HGNC:2207	COL4A5	0	0	0	0	Background
HGNC:6128	IRS4	0	0	0	0	Background
HGNC:4691	GUCY2F	0	0	0	0	Background
HGNC:18151	NXT2	0	0	0	0	Background
HGNC:6241	KCNE5	0	0	0	0	Background
HGNC:3571	ACSL4	0	0	0	0	Background
HGNC:26217	TMEM164	0	0	0	0	Background
HGNC:467	AMMECR1	0	0	0	0	Background
HGNC:24826	GNG5B	0	0	0	0	Background
HGNC:29245	RTL9	0	0	0	0	Background
HGNC:29861	CHRDL1	0	0	0	0	Background
HGNC:8592	PAK3	0	0	0	0	Background
HGNC:1483	CAPN6	0	0	0	0	Background
HGNC:2714	DCX	0	0	0	0	Background
HGNC:30881	ALG13	0	0	0	0	Background
HGNC:12337	TRPC5	0	0	0	0	Background
HGNC:25214	RTL4	0	0	0	0	Background
HGNC:6587	LHFPL1	0	0	0	0	Background
HGNC:17810	AMOT	0	0	0	0	Background
HGNC:5295	HTR2C	0	0	0	0	Background
HGNC:5975	IL13RA2	0	0	0	0	Background
HGNC:29292	LRCH2	0	0	0	0	Background
HGNC:26859	RBMXL3	0	0	0	0	Background
HGNC:24971	LUZP4	0	0	0	0	Background
HGNC:9091	PLS3	0	0	0	0	Background
HGNC:55054	SUMO2P21	0	0	0	0	Background
HGNC:338	AGTR2	0	1	1	0	ASD_only
HGNC:11047	SLC6A14	0	0	0	0	Background
HGNC:33494	CT83	0	0	0	0	Background
HGNC:22931	KLHL13	0	0	0	0	Background
HGNC:30512	WDR44	0	0	0	0	Background
HGNC:23483	DOCK11	1	0	0	0	IEI_only
HGNC:5974	IL13RA1	0	0	0	0	Background
HGNC:27273	ZCCHC12	0	0	0	0	Background
HGNC:21152	LONRF3	0	0	0	0	Background
HGNC:29218	KIAA1210	0	0	0	0	Background
HGNC:16090	PGRMC1	0	0	0	0	Background
HGNC:30557	SLC25A43	0	0	0	0	Background
HGNC:10991	SLC25A5	0	0	0	0	Background
HGNC:26239	STEEP1	0	0	0	0	Background
HGNC:12472	UBE2A	0	0	0	0	Background
HGNC:19374	NKRF	0	0	0	0	Background
HGNC:15848	SEPTIN6	0	0	0	0	Background
HGNC:32960	SOWAHD	0	0	0	0	Background
HGNC:10350	RPL39	0	0	0	0	Background
HGNC:20439	UPF3B	0	1	1	0	ASD_only
HGNC:12974	RNF113A	0	0	0	0	Background
HGNC:7683	NDUFA1	0	0	0	0	Background
HGNC:24061	AKAP14	0	0	0	0	Background
HGNC:29873	NKAP	0	0	0	0	Background
HGNC:33519	RHOXF2B	0	0	0	0	Background
HGNC:29993	RHOXF1	0	1	1	0	ASD_only
HGNC:30011	RHOXF2	0	0	0	0	Background
HGNC:16682	ZBTB33	0	0	0	0	Background
HGNC:26086	TMEM255A	0	0	0	0	Background
HGNC:808	ATP1B4	0	0	0	0	Background
HGNC:6501	LAMP2	0	0	0	0	Background
HGNC:2555	CUL4B	0	0	0	0	Background
HGNC:23357	MCTS1	1	0	0	0	IEI_only
HGNC:24338	C1GALT1C1	0	0	0	0	Background
HGNC:33293	CT47B1	0	0	0	0	Background
HGNC:33292	CT47A12	0	0	0	0	Background
HGNC:27397	CT47A11	0	0	0	0	Background
HGNC:33291	CT47A10	0	0	0	0	Background
HGNC:33290	CT47A9	0	0	0	0	Background
HGNC:33289	CT47A8	0	0	0	0	Background
HGNC:33288	CT47A7	0	0	0	0	Background
HGNC:33286	CT47A5	0	0	0	0	Background
HGNC:33287	CT47A6	0	0	0	0	Background
HGNC:33285	CT47A4	0	0	0	0	Background
HGNC:33284	CT47A3	0	0	0	0	Background
HGNC:33282	CT47A1	0	0	0	0	Background
HGNC:33283	CT47A2	0	0	0	0	Background
HGNC:4336	GLUD2	0	0	0	0	Background
HGNC:4573	GRIA3	0	0	0	0	Background
HGNC:19073	THOC2	0	0	0	0	Background
HGNC:592	XIAP	1	0	0	0	IEI_only
HGNC:11355	STAG2	0	0	0	0	Background
HGNC:10820	SH2D1A	1	0	0	0	IEI_only
HGNC:8117	TENM1	0	0	0	0	Background
HGNC:32950	DCAF12L2	0	0	0	0	Background
HGNC:29395	DCAF12L1	0	0	0	0	Background
HGNC:34498	PRR32	0	0	0	0	Background
HGNC:24027	ACTRT1	0	0	0	0	Background
HGNC:11097	SMARCA1	0	0	1	0	Background
HGNC:8108	OCRL	0	0	0	0	Background
HGNC:16665	APLN	0	0	0	0	Background
HGNC:12823	XPNPEP2	0	0	0	0	Background
HGNC:15975	SASH3	1	0	0	0	IEI_only
HGNC:18475	ZDHHC9	0	0	0	0	Background
HGNC:10665	UTP14A	0	0	0	0	Background
HGNC:25657	BCORL1	0	0	0	0	Background
HGNC:3319	ELF4	1	0	0	0	IEI_only
HGNC:8768	AIFM1	0	0	0	0	Background
HGNC:9773	RAB33A	0	0	0	0	Background
HGNC:25955	ZNF280C	0	0	0	0	Background
HGNC:10984	SLC25A14	0	0	0	0	Background
HGNC:19060	GPR119	0	0	0	0	Background
HGNC:24282	RBMX2	0	0	0	0	Background
HGNC:2259	ENOX2	0	0	0	0	Background
HGNC:26388	ARHGAP36	0	0	0	0	Background
HGNC:5948	IGSF1	0	0	0	0	Background
HGNC:14755	OR13H1	0	0	0	0	Background
HGNC:18174	STK26	0	0	0	0	Background
HGNC:8079	FRMD7	0	0	0	0	Background
HGNC:21165	RAP2C	0	0	0	0	Background
HGNC:20564	MBNL3	0	0	0	0	Background
HGNC:19133	HS6ST2	0	0	0	0	Background
HGNC:13485	USP26	0	0	0	0	Background
HGNC:24603	TFDP3	0	0	0	0	Background
HGNC:4452	GPC4	0	1	1	0	ASD_only
HGNC:4451	GPC3	0	0	0	0	Background
HGNC:37286	CCDC160	0	0	0	0	Background
HGNC:18145	PHF6	0	0	0	0	Background
HGNC:5157	HPRT1	0	0	0	0	Background
HGNC:9044	PLAC1	0	0	0	0	Background
HGNC:30490	PABIR2	0	0	0	0	Background
HGNC:25202	PABIR3	0	0	0	0	Background
HGNC:25235	MOSPD1	0	0	0	0	Background
HGNC:41913	SMIM10	0	0	0	0	Background
HGNC:33156	RTL8B	0	0	0	0	Background
HGNC:2569	RTL8C	0	0	0	0	Background
HGNC:24514	RTL8A	0	0	0	0	Background
HGNC:26047	CT55	0	0	0	0	Background
HGNC:13145	ZNF75D	0	0	0	0	Background
HGNC:21039	ZNF449	0	0	0	0	Background
HGNC:27334	INTS6L	0	0	0	0	Background
HGNC:33267	CT45A1	0	0	0	0	Background
HGNC:28400	CT45A2	0	0	0	0	Background
HGNC:33268	CT45A3	0	0	0	0	Background
HGNC:33270	CT45A5	0	0	0	0	Background
HGNC:33271	CT45A6	0	0	0	0	Background
HGNC:30369	SAGE1	0	0	0	0	Background
HGNC:28100	MMGT1	0	0	0	0	Background
HGNC:11079	SLC9A6	0	1	1	0	ASD_only
HGNC:3702	FHL1	0	0	0	0	Background
HGNC:25742	MAP7D3	0	0	0	0	Background
HGNC:18992	ADGRG4	0	0	0	0	Background
HGNC:1113	BRS3	0	0	0	0	Background
HGNC:5276	HTATSF1	0	0	0	0	Background
HGNC:20985	VGLL1	0	0	0	0	Background
HGNC:11935	CD40LG	1	0	0	0	IEI_only
HGNC:685	ARHGEF6	0	0	0	0	Background
HGNC:9910	RBMX	0	0	0	0	Background
HGNC:14963	GPR101	0	0	0	0	Background
HGNC:12874	ZIC3	0	0	0	0	Background
HGNC:3670	FGF13	0	0	0	0	Background
HGNC:3551	F9	0	0	0	0	Background
HGNC:6940	MCF2	0	0	0	0	Background
HGNC:13554	ATP11C	0	0	0	0	Background
HGNC:33743	CXorf66	0	0	0	0	Background
HGNC:11199	SOX3	0	0	0	0	Background
HGNC:27865	LINC00632	0	0	0	0	Background
HGNC:1798	CDR1	0	0	0	0	Background
HGNC:14329	SPANXB1	0	0	0	0	Background
HGNC:6548	LDOC1	0	0	0	0	Background
HGNC:14331	SPANXC	0	0	0	0	Background
HGNC:11218	SPANXA1	0	0	0	0	Background
HGNC:14328	SPANXA2	0	0	0	0	Background
HGNC:14332	SPANXD	0	0	0	0	Background
HGNC:23798	MAGEC3	0	1	1	0	ASD_only
HGNC:6812	MAGEC1	0	0	0	0	Background
HGNC:13574	MAGEC2	0	0	0	0	Background
HGNC:33177	SPANXN4	0	0	0	0	Background
HGNC:33176	SPANXN3	0	0	0	0	Background
HGNC:23502	SLITRK4	0	0	0	0	Background
HGNC:33175	SPANXN2	0	0	0	0	Background
HGNC:31710	UBE2NL	0	0	0	0	Background
HGNC:33174	SPANXN1	0	0	0	0	Background
HGNC:13449	SLITRK2	0	0	0	0	Background
HGNC:3775	FMR1	0	1	1	0	ASD_only
HGNC:26372	FMR1NB	0	0	0	0	Background
HGNC:3776	AFF2	0	1	1	0	ASD_only
HGNC:5389	IDS	0	0	0	0	Background
HGNC:28089	EOLA1	0	0	0	0	Background
HGNC:6807	MAGEA9	0	0	0	0	Background
HGNC:32701	HSFX2	0	0	0	0	Background
HGNC:17125	TMEM185A	0	0	0	0	Background
HGNC:6798	MAGEA11	0	0	0	0	Background
HGNC:29603	HSFX1	0	0	0	0	Background
HGNC:6806	MAGEA8	0	0	0	0	Background
HGNC:17402	EOLA2	0	0	0	0	Background
HGNC:2568	MAMLD1	0	0	0	0	Background
HGNC:7448	MTM1	0	0	0	0	Background
HGNC:7449	MTMR1	0	0	0	0	Background
HGNC:18237	CD99L2	0	1	1	0	ASD_only
HGNC:5004	HMGB3	0	0	0	0	Background
HGNC:4506	GPR50	0	0	0	0	Background
HGNC:22082	VMA21	0	0	0	0	Background
HGNC:20686	PASD1	0	0	0	0	Background
HGNC:30798	PRRG3	0	0	0	0	Background
HGNC:24683	FATE1	0	0	0	0	Background
HGNC:2149	CNGA2	0	0	0	0	Background
HGNC:6802	MAGEA4	0	0	0	0	Background
HGNC:4085	GABRE	0	0	0	0	Background
HGNC:6797	MAGEA10	0	0	0	0	Background
HGNC:4077	GABRA3	0	0	0	0	Background
HGNC:14454	GABRQ	0	0	0	0	Background
HGNC:6804	MAGEA6	0	0	0	0	Background
HGNC:19340	MAGEA2B	0	0	0	0	Background
HGNC:6799	MAGEA12	0	0	0	0	Background
HGNC:24294	CSAG1	0	0	0	0	Background
HGNC:6800	MAGEA2	0	0	0	0	Background
HGNC:6801	MAGEA3	0	0	0	0	Background
HGNC:1867	CETN2	0	0	0	0	Background
HGNC:13398	NSDHL	0	0	0	0	Background
HGNC:12976	ZNF185	0	0	0	0	Background
HGNC:18743	PNMA5	0	0	0	0	Background
HGNC:18742	PNMA3	0	0	0	0	Background
HGNC:28248	PNMA6A	0	0	0	0	Background
HGNC:26681	PNMA6B	0	0	0	0	Background
HGNC:6796	MAGEA1	0	0	0	0	Background
HGNC:13069	ZNF275	0	0	0	0	Background
HGNC:12865	ZFP92	0	0	0	0	Background
HGNC:12270	TREX2	0	0	0	0	Background
HGNC:32979	HAUS7	0	0	0	0	Background
HGNC:55152	ECMXP	0	0	0	0	Background
HGNC:1044	BGN	0	0	0	0	Background
HGNC:816	ATP2B3	0	0	0	0	Background
HGNC:3076	DUSP9	0	0	0	0	Background
HGNC:13415	PNCK	0	0	0	0	Background
HGNC:11055	SLC6A8	0	1	1	0	ASD_only
HGNC:16695	BCAP31	0	0	0	0	Background
HGNC:61	ABCD1	0	0	0	0	Background
HGNC:9105	PLXNB3	0	0	0	0	Background
HGNC:11402	SRPK3	0	0	0	0	Background
HGNC:5386	IDH3G	0	0	0	0	Background
HGNC:11326	SSR4	0	0	0	0	Background
HGNC:21167	PDZD4	0	0	0	0	Background
HGNC:6470	L1CAM	0	0	0	0	Background
HGNC:897	AVPR2	0	0	0	0	Background
HGNC:674	ARHGAP4	0	0	0	0	Background
HGNC:18704	NAA10	0	0	0	0	Background
HGNC:9959	RENBP	0	0	0	0	Background
HGNC:4839	HCFC1	0	0	0	0	Background
HGNC:13705	TMEM187	0	0	0	0	Background
HGNC:6112	IRAK1	1	0	0	0	IEI_only
HGNC:6990	MECP2	0	1	1	0	ASD_only
HGNC:9936	OPN1LW	0	0	0	0	Background
HGNC:33357	TEX28P2	0	0	0	0	Background
HGNC:4206	OPN1MW	0	0	0	0	Background
HGNC:33356	TEX28P1	0	0	0	0	Background
HGNC:26952	OPN1MW2	0	0	0	0	Background
HGNC:2563	TEX28	0	0	0	0	Background
HGNC:11835	TKTL1	0	0	0	0	Background
HGNC:3754	FLNA	0	0	0	0	Background
HGNC:3331	EMD	0	0	0	0	Background
HGNC:10298	RPL10	0	1	1	0	ASD_only
HGNC:2957	DNASE1L1	0	0	0	0	Background
HGNC:11577	TAFAZZIN	1	0	0	0	IEI_only
HGNC:868	ATP6AP1	1	0	0	0	IEI_only
HGNC:4226	GDI1	0	0	0	0	Background
HGNC:18786	FAM50A	0	0	0	0	Background
HGNC:9101	PLXNA3	0	1	1	0	ASD_only
HGNC:26058	LAGE3	0	0	0	0	Background
HGNC:12505	UBL4A	0	0	0	0	Background
HGNC:22979	SLC10A3	0	0	0	0	Background
HGNC:13749	FAM3A	0	0	0	0	Background
HGNC:4057	G6PD	1	0	0	0	IEI_only
HGNC:5961	IKBKG	1	0	0	0	IEI_only
HGNC:24198	CTAG1A	0	0	0	0	Background
HGNC:2491	CTAG1B	0	0	0	0	Background
HGNC:2492	CTAG2	0	0	0	0	Background
HGNC:17515	GAB3	0	0	0	0	Background
HGNC:2890	DKC1	1	0	0	0	IEI_only
HGNC:7219	MPP1	0	0	0	0	Background
HGNC:41915	SMIM9	0	0	0	0	Background
HGNC:3546	F8	0	0	0	0	Background
HGNC:3547	F8A1	0	0	0	0	Background
HGNC:24925	FUNDC2	0	0	0	0	Background
HGNC:35428	CMC4	0	0	0	0	Background
HGNC:7423	MTCP1	0	0	0	0	Background
HGNC:24185	BRCC3	0	0	0	0	Background
HGNC:12662	VBP1	0	0	0	0	Background
HGNC:16499	RAB39B	0	1	1	0	ASD_only
HGNC:2063	CLIC2	0	0	0	0	Background
HGNC:31849	F8A2	0	0	0	0	Background
HGNC:31850	F8A3	0	0	0	0	Background
HGNC:18308	TMLHE	0	1	1	0	ASD_only
HGNC:11271	SPRY3	0	0	0	0	Background
HGNC:11486	VAMP7	0	0	0	0	Background
HGNC:6030	IL9R	0	0	0	0	Background
HGNC:11311	SRY	0	0	0	0	Background
HGNC:10425	RPS4Y1	0	0	0	0	Background
HGNC:12870	ZFY	0	0	0	0	Background
HGNC:18569	TGIF2LY	0	0	0	0	Background
HGNC:15813	PCDH11Y	0	0	0	0	Background
HGNC:23924	TSPY2	0	0	0	0	Background
HGNC:462	AMELY	0	0	0	0	Background
HGNC:18502	TBL1Y	0	0	0	0	Background
HGNC:37287	TSPY4	0	0	0	0	Background
HGNC:37471	TSPY8	0	0	0	0	Background
HGNC:33876	TSPY3	0	0	0	0	Background
HGNC:12381	TSPY1	0	0	0	0	Background
HGNC:37467	FAM197Y5	0	0	0	0	Background
HGNC:37472	TSPY9	0	0	0	0	Background
HGNC:37473	TSPY10	0	0	0	0	Background
HGNC:37492	SLC9B1P1	0	0	0	0	Background
HGNC:12633	USP9Y	0	1	1	0	ASD_only
HGNC:2699	DDX3Y	0	0	0	0	Background
HGNC:12638	UTY	0	0	0	0	Background
HGNC:11882	TMSB4Y	0	0	0	0	Background
HGNC:12668	VCY	0	0	0	0	Background
HGNC:31751	VCY1B	0	0	0	0	Background
HGNC:15529	NLGN4Y	0	1	1	0	ASD_only
HGNC:23921	CDY2B	0	0	0	0	Background
HGNC:1810	CDY2A	0	0	0	0	Background
HGNC:18568	HSFY1	0	0	0	0	Background
HGNC:23950	HSFY2	0	0	0	0	Background
HGNC:11115	KDM5D	0	0	0	0	Background
HGNC:3252	EIF1AY	0	0	0	0	Background
HGNC:18501	RPS4Y2	0	0	0	0	Background
HGNC:38732	PRORY	0	0	0	0	Background
HGNC:23914	RBMY1B	0	0	0	0	Background
HGNC:9912	RBMY1A1	0	0	0	0	Background
HGNC:23915	RBMY1D	0	0	0	0	Background
HGNC:23916	RBMY1E	0	0	0	0	Background
HGNC:21504	PRY2	0	0	0	0	Background
HGNC:23974	RBMY1F	0	0	0	0	Background
HGNC:23917	RBMY1J	0	0	0	0	Background
HGNC:14024	PRY	0	0	0	0	Background
HGNC:13508	BPY2	0	0	0	0	Background
HGNC:2682	DAZ1	0	0	0	0	Background
HGNC:15964	DAZ2	0	0	0	0	Background
HGNC:23920	CDY1B	0	0	0	0	Background
HGNC:25449	BPY2B	0	0	0	0	Background
HGNC:15965	DAZ3	0	0	0	0	Background
HGNC:15966	DAZ4	0	0	0	0	Background
HGNC:18225	BPY2C	0	0	0	0	Background
HGNC:1809	CDY1	0	0	0	0	Background
HGNC:7455	MT-ND1	0	0	0	0	Background
HGNC:7456	MT-ND2	0	0	0	0	Background
HGNC:7419	MT-CO1	0	0	0	0	Background
HGNC:7421	MT-CO2	0	0	0	0	Background
HGNC:7415	MT-ATP8	0	0	0	0	Background
HGNC:7414	MT-ATP6	0	0	0	0	Background
HGNC:7422	MT-CO3	0	0	0	0	Background
HGNC:7458	MT-ND3	0	0	0	0	Background
HGNC:7460	MT-ND4L	0	0	0	0	Background
HGNC:7459	MT-ND4	0	0	0	0	Background
HGNC:7461	MT-ND5	0	0	0	0	Background
HGNC:7462	MT-ND6	0	0	0	0	Background
HGNC:7427	MT-CYB	0	0	0	0	Background
